subset,family,n_rows,n_invalid,n_episodes,log_loss_mean,log_loss_sd,log_loss_median,log_loss_min,log_loss_max,log_loss_n_groups,log_loss_iqr_outliers,log_loss_ci_lo,log_loss_ci_hi,brier_mean,brier_sd,brier_median,brier_min,brier_max,brier_n_groups,brier_iqr_outliers,brier_ci_lo,brier_ci_hi,accuracy_mean,accuracy_sd,accuracy_median,accuracy_min,accuracy_max,accuracy_n_groups,accuracy_iqr_outliers,accuracy_ci_lo,accuracy_ci_hi
own_history,uniform,3420,0,180,1.0986122886681102,2.278129578503827e-16,1.09861228866811,1.09861228866811,1.09861228866811,20,0,1.0986122886681102,1.0986122886681102,0.6666666666666666,1.1390647892519134e-16,0.6666666666666667,0.6666666666666667,0.6666666666666667,20,0,0.6666666666666666,0.6666666666666666,0.33333333333333326,5.695323946259567e-17,0.3333333333333333,0.3333333333333333,0.3333333333333333,20,0,0.33333333333333326,0.33333333333333326
own_history,expertise,3420,0,180,0.48026785117063026,0.5312879360668207,0.2654753937895412,0.013423020332140656,1.920254019531606,20,0,0.25999599436655413,0.7290325849742385,0.18337192982456138,0.2083810528037862,0.09912631578947369,0.00026666666666666603,0.7481614035087725,20,0,0.09697719298245612,0.2809421052631579,0.906578947368421,0.10631686367540112,0.9495614035087719,0.618421052631579,1.0,20,0,0.8567982456140353,0.9506578947368421
own_history,marginal,3420,0,180,0.3666325135063771,0.2862551443044188,0.23706288239296794,0.10407944132626731,1.1012777135615601,20,0,0.24803202978442446,0.49933710592299935,0.17361425383469978,0.1768198283483281,0.09958414598877752,0.015245787771218294,0.6524453996157256,20,0,0.10072751350883366,0.2561199284777159,0.906578947368421,0.10631686367540112,0.9495614035087719,0.618421052631579,1.0,20,0,0.8567982456140353,0.9506578947368421
own_history,repeat_last,3420,0,180,0.1914730028740415,0.19610461063404078,0.14612827410768583,0.035328334805778516,0.8468163169897029,20,1,0.11717303471743211,0.28023195586061256,0.08715447687737987,0.10918682419453543,0.0576870529534971,0.0018442089427109947,0.433285941093622,20,2,0.04546586413408446,0.13694558258187817,0.9491228070175437,0.0707845220303903,0.9714912280701753,0.7280701754385964,1.0,20,3,0.9168859649122807,0.9760964912280701
own_history,win_stay_expertise,3420,0,180,0.2706582338815278,0.23533594755254994,0.1843550898038324,0.035328334805778516,0.791334200916883,20,0,0.17291050574397487,0.37697246298818726,0.11964687888455605,0.1179351396303279,0.07672412143109088,0.0018442089427109947,0.3696860853909068,20,0,0.07020483760544846,0.1723483846307448,0.9385964912280702,0.06355866993942737,0.9605263157894737,0.7982456140350878,1.0,20,0,0.9105263157894736,0.9649122807017545
own_history,history_frequency,3420,0,180,0.20967515241660703,0.21431369522084626,0.15165358248323096,0.0163479073985101,0.8876585820695899,20,1,0.1279413260800139,0.30749444739171017,0.10105885071433687,0.11212829108361987,0.06530383711627814,0.00040067222605547103,0.4290132248112509,20,1,0.05731867856703928,0.1516396679056139,0.9346491228070175,0.0719408027115503,0.9583333333333333,0.7324561403508771,1.0,20,0,0.9026315789473685,0.9633771929824559
own_history,reward_learning,3420,0,180,0.1791947568185383,0.191051515306836,0.1307866656504522,0.020948600721785202,0.775449834041486,20,2,0.10528673987474797,0.2656804952600108,0.08048533825784654,0.09521460804808729,0.05738791687946418,0.0007213823118772528,0.36148921547963997,20,2,0.04304464986018694,0.1230968062237131,0.9567982456140349,0.05372206328190019,0.9714912280701753,0.8026315789473684,1.0,20,3,0.932675438596491,0.9780701754385964
own_history,belief_static,3420,0,180,0.17497751675628093,0.19112463056535842,0.1415899868780241,0.022054145213787707,0.8020905375238583,20,2,0.10247220641906112,0.2616661692036674,0.07721493801795157,0.0924354567482137,0.062333207225533815,0.0007941028614764045,0.3604993514593837,20,2,0.04106227054116738,0.11883317424842589,0.9561403508771928,0.055314065868852416,0.9714912280701754,0.7938596491228069,1.0,20,2,0.9311403508771928,0.9778508771929824
own_history,belief_dynamic,3420,0,180,0.18966598433411558,0.2008957533070673,0.15161171300952442,0.020549858604016643,0.8272130228978992,20,1,0.11249983223816339,0.280863782408731,0.0910887171092232,0.10947086415477265,0.06765428232847281,0.0006670843641182647,0.431095219443662,20,1,0.04852632748998281,0.1414722756823183,0.9423245614035087,0.07035231345374544,0.9649122807017543,0.7280701754385964,1.0,20,1,0.9098684210526317,0.9701754385964911
own_history,simple_selected,3420,0,180,0.20165672206945376,0.21619615274397389,0.14182474974922948,0.0163479073985101,0.8876585820695899,20,1,0.11851750686499624,0.29921367301000723,0.09459301048269572,0.11197901950357858,0.061913608456264674,0.00040067222605547103,0.4290132248112509,20,1,0.051044503041559885,0.14486607864495027,0.9440789473684209,0.07081991402549574,0.9714912280701753,0.7324561403508771,1.0,20,1,0.912719298245614,0.9714912280701753
own_history,belief_selected,3420,0,180,0.17497751675628093,0.19112463056535842,0.1415899868780241,0.022054145213787707,0.8020905375238583,20,2,0.10247220641906112,0.2616661692036674,0.07721493801795157,0.0924354567482137,0.062333207225533815,0.0007941028614764045,0.3604993514593837,20,2,0.04106227054116738,0.11883317424842589,0.9561403508771928,0.055314065868852416,0.9714912280701754,0.7938596491228069,1.0,20,2,0.9311403508771928,0.9778508771929824
own_history_valid_only,uniform,3420,0,180,1.0986122886681102,2.278129578503827e-16,1.09861228866811,1.09861228866811,1.09861228866811,20,0,1.0986122886681102,1.0986122886681102,0.6666666666666666,1.1390647892519134e-16,0.6666666666666667,0.6666666666666667,0.6666666666666667,20,0,0.6666666666666666,0.6666666666666666,0.33333333333333326,5.695323946259567e-17,0.3333333333333333,0.3333333333333333,0.3333333333333333,20,0,0.33333333333333326,0.33333333333333326
own_history_valid_only,expertise,3420,0,180,0.48026785117063026,0.5312879360668207,0.2654753937895412,0.013423020332140656,1.920254019531606,20,0,0.25999599436655413,0.7290325849742385,0.18337192982456138,0.2083810528037862,0.09912631578947369,0.00026666666666666603,0.7481614035087725,20,0,0.09697719298245612,0.2809421052631579,0.906578947368421,0.10631686367540112,0.9495614035087719,0.618421052631579,1.0,20,0,0.8567982456140353,0.9506578947368421
own_history_valid_only,marginal,3420,0,180,0.3666325135063771,0.2862551443044188,0.23706288239296794,0.10407944132626731,1.1012777135615601,20,0,0.24803202978442446,0.49933710592299935,0.17361425383469978,0.1768198283483281,0.09958414598877752,0.015245787771218294,0.6524453996157256,20,0,0.10072751350883366,0.2561199284777159,0.906578947368421,0.10631686367540112,0.9495614035087719,0.618421052631579,1.0,20,0,0.8567982456140353,0.9506578947368421
own_history_valid_only,repeat_last,3420,0,180,0.1914730028740415,0.19610461063404078,0.14612827410768583,0.035328334805778516,0.8468163169897029,20,1,0.11717303471743211,0.28023195586061256,0.08715447687737987,0.10918682419453543,0.0576870529534971,0.0018442089427109947,0.433285941093622,20,2,0.04546586413408446,0.13694558258187817,0.9491228070175437,0.0707845220303903,0.9714912280701753,0.7280701754385964,1.0,20,3,0.9168859649122807,0.9760964912280701
own_history_valid_only,win_stay_expertise,3420,0,180,0.2706582338815278,0.23533594755254994,0.1843550898038324,0.035328334805778516,0.791334200916883,20,0,0.17291050574397487,0.37697246298818726,0.11964687888455605,0.1179351396303279,0.07672412143109088,0.0018442089427109947,0.3696860853909068,20,0,0.07020483760544846,0.1723483846307448,0.9385964912280702,0.06355866993942737,0.9605263157894737,0.7982456140350878,1.0,20,0,0.9105263157894736,0.9649122807017545
own_history_valid_only,history_frequency,3420,0,180,0.20967515241660703,0.21431369522084626,0.15165358248323096,0.0163479073985101,0.8876585820695899,20,1,0.1279413260800139,0.30749444739171017,0.10105885071433687,0.11212829108361987,0.06530383711627814,0.00040067222605547103,0.4290132248112509,20,1,0.05731867856703928,0.1516396679056139,0.9346491228070175,0.0719408027115503,0.9583333333333333,0.7324561403508771,1.0,20,0,0.9026315789473685,0.9633771929824559
own_history_valid_only,reward_learning,3420,0,180,0.1791947568185383,0.191051515306836,0.1307866656504522,0.020948600721785202,0.775449834041486,20,2,0.10528673987474797,0.2656804952600108,0.08048533825784654,0.09521460804808729,0.05738791687946418,0.0007213823118772528,0.36148921547963997,20,2,0.04304464986018694,0.1230968062237131,0.9567982456140349,0.05372206328190019,0.9714912280701753,0.8026315789473684,1.0,20,3,0.932675438596491,0.9780701754385964
own_history_valid_only,belief_static,3420,0,180,0.17497751675628093,0.19112463056535842,0.1415899868780241,0.022054145213787707,0.8020905375238583,20,2,0.10247220641906112,0.2616661692036674,0.07721493801795157,0.0924354567482137,0.062333207225533815,0.0007941028614764045,0.3604993514593837,20,2,0.04106227054116738,0.11883317424842589,0.9561403508771928,0.055314065868852416,0.9714912280701754,0.7938596491228069,1.0,20,2,0.9311403508771928,0.9778508771929824
own_history_valid_only,belief_dynamic,3420,0,180,0.18966598433411558,0.2008957533070673,0.15161171300952442,0.020549858604016643,0.8272130228978992,20,1,0.11249983223816339,0.280863782408731,0.0910887171092232,0.10947086415477265,0.06765428232847281,0.0006670843641182647,0.431095219443662,20,1,0.04852632748998281,0.1414722756823183,0.9423245614035087,0.07035231345374544,0.9649122807017543,0.7280701754385964,1.0,20,1,0.9098684210526317,0.9701754385964911
own_history_valid_only,simple_selected,3420,0,180,0.20165672206945376,0.21619615274397389,0.14182474974922948,0.0163479073985101,0.8876585820695899,20,1,0.11851750686499624,0.29921367301000723,0.09459301048269572,0.11197901950357858,0.061913608456264674,0.00040067222605547103,0.4290132248112509,20,1,0.051044503041559885,0.14486607864495027,0.9440789473684209,0.07081991402549574,0.9714912280701753,0.7324561403508771,1.0,20,1,0.912719298245614,0.9714912280701753
own_history_valid_only,belief_selected,3420,0,180,0.17497751675628093,0.19112463056535842,0.1415899868780241,0.022054145213787707,0.8020905375238583,20,2,0.10247220641906112,0.2616661692036674,0.07721493801795157,0.0924354567482137,0.062333207225533815,0.0007941028614764045,0.3604993514593837,20,2,0.04106227054116738,0.11883317424842589,0.9561403508771928,0.055314065868852416,0.9714912280701754,0.7938596491228069,1.0,20,2,0.9311403508771928,0.9778508771929824
own_round_1,uniform,180,0,180,1.09861228866811,2.278129578503827e-16,1.0986122886681098,1.0986122886681098,1.0986122886681098,20,0,1.09861228866811,1.09861228866811,0.6666666666666666,1.1390647892519134e-16,0.6666666666666667,0.6666666666666667,0.6666666666666667,20,0,0.6666666666666666,0.6666666666666666,0.3333333333333332,5.695323946259567e-17,0.33333333333333326,0.33333333333333326,0.33333333333333326,20,0,0.3333333333333332,0.3333333333333332
own_round_1,expertise,180,0,180,0.5131442477085522,1.5381094840968639,0.01342302033214066,0.01342302033214066,5.0106352940962555,20,2,0.01342302033214066,1.2627260887731695,0.19626666666666664,0.6032752710260706,0.00026666666666666603,0.00026666666666666603,1.9602666666666666,20,2,0.00026666666666666603,0.4902666666666667,0.9,0.30779350562554625,1.0,0.0,1.0,20,2,0.75,1.0
own_round_1,marginal,180,0,180,0.41441893027281695,0.9478077200226984,0.11215201385500348,0.10407944132626729,3.6570440490802154,20,2,0.11022775979672335,0.8940510832241018,0.18682512122771677,0.5198158845531757,0.01806270772625501,0.01524578777121829,1.7411679624202274,20,2,0.017590969369862198,0.4415940239694213,0.9,0.30779350562554625,1.0,0.0,1.0,20,2,0.75,1.0
own_round_1,repeat_last,180,0,180,0.41441893027281695,0.9478077200226984,0.11215201385500348,0.10407944132626729,3.6570440490802154,20,2,0.11022775979672335,0.8940510832241018,0.18682512122771677,0.5198158845531757,0.01806270772625501,0.01524578777121829,1.7411679624202274,20,2,0.017590969369862198,0.4415940239694213,0.9,0.30779350562554625,1.0,0.0,1.0,20,2,0.75,1.0
own_round_1,win_stay_expertise,180,0,180,0.4502610163034654,1.2600759026663306,0.037206569117833724,0.035328334805778516,4.46957584421136,20,2,0.04058043489108547,1.0787616088174063,0.19202689357549682,0.582082872142379,0.0020746065275240185,0.0018442089427109952,1.9022489286479782,20,2,0.002616476876378421,0.4760242905482407,0.9,0.30779350562554625,1.0,0.0,1.0,20,2,0.75,1.0
own_round_1,history_frequency,180,0,180,0.724039422951166,0.4208529905037458,0.37183152281663473,0.36423476773352875,1.6447330360655363,20,0,0.5499874260508065,0.8975864355485067,0.40419944919523465,0.3108826796151141,0.15047108826906463,0.1430552897003492,1.1463832472900095,20,0,0.2755035447301175,0.5325117381336633,0.6833333333333333,0.36634754853252327,1.0,0.0,1.0,20,0,0.5333333333333333,0.8333333333333333
own_round_1,reward_learning,180,0,180,0.41441893027281684,0.9478077200226983,0.11215201385500362,0.10407944132626729,3.6570440490802154,20,2,0.11022775979672335,0.8940510832241018,0.18682512122771677,0.5198158845531757,0.01806270772625504,0.01524578777121829,1.7411679624202274,20,2,0.017590969369862198,0.4415940239694213,0.9,0.30779350562554625,1.0,0.0,1.0,20,2,0.75,1.0
own_round_1,belief_static,180,0,180,0.41441893027281684,0.9478077200226983,0.11215201385500362,0.10407944132626729,3.6570440490802154,20,2,0.11022775979672335,0.8940510832241018,0.18682512122771677,0.5198158845531757,0.01806270772625504,0.01524578777121829,1.7411679624202274,20,2,0.017590969369862198,0.4415940239694213,0.9,0.30779350562554625,1.0,0.0,1.0,20,2,0.75,1.0
own_round_1,belief_dynamic,180,0,180,0.4041068924999077,0.8398462982137946,0.11455645586845967,0.10407944132626729,3.6570440490802154,20,5,0.13746450823087852,0.8341729713885366,0.17962418917136094,0.4452736012322784,0.01942862176576462,0.01524578777121829,1.7411679624202274,20,5,0.030771190834934535,0.4016371691591486,0.9,0.30779350562554625,1.0,0.0,1.0,20,2,0.75,1.0
own_round_1,simple_selected,180,0,180,0.45556190588954265,0.8277220133508222,0.121501605817631,0.10407944132626729,3.6570440490802154,20,2,0.18903141972761106,0.8749340256684187,0.20583268247202097,0.43854510964121857,0.021606078520994266,0.01524578777121829,1.7411679624202274,20,2,0.05687050634145401,0.42112609486139985,0.9,0.30779350562554625,1.0,0.0,1.0,20,2,0.75,1.0
own_round_1,belief_selected,180,0,180,0.41441893027281684,0.9478077200226983,0.11215201385500362,0.10407944132626729,3.6570440490802154,20,2,0.11022775979672335,0.8940510832241018,0.18682512122771677,0.5198158845531757,0.01806270772625504,0.01524578777121829,1.7411679624202274,20,2,0.017590969369862198,0.4415940239694213,0.9,0.30779350562554625,1.0,0.0,1.0,20,2,0.75,1.0
own_late,uniform,900,0,180,1.09861228866811,2.278129578503827e-16,1.0986122886681098,1.0986122886681098,1.0986122886681098,20,0,1.09861228866811,1.09861228866811,0.6666666666666666,1.1390647892519134e-16,0.6666666666666667,0.6666666666666667,0.6666666666666667,20,0,0.6666666666666666,0.6666666666666666,0.3333333333333333,5.695323946259567e-17,0.33333333333333337,0.33333333333333337,0.33333333333333337,20,0,0.3333333333333333,0.3333333333333333
own_late,expertise,900,0,180,0.47982949921679136,0.5854452511833229,0.22164019840564544,0.01342302033214066,2.0955948010671883,20,1,0.2424619162129959,0.7505118307123475,0.1832,0.22962256343274912,0.08193333333333334,0.00026666666666666603,0.8169333333333333,20,1,0.09009999999999999,0.2893666666666666,0.9066666666666666,0.11715436909834141,0.9583333333333333,0.5833333333333333,1.0,20,0,0.8525,0.9541666666666668
own_late,marginal,900,0,180,0.3703972577095152,0.31443065893840066,0.2235877923966078,0.10407944132626727,1.2015873210077919,20,0,0.24104052246718197,0.5123097997018994,0.17389620556506621,0.19443250916583588,0.08671047264833506,0.015245787771218289,0.7118544040545335,20,0,0.0943488502217073,0.26360424669293514,0.9066666666666666,0.11715436909834141,0.9583333333333333,0.5833333333333333,1.0,20,0,0.8525,0.9541666666666668
own_late,repeat_last,900,0,180,0.11285054242956241,0.1146723181641382,0.07928083425642239,0.035328334805778516,0.5223286414769868,20,1,0.07159857278322126,0.1665417367389567,0.04112149830099297,0.06017584561185158,0.02099513282081327,0.0018442089427109952,0.2627347193766103,20,1,0.01976141417521437,0.06935250293122262,0.9799999999999999,0.0384646872305325,1.0,0.8333333333333334,1.0,20,1,0.9616666666666666,0.9933333333333332
own_late,win_stay_expertise,900,0,180,0.25674231734206254,0.27550823545048525,0.16964918269950985,0.035328334805778516,1.1521643342990164,20,1,0.14859165490843357,0.3869600665344788,0.10999536452748664,0.13549661828655496,0.06982322656277805,0.0018442089427109952,0.5516030990485892,20,1,0.05684233986323355,0.17467853722312487,0.9474999999999996,0.06930629533526819,0.9666666666666666,0.7166666666666666,1.0,20,1,0.9141666666666666,0.9741666666666667
own_late,history_frequency,900,0,180,0.09671135184754873,0.12521602386633782,0.027472709495869614,0.014244574403310001,0.5292322429155712,20,1,0.05120815546597871,0.15601744375577095,0.039552891218990714,0.05983364937654357,0.0021760662679779002,0.00030006935125948117,0.2338499376390019,20,1,0.01737596778328182,0.0673446908066272,0.9808333333333333,0.036784102210582724,1.0,0.85,1.0,20,4,0.9633333333333335,0.9941666666666666
own_late,reward_learning,900,0,180,0.10745395704126728,0.10552894992240135,0.08481841850151439,0.01988213403287349,0.42737021923531704,20,1,0.06655674208785545,0.15576163400188978,0.04405139821726735,0.05524142443311714,0.02955625025932558,0.0006368442095420738,0.2080008914328669,20,2,0.02261760607687876,0.06908069841905735,0.9766666666666663,0.03603117558497209,1.0,0.8833333333333333,1.0,20,2,0.96,0.9908333333333333
own_late,belief_static,900,0,180,0.1014516411085907,0.10686124806864096,0.08443223686868041,0.022882990498947684,0.4873630401673783,20,1,0.06297498701242356,0.15168919380182577,0.04050873730411114,0.053891185642580455,0.03168364690099772,0.0008651336825274453,0.22627327907158698,20,1,0.02061159973505048,0.06560822916873577,0.9791666666666666,0.03457130947182203,1.0,0.8666666666666667,1.0,20,1,0.9633333333333333,0.9916666666666668
own_late,belief_dynamic,900,0,180,0.12575526032858858,0.12416238022339604,0.11476496912193321,0.02073440035197307,0.508811938028441,20,1,0.07687783365878113,0.1830857371118185,0.06154254338929812,0.07253545897893764,0.04560369047213782,0.0006777584752931986,0.2651118660439977,20,1,0.03249502828246376,0.09499179017636761,0.9541666666666666,0.05719439509610497,0.9749999999999999,0.8166666666666667,1.0,20,1,0.9274999999999999,0.9774999999999998
own_late,simple_selected,900,0,180,0.11952705790431532,0.12705614714056598,0.0850014897001916,0.01506449488761399,0.5292322429155712,20,1,0.07106320338841676,0.17711631100815103,0.04964718866705392,0.0621362369940313,0.03320761669672993,0.0003354297492538685,0.2338499376390019,20,1,0.025608684785175025,0.07738211639557482,0.9758333333333333,0.04170173962461638,1.0,0.85,1.0,20,2,0.9566666666666667,0.9916666666666666
own_late,belief_selected,900,0,180,0.1014516411085907,0.10686124806864096,0.08443223686868041,0.022882990498947684,0.4873630401673783,20,1,0.06297498701242356,0.15168919380182577,0.04050873730411114,0.053891185642580455,0.03168364690099772,0.0008651336825274453,0.22627327907158698,20,1,0.02061159973505048,0.06560822916873577,0.9791666666666666,0.03457130947182203,1.0,0.8666666666666667,1.0,20,1,0.9633333333333333,0.9916666666666668
swap_post,uniform,1200,0,120,1.09861228866811,2.278129578503827e-16,1.0986122886681098,1.0986122886681098,1.0986122886681098,20,0,1.09861228866811,1.09861228866811,0.6666666666666666,1.1390647892519134e-16,0.6666666666666667,0.6666666666666667,0.6666666666666667,20,0,0.6666666666666666,0.6666666666666666,0.3333333333333333,5.695323946259567e-17,0.33333333333333337,0.33333333333333337,0.33333333333333337,20,0,0.3333333333333333,0.3333333333333333
swap_post,expertise,1200,0,120,0.42985737647915023,0.5069744546198511,0.09670989156154258,0.01342302033214066,1.679160444920179,20,0,0.22164019840564544,0.6547319287985354,0.1636,0.19884485121270093,0.03293333333333334,0.00026666666666666603,0.6536,20,0,0.08193333333333333,0.25179999999999997,0.9166666666666666,0.10145145470035764,0.9833333333333334,0.6666666666666666,1.0,20,0,0.8716666666666665,0.9583333333333334
swap_post,marginal,1200,0,120,0.3413083595894115,0.2915439837341619,0.15837158937313492,0.10407944132626727,1.0928365099828208,20,0,0.22347881376184026,0.47448017774673956,0.1568307345902579,0.16962302344016572,0.04523197853646989,0.015245787771218289,0.5786377351085112,20,0,0.08694671547448882,0.23262716525406607,0.9166666666666666,0.10145145470035764,0.9833333333333334,0.6666666666666666,1.0,20,0,0.8716666666666665,0.9583333333333334
swap_post,repeat_last,1200,0,120,0.13364703743021164,0.1325839893736369,0.08014855547066092,0.035328334805778516,0.5406765508834726,20,1,0.08351645422324055,0.19606145985130197,0.054163463149021464,0.07691758027845495,0.029743349182726107,0.0018442089427109952,0.3069185480346158,20,3,0.02525807758089606,0.09058748757156476,0.9708333333333332,0.049816916265449755,1.0,0.7999999999999999,1.0,20,2,0.9475,0.9891666666666665
swap_post,win_stay_expertise,1200,0,120,0.26975127815727373,0.2713674687910472,0.10394024058278772,0.035328334805778516,0.8288014509881825,20,0,0.15581697205613737,0.3904587328140426,0.11561875017233876,0.13101137157819306,0.03354015240989847,0.0018442089427109952,0.3658120586085755,20,0,0.06040108657617313,0.17402028954724477,0.9408333333333333,0.06913733260861257,0.9833333333333334,0.8166666666666667,1.0,20,0,0.9099999999999999,0.9700000000000001
swap_post,history_frequency,1200,0,120,0.12441246301248247,0.13460943749961427,0.06669856114229951,0.014456718229959687,0.48034460839254456,20,1,0.07120929307220314,0.1857472860343954,0.05415367912265556,0.06566696940430701,0.023806944888733465,0.000309096059585852,0.19570389392346188,20,0,0.0272733516835784,0.0840020375573906,0.9650000000000001,0.04553130148814858,0.9916666666666667,0.8833333333333333,1.0,20,0,0.9441666666666666,0.9841666666666666
swap_post,reward_learning,1200,0,120,0.12983985589158337,0.15595646826811904,0.07342869434673988,0.020534998029335193,0.6084529450601723,20,2,0.0703242546217222,0.20405412897927114,0.056168108695150695,0.08684365326531476,0.022590875787155205,0.0007042207241338675,0.3341063620971281,20,3,0.023726844342874486,0.0973996847059041,0.9674999999999999,0.05657758736295555,1.0,0.7999999999999999,1.0,20,2,0.9408333333333333,0.9883333333333335
swap_post,belief_static,1200,0,120,0.12152450492459414,0.14731274200027017,0.08027040562517582,0.019606742081619444,0.600170181416266,20,4,0.06640251142753201,0.19169032260910884,0.05191020987756728,0.081791420844103,0.02940362839744705,0.0006688412003116488,0.3315686352026076,20,4,0.021799235587327884,0.09063199501283453,0.97,0.05002923122143883,0.9916666666666667,0.7999999999999999,1.0,20,2,0.9466666666666665,0.9883333333333333
swap_post,belief_dynamic,1200,0,120,0.14057144879579342,0.15580285296292565,0.10557309098755022,0.019332934160834432,0.5927353185979608,20,1,0.07937113249581387,0.21303201981726316,0.06639340895212162,0.08908589880651166,0.04335275060208765,0.0006057118449082805,0.32217111444639035,20,1,0.031608962503774145,0.10750063852491673,0.9558333333333332,0.05979374881758813,0.9833333333333333,0.7999999999999999,1.0,20,0,0.9283333333333333,0.9791666666666667
swap_post,simple_selected,1200,0,120,0.13596042404563713,0.1625381090360923,0.05449585994135483,0.015201286748158838,0.6084529450601723,20,1,0.07297855054745478,0.2107437435983666,0.05977415099279447,0.0901762086978585,0.013830846972538611,0.0003415524924861142,0.3341063620971281,20,2,0.025143854211407513,0.10177485553296718,0.9633333333333333,0.06108186434652095,1.0,0.7999999999999999,1.0,20,3,0.9350000000000002,0.9866666666666667
swap_post,belief_selected,1200,0,120,0.12152450492459414,0.14731274200027017,0.08027040562517582,0.019606742081619444,0.600170181416266,20,4,0.06640251142753201,0.19169032260910884,0.05191020987756728,0.081791420844103,0.02940362839744705,0.0006688412003116488,0.3315686352026076,20,4,0.021799235587327884,0.09063199501283453,0.97,0.05002923122143883,0.9916666666666667,0.7999999999999999,1.0,20,2,0.9466666666666665,0.9883333333333333
swap_late,uniform,600,0,120,1.09861228866811,2.278129578503827e-16,1.0986122886681098,1.0986122886681098,1.0986122886681098,20,0,1.09861228866811,1.09861228866811,0.6666666666666666,1.1390647892519134e-16,0.6666666666666667,0.6666666666666667,0.6666666666666667,20,0,0.6666666666666666,0.6666666666666666,0.3333333333333333,5.695323946259567e-17,0.33333333333333337,0.33333333333333337,0.33333333333333337,20,0,0.3333333333333333,0.3333333333333333
swap_late,expertise,600,0,120,0.42985737647915023,0.5308947092364211,0.09670989156154258,0.013423020332140663,1.6791604449201787,20,0,0.21310329410463183,0.6630606159214756,0.16360000000000002,0.20822682189555972,0.03293333333333333,0.00026666666666666603,0.6536,20,0,0.07858500000000002,0.25506666666666666,0.9166666666666666,0.10623817443651004,0.9833333333333334,0.6666666666666667,1.0,20,0,0.8699999999999999,0.9600416666666662
swap_late,marginal,600,0,120,0.3482606760393061,0.3084155315329925,0.15542965645352427,0.10407944132626727,1.092836509982821,20,0,0.22217657458102996,0.487707891140108,0.15762011940223306,0.17776115148748936,0.04638199544168908,0.01524578777121829,0.5786377351085114,20,0,0.08420053873219653,0.23662310691833843,0.9166666666666666,0.10623817443651004,0.9833333333333334,0.6666666666666667,1.0,20,0,0.8699999999999999,0.9600416666666662
swap_late,repeat_last,600,0,120,0.14493572111165,0.14783797419469455,0.07640375341553103,0.035328334805778516,0.6205332873660633,20,1,0.08894696643690732,0.2116214798857522,0.058915987952781954,0.0793165787065542,0.020190674849027687,0.0018442089427109956,0.3187745336336384,20,1,0.029019331516664897,0.09489681582683165,0.9666666666666666,0.05186577368103326,1.0,0.8,1.0,20,1,0.9433333333333334,0.9866666666666667
swap_late,win_stay_expertise,600,0,120,0.2805330748380594,0.29832878621255976,0.14792559302024388,0.035328334805778516,0.8973963433722612,20,0,0.15865952953894413,0.4142348742299704,0.11949554700740632,0.14178238854320493,0.0650943008217276,0.0018442089427109956,0.3956110892767026,20,0,0.06049623384171145,0.18161355156727052,0.9383333333333332,0.07435885802029149,0.9666666666666667,0.8,1.0,20,0,0.905,0.97
swap_late,history_frequency,600,0,120,0.12716857480809338,0.16744597992420568,0.026026702409982963,0.01424457440331,0.6596588186993108,20,1,0.06456193167370772,0.204435257500252,0.05438498991142012,0.08213730663621413,0.0013386716461717234,0.00030006935125948117,0.2913943499246152,20,1,0.023063611894361635,0.09137157301239339,0.9683333333333332,0.05127041028468792,1.0,0.8333333333333334,1.0,20,4,0.945,0.9883333333333333
swap_late,reward_learning,600,0,120,0.14721468735507373,0.16390356856862676,0.06953679355280676,0.020851519142889068,0.5456584744625962,20,2,0.08335454214885796,0.21975338746817763,0.061750157599082534,0.08266346767976014,0.01862846740748586,0.0007502780955135237,0.2876744425796488,20,1,0.029310804303648928,0.09884446961472193,0.9633333333333333,0.05913608055486779,1.0,0.7666666666666667,1.0,20,1,0.9349999999999999,0.9850000000000001
swap_late,belief_static,600,0,120,0.13880723163059366,0.15374135204364936,0.07221595701306843,0.02075449263856689,0.6040222345707502,20,1,0.0796387035507944,0.20854903611425338,0.05941892705045432,0.07786942804092516,0.0253172267964991,0.0006992816098283222,0.2621924002816661,20,1,0.028806266101057847,0.09453861065297964,0.9649999999999999,0.050116822589154106,1.0,0.8333333333333334,1.0,20,0,0.9433333333333331,0.985
swap_late,belief_dynamic,600,0,120,0.1632870619718514,0.1746881329305594,0.09316876577872268,0.020246755418094252,0.5993248315884854,20,1,0.09468152606957723,0.24091645044051319,0.08152726622950805,0.1029720972478003,0.04245212322283596,0.0006699944750574508,0.3276992478718431,20,2,0.04064011951957036,0.12734776198443162,0.9416666666666664,0.0771381384119478,0.9833333333333334,0.7666666666666667,1.0,20,0,0.9066666666666666,0.9733333333333333
swap_late,simple_selected,600,0,120,0.1609731752235007,0.1852090223291864,0.06953679355280676,0.01506449488761399,0.6596588186993108,20,1,0.08936802216434743,0.24358527865029173,0.0690722151248362,0.09272217141579382,0.01862846740748586,0.0003354297492538685,0.2913943499246152,20,2,0.03291662900661832,0.11059408991909375,0.9583333333333334,0.06567241047103434,1.0,0.7666666666666667,1.0,20,1,0.9283333333333333,0.9833333333333334
swap_late,belief_selected,600,0,120,0.13880723163059366,0.15374135204364936,0.07221595701306843,0.02075449263856689,0.6040222345707502,20,1,0.0796387035507944,0.20854903611425338,0.05941892705045432,0.07786942804092516,0.0253172267964991,0.0006992816098283222,0.2621924002816661,20,1,0.028806266101057847,0.09453861065297964,0.9649999999999999,0.050116822589154106,1.0,0.8333333333333334,1.0,20,0,0.9433333333333331,0.985
condition:full_history,uniform,1140,0,60,1.09861228866811,2.278129578503827e-16,1.0986122886681098,1.0986122886681098,1.0986122886681098,20,0,1.09861228866811,1.09861228866811,0.6666666666666666,1.1390647892519134e-16,0.6666666666666667,0.6666666666666667,0.6666666666666667,20,0,0.6666666666666666,0.6666666666666666,0.33333333333333326,5.695323946259567e-17,0.3333333333333333,0.3333333333333333,0.3333333333333333,20,0,0.33333333333333326,0.33333333333333326
condition:full_history,expertise,1140,0,60,0.5394453649388896,0.8085312683626322,0.1449286064838279,0.013423020332140663,2.994216306437051,20,1,0.22821547771322984,0.933962123393951,0.20658245614035087,0.3171210665415818,0.051845614035087716,0.00026666666666666603,1.1693894736842105,20,1,0.08451228070175437,0.36131929824561404,0.8947368421052632,0.16179646252121524,0.9736842105263157,0.40350877192982454,1.0,20,1,0.8157894736842106,0.957017543859649
condition:full_history,marginal,1140,0,60,0.3967829262558235,0.4346948991053539,0.17783634207051313,0.10407944132626726,1.6579461452927862,20,1,0.22733157384337382,0.6052094767260577,0.19324800895085814,0.2693056703565344,0.0618166046920878,0.015245787771218289,1.0108569405161694,20,1,0.08893912785522806,0.3242160571084495,0.8947368421052632,0.16179646252121524,0.9736842105263157,0.40350877192982454,1.0,20,1,0.8157894736842106,0.957017543859649
condition:full_history,repeat_last,1140,0,60,0.17769356030411304,0.20186046073966862,0.12805643855149973,0.035328334805778516,0.8676429334793903,20,1,0.10199014767499032,0.2718498026262598,0.07840724722311689,0.10822992784819684,0.05761437078314647,0.0018442089427109954,0.4418395763883895,20,1,0.03777524526441084,0.12836703535869112,0.9561403508771928,0.06865858336111284,0.9824561403508771,0.7192982456140351,1.0,20,1,0.9245614035087719,0.9815789473684211
condition:full_history,win_stay_expertise,1140,0,60,0.27557397698751307,0.32102796492972646,0.1341154459938444,0.035328334805778516,1.0534840973326727,20,2,0.1457279955528756,0.4268633021185383,0.12255086474726526,0.15971009484986295,0.051559261871104684,0.0018442089427109954,0.5041857761685522,20,1,0.057719035112166084,0.19754214762221514,0.9394736842105263,0.0819872327594525,0.9824561403508771,0.7543859649122806,1.0,20,1,0.9008771929824562,0.9728070175438596
condition:full_history,history_frequency,1140,0,60,0.20179402921777853,0.22782613782592837,0.13980511303114884,0.0163479073985101,0.9115101845348347,20,1,0.1149929084792965,0.3053761010218958,0.09938625275524654,0.1228285274373971,0.06046390326886905,0.0004006722260554711,0.4413941605925961,20,1,0.051045046041513976,0.15430356143155347,0.9342105263157894,0.08304732959314347,0.9736842105263157,0.7192982456140351,1.0,20,0,0.8973684210526315,0.9675438596491228
condition:full_history,reward_learning,1140,0,60,0.16184159602528364,0.19284127291837752,0.10432715103411322,0.018963739717375184,0.8143448252781617,20,1,0.08859152224648505,0.25023226769833284,0.0707111899991281,0.09698258614026536,0.04737474685038688,0.0005574510156866088,0.40357207405091833,20,1,0.034128365391029473,0.11514095743574917,0.9657894736842104,0.05353941571409539,0.9824561403508771,0.7719298245614035,1.0,20,1,0.9403508771929825,0.9850877192982456
condition:full_history,belief_static,1140,0,60,0.15898210007352157,0.19323853071454036,0.10585219547408137,0.0228866902834687,0.8345414380415108,20,1,0.0872200870939582,0.2483339509079377,0.06765233738283138,0.09297026270254445,0.045167708005622274,0.0008449106768286998,0.38736785829035053,20,1,0.032648613267135036,0.11031057402148879,0.9649122807017543,0.05369802898817623,0.9824561403508771,0.7719298245614035,1.0,20,1,0.9403508771929824,0.9842105263157895
condition:full_history,belief_dynamic,1140,0,60,0.17348399835759024,0.20765418017861267,0.10751785558378732,0.02068597759338127,0.8573516833797341,20,1,0.0933468440236808,0.2700023467080548,0.08182775684531683,0.11297037284350445,0.04491170781761364,0.00066792556997566,0.45195980413918857,20,1,0.03853222597153431,0.13371384399495198,0.95,0.07115543786201138,0.9736842105263157,0.7192982456140351,1.0,20,1,0.9166666666666666,0.9771929824561404
condition:full_history,simple_selected,1140,0,60,0.18862463509187144,0.2224384026366749,0.12799695279115045,0.0163479073985101,0.9115101845348347,20,1,0.10291793861932269,0.2910407094718717,0.0879547030220004,0.116071378429901,0.06616176388828376,0.0004006722260554711,0.4413941605925961,20,1,0.043026931820219244,0.1404513592665599,0.9491228070175438,0.07781583685954632,0.9736842105263157,0.7192982456140351,1.0,20,4,0.9131578947368422,0.9789473684210526
condition:full_history,belief_selected,1140,0,60,0.15898210007352157,0.19323853071454036,0.10585219547408137,0.0228866902834687,0.8345414380415108,20,1,0.0872200870939582,0.2483339509079377,0.06765233738283138,0.09297026270254445,0.045167708005622274,0.0008449106768286998,0.38736785829035053,20,1,0.032648613267135036,0.11031057402148879,0.9649122807017543,0.05369802898817623,0.9824561403508771,0.7719298245614035,1.0,20,1,0.9403508771929824,0.9842105263157895
condition:no_history,uniform,1140,0,60,1.09861228866811,2.278129578503827e-16,1.0986122886681098,1.0986122886681098,1.0986122886681098,20,0,1.09861228866811,1.09861228866811,0.6666666666666666,1.1390647892519134e-16,0.6666666666666667,0.6666666666666667,0.6666666666666667,20,0,0.6666666666666666,0.6666666666666666,0.33333333333333326,5.695323946259567e-17,0.3333333333333333,0.3333333333333333,0.3333333333333333,20,0,0.33333333333333326,0.33333333333333326
condition:no_history,expertise,1140,0,60,1.1049193853911445,0.47721166776183044,1.0654677095456384,0.27643419263551516,1.8545012264557617,20,0,0.9076610061636139,1.3021777646186756,0.42837192982456135,0.18717133024822533,0.4128982456140351,0.10342456140350874,0.7223719298245614,20,0,0.3510035087719298,0.505740350877193,0.7815789473684209,0.09549557665725779,0.7894736842105263,0.631578947368421,0.9473684210526315,20,0,0.7421052631578946,0.8210526315789473
condition:no_history,marginal,1140,0,60,0.7247789491745078,0.2839810530258845,0.6458200083105423,0.24096814590774912,1.1860566896934939,20,0,0.6068835026419253,0.846145690063328,0.38205256689555556,0.16017595167537513,0.36048484718416374,0.10401820435391398,0.640028130075341,20,0,0.3155119859513914,0.4490034755020858,0.7815789473684209,0.09549557665725779,0.7894736842105263,0.631578947368421,0.9473684210526315,20,0,0.7421052631578946,0.8210526315789473
condition:no_history,repeat_last,1140,0,60,0.7247789491745078,0.2839810530258845,0.6458200083105423,0.24096814590774912,1.1860566896934939,20,0,0.6068835026419253,0.846145690063328,0.38205256689555556,0.16017595167537513,0.36048484718416374,0.10401820435391398,0.640028130075341,20,0,0.3155119859513914,0.4490034755020858,0.7815789473684209,0.09549557665725779,0.7894736842105263,0.631578947368421,0.9473684210526315,20,0,0.7421052631578946,0.8210526315789473
condition:no_history,win_stay_expertise,1140,0,60,0.8798875403412572,0.37689190219776963,0.8130299425104837,0.23082362509685295,1.515494065596331,20,0,0.7222942724170308,1.0392189936363156,0.41191569999735644,0.1791868722774014,0.3965518340494887,0.10093190173707037,0.6994913658428581,20,0,0.33743149121515426,0.486968030834991,0.7815789473684209,0.09549557665725779,0.7894736842105263,0.631578947368421,0.9473684210526315,20,0,0.7421052631578946,0.8210526315789473
condition:no_history,history_frequency,1140,0,60,0.8363829499115427,0.24238754235843973,0.8063091996509607,0.499024059136898,1.0986122886681098,20,0,0.7326069405227956,0.9372422321767924,0.4795555315967375,0.17221511945506782,0.45477029584245554,0.2486687589203134,0.6666666666666667,20,0,0.4053521324962357,0.5516852165680717,0.6149122807017543,0.24505112912949725,0.7105263157894737,0.3333333333333333,0.894736842105263,20,0,0.5122587719298246,0.7192982456140351
condition:no_history,reward_learning,1140,0,60,0.7247789491745078,0.2839810530258845,0.6458200083105422,0.24096814590774926,1.1860566896934939,20,0,0.6068835026419253,0.846145690063328,0.38205256689555556,0.1601759516753751,0.36048484718416374,0.104018204353914,0.6400281300753409,20,0,0.3155119859513914,0.4490034755020858,0.7815789473684209,0.09549557665725779,0.7894736842105263,0.631578947368421,0.9473684210526315,20,0,0.7421052631578946,0.8210526315789473
condition:no_history,belief_static,1140,0,60,0.7247789491745078,0.2839810530258845,0.6458200083105422,0.24096814590774926,1.1860566896934939,20,0,0.6068835026419253,0.846145690063328,0.38205256689555556,0.1601759516753751,0.36048484718416374,0.104018204353914,0.6400281300753409,20,0,0.3155119859513914,0.4490034755020858,0.7815789473684209,0.09549557665725779,0.7894736842105263,0.631578947368421,0.9473684210526315,20,0,0.7421052631578946,0.8210526315789473
condition:no_history,belief_dynamic,1140,0,60,0.7144318129965098,0.2600832995387492,0.6414711035104244,0.24096814590774926,1.1835125333830923,20,0,0.6065485276766734,0.8254401462140396,0.37943180559917783,0.14981290343426973,0.35998668371065146,0.104018204353914,0.6350892829265777,20,0,0.31744724270504215,0.44291176746597755,0.7815789473684209,0.09549557665725779,0.7894736842105263,0.631578947368421,0.9473684210526315,20,0,0.7421052631578946,0.8210526315789473
condition:no_history,simple_selected,1140,0,60,0.705371933672974,0.23955105910858457,0.6494301852427514,0.24096814590774926,1.170037668555155,20,0,0.6053429910974748,0.8069903387109225,0.3800877263879519,0.13968409376764093,0.35998668371065146,0.104018204353914,0.6350892829265777,20,0,0.3228126514777635,0.43836744982094816,0.7815789473684209,0.09549557665725779,0.7894736842105263,0.631578947368421,0.9473684210526315,20,0,0.7421052631578946,0.8210526315789473
condition:no_history,belief_selected,1140,0,60,0.7247789491745078,0.2839810530258845,0.6458200083105422,0.24096814590774926,1.1860566896934939,20,0,0.6068835026419253,0.846145690063328,0.38205256689555556,0.1601759516753751,0.36048484718416374,0.104018204353914,0.6400281300753409,20,0,0.3155119859513914,0.4490034755020858,0.7815789473684209,0.09549557665725779,0.7894736842105263,0.631578947368421,0.9473684210526315,20,0,0.7421052631578946,0.8210526315789473
condition:random_target,uniform,1140,0,60,1.09861228866811,2.278129578503827e-16,1.0986122886681098,1.0986122886681098,1.0986122886681098,20,0,1.09861228866811,1.09861228866811,0.6666666666666666,1.1390647892519134e-16,0.6666666666666667,0.6666666666666667,0.6666666666666667,20,0,0.6666666666666666,0.6666666666666666,0.33333333333333326,5.695323946259567e-17,0.3333333333333333,0.3333333333333333,0.3333333333333333,20,0,0.33333333333333326,0.33333333333333326
condition:random_target,expertise,1140,0,60,0.46054201324787714,0.6849639170163845,0.013423020332140663,0.013423020332140663,1.8545012264557617,20,1,0.1931473214061132,0.7849224590887056,0.17563508771929826,0.26865564314738694,0.00026666666666666603,0.00026666666666666603,0.7223719298245614,20,1,0.0707578947368421,0.3028631578947368,0.9105263157894739,0.1370692056874423,1.0,0.631578947368421,1.0,20,1,0.8456140350877194,0.9640350877192982
condition:random_target,marginal,1140,0,60,0.3642768517579095,0.3914432949943836,0.121501605817631,0.10407944132626726,1.2197031447229072,20,3,0.21173687697675414,0.5500494757007683,0.16799663983804325,0.22976834703895205,0.021606078520994266,0.015245787771218289,0.6431541268855483,20,1,0.07840590530731327,0.27626888225247515,0.9105263157894739,0.1370692056874423,1.0,0.631578947368421,1.0,20,1,0.8456140350877194,0.9640350877192982
condition:random_target,repeat_last,1140,0,60,0.21326431120515768,0.3238134163026299,0.039367419788580174,0.035328334805778516,1.4137766106506033,20,1,0.09770023873922133,0.36917170911335806,0.09711790936930931,0.17179018550458783,0.0023584576731700262,0.0018442089427109954,0.7252240749087868,20,1,0.035351073831352484,0.17863023404160625,0.9421052631578946,0.10816259194391707,1.0,0.5438596491228069,1.0,20,2,0.8912280701754385,0.9807017543859647
condition:random_target,win_stay_expertise,1140,0,60,0.2817858758959941,0.3663609869469321,0.06271178610722834,0.035328334805778516,1.36057805200169,20,1,0.13776122715092592,0.4529172077896172,0.125249503308688,0.18425367567461845,0.006006206189889498,0.0018442089427109954,0.6602898593383713,20,1,0.052971560672475465,0.21130977113094981,0.9333333333333332,0.10223403999688649,1.0,0.6140350877192982,1.0,20,1,0.8859649122807015,0.9728070175438596
condition:random_target,history_frequency,1140,0,60,0.2222074228467929,0.3426285776284854,0.03528336134324236,0.0163479073985101,1.4961261711745653,20,1,0.10029844185501346,0.38353292485418466,0.10397326620288475,0.1724955050527342,0.002131575642191704,0.0004006722260554711,0.7192039254148493,20,1,0.040795969129295596,0.18485977612366689,0.9350877192982457,0.10816259194391706,1.0,0.5614035087719298,1.0,20,1,0.8850877192982456,0.9754385964912281
condition:random_target,reward_learning,1140,0,60,0.19878332494430584,0.3232233727318549,0.03387532003943998,0.019057053406291838,1.4032828245947775,20,1,0.08362464838962075,0.35155311829113733,0.0908953747180274,0.16838665080312054,0.003029556537225233,0.0005533878963508041,0.72260001863816,20,1,0.031671617183580796,0.17106448211883338,0.9473684210526315,0.09709789976260952,1.0,0.5964912280701754,1.0,20,2,0.9017543859649122,0.982456140350877
condition:random_target,belief_static,1140,0,60,0.19776298330457856,0.3233462016616879,0.02791767148501856,0.021424688564588432,1.4136752905524572,20,1,0.08326834518841855,0.3512090145718315,0.08782274063784389,0.16220471021581812,0.0012184719862323706,0.0007616800264557026,0.6991908717471482,20,2,0.03099004973613561,0.16533851881517184,0.9482456140350877,0.09866599811423608,1.0,0.5789473684210527,1.0,20,2,0.9008771929824562,0.9824780701754383
condition:random_target,belief_dynamic,1140,0,60,0.20732507616359913,0.32789964279501305,0.030935802913392742,0.020518177753733494,1.4151334991220041,20,1,0.08870911739197133,0.3641738796951089,0.09890184380821544,0.17656136261427777,0.0015120948769378449,0.0006543091337162981,0.7571505187577938,20,1,0.03567216400986295,0.18312059768316835,0.9385964912280702,0.10701830071027953,1.0,0.5438596491228069,1.0,20,1,0.887719298245614,0.9771929824561404
condition:random_target,simple_selected,1140,0,60,0.2147199662090172,0.34584384629882275,0.03695472445616288,0.0163479073985101,1.4961261711745653,20,1,0.09104193162305464,0.37900543068523823,0.09827550597310436,0.17256614421696573,0.003029556537225233,0.0004006722260554711,0.7192039254148493,20,1,0.03571423729030394,0.17977492485827698,0.9403508771929825,0.10850651202308097,1.0,0.5614035087719298,1.0,20,2,0.8894736842105264,0.9798245614035087
condition:random_target,belief_selected,1140,0,60,0.19776298330457856,0.3233462016616879,0.02791767148501856,0.021424688564588432,1.4136752905524572,20,1,0.08326834518841855,0.3512090145718315,0.08782274063784389,0.16220471021581812,0.0012184719862323706,0.0007616800264557026,0.6991908717471482,20,2,0.03099004973613561,0.16533851881517184,0.9482456140350877,0.09866599811423608,1.0,0.5789473684210527,1.0,20,2,0.9008771929824562,0.9824780701754383
condition:shuffled_history,uniform,1140,0,60,1.09861228866811,2.278129578503827e-16,1.0986122886681098,1.0986122886681098,1.0986122886681098,20,0,1.09861228866811,1.09861228866811,0.6666666666666666,1.1390647892519134e-16,0.6666666666666667,0.6666666666666667,0.6666666666666667,20,0,0.6666666666666666,0.6666666666666666,0.33333333333333326,5.695323946259567e-17,0.3333333333333333,0.3333333333333333,0.3333333333333333,20,0,0.33333333333333326,0.33333333333333326
condition:shuffled_history,expertise,1140,0,60,0.5394453649388895,0.808531268362632,0.1449286064838279,0.013423020332140663,2.9942163064370506,20,1,0.22821547771322978,0.933962123393951,0.20658245614035087,0.31712106654158184,0.05184561403508771,0.00026666666666666603,1.1693894736842105,20,1,0.08451228070175439,0.36131929824561404,0.8947368421052632,0.16179646252121524,0.9736842105263157,0.40350877192982454,1.0,20,1,0.8157894736842106,0.957017543859649
condition:shuffled_history,marginal,1140,0,60,0.3967829262558235,0.4346948991053539,0.17783634207051313,0.10407944132626726,1.6579461452927862,20,1,0.22733157384337382,0.6052094767260577,0.19324800895085814,0.2693056703565344,0.06181660469208781,0.015245787771218289,1.0108569405161694,20,1,0.08893912785522805,0.3242160571084495,0.8947368421052632,0.16179646252121524,0.9736842105263157,0.40350877192982454,1.0,20,1,0.8157894736842106,0.957017543859649
condition:shuffled_history,repeat_last,1140,0,60,0.17769356030411304,0.20186046073966862,0.12805643855149973,0.035328334805778516,0.8676429334793903,20,1,0.10199014767499032,0.2718498026262598,0.07840724722311689,0.10822992784819682,0.057614370783146476,0.0018442089427109954,0.44183957638838944,20,1,0.037775245264410846,0.1283670353586911,0.9561403508771928,0.06865858336111284,0.9824561403508771,0.7192982456140351,1.0,20,1,0.9245614035087719,0.9815789473684211
condition:shuffled_history,win_stay_expertise,1140,0,60,0.27557397698751307,0.32102796492972646,0.1341154459938444,0.035328334805778516,1.0534840973326727,20,2,0.1457279955528756,0.4268633021185383,0.12255086474726526,0.15971009484986295,0.0515592618711047,0.0018442089427109954,0.5041857761685522,20,1,0.057719035112166084,0.19754214762221514,0.9394736842105263,0.0819872327594525,0.9824561403508771,0.7543859649122806,1.0,20,1,0.9008771929824562,0.9728070175438596
condition:shuffled_history,history_frequency,1140,0,60,0.20179402921777853,0.22782613782592837,0.13980511303114884,0.0163479073985101,0.9115101845348348,20,1,0.1149929084792965,0.30537610102189583,0.09938625275524654,0.1228285274373971,0.06046390326886905,0.0004006722260554711,0.4413941605925962,20,1,0.051045046041513976,0.1543035614315535,0.9342105263157894,0.08304732959314347,0.9736842105263157,0.7192982456140351,1.0,20,0,0.8973684210526315,0.9675438596491228
condition:shuffled_history,reward_learning,1140,0,60,0.16184159602528364,0.19284127291837752,0.10432715103411322,0.018963739717375184,0.8143448252781618,20,1,0.08859152224648505,0.25023226769833284,0.0707111899991281,0.09698258614026536,0.04737474685038688,0.0005574510156866087,0.40357207405091833,20,1,0.034128365391029473,0.11514095743574917,0.9657894736842104,0.05353941571409539,0.9824561403508771,0.7719298245614035,1.0,20,1,0.9403508771929825,0.9850877192982456
condition:shuffled_history,belief_static,1140,0,60,0.15898210007352157,0.19323853071454036,0.10585219547408137,0.0228866902834687,0.8345414380415109,20,1,0.0872200870939582,0.2483339509079377,0.0676523373828314,0.09297026270254447,0.04516770800562228,0.0008449106768286998,0.3873678582903506,20,1,0.03264861326713504,0.11031057402148882,0.9649122807017543,0.05369802898817623,0.9824561403508771,0.7719298245614035,1.0,20,1,0.9403508771929824,0.9842105263157895
condition:shuffled_history,belief_dynamic,1140,0,60,0.17348399835759024,0.20765418017861267,0.10751785558378732,0.02068597759338127,0.8573516833797342,20,1,0.0933468440236808,0.27000234670805484,0.08182775684531683,0.11297037284350445,0.04491170781761364,0.00066792556997566,0.4519598041391885,20,1,0.03853222597153431,0.13371384399495195,0.95,0.07115543786201138,0.9736842105263157,0.7192982456140351,1.0,20,1,0.9166666666666666,0.9771929824561404
condition:shuffled_history,simple_selected,1140,0,60,0.1886246350918714,0.2224384026366749,0.12799695279115042,0.0163479073985101,0.9115101845348348,20,1,0.10291793861932269,0.2910407094718717,0.0879547030220004,0.11607137842990102,0.06616176388828374,0.0004006722260554711,0.4413941605925962,20,1,0.043026931820219244,0.1404513592665599,0.9491228070175438,0.07781583685954632,0.9736842105263157,0.7192982456140351,1.0,20,4,0.9131578947368422,0.9789473684210526
condition:shuffled_history,belief_selected,1140,0,60,0.15898210007352157,0.19323853071454036,0.10585219547408137,0.0228866902834687,0.8345414380415109,20,1,0.0872200870939582,0.2483339509079377,0.0676523373828314,0.09297026270254447,0.04516770800562228,0.0008449106768286998,0.3873678582903506,20,1,0.03264861326713504,0.11031057402148882,0.9649122807017543,0.05369802898817623,0.9824561403508771,0.7719298245614035,1.0,20,1,0.9403508771929824,0.9842105263157895
condition:swap,uniform,2280,0,120,1.0986122886681098,2.278129578503827e-16,1.0986122886681096,1.0986122886681096,1.0986122886681096,20,0,1.0986122886681098,1.0986122886681098,0.6666666666666666,1.1390647892519134e-16,0.6666666666666667,0.6666666666666667,0.6666666666666667,20,0,0.6666666666666666,0.6666666666666666,0.33333333333333326,5.695323946259567e-17,0.3333333333333333,0.3333333333333333,0.3333333333333333,20,0,0.33333333333333326,0.33333333333333326
condition:swap,expertise,2280,0,120,0.421090337402371,0.4661047215742547,0.25451659494356726,0.013423020332140663,1.5038196633845957,20,0,0.22821547771322984,0.627115755706681,0.1601614035087719,0.18281497847947187,0.09482807017543857,0.00026666666666666603,0.5848280701754386,20,0,0.08451228070175437,0.24096842105263158,0.9184210526315789,0.09327294820381218,0.9517543859649122,0.7017543859649122,1.0,20,0,0.8771929824561402,0.9570175438596491
condition:swap,marginal,2280,0,120,0.33648210075693064,0.2691241875146825,0.2337658432981539,0.10407944132626726,0.9333280957261691,20,1,0.22611385115536967,0.457439181409469,0.15398049871854133,0.15624238479412142,0.09702489662028839,0.015245787771218294,0.5168054787043066,20,0,0.08952106354700125,0.22351611094247414,0.9184210526315789,0.09327294820381218,0.9517543859649122,0.7017543859649122,1.0,20,0,0.8771929824561402,0.9570175438596491
condition:swap,repeat_last,2280,0,120,0.20525244544396987,0.20972768666798555,0.13003966001492281,0.035328334805778516,0.8259897005000161,20,1,0.1235206095918927,0.3015175445641923,0.09590170653164284,0.11950000694018827,0.0497558102160814,0.0018442089427109947,0.42473230579885435,20,2,0.04859471328610456,0.1500139253915945,0.9421052631578946,0.07775335926066616,0.9736842105263157,0.7368421052631579,1.0,20,3,0.907017543859649,0.9728070175438596
condition:swap,win_stay_expertise,2280,0,120,0.26574249077554263,0.2444752863586145,0.16571345452916464,0.035328334805778516,0.840813389309516,20,0,0.16604686744382366,0.373096982420319,0.11674289302184686,0.12233219491221058,0.06554242829305507,0.0018442089427109947,0.39359372311885205,20,0,0.06620779488488598,0.16965087467604953,0.9377192982456141,0.06823850449690756,0.969298245614035,0.7894736842105262,1.0,20,0,0.9078947368421051,0.9657894736842103
condition:swap,history_frequency,2280,0,120,0.21755627561543558,0.22976109165185787,0.12716358685620371,0.0163479073985101,0.8638069796043453,20,1,0.12687407660287123,0.32240113173457036,0.10273144867342718,0.11935647583051119,0.05608715867071614,0.00040067222605547103,0.4166322890299059,20,1,0.054752173319562954,0.15684903774884973,0.9350877192982457,0.07488793850694059,0.9649122807017543,0.7456140350877193,1.0,20,1,0.9013157894736843,0.9653508771929824
condition:swap,reward_learning,2280,0,120,0.19654791761179302,0.21433467138471976,0.11440274948009903,0.020790088850919586,0.7365548428048105,20,2,0.11184023645224186,0.2937247976276076,0.09025948651656499,0.10952870688268586,0.04977752327698014,0.00069731363116771,0.33802358953103784,20,2,0.04585094465749754,0.1390998365321977,0.9478070175438595,0.06474079567135131,0.9736842105263157,0.7982456140350878,1.0,20,2,0.9188596491228068,0.9741228070175438
condition:swap,belief_static,2280,0,120,0.19097293343904023,0.21219906836412297,0.10686124503827259,0.018919117303103812,0.7696396370062057,20,2,0.10763841448861382,0.2881138532131513,0.08677753865307172,0.1064518296749251,0.04538645054666093,0.0005992865372060968,0.3336308446284169,20,2,0.0442705690896625,0.13481090103359356,0.9473684210526316,0.06619603525275128,0.9736842105263157,0.7982456140350878,1.0,20,2,0.9175438596491228,0.9741228070175438
condition:swap,belief_dynamic,2280,0,120,0.20584797031064092,0.22419037892854177,0.12309143024439909,0.018720747197239096,0.7970743624160641,20,1,0.11650208546306588,0.3074379543857884,0.10034967737312954,0.1244569364461081,0.05138265412365272,0.0005605952704686739,0.4102306347481357,20,1,0.04985235972660837,0.15615969488813708,0.9346491228070176,0.08348385104226541,0.9780701754385964,0.7368421052631579,1.0,20,1,0.8977960526315789,0.9688596491228069
condition:swap,simple_selected,2280,0,120,0.21468880904703602,0.2375996810338193,0.1286677490182743,0.0163479073985101,0.8638069796043453,20,2,0.12070448965120686,0.32211577692062665,0.10123131794339106,0.1260248129205249,0.052078933475043845,0.00040067222605547103,0.4166322890299059,20,2,0.051233553252282425,0.1579337296016922,0.9390350877192983,0.07822460785732722,0.9736842105263157,0.7456140350877193,1.0,20,1,0.9043859649122806,0.9706140350877192
condition:swap,belief_selected,2280,0,120,0.19097293343904023,0.21219906836412297,0.10686124503827259,0.018919117303103812,0.7696396370062057,20,2,0.10763841448861382,0.2881138532131513,0.08677753865307172,0.1064518296749251,0.04538645054666093,0.0005992865372060968,0.3336308446284169,20,2,0.0442705690896625,0.13481090103359356,0.9473684210526316,0.06619603525275128,0.9736842105263157,0.7982456140350878,1.0,20,2,0.9175438596491228,0.9741228070175438
stable_target:fairness,uniform,380,0,20,1.09861228866811,2.278129578503827e-16,1.0986122886681098,1.0986122886681098,1.0986122886681098,20,0,1.09861228866811,1.09861228866811,0.6666666666666666,1.1390647892519134e-16,0.6666666666666667,0.6666666666666667,0.6666666666666667,20,0,0.6666666666666666,0.6666666666666666,0.33333333333333326,5.695323946259567e-17,0.3333333333333333,0.3333333333333333,0.3333333333333333,20,0,0.33333333333333326,0.33333333333333326
stable_target:fairness,expertise,380,0,20,0.5657464821692271,1.329921943262616,0.01342302033214066,0.01342302033214066,4.484612949489506,20,3,0.07917581340798427,1.2101238543124946,0.2168982456140351,0.5216202286382542,0.00026666666666666603,0.00026666666666666603,1.7539508771929824,20,3,0.026056140350877194,0.4696350877192983,0.8894736842105262,0.266132769713395,1.0,0.10526315789473684,1.0,20,3,0.7605263157894735,0.9868421052631579
stable_target:fairness,marginal,380,0,20,0.3979830777190172,0.6755430222795837,0.1145564558684598,0.10407944132626729,2.4348794972760452,20,3,0.14820058077748402,0.724992407826449,0.20118587524858494,0.43949026422765824,0.019428621765764643,0.015245787771218289,1.5086625168886452,20,3,0.040134683483585835,0.4157022703990891,0.8894736842105262,0.266132769713395,1.0,0.10526315789473684,1.0,20,3,0.7605263157894735,0.9868421052631579
stable_target:fairness,repeat_last,380,0,20,0.1797540918528287,0.26837281356443304,0.03776376114981037,0.035328334805778516,1.1302989946726414,20,1,0.08057571050057413,0.30666672965028663,0.08077364975909813,0.14466471302510578,0.002176076921696547,0.0018442089427109954,0.5898373060630691,20,1,0.0276518896741388,0.14886200882697057,0.9552631578947366,0.08917989897451735,1.0,0.631578947368421,1.0,20,2,0.9131578947368422,0.9868421052631579
stable_target:fairness,win_stay_expertise,380,0,20,0.3326807287290794,0.6687790601323594,0.05769897961866691,0.035328334805778516,2.410739362075303,20,3,0.08228431950167103,0.6588458025939566,0.148709786294699,0.337300855046936,0.006006206189889498,0.0018442089427109954,1.2111403556484093,20,3,0.023150968678907025,0.31182655053991426,0.9236842105263158,0.17537164003922676,1.0,0.3684210526315789,1.0,20,3,0.8368421052631578,0.9894736842105262
stable_target:fairness,history_frequency,380,0,20,0.2054260645205383,0.3116418379362213,0.03528336134324236,0.0163479073985101,1.2253194117363728,20,1,0.0880849521360352,0.35405242226551126,0.09734265088984888,0.16265669374143096,0.002131575642191704,0.00040067222605547103,0.5818799674142476,20,2,0.03523511593050305,0.1743645608576386,0.9394736842105262,0.10425416697234616,1.0,0.631578947368421,1.0,20,1,0.8894736842105264,0.9789473684210526
stable_target:fairness,reward_learning,380,0,20,0.16677360873866792,0.2647410766784629,0.0332441782729763,0.016565772940347653,1.0896542467718393,20,1,0.06956300513414565,0.2903886105760074,0.0722818043872845,0.14362833496633015,0.00272999907762195,0.00041010309253902406,0.5945493627810328,20,1,0.021584196107036553,0.1396852351975785,0.9684210526315787,0.08260237322851532,1.0,0.631578947368421,1.0,20,1,0.9289473684210525,0.994736842105263
stable_target:fairness,belief_static,380,0,20,0.1738432176995026,0.27950520039722304,0.030289341515665584,0.014986480611123386,1.1254819798650209,20,1,0.07152062248270112,0.3036172387043928,0.07502088915726382,0.14135082478006752,0.0014004388548051485,0.00033388684954892544,0.5503820083207716,20,2,0.022751639767048915,0.14064855065861612,0.963157894736842,0.08382877459132058,1.0,0.631578947368421,1.0,20,1,0.9236842105263156,0.9894736842105264
stable_target:fairness,belief_dynamic,380,0,20,0.1904306615875027,0.3009111940259609,0.026891352107875407,0.016340460500902987,1.1527968034453584,20,1,0.07643534632112205,0.3316612898546782,0.09321944059158126,0.16844416225090908,0.0011059678870132547,0.0004041029569273814,0.6164043563407285,20,2,0.028566425530316367,0.17231044690817104,0.9421052631578947,0.10231323594957709,1.0,0.631578947368421,1.0,20,3,0.894736842105263,0.9815789473684211
stable_target:fairness,simple_selected,380,0,20,0.18445601524618616,0.2957503174266903,0.03528336134324236,0.0163479073985101,1.2253194117363728,20,1,0.07606752433500627,0.32425357637056623,0.07866365443725046,0.14750500404603473,0.002131575642191704,0.00040067222605547103,0.5818799674142476,20,1,0.024190750436408327,0.14811554397983337,0.963157894736842,0.08723782917680252,1.0,0.631578947368421,1.0,20,2,0.9210526315789472,0.9921052631578947
stable_target:fairness,belief_selected,380,0,20,0.1738432176995026,0.27950520039722304,0.030289341515665584,0.014986480611123386,1.1254819798650209,20,1,0.07152062248270112,0.3036172387043928,0.07502088915726382,0.14135082478006752,0.0014004388548051485,0.00033388684954892544,0.5503820083207716,20,2,0.022751639767048915,0.14064855065861612,0.963157894736842,0.08382877459132058,1.0,0.631578947368421,1.0,20,1,0.9236842105263156,0.9894736842105264
stable_target:risk,uniform,380,0,20,1.09861228866811,2.278129578503827e-16,1.0986122886681098,1.0986122886681098,1.0986122886681098,20,0,1.09861228866811,1.09861228866811,0.6666666666666666,1.1390647892519134e-16,0.6666666666666667,0.6666666666666667,0.6666666666666667,20,0,0.6666666666666666,0.6666666666666666,0.33333333333333326,5.695323946259567e-17,0.3333333333333333,0.3333333333333333,0.3333333333333333,20,0,0.33333333333333326,0.33333333333333326
stable_target:risk,expertise,380,0,20,0.9602632406242886,1.6903509956035296,0.14492860648382785,0.01342302033214066,4.484612949489506,20,4,0.3158858684810213,1.762447316149581,0.37163508771929826,0.6629872356587644,0.051845614035087716,0.00026666666666666603,1.7539508771929824,20,4,0.1188982456140351,0.6862666666666667,0.8105263157894737,0.3382587937034512,0.9736842105263157,0.10526315789473684,1.0,20,4,0.6499999999999999,0.9394736842105262
stable_target:risk,marginal,380,0,20,0.6366118198163621,0.9535380191683549,0.1797704660993067,0.10407944132626729,3.1037943259633636,20,4,0.2759753543959504,1.0934180510925613,0.33417255882499586,0.564936322084175,0.06235800474204841,0.015245787771218289,1.5086625168886452,20,4,0.12131302519828052,0.602857662362784,0.8105263157894737,0.3382587937034512,0.9736842105263157,0.10526315789473684,1.0,20,4,0.6499999999999999,0.9394736842105262
stable_target:risk,repeat_last,380,0,20,0.25179491871770626,0.28573353740951435,0.08408195336773723,0.035328334805778516,0.8738646085645065,20,3,0.14076565122634774,0.3821815230062139,0.11358192431665852,0.1403683172785882,0.03572560184795529,0.0018442089427109954,0.409514615540212,20,0,0.058005826952577944,0.1773270992353055,0.9394736842105262,0.07876247971661059,0.9736842105263157,0.7368421052631579,1.0,20,0,0.9026315789473685,0.9710526315789473
stable_target:risk,win_stay_expertise,380,0,20,0.39166735115206164,0.5574905256280593,0.14490790159079736,0.035328334805778516,2.0031665508907843,20,3,0.18367523721298806,0.6594535055684281,0.18487957963072255,0.27929666669632036,0.05335322603425645,0.0018442089427109954,0.9449725548380707,20,3,0.07895685965425679,0.3183397888893815,0.9131578947368422,0.13366763262316098,0.9736842105263157,0.5789473684210527,1.0,20,2,0.8473684210526315,0.9631578947368421
stable_target:risk,history_frequency,380,0,20,0.29684381761824924,0.36218144818430026,0.14420143238176356,0.0163479073985101,1.240154423429125,20,1,0.15619152616503826,0.4638255298927045,0.15630919622507328,0.21591919840806534,0.0551579438740683,0.00040067222605547103,0.7380214156636993,20,2,0.07306254877899729,0.2569906587442388,0.8921052631578947,0.1624235103211941,0.9736842105263157,0.42105263157894735,1.0,20,2,0.8157894736842104,0.9552631578947368
stable_target:risk,reward_learning,380,0,20,0.23466733120371236,0.2661218040340723,0.10915605803704434,0.02062701246369919,0.8564910850139649,20,1,0.12879936227790115,0.35345761591125785,0.10760216207537168,0.13400017419816612,0.05007559663428484,0.0006497221099385918,0.40396261144494705,20,0,0.05396620469107853,0.16734873110370324,0.944736842105263,0.07138273579873682,0.9736842105263157,0.7894736842105263,1.0,20,0,0.9131578947368422,0.9736842105263157
stable_target:risk,belief_static,380,0,20,0.221133768477665,0.24822289573588793,0.07836804954443165,0.025168755064756416,0.7642947068517407,20,1,0.12296213845268415,0.3331752400147557,0.09613353589402718,0.11854334177884762,0.0379433907666543,0.0010122446141876728,0.3410413882085095,20,0,0.049001636593497,0.14921898296085312,0.9473684210526313,0.06613482762500457,0.9736842105263157,0.7894736842105263,1.0,20,0,0.9184210526315788,0.9736842105263157
stable_target:risk,belief_dynamic,380,0,20,0.24262860245988388,0.2994246537755956,0.08498135368568518,0.023381768645666122,1.07688727432327,20,1,0.12777337385414134,0.3822866351364632,0.11586234084095977,0.1637012739907327,0.03856603650532016,0.0008477933919895759,0.5868300185113842,20,1,0.053076775756944104,0.19335678465706746,0.9289473684210524,0.11102643741962624,0.9736842105263157,0.5789473684210527,1.0,20,1,0.876315789473684,0.9710526315789473
stable_target:risk,simple_selected,380,0,20,0.2873661517253257,0.3568223935973028,0.0992255785378609,0.0163479073985101,1.240154423429125,20,1,0.1474673430725916,0.4536045414473164,0.14711858978042397,0.21064594216298232,0.04778523829795545,0.00040067222605547103,0.7380214156636993,20,2,0.06470752859183858,0.24462010012280377,0.9052631578947367,0.15890718796497805,0.9736842105263157,0.42105263157894735,1.0,20,2,0.8289473684210528,0.9657894736842104
stable_target:risk,belief_selected,380,0,20,0.221133768477665,0.24822289573588793,0.07836804954443165,0.025168755064756416,0.7642947068517407,20,1,0.12296213845268415,0.3331752400147557,0.09613353589402718,0.11854334177884762,0.0379433907666543,0.0010122446141876728,0.3410413882085095,20,0,0.049001636593497,0.14921898296085312,0.9473684210526313,0.06613482762500457,0.9736842105263157,0.7894736842105263,1.0,20,0,0.9184210526315788,0.9736842105263157
stable_target:expertise,uniform,380,0,20,1.09861228866811,2.278129578503827e-16,1.0986122886681098,1.0986122886681098,1.0986122886681098,20,0,1.09861228866811,1.09861228866811,0.6666666666666666,1.1390647892519134e-16,0.6666666666666667,0.6666666666666667,0.6666666666666667,20,0,0.6666666666666666,0.6666666666666666,0.33333333333333326,5.695323946259567e-17,0.3333333333333333,0.3333333333333333,0.3333333333333333,20,0,0.33333333333333326,0.33333333333333326
stable_target:expertise,expertise,380,0,20,0.09232637202315298,0.19270699642001257,0.01342302033214066,0.01342302033214066,0.8024565372422638,20,4,0.026573578947309384,0.18438028232933404,0.031214035087719295,0.07558328369723638,0.00026666666666666603,0.00026666666666666603,0.309740350877193,20,4,0.005424561403508771,0.06731929824561403,0.9842105263157894,0.03856289984552878,1.0,0.8421052631578947,1.0,20,4,0.9657894736842104,0.9973684210526315
stable_target:expertise,marginal,380,0,20,0.1557538812320913,0.10994450993650731,0.11335423486173166,0.10407944132626729,0.5540451141518196,20,4,0.1171022387524226,0.2070258235175693,0.04438559277899367,0.06480921184800026,0.018745664746009826,0.015245787771218289,0.2820826640005153,20,4,0.021973650566402707,0.07516134067324179,0.9842105263157894,0.03856289984552878,1.0,0.8421052631578947,1.0,20,4,0.9657894736842104,0.9973684210526315
stable_target:expertise,repeat_last,380,0,20,0.10153167034180419,0.1490922142334935,0.03776376114981037,0.035328334805778516,0.6270413956888009,20,5,0.049648796453351206,0.17080858910076308,0.040866167593594,0.08477331235486844,0.002176076921696547,0.0018442089427109954,0.3290011780582267,20,5,0.010083522654969162,0.07994674941007239,0.9736842105263157,0.05533236663556284,1.0,0.7894736842105263,1.0,20,5,0.9473684210526316,0.9947368421052631
stable_target:expertise,win_stay_expertise,380,0,20,0.10237385108139804,0.13626783669348236,0.03828699445320695,0.035328334805778516,0.5515686431157171,20,4,0.052581651034538504,0.1628929414923608,0.03406322831637422,0.07108520230657012,0.0022165321003470226,0.0018442089427109954,0.2685066782888141,20,4,0.007921523026596218,0.06578355998977863,0.9815789473684211,0.042775142151960495,1.0,0.8421052631578947,1.0,20,4,0.963157894736842,0.9973684210526315
stable_target:expertise,history_frequency,380,0,20,0.10311220551454799,0.16278843048182545,0.034922482333352656,0.0163479073985101,0.6786910624435942,20,5,0.04436474359934608,0.17860319332939362,0.044506911150817494,0.08827127308471912,0.002057826915992783,0.00040067222605547103,0.3405591439502254,20,5,0.01299561800935622,0.08513009977589384,0.9710526315789474,0.05784434976829317,1.0,0.7894736842105263,1.0,20,5,0.9447368421052632,0.9921052631578947
stable_target:expertise,reward_learning,380,0,20,0.08408384813347067,0.15975882557398632,0.017118054026427867,0.014624550240072259,0.6579581832026747,20,4,0.030084611320643224,0.15683582676550656,0.03224960353472811,0.075282484214718,0.0004779691597589267,0.00031717869949220693,0.30606493726154,20,5,0.006200472479134191,0.06690301206726003,0.9842105263157894,0.03856289984552878,1.0,0.8421052631578947,1.0,20,4,0.9657894736842104,0.9973684210526315
stable_target:expertise,belief_static,380,0,20,0.08196931404339707,0.15692883611705719,0.016211404876441196,0.014060205093990218,0.6449903560625864,20,4,0.027877251221454326,0.15431239059621854,0.03180258709720315,0.07383915666364634,0.00040305193309900917,0.00029292095851830743,0.3013594564264199,20,5,0.006225137802311687,0.06587468060015579,0.9842105263157894,0.03856289984552878,1.0,0.8421052631578947,1.0,20,4,0.9657894736842104,0.9973684210526315
stable_target:expertise,belief_dynamic,380,0,20,0.0873927310253841,0.15729388217050144,0.017704627304876597,0.01429829356002562,0.6492822781222313,20,5,0.03173847701068654,0.1596150567133911,0.03640148910340956,0.08205682132157235,0.00047898132652044383,0.0003028862122929037,0.34131417661263347,20,5,0.007667000051326349,0.0744823903478271,0.9789473684210526,0.04949077326122393,1.0,0.7894736842105263,1.0,20,5,0.9552631578947368,0.9947368421052631
stable_target:expertise,simple_selected,380,0,20,0.09405173830410246,0.16240563300002725,0.019424246720410786,0.014624550240072259,0.6786910624435942,20,5,0.03668388423789524,0.16914716204631752,0.0380818648483267,0.08248082454078956,0.0005954118986021514,0.00031717869949220693,0.3405591439502254,20,5,0.009922385255625055,0.07641351356322804,0.9789473684210526,0.04949077326122393,1.0,0.7894736842105263,1.0,20,5,0.9552631578947368,0.9947368421052631
stable_target:expertise,belief_selected,380,0,20,0.08196931404339707,0.15692883611705719,0.016211404876441196,0.014060205093990218,0.6449903560625864,20,4,0.027877251221454326,0.15431239059621854,0.03180258709720315,0.07383915666364634,0.00040305193309900917,0.00029292095851830743,0.3013594564264199,20,5,0.006225137802311687,0.06587468060015579,0.9842105263157894,0.03856289984552878,1.0,0.8421052631578947,1.0,20,4,0.9657894736842104,0.9973684210526315
swap_post:fairness_to_risk,uniform,200,0,20,1.0986122886681102,2.278129578503827e-16,1.09861228866811,1.09861228866811,1.09861228866811,20,0,1.0986122886681102,1.0986122886681102,0.6666666666666666,1.1390647892519134e-16,0.6666666666666667,0.6666666666666667,0.6666666666666667,20,0,0.6666666666666666,0.6666666666666666,0.3333333333333333,5.695323946259567e-17,0.33333333333333337,0.33333333333333337,0.33333333333333337,20,0,0.3333333333333333,0.3333333333333333
swap_post:fairness_to_risk,expertise,200,0,20,0.5631163704461933,1.5372547413333861,0.013423020332140661,0.013423020332140661,5.0106352940962555,20,3,0.013423020332140661,1.3126982115108106,0.2158666666666667,0.6029400249479301,0.00026666666666666603,0.00026666666666666603,1.9602666666666668,20,3,0.00026666666666666603,0.5098666666666667,0.89,0.30762246170812757,1.0,0.0,1.0,20,3,0.74,1.0
swap_post:fairness_to_risk,marginal,200,0,20,0.42873853556905583,0.9181614865723071,0.11335423486173166,0.10407944132626729,3.54875248161974,20,3,0.1116268440549728,0.8733116144606027,0.2021745188180782,0.517441585868936,0.01874566474600983,0.01524578777121829,1.7483584360942728,20,3,0.018134899105432985,0.45574029326319015,0.89,0.30762246170812757,1.0,0.0,1.0,20,3,0.74,1.0
swap_post:fairness_to_risk,repeat_last,200,0,20,0.11897219622103354,0.23139628037123616,0.03776376114981038,0.035328334805778516,1.041985681978365,20,4,0.04843333400576211,0.22796658466106484,0.04949641776293164,0.138562756627491,0.002176076921696547,0.0018442089427109956,0.6114786383960616,20,4,0.007703149554837137,0.11595836206654973,0.975,0.0910465468000326,1.0,0.6000000000000001,1.0,20,2,0.93,1.0
swap_post:fairness_to_risk,win_stay_expertise,200,0,20,0.31245039604250147,0.7588167091941187,0.038286994453206956,0.035328334805778516,3.172421089453049,20,3,0.044204486559340464,0.6856749758972475,0.1335629601828353,0.3479820248530892,0.0022165321003470226,0.0018442089427109956,1.3682659865932414,20,3,0.0031778888929273274,0.3015609672503647,0.93,0.1838191330743634,1.0,0.30000000000000004,1.0,20,3,0.845,1.0
swap_post:fairness_to_risk,history_frequency,200,0,20,0.08978104925370282,0.21926697600849632,0.026599239929488507,0.014456718229959687,0.9616428633087641,20,4,0.023356229820919203,0.19666167089272507,0.03335303480624529,0.09712660745963117,0.0010391482964649248,0.000309096059585852,0.3909865663412042,20,4,0.0011093141163425913,0.08098385449298916,0.9800000000000001,0.061558701125109236,1.0,0.8,1.0,20,2,0.95,1.0
swap_post:fairness_to_risk,reward_learning,200,0,20,0.1240006771392882,0.2924313388744276,0.027668093078512174,0.01409133217356797,1.3049423565335463,20,3,0.03404954953843319,0.26209757448795007,0.05181109754746695,0.15336852044102892,0.001375841282442091,0.00029415053948199474,0.6674927860664858,20,4,0.002682775749517981,0.12507716722722503,0.975,0.0910465468000326,1.0,0.6000000000000001,1.0,20,2,0.93,1.0
swap_post:fairness_to_risk,belief_static,200,0,20,0.11787213753193775,0.2816830027976184,0.03016618525940359,0.014651780858411189,1.2450538864814873,20,6,0.030587470162085014,0.251923610310924,0.05209651597154106,0.15872246142108523,0.0013430933006756633,0.00032010555647411505,0.6876580414161566,20,6,0.0015855385922285707,0.12624697406356492,0.97,0.09233805168766386,1.0,0.6000000000000001,1.0,20,3,0.925,1.0
swap_post:fairness_to_risk,belief_dynamic,200,0,20,0.1472286044752936,0.32767674693668103,0.027350070507999053,0.018187632518200415,1.2331308661052898,20,4,0.03272652212303541,0.30081008613333104,0.07466397238498002,0.20157927270290565,0.0011246056238955525,0.0005201983814375197,0.6772901415546322,20,4,0.0023704167830224574,0.16966316357595984,0.945,0.15719582155957412,1.0,0.4,1.0,20,3,0.8699999999999999,1.0
swap_post:fairness_to_risk,simple_selected,200,0,20,0.11538613780246612,0.2918519642137702,0.02682245766220303,0.015201286748158838,1.3049423565335463,20,2,0.03052930332825286,0.2531230560967315,0.04679827428625009,0.15195838894904448,0.0010872091689166786,0.00034155249248611424,0.6674927860664858,20,4,0.002553154252804565,0.11950589900586757,0.9800000000000001,0.08944271909999155,1.0,0.6000000000000001,1.0,20,1,0.9400000000000001,1.0
swap_post:fairness_to_risk,belief_selected,200,0,20,0.11787213753193775,0.2816830027976184,0.03016618525940359,0.014651780858411189,1.2450538864814873,20,6,0.030587470162085014,0.251923610310924,0.05209651597154106,0.15872246142108523,0.0013430933006756633,0.00032010555647411505,0.6876580414161566,20,6,0.0015855385922285707,0.12624697406356492,0.97,0.09233805168766386,1.0,0.6000000000000001,1.0,20,3,0.925,1.0
swap_late:fairness_to_risk,uniform,100,0,20,1.0986122886681102,2.278129578503827e-16,1.09861228866811,1.09861228866811,1.09861228866811,20,0,1.0986122886681102,1.0986122886681102,0.6666666666666666,1.1390647892519134e-16,0.6666666666666667,0.6666666666666667,0.6666666666666667,20,0,0.6666666666666666,0.6666666666666666,0.3333333333333333,5.695323946259567e-17,0.33333333333333337,0.33333333333333337,0.33333333333333337,20,0,0.3333333333333333,0.3333333333333333
swap_late:fairness_to_risk,expertise,100,0,20,0.5131442477085522,1.5381094840968639,0.013423020332140661,0.013423020332140661,5.0106352940962555,20,2,0.013423020332140661,1.2627260887731695,0.19626666666666667,0.6032752710260707,0.00026666666666666603,0.00026666666666666603,1.9602666666666668,20,2,0.00026666666666666603,0.4902666666666667,0.9,0.30779350562554625,1.0,0.0,1.0,20,2,0.75,1.0
swap_late:fairness_to_risk,marginal,100,0,20,0.40571750696534237,0.9198890019034918,0.11335423486173166,0.10407944132626729,3.5487524816197404,20,2,0.11019232669758558,0.8713915755848188,0.18623475978193366,0.5178694670141359,0.01874566474600983,0.01524578777121829,1.7483584360942728,20,2,0.017635771406496234,0.4407812094680125,0.9,0.30779350562554625,1.0,0.0,1.0,20,2,0.75,1.0
swap_late:fairness_to_risk,repeat_last,100,0,20,0.07613233124229121,0.09623593060277404,0.03748516513382205,0.035328334805778516,0.3285866122923777,20,3,0.037081785236695745,0.1182890866370901,0.024982648253074027,0.06065823458070026,0.0021253417246102826,0.0018442089427109956,0.23777984321533877,20,3,0.002076465717809066,0.053944102597257376,0.99,0.04472135954999579,1.0,0.8,1.0,20,1,0.97,1.0
swap_late:fairness_to_risk,win_stay_expertise,100,0,20,0.28015583283413825,0.8060506979819949,0.038286994453206956,0.035328334805778516,3.5839904437575205,20,3,0.044204486559340464,0.6786920272115514,0.11496726898623069,0.3555090728561632,0.0022165321003470226,0.0018442089427109956,1.5470601706020037,20,3,0.0031778888929273274,0.2923126448331412,0.9400000000000001,0.18467610337532772,1.0,0.2,1.0,20,3,0.85,1.0
swap_late:fairness_to_risk,history_frequency,100,0,20,0.025108675558961423,0.019258520783246667,0.025591564985761102,0.014244574403310001,0.10366266965278499,20,1,0.019241851292821074,0.03431082452414888,0.001623635210079049,0.004026488603243248,0.0009609666239435671,0.0003000693512594812,0.01864386714452654,20,1,0.0006023565232025652,0.0034805891230253014,1.0,0.0,1.0,1.0,1.0,20,0,1.0,1.0
swap_late:fairness_to_risk,reward_learning,100,0,20,0.07994436892236052,0.13722022133036185,0.03312983275088159,0.014047336078967632,0.5691814987134042,20,3,0.03297614381807403,0.14435221502873624,0.03140654512410446,0.08694501048531576,0.0016752240963563221,0.0002922961431084908,0.30589801686549134,20,4,0.002306992530472339,0.07342421278882941,0.99,0.04472135954999579,1.0,0.8,1.0,20,1,0.97,1.0
swap_late:fairness_to_risk,belief_static,100,0,20,0.0856061492939944,0.17283971631266712,0.030836379815771302,0.013827936031888043,0.6708478040826271,20,6,0.028824664963828767,0.16649988178794856,0.036310507096236865,0.10750183077139558,0.0014142508387034619,0.0002829049188493236,0.3760231145882364,20,4,0.001312320233794648,0.08749752495601856,0.9800000000000001,0.061558701125109236,1.0,0.8,1.0,20,2,0.95,1.0
swap_late:fairness_to_risk,belief_dynamic,100,0,20,0.12261049108241462,0.3229061372373305,0.028555741815958633,0.01808417794131608,1.4389659549471174,20,3,0.029279426070438604,0.2801036372842146,0.0684436524865204,0.236308872154272,0.0012079043579647254,0.0004907861677912282,1.031131020888499,20,3,0.0013845908442862308,0.18577748266850597,0.9400000000000001,0.2257152374587339,1.0,0.0,1.0,20,2,0.8300000000000001,1.0
swap_late:fairness_to_risk,simple_selected,100,0,20,0.07694262016084152,0.13833003369170582,0.025797828713516734,0.01506449488761399,0.5691814987134042,20,3,0.029344546143548002,0.14120393228004133,0.031093870622379376,0.087056776897192,0.0009828651173800988,0.0003354297492538685,0.30589801686549134,20,4,0.0019295607244711316,0.07312689205975162,0.99,0.04472135954999579,1.0,0.8,1.0,20,1,0.97,1.0
swap_late:fairness_to_risk,belief_selected,100,0,20,0.0856061492939944,0.17283971631266712,0.030836379815771302,0.013827936031888043,0.6708478040826271,20,6,0.028824664963828767,0.16649988178794856,0.036310507096236865,0.10750183077139558,0.0014142508387034619,0.0002829049188493236,0.3760231145882364,20,4,0.001312320233794648,0.08749752495601856,0.9800000000000001,0.061558701125109236,1.0,0.8,1.0,20,2,0.95,1.0
swap_post:fairness_to_expertise,uniform,200,0,20,1.0986122886681102,2.278129578503827e-16,1.09861228866811,1.09861228866811,1.09861228866811,20,0,1.0986122886681102,1.0986122886681102,0.6666666666666666,1.1390647892519134e-16,0.6666666666666667,0.6666666666666667,0.6666666666666667,20,0,0.6666666666666666,0.6666666666666666,0.3333333333333333,5.695323946259567e-17,0.33333333333333337,0.33333333333333337,0.33333333333333337,20,0,0.3333333333333333,0.3333333333333333
swap_post:fairness_to_expertise,expertise,200,0,20,0.4881581863397316,1.3218895469383682,0.013423020332140661,0.013423020332140661,5.0106352940962555,20,4,0.038409081700961245,1.1627818432978871,0.1864666666666667,0.5184697727574462,0.00026666666666666603,0.00026666666666666603,1.9602666666666668,20,4,0.010066666666666665,0.4510666666666667,0.905,0.2645253942640032,1.0,0.0,1.0,20,4,0.77,0.9949999999999999
swap_post:fairness_to_expertise,marginal,200,0,20,0.40838279338527317,0.8669791213516913,0.11335423486173166,0.10407944132626729,3.657044049080216,20,4,0.1242301563625467,0.850404902135076,0.17915310589365324,0.45101988666332676,0.01874566474600983,0.01524578777121829,1.7411679624202274,20,4,0.026149398501478776,0.40937939698120857,0.905,0.2645253942640032,1.0,0.0,1.0,20,4,0.77,0.9949999999999999
swap_post:fairness_to_expertise,repeat_last,200,0,20,0.18724477160079014,0.3656937591601059,0.03776376114981038,0.035328334805778516,1.5585938364275873,20,5,0.0623170644803595,0.3652249079223851,0.08625474655537416,0.20280158554567712,0.002176076921696547,0.0018442089427109956,0.8449192637072238,20,5,0.017283893375620873,0.18574927396923122,0.95,0.12354415362426845,1.0,0.5,1.0,20,4,0.89,0.9949999999999999
swap_post:fairness_to_expertise,win_stay_expertise,200,0,20,0.37335886206755886,0.8864787146450634,0.03936741978858019,0.035328334805778516,3.6341454220246003,20,5,0.07310649587473482,0.8220592783971654,0.1588465643723205,0.3949874282088759,0.0023584576731700262,0.0018442089427109956,1.5450550294146814,20,5,0.020307337918033654,0.3557095005385092,0.915,0.20589982234597795,1.0,0.2,1.0,20,5,0.8100000000000002,0.9899999999999999
swap_post:fairness_to_expertise,history_frequency,200,0,20,0.15635714383661856,0.3797014314791596,0.026710848795845767,0.014456718229959687,1.6290336742689888,20,3,0.026898295556009953,0.3433541955922102,0.07428525289132931,0.22706209681748454,0.0010516611251704885,0.000309096059585852,0.9977879442063271,20,4,0.003541606610907274,0.18542505152866492,0.9550000000000001,0.15719582155957415,1.0,0.30000000000000004,1.0,20,3,0.8800000000000001,1.0
swap_post:fairness_to_expertise,reward_learning,200,0,20,0.2515748441296789,0.4940229779536299,0.02127824905420396,0.013946020291412961,1.711782273882729,20,5,0.06803181605110786,0.4961934486728661,0.12275705701729223,0.2655496681109208,0.0007154267068750608,0.00028805088892372405,0.8576553540037075,20,5,0.020606777683888813,0.25284706858700745,0.9200000000000002,0.1880649383926509,1.0,0.30000000000000004,1.0,20,5,0.825,0.9899999999999999
swap_post:fairness_to_expertise,belief_static,200,0,20,0.20681856850300545,0.40928890440080284,0.03151101726974406,0.013890067586547473,1.6960113472370462,20,5,0.060586919385268875,0.4042797980072101,0.09764772193511542,0.21198745110258674,0.0014889182584576855,0.00028548716059740274,0.8462368659269227,20,5,0.019644282809247637,0.20107329858169243,0.9400000000000001,0.13138933706635725,1.0,0.5,1.0,20,5,0.875,0.9899999999999999
swap_post:fairness_to_expertise,belief_dynamic,200,0,20,0.24226298386106948,0.4784352404525352,0.02410784552152051,0.014229329863017295,1.7598642506166318,20,5,0.06358575446010908,0.47726077665146543,0.12665637402352656,0.26989978025216727,0.0008943909457127207,0.0002999195782600223,0.8607171793601246,20,5,0.024642157293972934,0.25801629392209685,0.915,0.1899445902583726,1.0,0.30000000000000004,1.0,20,5,0.8200000000000001,0.985
swap_post:fairness_to_expertise,simple_selected,200,0,20,0.24071653766678075,0.49631376022018453,0.024546916614173284,0.014616586449116472,1.711782273882729,20,4,0.053997309376942935,0.4873446071342299,0.11748788110549042,0.2664421430844889,0.0009187063415058579,0.00031651662851631666,0.8576553540037075,20,5,0.018770962853979247,0.25035442068223956,0.925,0.188832981062213,1.0,0.30000000000000004,1.0,20,4,0.8300000000000001,0.9949999999999999
swap_post:fairness_to_expertise,belief_selected,200,0,20,0.20681856850300545,0.40928890440080284,0.03151101726974406,0.013890067586547473,1.6960113472370462,20,5,0.060586919385268875,0.4042797980072101,0.09764772193511542,0.21198745110258674,0.0014889182584576855,0.00028548716059740274,0.8462368659269227,20,5,0.019644282809247637,0.20107329858169243,0.9400000000000001,0.13138933706635725,1.0,0.5,1.0,20,5,0.875,0.9899999999999999
swap_late:fairness_to_expertise,uniform,100,0,20,1.0986122886681102,2.278129578503827e-16,1.09861228866811,1.09861228866811,1.09861228866811,20,0,1.0986122886681102,1.0986122886681102,0.6666666666666666,1.1390647892519134e-16,0.6666666666666667,0.6666666666666667,0.6666666666666667,20,0,0.6666666666666666,0.6666666666666666,0.3333333333333333,5.695323946259567e-17,0.33333333333333337,0.33333333333333337,0.33333333333333337,20,0,0.3333333333333333,0.3333333333333333
swap_late:fairness_to_expertise,expertise,100,0,20,0.5131442477085522,1.3947033858099855,0.013423020332140661,0.013423020332140661,5.0106352940962555,20,3,0.013423020332140661,1.2127539660355284,0.19626666666666667,0.5470287205006987,0.00026666666666666603,0.00026666666666666603,1.9602666666666668,20,3,0.00026666666666666603,0.4706666666666667,0.9,0.27909628596974423,1.0,0.0,1.0,20,3,0.76,1.0
swap_late:fairness_to_expertise,marginal,100,0,20,0.4273049230595668,0.899276694266946,0.11335423486173166,0.10407944132626729,3.657044049080216,20,3,0.11202876429717097,0.8853037938656304,0.1882527225420651,0.47493378280708615,0.01874566474600983,0.01524578777121829,1.7411679624202276,20,3,0.018231027413347502,0.4274606064814868,0.9,0.27909628596974423,1.0,0.0,1.0,20,3,0.76,1.0
swap_late:fairness_to_expertise,repeat_last,100,0,20,0.18205719213086058,0.3628937574474982,0.03748516513382205,0.035328334805778516,1.2275539759819165,20,4,0.05020329814387184,0.3581027980907955,0.08391633828593276,0.20068021800889133,0.0021253417246102826,0.0018442089427109956,0.6783071881321965,20,4,0.00782880310730157,0.17966391770546514,0.95,0.12773327473170099,1.0,0.6000000000000001,1.0,20,3,0.89,1.0
swap_late:fairness_to_expertise,win_stay_expertise,100,0,20,0.39654062756476155,0.9352595834116011,0.038286994453206956,0.035328334805778516,3.6341454220246003,20,4,0.05943110555109268,0.8687028801432181,0.16852817342215623,0.4205121330964236,0.0022165321003470226,0.0018442089427109956,1.5450550294146814,20,4,0.015046431481778519,0.3801990562092706,0.9099999999999999,0.21980852911951393,1.0,0.2,1.0,20,4,0.8,0.99
swap_late:fairness_to_expertise,history_frequency,100,0,20,0.14636202963288936,0.3926695540957649,0.022935686753044412,0.014244574403310001,1.468608868324372,20,2,0.019255711966560087,0.34336650315500294,0.07315574362999017,0.23860280580778184,0.0008430271643489265,0.0003000693512594812,0.9863191299172762,20,2,0.0006006399940704386,0.19492623034490636,0.95,0.18209309360006523,1.0,0.2,1.0,20,2,0.86,1.0
swap_late:fairness_to_expertise,reward_learning,100,0,20,0.27184097918435496,0.5609410337698889,0.018834880871666355,0.013581458765331825,2.0064929349170413,20,4,0.05807156683995822,0.5421757904721322,0.1291757163594926,0.29917410176054016,0.0005315383111806815,0.000272962277699627,1.139830827526314,20,4,0.01965711196399609,0.27660290867759696,0.9099999999999999,0.23819496658255218,1.0,0.0,1.0,20,4,0.79,0.99
swap_late:fairness_to_expertise,belief_static,100,0,20,0.2194198533318518,0.4186813618094757,0.030758036471752785,0.013795577251804862,1.384174930835791,20,4,0.054365237273094384,0.4170931512152754,0.10522660259017953,0.22298820738519484,0.0014180815691443457,0.0002815832981104651,0.6998039087489727,20,4,0.018469034565463314,0.21365281650697898,0.93,0.1625455401774498,1.0,0.4,1.0,20,4,0.85,0.99
swap_late:fairness_to_expertise,belief_dynamic,100,0,20,0.2594774519369906,0.5354627560359454,0.022228099200904995,0.01394056611998297,1.8146401621342654,20,4,0.045944051533547435,0.518756473589354,0.1438519529305204,0.33200196647947217,0.0007473316679367063,0.0002875288848713083,1.2522358515839485,20,4,0.017062325958027882,0.3055196875068391,0.9,0.2470883072485369,1.0,0.0,1.0,20,4,0.78,0.99
swap_late:fairness_to_expertise,simple_selected,100,0,20,0.2762815161681087,0.5663228975520666,0.019218461756883076,0.013581458765331825,2.0064929349170413,20,4,0.058808925998420684,0.5465070682519182,0.13267085573019893,0.30279787984680195,0.0005541778373344424,0.000272962277699627,1.139830827526314,20,4,0.019682456368643225,0.2803372882145115,0.9099999999999999,0.23819496658255218,1.0,0.0,1.0,20,4,0.79,0.99
swap_late:fairness_to_expertise,belief_selected,100,0,20,0.2194198533318518,0.4186813618094757,0.030758036471752785,0.013795577251804862,1.384174930835791,20,4,0.054365237273094384,0.4170931512152754,0.10522660259017953,0.22298820738519484,0.0014180815691443457,0.0002815832981104651,0.6998039087489727,20,4,0.018469034565463314,0.21365281650697898,0.93,0.1625455401774498,1.0,0.4,1.0,20,4,0.85,0.99
swap_post:risk_to_fairness,uniform,200,0,20,1.0986122886681102,2.278129578503827e-16,1.09861228866811,1.09861228866811,1.09861228866811,20,0,1.0986122886681102,1.0986122886681102,0.6666666666666666,1.1390647892519134e-16,0.6666666666666667,0.6666666666666667,0.6666666666666667,20,0,0.6666666666666666,0.6666666666666666,0.3333333333333333,5.695323946259567e-17,0.33333333333333337,0.33333333333333337,0.33333333333333337,20,0,0.3333333333333333,0.3333333333333333
swap_post:risk_to_fairness,expertise,200,0,20,0.7879909227655786,1.719467597835654,0.013423020332140661,0.013423020332140661,5.0106352940962555,20,4,0.16146543394240323,1.5625588251990163,0.30406666666666665,0.6744073109424539,0.00026666666666666603,0.00026666666666666603,1.9602666666666668,20,4,0.05833166666666692,0.6078666666666667,0.845,0.34408536272574175,1.0,0.0,1.0,20,4,0.6900000000000001,0.9703749999999945
swap_post:risk_to_fairness,marginal,200,0,20,0.5062067115948923,0.8863977899220059,0.11335423486173166,0.10407944132626729,2.8522357583897398,20,4,0.1781632692080317,0.9030069214525157,0.27240337971621625,0.5658955696005972,0.01874566474600983,0.01524578777121829,1.6703475702871229,20,4,0.0647355184992686,0.5267237227798228,0.845,0.34408536272574175,1.0,0.0,1.0,20,4,0.6900000000000001,0.9703749999999945
swap_post:risk_to_fairness,repeat_last,200,0,20,0.17416550137078549,0.36297366027814904,0.03748516513382205,0.035328334805778516,1.5432948130732573,20,4,0.049199809449643694,0.34956280951683344,0.07631101031495793,0.2109411230053454,0.0021253417246102826,0.0018442089427109956,0.9160387287575074,20,4,0.007510460395083082,0.1779566603167405,0.96,0.13533583957579087,1.0,0.4,1.0,20,3,0.8949999999999999,1.0
swap_post:risk_to_fairness,win_stay_expertise,200,0,20,0.3689904320601086,0.6911916170594353,0.038286994453206956,0.035328334805778516,1.97770349605499,20,4,0.11721945844097942,0.6747651117342629,0.17600517157385392,0.36781739472539654,0.0022165321003470226,0.0018442089427109956,1.1177357023563737,20,4,0.042577353153314894,0.3420643916456801,0.915,0.1785172850248165,1.0,0.5,1.0,20,4,0.835,0.9801249999999982
swap_post:risk_to_fairness,history_frequency,200,0,20,0.1897496659324015,0.4131866102005853,0.026599239929488507,0.014456718229959687,1.3730290369712228,20,4,0.038363386786611775,0.3898314217181554,0.08861202854998554,0.21285341621812232,0.0010391482964649248,0.000309096059585852,0.7689226940339167,20,4,0.01135456479924601,0.1935551720785679,0.9349999999999999,0.16944180805158293,1.0,0.30000000000000004,1.0,20,4,0.85,0.99
swap_post:risk_to_fairness,reward_learning,200,0,20,0.1418384643627642,0.3388419482938002,0.03057333435790846,0.01665323904991459,1.5113965174657058,20,3,0.03881234047306762,0.30644822292111623,0.06570051620738837,0.21185894369857913,0.0017490932139152735,0.0004137543004919503,0.9442825840193936,20,4,0.005218684663784001,0.16755184088306807,0.9650000000000001,0.1348488432516786,1.0,0.4,1.0,20,2,0.9,1.0
swap_post:risk_to_fairness,belief_static,200,0,20,0.14531620487688476,0.368620571721067,0.030922246668408163,0.01861578232438829,1.6479238406574706,20,4,0.03253104587018109,0.32444982559222946,0.06599665447732651,0.21227003900216576,0.0014301808951148183,0.0005289412390018334,0.9394572929362328,20,4,0.001974146071254557,0.16833290513253066,0.96,0.13533583957579087,1.0,0.4,1.0,20,3,0.8949999999999999,1.0
swap_post:risk_to_fairness,belief_dynamic,200,0,20,0.15660186503256454,0.37452482611504284,0.028009724440421303,0.017873401837405538,1.6281900387877637,20,4,0.035645622757755915,0.3399275795663459,0.06937900366438192,0.2068452167212628,0.0011922515908460993,0.0004846074355518313,0.9013182115354206,20,4,0.003684107280643462,0.17037905343289947,0.96,0.13533583957579087,1.0,0.4,1.0,20,3,0.8949999999999999,1.0
swap_post:risk_to_fairness,simple_selected,200,0,20,0.19365064636248316,0.4297941837135571,0.028827006219379222,0.015201286748158838,1.5113965174657058,20,3,0.039543285527036884,0.40259568885732383,0.09910937039243381,0.2640460380311655,0.0013253987100168704,0.00034155249248611424,0.9442825840193936,20,4,0.005053458797850259,0.22979466873328278,0.93,0.20026298499197184,1.0,0.30000000000000004,1.0,20,3,0.8300000000000001,1.0
swap_post:risk_to_fairness,belief_selected,200,0,20,0.14531620487688476,0.368620571721067,0.030922246668408163,0.01861578232438829,1.6479238406574706,20,4,0.03253104587018109,0.32444982559222946,0.06599665447732651,0.21227003900216576,0.0014301808951148183,0.0005289412390018334,0.9394572929362328,20,4,0.001974146071254557,0.16833290513253066,0.96,0.13533583957579087,1.0,0.4,1.0,20,3,0.8949999999999999,1.0
swap_late:risk_to_fairness,uniform,100,0,20,1.0986122886681102,2.278129578503827e-16,1.09861228866811,1.09861228866811,1.09861228866811,20,0,1.0986122886681102,1.0986122886681102,0.6666666666666666,1.1390647892519134e-16,0.6666666666666667,0.6666666666666667,0.6666666666666667,20,0,0.6666666666666666,0.6666666666666666,0.3333333333333333,5.695323946259567e-17,0.33333333333333337,0.33333333333333337,0.33333333333333337,20,0,0.3333333333333333,0.3333333333333333
swap_late:risk_to_fairness,expertise,100,0,20,0.6630606159214756,1.6302025687708863,0.013423020332140661,0.013423020332140661,5.0106352940962555,20,3,0.013423020332140661,1.412642456986093,0.25506666666666666,0.6393958991027967,0.00026666666666666603,0.00026666666666666603,1.9602666666666668,20,3,0.00026666666666666603,0.5490666666666667,0.8699999999999999,0.32622239750142684,1.0,0.0,1.0,20,3,0.72,1.0
swap_late:risk_to_fairness,marginal,100,0,20,0.4655560779449348,0.9035456454587233,0.11335423486173166,0.10407944132626729,3.2343725434327597,20,3,0.11248687849392912,0.8665726976309175,0.2337642230897102,0.5415198306824175,0.01874566474600983,0.01524578777121829,1.7068963107033333,20,3,0.01838047738689499,0.4816026206827707,0.8699999999999999,0.32622239750142684,1.0,0.0,1.0,20,3,0.72,1.0
swap_late:risk_to_fairness,repeat_last,100,0,20,0.13961142263294157,0.2626687025411558,0.03748516513382205,0.035328334805778516,1.1299448755823391,20,4,0.049199809449643694,0.2638652984273751,0.05471299573390644,0.11910405834591849,0.0021253417246102826,0.0018442089427109956,0.4124480320147962,20,4,0.007510460395083082,0.10845338374449891,0.97,0.07326950970650463,1.0,0.8,1.0,20,3,0.9400000000000001,1.0
swap_late:risk_to_fairness,win_stay_expertise,100,0,20,0.3140157714015019,0.6797122462542022,0.038286994453206956,0.035328334805778516,2.3458607682552133,20,3,0.04227373505676992,0.6233265047566323,0.14550253404647165,0.3596434722060546,0.0022165321003470226,0.0018442089427109956,1.2675925150617404,20,3,0.002867154410584248,0.3108952767265541,0.93,0.17501879598308412,1.0,0.4,1.0,20,3,0.85,1.0
swap_late:risk_to_fairness,history_frequency,100,0,20,0.15003088132773557,0.4215021692316638,0.025591564985761102,0.014244574403310001,1.8118520764901387,20,4,0.021881252447200742,0.36108553667678167,0.06586222106950552,0.2150427554361609,0.0009609666239435671,0.0003000693512594812,0.9083370289422663,20,4,0.0010466584560020057,0.17445900938861686,0.96,0.13917047478769184,1.0,0.4,1.0,20,2,0.89,1.0
swap_late:risk_to_fairness,reward_learning,100,0,20,0.1185903012052808,0.2096085190255995,0.03680440377078615,0.01572664157677999,0.882827163470687,20,4,0.0454196352207889,0.21993096709663104,0.046241619647218596,0.10317513025533884,0.002302268164858122,0.00036768138306429244,0.37179279334479165,20,4,0.007116433620699124,0.09635511802206057,0.9800000000000001,0.061558701125109236,1.0,0.8,1.0,20,2,0.95,1.0
swap_late:risk_to_fairness,belief_static,100,0,20,0.10838187457940647,0.19945543260543147,0.0315630013174993,0.016643716916746473,0.7690139140915814,20,5,0.0341993895243846,0.20117311181124878,0.046164642655858554,0.1104721602583122,0.001481601457301635,0.00041950494093903514,0.34412951588801277,20,4,0.002135216442983018,0.09678796704974062,0.97,0.07326950970650463,1.0,0.8,1.0,20,3,0.9400000000000001,1.0
swap_late:risk_to_fairness,belief_dynamic,100,0,20,0.1239909481945454,0.2578561884621062,0.029536003155329914,0.01618951903079829,1.1180531020890758,20,4,0.03823198887615869,0.24728172090526446,0.05303749306955622,0.1294170998555666,0.0013153278849581907,0.00039416881939134056,0.5071224860014816,20,4,0.004713616521298096,0.11305493671474333,0.97,0.07326950970650463,1.0,0.8,1.0,20,3,0.9400000000000001,1.0
swap_late:risk_to_fairness,simple_selected,100,0,20,0.18315882570808822,0.42162129696779416,0.02730575282072081,0.01506449488761399,1.8118520764901387,20,4,0.0430700799627233,0.38676432464328264,0.08308194411122415,0.21835126304713265,0.0011290848131262185,0.0003354297492538685,0.9083370289422663,20,4,0.0067726144573684866,0.1881447361079024,0.95,0.14327007988227577,1.0,0.4,1.0,20,3,0.8800000000000001,1.0
swap_late:risk_to_fairness,belief_selected,100,0,20,0.10838187457940647,0.19945543260543147,0.0315630013174993,0.016643716916746473,0.7690139140915814,20,5,0.0341993895243846,0.20117311181124878,0.046164642655858554,0.1104721602583122,0.001481601457301635,0.00041950494093903514,0.34412951588801277,20,4,0.002135216442983018,0.09678796704974062,0.97,0.07326950970650463,1.0,0.8,1.0,20,3,0.9400000000000001,1.0
swap_post:risk_to_expertise,uniform,200,0,20,1.0986122886681102,2.278129578503827e-16,1.09861228866811,1.09861228866811,1.09861228866811,20,0,1.0986122886681102,1.0986122886681102,0.6666666666666666,1.1390647892519134e-16,0.6666666666666667,0.6666666666666667,0.6666666666666667,20,0,0.6666666666666666,0.6666666666666666,0.3333333333333333,5.695323946259567e-17,0.33333333333333337,0.33333333333333337,0.33333333333333337,20,0,0.3333333333333333,0.3333333333333333
swap_post:risk_to_expertise,expertise,200,0,20,0.5381303090773727,1.5336167699773693,0.013423020332140661,0.013423020332140661,5.0106352940962555,20,3,0.013423020332140661,1.28771215014199,0.20606666666666668,0.6015131446260297,0.00026666666666666603,0.00026666666666666603,1.9602666666666668,20,3,0.00026666666666666603,0.5000666666666668,0.8949999999999999,0.30689446154389266,1.0,0.0,1.0,20,3,0.745,1.0
swap_post:risk_to_expertise,marginal,200,0,20,0.3882521913487738,0.8080621265821034,0.11455645586845982,0.10407944132626729,2.7816089785584333,20,3,0.1134737691055484,0.7845130979235159,0.19359549362640247,0.5123013385897939,0.019428621765764646,0.01524578777121829,1.6912282631271878,20,3,0.018761650804302542,0.44422335242715866,0.8949999999999999,0.30689446154389266,1.0,0.0,1.0,20,3,0.745,1.0
swap_post:risk_to_expertise,repeat_last,200,0,20,0.12531325258490444,0.2486322235149819,0.03776376114981038,0.035328334805778516,1.0401652999777036,20,3,0.037510311967167184,0.25111560881452555,0.04309922759316165,0.11127982278755486,0.002176076921696547,0.0018442089427109956,0.406878047935044,20,3,0.002126641903588415,0.09879102123674424,0.9800000000000001,0.06155870112510923,1.0,0.8,1.0,20,2,0.95,1.0
swap_post:risk_to_expertise,win_stay_expertise,200,0,20,0.3719077413129716,0.9606747234867555,0.03936741978858019,0.035328334805778516,3.527913252287969,20,3,0.044391385808073267,0.8547916836323111,0.16553549708042573,0.47364009710420985,0.0023584576731700262,0.0018442089427109956,1.7131698798079906,20,3,0.003203410840083173,0.40393979150217885,0.915,0.24767338424456894,1.0,0.1,1.0,20,3,0.79,1.0
swap_post:risk_to_expertise,history_frequency,200,0,20,0.12350432737265993,0.2578692595700487,0.018286418008257626,0.014456718229959687,0.8508308390860122,20,3,0.020104691176552218,0.2484520049256074,0.060368731382030937,0.15729177293095797,0.0005031634100956089,0.000309096059585852,0.6033490611685632,20,3,0.0006541620640835819,0.1378697438289404,0.9549999999999998,0.13945382182304158,1.0,0.4,1.0,20,3,0.8800000000000001,1.0
swap_post:risk_to_expertise,reward_learning,200,0,20,0.10422309953810338,0.21228876214240439,0.02028919529602039,0.014428373854102904,0.8608188201913978,20,4,0.029984392742984443,0.21067132238721217,0.0371298005298215,0.09141802728949933,0.0007648270605606538,0.0003081866898248323,0.36548889981624133,20,4,0.00513596746633582,0.08261552433943889,0.985,0.04893604849295928,1.0,0.8,1.0,20,2,0.96,1.0
swap_post:risk_to_expertise,belief_static,200,0,20,0.10177614674938314,0.1965458159264404,0.029191577183565097,0.0138990399646161,0.7299642982596667,20,3,0.026165756244751946,0.19833439476583636,0.03555877786949618,0.08815143135141962,0.0012865790421304297,0.0002858528255158154,0.3201762924779734,20,3,0.0011122323919481852,0.07832672389071639,0.985,0.04893604849295928,1.0,0.8,1.0,20,2,0.96,1.0
swap_post:risk_to_expertise,belief_dynamic,200,0,20,0.13293406186554052,0.2921065949009741,0.023823226389870274,0.014114607298981573,1.1616198582035762,20,3,0.023752873389351097,0.27598938741237206,0.06154696654463002,0.1560989109301032,0.0008828813250490849,0.00029479716725717574,0.5792113236997598,20,4,0.0009408442747692939,0.1371819309546453,0.95,0.13178930553209384,1.0,0.5,1.0,20,3,0.885,1.0
swap_post:risk_to_expertise,simple_selected,200,0,20,0.10255116231876579,0.21912569685480973,0.023365841689547508,0.014814419090692674,0.8608188201913978,20,3,0.024643325364496087,0.21351529198122313,0.036376057872632005,0.09735180778873224,0.0009303638564258372,0.00032636011323150993,0.36548889981624133,20,5,0.0018536008796308677,0.08534543352212351,0.9800000000000001,0.06155870112510923,1.0,0.8,1.0,20,2,0.95,1.0
swap_post:risk_to_expertise,belief_selected,200,0,20,0.10177614674938314,0.1965458159264404,0.029191577183565097,0.0138990399646161,0.7299642982596667,20,3,0.026165756244751946,0.19833439476583636,0.03555877786949618,0.08815143135141962,0.0012865790421304297,0.0002858528255158154,0.3201762924779734,20,3,0.0011122323919481852,0.07832672389071639,0.985,0.04893604849295928,1.0,0.8,1.0,20,2,0.96,1.0
swap_late:risk_to_expertise,uniform,100,0,20,1.0986122886681102,2.278129578503827e-16,1.09861228866811,1.09861228866811,1.09861228866811,20,0,1.0986122886681102,1.0986122886681102,0.6666666666666666,1.1390647892519134e-16,0.6666666666666667,0.6666666666666667,0.6666666666666667,20,0,0.6666666666666666,0.6666666666666666,0.3333333333333333,5.695323946259567e-17,0.33333333333333337,0.33333333333333337,0.33333333333333337,20,0,0.3333333333333333,0.3333333333333333
swap_late:risk_to_expertise,expertise,100,0,20,0.5631163704461933,1.5372547413333864,0.013423020332140661,0.013423020332140661,5.0106352940962555,20,3,0.013423020332140661,1.3126982115108106,0.2158666666666667,0.6029400249479301,0.00026666666666666603,0.00026666666666666603,1.9602666666666668,20,3,0.00026666666666666603,0.5098666666666667,0.89,0.30762246170812757,1.0,0.0,1.0,20,3,0.74,1.0
swap_late:risk_to_expertise,marginal,100,0,20,0.40449104184675183,0.8208328586384609,0.11455645586845982,0.10407944132626729,2.8541266885526113,20,3,0.1134737691055484,0.8081786704200112,0.20221745419595344,0.5144827701437023,0.019428621765764646,0.01524578777121829,1.69809792358721,20,3,0.018761650804302542,0.4533454813891882,0.89,0.30762246170812757,1.0,0.0,1.0,20,3,0.74,1.0
swap_late:risk_to_expertise,repeat_last,100,0,20,0.18921931018001611,0.44568015184175774,0.03776376114981038,0.035328334805778516,1.801475223448815,20,3,0.037510311967167184,0.41685563232641787,0.0730704324808944,0.20159102483859637,0.002176076921696547,0.0018442089427109956,0.7013331629405205,20,3,0.002126641903588415,0.1734520650994805,0.9600000000000002,0.12311740225021846,1.0,0.6000000000000001,1.0,20,2,0.9,1.0
swap_late:risk_to_expertise,win_stay_expertise,100,0,20,0.42864388741364035,1.08076818647291,0.03936741978858019,0.035328334805778516,3.9338306111433283,20,3,0.044391385808073267,0.9699726057201926,0.19280798202018473,0.5298641794524195,0.0023584576731700262,0.0018442089427109956,1.8925572428967092,20,3,0.003203410840083173,0.45797303199927253,0.9,0.27909628596974423,1.0,0.0,1.0,20,3,0.76,1.0
swap_late:risk_to_expertise,history_frequency,100,0,20,0.15498456745979844,0.3431682642027885,0.01669133276932771,0.014244574403310001,1.1201379541195773,20,3,0.01936138711727569,0.3228741965541989,0.06982343705971587,0.170207060302262,0.000412405711735855,0.0003000693512594812,0.5179896867742398,20,3,0.0005987131671674037,0.1508026979982483,0.96,0.10462967275611935,1.0,0.6000000000000001,1.0,20,3,0.9099999999999999,1.0
swap_late:risk_to_expertise,reward_learning,100,0,20,0.15762691118421962,0.3999730157888816,0.017509368305689034,0.013586204671948881,1.580922528051451,20,3,0.018186801549633192,0.36108912400284165,0.061704354260055924,0.17617124985533233,0.0004562235292059552,0.00027315255345298085,0.6972636280317841,20,3,0.0005818856335363106,0.15156877663750212,0.9700000000000001,0.09787209698591856,1.0,0.6000000000000001,1.0,20,2,0.9199999999999999,1.0
swap_late:risk_to_expertise,belief_static,100,0,20,0.16722920598449292,0.3760915776745724,0.027621518360955343,0.013800668758070175,1.3774445032605453,20,3,0.02478152631972173,0.3544480642822266,0.06726323790363484,0.17138685975286044,0.001155626600955741,0.00028180574094418875,0.6288029542653754,20,3,0.001013179481084349,0.15074775392460474,0.9700000000000001,0.09787209698591856,1.0,0.6000000000000001,1.0,20,2,0.9199999999999999,1.0
swap_late:risk_to_expertise,belief_dynamic,100,0,20,0.21719239353030462,0.5260642460471479,0.021159288265784476,0.013906019702575455,2.070344920871153,20,3,0.021523405595041834,0.47909037333563953,0.11133937567608956,0.2841866044731324,0.0006838395038586503,0.00028608844196828536,1.0498875072612956,20,3,0.0007609211842261116,0.24925996010630078,0.9,0.2635786110641877,1.0,0.0,1.0,20,3,0.77,1.0
swap_late:risk_to_expertise,simple_selected,100,0,20,0.16681566266577263,0.4164340387489352,0.020177962803901033,0.01391463585264856,1.580922528051451,20,3,0.02021963808501599,0.37774649932029253,0.06738497997693468,0.18896846697465516,0.0006173863811264293,0.0002866609181800626,0.6972636280317841,20,3,0.0006782018822521246,0.16294093227010814,0.9600000000000002,0.12311740225021846,1.0,0.6000000000000001,1.0,20,2,0.9,1.0
swap_late:risk_to_expertise,belief_selected,100,0,20,0.16722920598449292,0.3760915776745724,0.027621518360955343,0.013800668758070175,1.3774445032605453,20,3,0.02478152631972173,0.3544480642822266,0.06726323790363484,0.17138685975286044,0.001155626600955741,0.00028180574094418875,0.6288029542653754,20,3,0.001013179481084349,0.15074775392460474,0.9700000000000001,0.09787209698591856,1.0,0.6000000000000001,1.0,20,2,0.9199999999999999,1.0
swap_post:expertise_to_fairness,uniform,200,0,20,1.0986122886681102,2.278129578503827e-16,1.09861228866811,1.09861228866811,1.09861228866811,20,0,1.0986122886681102,1.0986122886681102,0.6666666666666666,1.1390647892519134e-16,0.6666666666666667,0.6666666666666667,0.6666666666666667,20,0,0.6666666666666666,0.6666666666666666,0.3333333333333333,5.695323946259567e-17,0.33333333333333337,0.33333333333333337,0.33333333333333337,20,0,0.3333333333333333,0.3333333333333333
swap_post:expertise_to_fairness,expertise,200,0,20,0.038409081700961245,0.1117410634213285,0.013423020332140661,0.013423020332140661,0.5131442477085522,20,1,0.013423020332140661,0.08838120443860238,0.010066666666666666,0.04382693235899588,0.00026666666666666603,0.00026666666666666603,0.1962666666666667,20,1,0.00026666666666666603,0.029666666666666675,0.9949999999999999,0.02236067977499789,1.0,0.9,1.0,20,1,0.985,1.0
swap_post:expertise_to_fairness,marginal,200,0,20,0.12891974296695757,0.07664621919126796,0.11215201385500351,0.10407944132626729,0.45342297056683323,20,1,0.10977209474491276,0.16430632026814723,0.026786183659261165,0.03859155146953386,0.018062707726255012,0.01524578777121829,0.1904467038921393,20,1,0.01742227747378041,0.04444754519644344,0.9949999999999999,0.02236067977499789,1.0,0.9,1.0,20,1,0.985,1.0
swap_post:expertise_to_fairness,repeat_last,200,0,20,0.059023401301620114,0.09791828344562821,0.037206569117833724,0.035328334805778516,0.4749845788747289,20,1,0.036650697585263646,0.10309364048666268,0.011601133329744351,0.04258360480703841,0.0020746065275240185,0.0018442089427109956,0.1925170619286366,20,1,0.0020175946610611,0.03067997078975441,0.9949999999999999,0.02236067977499789,1.0,0.9,1.0,20,1,0.985,1.0
swap_post:expertise_to_fairness,win_stay_expertise,200,0,20,0.06401300629310372,0.09731133400714913,0.037206569117833724,0.035328334805778516,0.4749845788747289,20,5,0.039145724965512135,0.10932047153908471,0.01236715918338294,0.04243388339667602,0.0020746065275240185,0.0018442089427109956,0.1925170619286366,20,5,0.0024004174668278803,0.03163734534760601,0.9949999999999999,0.02236067977499789,1.0,0.9,1.0,20,1,0.985,1.0
swap_post:expertise_to_fairness,history_frequency,200,0,20,0.044282555054679894,0.10822945964864504,0.017245488344747473,0.014456718229959687,0.5034610727639905,20,1,0.018274266780711427,0.09368108251145002,0.01039743240658296,0.04361241234281481,0.00044977466257735475,0.000309096059585852,0.19568009051844912,20,1,0.0005311281607903056,0.029966864717967442,0.9949999999999999,0.02236067977499789,1.0,0.9,1.0,20,1,0.985,1.0
swap_post:expertise_to_fairness,reward_learning,200,0,20,0.043329292074370675,0.09701915621413348,0.019439025880075567,0.014299661769700555,0.45377882137370706,20,2,0.018969608801087216,0.08833393252510854,0.010302234008777474,0.041332111556928175,0.0005945092886931557,0.0003026947706897319,0.1857665358716242,20,2,0.0006049448594962703,0.029085406060393146,0.9949999999999999,0.02236067977499789,1.0,0.9,1.0,20,1,0.985,1.0
swap_post:expertise_to_fairness,belief_static,200,0,20,0.04256602288764179,0.10925875482026197,0.015585767877646907,0.013744966818285013,0.5062948756549068,20,1,0.016499326919337434,0.09241122605479314,0.010296792701160134,0.04361880105145008,0.0003630327081369265,0.00027953035248545554,0.19560771829725487,20,1,0.00043591706549168886,0.029869057402308778,0.9949999999999999,0.02236067977499789,1.0,0.9,1.0,20,1,0.985,1.0
swap_post:expertise_to_fairness,belief_dynamic,200,0,20,0.04187438321872501,0.09187690746650493,0.02130018042881095,0.01416826506100671,0.4317494132232742,20,1,0.01991693721881567,0.08377665303048581,0.010162233371091805,0.04218571315842755,0.0007049333454372422,0.0002971116360501065,0.1893849112088028,20,2,0.0006339955356428719,0.02908378766283992,0.9949999999999999,0.02236067977499789,1.0,0.9,1.0,20,1,0.985,1.0
swap_post:expertise_to_fairness,simple_selected,200,0,20,0.04750798993380509,0.10768227160639782,0.023168120650765085,0.014713270430772779,0.5034610727639905,20,2,0.02085000023762081,0.09710897956762542,0.01090350446018705,0.043521500739274445,0.0008765663329876264,0.0003214846863477429,0.19568009051844912,20,2,0.00073285878388896,0.030677260703085223,0.9949999999999999,0.02236067977499789,1.0,0.9,1.0,20,1,0.985,1.0
swap_post:expertise_to_fairness,belief_selected,200,0,20,0.04256602288764179,0.10925875482026197,0.015585767877646907,0.013744966818285013,0.5062948756549068,20,1,0.016499326919337434,0.09241122605479314,0.010296792701160134,0.04361880105145008,0.0003630327081369265,0.00027953035248545554,0.19560771829725487,20,1,0.00043591706549168886,0.029869057402308778,0.9949999999999999,0.02236067977499789,1.0,0.9,1.0,20,1,0.985,1.0
swap_late:expertise_to_fairness,uniform,100,0,20,1.0986122886681102,2.278129578503827e-16,1.09861228866811,1.09861228866811,1.09861228866811,20,0,1.0986122886681102,1.0986122886681102,0.6666666666666666,1.1390647892519134e-16,0.6666666666666667,0.6666666666666667,0.6666666666666667,20,0,0.6666666666666666,0.6666666666666666,0.3333333333333333,5.695323946259567e-17,0.33333333333333337,0.33333333333333337,0.33333333333333337,20,0,0.3333333333333333,0.3333333333333333
swap_late:expertise_to_fairness,expertise,100,0,20,0.0633951430697818,0.22348212684265703,0.013423020332140661,0.013423020332140661,1.0128654750849637,20,1,0.013423020332140661,0.16333938854506416,0.01986666666666667,0.08765386471799173,0.00026666666666666603,0.00026666666666666603,0.39226666666666665,20,1,0.00026666666666666603,0.05906666666666667,0.99,0.04472135954999579,1.0,0.8,1.0,20,1,0.97,1.0
swap_late:expertise_to_fairness,marginal,100,0,20,0.146327327806918,0.15436116872731603,0.11215201385500351,0.10407944132626729,0.8015746673660427,20,1,0.10977209474491276,0.2165290747880286,0.035510115751265545,0.07757103239621597,0.018062707726255012,0.01524578777121829,0.36492534573222696,20,1,0.01742227747378041,0.07061934147245659,0.99,0.04472135954999579,1.0,0.8,1.0,20,1,0.97,1.0
swap_late:expertise_to_fairness,repeat_last,100,0,20,0.08099231178352886,0.19616063770845327,0.037206569117833724,0.035328334805778516,0.9143627885129038,20,1,0.036650697585263646,0.1690003719323889,0.021132116352745436,0.08520724967233179,0.0020746065275240185,0.0018442089427109956,0.3831367223886585,20,1,0.0020175946610611,0.059272919858757704,0.99,0.04472135954999579,1.0,0.8,1.0,20,1,0.97,1.0
swap_late:expertise_to_fairness,win_stay_expertise,100,0,20,0.08598191677501246,0.19526835474001478,0.037206569117833724,0.035328334805778516,0.9143627885129038,20,5,0.039145724965512135,0.17522720298481095,0.021898142206384027,0.0850422011446277,0.0020746065275240185,0.0018442089427109956,0.3831367223886585,20,5,0.0024004174668278803,0.0602302944166093,0.99,0.04472135954999579,1.0,0.8,1.0,20,1,0.97,1.0
swap_late:expertise_to_fairness,history_frequency,100,0,20,0.0678674215281733,0.21677426013385181,0.01597974760831644,0.014244574403310001,0.9885550923647801,20,1,0.017612996736015026,0.16582373350628352,0.02011126130255183,0.08726600234671852,0.0003779538095035957,0.0003000693512594812,0.3908609291920791,20,1,0.0004903929742043709,0.05919822715307746,0.99,0.04472135954999579,1.0,0.8,1.0,20,1,0.97,1.0
swap_late:expertise_to_fairness,reward_learning,100,0,20,0.06844395346427365,0.19432994682444657,0.020838436380063163,0.014416067728657275,0.8910932435692674,20,2,0.020363365369611038,0.15865200777955313,0.020003149337174224,0.08270264743735498,0.0006625005662688045,0.00030754017829510863,0.3711016725579474,20,2,0.0006826179214286008,0.057708057021131375,0.99,0.04472135954999579,1.0,0.8,1.0,20,1,0.97,1.0
swap_late:expertise_to_fairness,belief_static,100,0,20,0.06894094710933285,0.21896568955017354,0.01660311157618354,0.01374984162429773,0.9988036171466961,20,1,0.017739127045664715,0.16816558916116528,0.02017962575020032,0.08726770930122685,0.0004147371697686969,0.0002797275929253831,0.3909342285825367,20,1,0.0005146461747083875,0.05929754672495826,0.99,0.04472135954999579,1.0,0.8,1.0,20,1,0.97,1.0
swap_late:expertise_to_fairness,belief_dynamic,100,0,20,0.06450334087655703,0.18228870370477168,0.02527188077000445,0.014205226240938318,0.8386355283013702,20,1,0.022014290926157875,0.1470160797030891,0.019737212349717058,0.0842905381926153,0.0009483943855838326,0.00029858010183419755,0.37784441094012583,20,1,0.000765449375996206,0.05750248311401902,0.99,0.04472135954999579,1.0,0.8,1.0,20,1,0.97,1.0
swap_late:expertise_to_fairness,simple_selected,100,0,20,0.07429950961810305,0.21580781154912995,0.023698029193334975,0.01506449488761399,0.9885550923647801,20,2,0.021423039019714447,0.17349858379612737,0.02105047450891538,0.08710325660116183,0.0008603798663217078,0.0003354297492538685,0.3908609291920791,20,2,0.0007443430767856838,0.06070445267454218,0.99,0.04472135954999579,1.0,0.8,1.0,20,1,0.97,1.0
swap_late:expertise_to_fairness,belief_selected,100,0,20,0.06894094710933285,0.21896568955017354,0.01660311157618354,0.01374984162429773,0.9988036171466961,20,1,0.017739127045664715,0.16816558916116528,0.02017962575020032,0.08726770930122685,0.0004147371697686969,0.0002797275929253831,0.3909342285825367,20,1,0.0005146461747083875,0.05929754672495826,0.99,0.04472135954999579,1.0,0.8,1.0,20,1,0.97,1.0
swap_post:expertise_to_risk,uniform,200,0,20,1.0986122886681102,2.278129578503827e-16,1.09861228866811,1.09861228866811,1.09861228866811,20,0,1.0986122886681102,1.0986122886681102,0.6666666666666666,1.1390647892519134e-16,0.6666666666666667,0.6666666666666667,0.6666666666666667,20,0,0.6666666666666666,0.6666666666666666,0.3333333333333333,5.695323946259567e-17,0.33333333333333337,0.33333333333333337,0.33333333333333337,20,0,0.3333333333333333,0.3333333333333333
swap_post:expertise_to_risk,expertise,200,0,20,0.16333938854506416,0.46143284522905925,0.013423020332140661,0.013423020332140661,2.012307929837787,20,3,0.013423020332140661,0.3882139408644494,0.05906666666666667,0.18098258130782116,0.00026666666666666603,0.00026666666666666603,0.7842666666666667,20,3,0.00026666666666666603,0.14726666666666668,0.9700000000000001,0.09233805168766383,1.0,0.6000000000000001,1.0,20,3,0.9249999999999998,1.0
swap_post:expertise_to_risk,marginal,200,0,20,0.18735018267151682,0.22137850992963842,0.11335423486173166,0.10407944132626729,1.042342749966171,20,3,0.11185826105401794,0.29721846321024,0.06687172582793585,0.14870659339583955,0.01874566474600983,0.01524578777121829,0.6591964399667775,20,3,0.01821127656271306,0.14024804962034218,0.9700000000000001,0.09233805168766383,1.0,0.6000000000000001,1.0,20,3,0.9249999999999998,1.0
swap_post:expertise_to_risk,repeat_last,200,0,20,0.13716310150213626,0.253922795951659,0.03748516513382205,0.035328334805778516,0.9438248700455198,20,3,0.03713441110543284,0.2597922162051585,0.05821824333795903,0.14255967104922193,0.0021253417246102826,0.0018442089427109956,0.5148881263478688,20,3,0.002081806969389056,0.1295507282223303,0.9650000000000001,0.08750939799154205,1.0,0.7000000000000001,1.0,20,3,0.9200000000000002,1.0
swap_post:expertise_to_risk,win_stay_expertise,200,0,20,0.12778723116739824,0.2282317004933116,0.038286994453206956,0.035328334805778516,0.9438248700455198,20,3,0.04455116044377166,0.239658449861175,0.04739514864121426,0.12430520253663205,0.0022165321003470226,0.0018442089427109956,0.5148881263478688,20,3,0.0032212432718183542,0.10843022476575344,0.975,0.07163503994113787,1.0,0.7000000000000001,1.0,20,3,0.9399999999999998,1.0
swap_post:expertise_to_risk,history_frequency,200,0,20,0.14280003662483212,0.34455656446424276,0.026599239929488507,0.014456718229959687,1.446939333204925,20,3,0.02132903392217559,0.31271995007710707,0.05790559469975944,0.16909363036848105,0.0010391482964649248,0.000309096059585852,0.7203101408541966,20,3,0.0007226719407838728,0.14306738661090382,0.9700000000000001,0.09233805168766383,1.0,0.6000000000000001,1.0,20,3,0.9249999999999998,1.0
swap_post:expertise_to_risk,reward_learning,200,0,20,0.11407275810529491,0.22677671931311352,0.01932528071953572,0.014329289349966579,0.7900183465299201,20,4,0.023982293764474298,0.22506618968848133,0.04930794686015771,0.12138169578480275,0.0005926707855069349,0.0003041346189486568,0.4419110993270153,20,4,0.0016451837547031517,0.10899459617737073,0.9650000000000001,0.08750939799154205,1.0,0.7000000000000001,1.0,20,3,0.9200000000000002,1.0
swap_post:expertise_to_risk,belief_static,200,0,20,0.11479794899871203,0.24904083536770708,0.017976234196288632,0.013767958263888297,0.9161565395104045,20,3,0.017305571618127694,0.23507897509615128,0.049864796310764334,0.13416195471279463,0.0005178824180022397,0.0002804674351664319,0.5362414126152019,20,3,0.00048322296662076103,0.11610109091967948,0.97,0.08013147091860316,1.0,0.7000000000000001,1.0,20,3,0.93,1.0
swap_post:expertise_to_risk,belief_dynamic,200,0,20,0.12252679432156736,0.2598081005178283,0.02093689234867084,0.0143402080593654,0.9598710774173107,20,3,0.02097863575379629,0.24981655591226182,0.055951903724119435,0.1439901514785219,0.0007035994385950245,0.00030463884219362406,0.5418677578521994,20,3,0.0007141225515953368,0.1260718326292741,0.97,0.08013147091860316,1.0,0.7000000000000001,1.0,20,3,0.93,1.0
swap_post:expertise_to_risk,simple_selected,200,0,20,0.11595007018952205,0.22834626308212114,0.020334028783130433,0.014329289349966579,0.7900183465299201,20,4,0.0248821522562357,0.22680417354720292,0.04796981783977346,0.11902185876279357,0.0006526322453327509,0.0003041346189486568,0.4419110993270153,20,4,0.001709493519795228,0.10497297449212646,0.97,0.08013147091860316,1.0,0.7000000000000001,1.0,20,3,0.93,1.0
swap_post:expertise_to_risk,belief_selected,200,0,20,0.11479794899871203,0.24904083536770708,0.017976234196288632,0.013767958263888297,0.9161565395104045,20,3,0.017305571618127694,0.23507897509615128,0.049864796310764334,0.13416195471279463,0.0005178824180022397,0.0002804674351664319,0.5362414126152019,20,3,0.00048322296662076103,0.11610109091967948,0.97,0.08013147091860316,1.0,0.7000000000000001,1.0,20,3,0.93,1.0
swap_late:expertise_to_risk,uniform,100,0,20,1.0986122886681102,2.278129578503827e-16,1.09861228866811,1.09861228866811,1.09861228866811,20,0,1.0986122886681102,1.0986122886681102,0.6666666666666666,1.1390647892519134e-16,0.6666666666666667,0.6666666666666667,0.6666666666666667,20,0,0.6666666666666666,0.6666666666666666,0.3333333333333333,5.695323946259567e-17,0.33333333333333337,0.33333333333333337,0.33333333333333337,20,0,0.3333333333333333,0.3333333333333333
swap_late:expertise_to_risk,expertise,100,0,20,0.2632836340203465,0.7159510016508739,0.013423020332140661,0.013423020332140661,3.0117503845906097,20,3,0.013423020332140661,0.6130884931838345,0.09826666666666665,0.2808093565692605,0.00026666666666666603,0.00026666666666666603,1.1762666666666666,20,3,0.00026666666666666603,0.23546666666666666,0.95,0.14327007988227577,1.0,0.4,1.0,20,3,0.8799999999999999,1.0
swap_late:expertise_to_risk,marginal,100,0,20,0.2401671786123231,0.34994605466106365,0.11335423486173166,0.10407944132626729,1.502763322040441,20,3,0.11185826105401794,0.4130204780616255,0.09974144105247036,0.231261122284784,0.01874566474600983,0.01524578777121829,0.977991620689669,20,3,0.01821127656271306,0.21328346363570883,0.95,0.14327007988227577,1.0,0.4,1.0,20,3,0.8799999999999999,1.0
swap_late:expertise_to_risk,repeat_last,100,0,20,0.20160175870026179,0.4025759934292519,0.03748516513382205,0.035328334805778516,1.1990136390387058,20,3,0.03713441110543284,0.407913436874046,0.09568139661013866,0.2287765694037538,0.0021253417246102826,0.0018442089427109956,0.6537189998418448,20,3,0.002081806969389056,0.2156013572875756,0.9399999999999998,0.14653901941300929,1.0,0.6000000000000001,1.0,20,3,0.8600000000000001,1.0
swap_late:expertise_to_risk,win_stay_expertise,100,0,20,0.17786041303930217,0.3349055098669748,0.038286994453206956,0.035328334805778516,1.134883250616472,20,3,0.04455116044377166,0.341207217346829,0.07326918136301055,0.17917269066808683,0.0022165321003470226,0.0018442089427109956,0.6537189998418448,20,3,0.0032212432718183542,0.16192646610346406,0.96,0.10462967275611935,1.0,0.6000000000000001,1.0,20,3,0.9099999999999999,1.0
swap_late:expertise_to_risk,history_frequency,100,0,20,0.2186578733410022,0.5141656302716981,0.025591564985761102,0.014244574403310001,1.946377285683726,20,3,0.02065324279232004,0.4665552076972235,0.09573364119667827,0.26043274611949996,0.0009609666239435671,0.0003000693512594812,1.0520035896487396,20,3,0.0006732418948742657,0.22392267419397868,0.95,0.14327007988227577,1.0,0.4,1.0,20,3,0.8799999999999999,1.0
swap_late:expertise_to_risk,reward_learning,100,0,20,0.1868416101699527,0.3861872988557316,0.023294756595593963,0.014653746812818655,1.1091947085792504,20,4,0.030057385738264428,0.3842260537266647,0.0819695608664495,0.1936360370798223,0.0008385774406467845,0.00031801723714097784,0.5610306822722164,20,4,0.0027559952306505744,0.18093079219564578,0.9399999999999998,0.14653901941300929,1.0,0.6000000000000001,1.0,20,3,0.8600000000000001,1.0
swap_late:expertise_to_risk,belief_static,100,0,20,0.1832653594844836,0.4021876609204928,0.02173233731639803,0.013768013044239417,1.1996616408010294,20,3,0.01956189244936252,0.3808287087184422,0.0813689463066158,0.20394618664827147,0.000724613680263227,0.000280469659105196,0.7123577220333979,20,3,0.0006313886320766943,0.1778442143942315,0.95,0.12773327473170099,1.0,0.6000000000000001,1.0,20,3,0.89,1.0
swap_late:expertise_to_risk,belief_dynamic,100,0,20,0.1919477462102962,0.4125676080467304,0.025523328904247897,0.014505477049739797,1.205329055878138,20,3,0.02388790962944993,0.40594703044797975,0.09275391086464477,0.2274450784785015,0.0010011302255731839,0.0003117575263861577,0.7107807713018337,20,3,0.000906321388782537,0.20149546724462478,0.95,0.12773327473170099,1.0,0.6000000000000001,1.0,20,3,0.89,1.0
swap_late:expertise_to_risk,simple_selected,100,0,20,0.18834091702008993,0.39088309086846373,0.02430304555442924,0.014653746812818655,1.1091947085792504,20,4,0.02936007758989539,0.3932021708744232,0.07915116579936468,0.18749340043595436,0.0009059669369786705,0.00031801723714097784,0.5610306822722164,20,5,0.002657999477737884,0.16872162602213436,0.95,0.12773327473170099,1.0,0.6000000000000001,1.0,20,3,0.89,1.0
swap_late:expertise_to_risk,belief_selected,100,0,20,0.1832653594844836,0.4021876609204928,0.02173233731639803,0.013768013044239417,1.1996616408010294,20,3,0.01956189244936252,0.3808287087184422,0.0813689463066158,0.20394618664827147,0.000724613680263227,0.000280469659105196,0.7123577220333979,20,3,0.0006313886320766943,0.1778442143942315,0.95,0.12773327473170099,1.0,0.6000000000000001,1.0,20,3,0.89,1.0
own_round:1,uniform,180,0,180,1.09861228866811,2.278129578503827e-16,1.0986122886681098,1.0986122886681098,1.0986122886681098,20,0,1.09861228866811,1.09861228866811,0.6666666666666666,1.1390647892519134e-16,0.6666666666666667,0.6666666666666667,0.6666666666666667,20,0,0.6666666666666666,0.6666666666666666,0.3333333333333332,5.695323946259567e-17,0.33333333333333326,0.33333333333333326,0.33333333333333326,20,0,0.3333333333333332,0.3333333333333332
own_round:1,expertise,180,0,180,0.5131442477085522,1.5381094840968639,0.01342302033214066,0.01342302033214066,5.0106352940962555,20,2,0.01342302033214066,1.2627260887731695,0.19626666666666664,0.6032752710260706,0.00026666666666666603,0.00026666666666666603,1.9602666666666666,20,2,0.00026666666666666603,0.4902666666666667,0.9,0.30779350562554625,1.0,0.0,1.0,20,2,0.75,1.0
own_round:1,marginal,180,0,180,0.41441893027281695,0.9478077200226984,0.11215201385500348,0.10407944132626729,3.6570440490802154,20,2,0.11022775979672335,0.8940510832241018,0.18682512122771677,0.5198158845531757,0.01806270772625501,0.01524578777121829,1.7411679624202274,20,2,0.017590969369862198,0.4415940239694213,0.9,0.30779350562554625,1.0,0.0,1.0,20,2,0.75,1.0
own_round:1,repeat_last,180,0,180,0.41441893027281695,0.9478077200226984,0.11215201385500348,0.10407944132626729,3.6570440490802154,20,2,0.11022775979672335,0.8940510832241018,0.18682512122771677,0.5198158845531757,0.01806270772625501,0.01524578777121829,1.7411679624202274,20,2,0.017590969369862198,0.4415940239694213,0.9,0.30779350562554625,1.0,0.0,1.0,20,2,0.75,1.0
own_round:1,win_stay_expertise,180,0,180,0.4502610163034654,1.2600759026663306,0.037206569117833724,0.035328334805778516,4.46957584421136,20,2,0.04058043489108547,1.0787616088174063,0.19202689357549682,0.582082872142379,0.0020746065275240185,0.0018442089427109952,1.9022489286479782,20,2,0.002616476876378421,0.4760242905482407,0.9,0.30779350562554625,1.0,0.0,1.0,20,2,0.75,1.0
own_round:1,history_frequency,180,0,180,0.724039422951166,0.4208529905037458,0.37183152281663473,0.36423476773352875,1.6447330360655363,20,0,0.5499874260508065,0.8975864355485067,0.40419944919523465,0.3108826796151141,0.15047108826906463,0.1430552897003492,1.1463832472900095,20,0,0.2755035447301175,0.5325117381336633,0.6833333333333333,0.36634754853252327,1.0,0.0,1.0,20,0,0.5333333333333333,0.8333333333333333
own_round:1,reward_learning,180,0,180,0.41441893027281684,0.9478077200226983,0.11215201385500362,0.10407944132626729,3.6570440490802154,20,2,0.11022775979672335,0.8940510832241018,0.18682512122771677,0.5198158845531757,0.01806270772625504,0.01524578777121829,1.7411679624202274,20,2,0.017590969369862198,0.4415940239694213,0.9,0.30779350562554625,1.0,0.0,1.0,20,2,0.75,1.0
own_round:1,belief_static,180,0,180,0.41441893027281684,0.9478077200226983,0.11215201385500362,0.10407944132626729,3.6570440490802154,20,2,0.11022775979672335,0.8940510832241018,0.18682512122771677,0.5198158845531757,0.01806270772625504,0.01524578777121829,1.7411679624202274,20,2,0.017590969369862198,0.4415940239694213,0.9,0.30779350562554625,1.0,0.0,1.0,20,2,0.75,1.0
own_round:1,belief_dynamic,180,0,180,0.4041068924999077,0.8398462982137946,0.11455645586845967,0.10407944132626729,3.6570440490802154,20,5,0.13746450823087852,0.8341729713885366,0.17962418917136094,0.4452736012322784,0.01942862176576462,0.01524578777121829,1.7411679624202274,20,5,0.030771190834934535,0.4016371691591486,0.9,0.30779350562554625,1.0,0.0,1.0,20,2,0.75,1.0
own_round:1,simple_selected,180,0,180,0.45556190588954265,0.8277220133508222,0.121501605817631,0.10407944132626729,3.6570440490802154,20,2,0.18903141972761106,0.8749340256684187,0.20583268247202097,0.43854510964121857,0.021606078520994266,0.01524578777121829,1.7411679624202274,20,2,0.05687050634145401,0.42112609486139985,0.9,0.30779350562554625,1.0,0.0,1.0,20,2,0.75,1.0
own_round:1,belief_selected,180,0,180,0.41441893027281684,0.9478077200226983,0.11215201385500362,0.10407944132626729,3.6570440490802154,20,2,0.11022775979672335,0.8940510832241018,0.18682512122771677,0.5198158845531757,0.01806270772625504,0.01524578777121829,1.7411679624202274,20,2,0.017590969369862198,0.4415940239694213,0.9,0.30779350562554625,1.0,0.0,1.0,20,2,0.75,1.0
own_round:2,uniform,180,0,180,1.09861228866811,2.278129578503827e-16,1.0986122886681098,1.0986122886681098,1.0986122886681098,20,0,1.09861228866811,1.09861228866811,0.6666666666666666,1.1390647892519134e-16,0.6666666666666667,0.6666666666666667,0.6666666666666667,20,0,0.6666666666666666,0.6666666666666666,0.3333333333333332,5.695323946259567e-17,0.33333333333333326,0.33333333333333326,0.33333333333333326,20,0,0.3333333333333332,0.3333333333333332
own_round:2,expertise,180,0,180,0.8879351682408607,1.8618609001358994,0.01342302033214066,0.01342302033214066,5.0106352940962555,20,4,0.13835332717624355,1.7624473161495806,0.34326666666666666,0.7302566239631827,0.00026666666666666603,0.00026666666666666603,1.9602666666666666,20,4,0.04926666666666666,0.6862666666666666,0.825,0.37257991018529735,1.0,0.0,1.0,20,4,0.65,0.975
own_round:2,marginal,180,0,180,0.6386579344333527,1.1683585402169419,0.11335423486173164,0.10407944132626729,3.6570440490802154,20,4,0.17322045108607131,1.1667569965478986,0.3118073227611231,0.6282512076290448,0.018745664746009826,0.01524578777121829,1.760754480452928,20,4,0.05909611361107079,0.5970088405261492,0.825,0.37257991018529735,1.0,0.0,1.0,20,4,0.65,0.975
own_round:2,repeat_last,180,0,180,0.6114133952692085,1.276013631686709,0.03776376114981037,0.035328334805778516,4.4293884656183025,20,5,0.1337856167629821,1.1957003384894282,0.3017462408051003,0.6317399164044399,0.002176076921696547,0.0018442089427109952,1.9080940060688336,20,5,0.06032730807947358,0.5877207194296015,0.825,0.37257991018529735,1.0,0.0,1.0,20,4,0.65,0.975
own_round:2,win_stay_expertise,180,0,180,0.6730323930710839,1.3189080280129972,0.03936741978858018,0.035328334805778516,4.4293884656183025,20,5,0.16088978962723827,1.262548692280771,0.3083026390574245,0.6197230680183922,0.0023584576731700262,0.0018442089427109952,1.9080940060688336,20,5,0.06959371084096791,0.5849010812763757,0.8333333333333333,0.32891812735531006,1.0,0.0,1.0,20,5,0.6833333333333333,0.9583333333333333
own_round:2,history_frequency,180,0,180,0.6478321059980521,1.2597647465575486,0.09674909587891374,0.023284524915572678,4.588612099218983,20,6,0.16303792231875383,1.2322611589402892,0.31641719695677895,0.6534698804402511,0.01304497346907263,0.0007981676092848435,1.9344331845776308,20,6,0.05447704018507436,0.6144002493934783,0.825,0.37257991018529735,1.0,0.0,1.0,20,4,0.65,0.975
own_round:2,reward_learning,180,0,180,0.6998974586015183,1.4491360640730198,0.019858120146702594,0.01884065879196702,4.696195790164295,20,5,0.15656096888063278,1.3400199050078148,0.3163188550660376,0.6305426750548628,0.0005948741625426266,0.0005302511154613483,1.9341756389754292,20,5,0.07845728657592564,0.5988746326158294,0.8333333333333333,0.32891812735531006,1.0,0.0,1.0,20,5,0.6833333333333333,0.9583333333333333
own_round:2,belief_static,180,0,180,0.7050899840986806,1.4745743952133779,0.020131174278702254,0.019521331007243396,4.799450149732464,20,5,0.1459967757671617,1.3590644772531533,0.32011892206589526,0.6350495467608965,0.0006211994572359741,0.0005770890134892851,1.944250817317086,20,5,0.08031698940787262,0.6062282146225071,0.8083333333333332,0.3717942901014576,1.0,0.0,1.0,20,5,0.65,0.95
own_round:2,belief_dynamic,180,0,180,0.725842435252968,1.4161795812868636,0.020490314071630555,0.01940418257110412,4.4953495095819385,20,5,0.20128486906076748,1.3569759575620672,0.3543718134506417,0.6672967841211271,0.0006377886855648058,0.000568878510748443,1.9391180762108564,20,5,0.09565917094534221,0.6539592345593574,0.775,0.4127889737409483,1.0,0.0,1.0,20,5,0.6,0.95
own_round:2,simple_selected,180,0,180,0.7891378135698124,1.4812173621393698,0.02433801740995825,0.01884065879196702,4.588612099218983,20,5,0.22459106810282942,1.4571843440574166,0.3713773224206174,0.6944756824887595,0.0010024042558482262,0.0005302511154613483,1.9344331845776308,20,5,0.09798958430498371,0.6872046851856959,0.8,0.37696851746252596,1.0,0.0,1.0,20,5,0.625,0.95
own_round:2,belief_selected,180,0,180,0.7050899840986806,1.4745743952133779,0.020131174278702254,0.019521331007243396,4.799450149732464,20,5,0.1459967757671617,1.3590644772531533,0.32011892206589526,0.6350495467608965,0.0006211994572359741,0.0005770890134892851,1.944250817317086,20,5,0.08031698940787262,0.6062282146225071,0.8083333333333332,0.3717942901014576,1.0,0.0,1.0,20,5,0.65,0.95
own_round:3,uniform,180,0,180,1.09861228866811,2.278129578503827e-16,1.0986122886681098,1.0986122886681098,1.0986122886681098,20,0,1.09861228866811,1.09861228866811,0.6666666666666666,1.1390647892519134e-16,0.6666666666666667,0.6666666666666667,0.6666666666666667,20,0,0.6666666666666666,0.6666666666666666,0.3333333333333332,5.695323946259567e-17,0.33333333333333326,0.33333333333333326,0.33333333333333326,20,0,0.3333333333333332,0.3333333333333332
own_round:3,expertise,180,0,180,0.1799967627909445,0.7449404228088565,0.01342302033214066,0.01342302033214066,3.344897869508217,20,1,0.01342302033214066,0.5131442477085522,0.06559999999999998,0.2921795490599725,0.00026666666666666603,0.00026666666666666603,1.306933333333333,20,1,0.00026666666666666603,0.19626666666666664,0.9666666666666666,0.14907119849998599,1.0,0.3333333333333333,1.0,20,1,0.8999999999999998,1.0
own_round:3,marginal,180,0,180,0.1955985914487908,0.3746313580643726,0.11215201385500348,0.10407944132626729,1.7869999402034986,20,1,0.10981282348995182,0.3645787153452519,0.073252101877589,0.2463345280231711,0.01806270772625501,0.01524578777121829,1.1197650682586964,20,1,0.017426545359972196,0.18394130889889343,0.9666666666666666,0.14907119849998599,1.0,0.3333333333333333,1.0,20,1,0.8999999999999998,1.0
own_round:3,repeat_last,180,0,180,0.4138120206890207,0.729708639015168,0.03776376114981037,0.035328334805778516,2.525026359518307,20,5,0.14423303952453698,0.7672792924763273,0.26814195605245345,0.4889673158612946,0.002176076921696547,0.0018442089427109952,1.2578466530202759,20,5,0.0648301984691448,0.48165110871607525,0.7916666666666666,0.3856906920597391,1.0,0.0,1.0,20,5,0.6247916666666667,0.95
own_round:3,win_stay_expertise,180,0,180,0.2747703981203668,0.5960226019715169,0.03828699445320695,0.035328334805778516,2.525026359518307,20,4,0.06846651332112355,0.5718588887566473,0.1526855869855005,0.3409798491297572,0.0022165321003470226,0.0018442089427109952,1.2578466530202759,20,4,0.02238060814138168,0.3177716548654494,0.8916666666666668,0.23116157231386858,1.0,0.3333333333333333,1.0,20,4,0.7833333333333333,0.9833333333333332
own_round:3,history_frequency,180,0,180,0.5361717720976078,1.0400368795380006,0.05943190620966754,0.01972237161568921,3.8663603264478326,20,5,0.14830054040309676,1.0396321178892725,0.29214227507568574,0.5598663079040397,0.005037253284776569,0.0005735543700815873,1.8770229485649614,20,5,0.0802768387382901,0.5440329799912721,0.7916666666666666,0.3856906920597391,1.0,0.0,1.0,20,5,0.6247916666666667,0.95
own_round:3,reward_learning,180,0,180,0.30666304749033546,0.681464357077312,0.021084173779430747,0.018668139588263452,2.8150051502118294,20,5,0.06790991069362991,0.6378669347483141,0.15715718150647834,0.34036165037399246,0.0006745631208326658,0.000532466520589559,1.2717307169005043,20,5,0.029668694801405385,0.31689538143036355,0.9166666666666666,0.196831628704534,1.0,0.3333333333333333,1.0,20,4,0.8248958333333333,0.9916666666666666
own_round:3,belief_static,180,0,180,0.28259514061651364,0.6889811076784171,0.021470684717715287,0.019205970205775233,2.965175924928042,20,5,0.05570059250348783,0.623473539333398,0.1407324862662778,0.332990019307637,0.0007218105234798836,0.0005831648230995241,1.2900124550782943,20,5,0.020714451256820202,0.30047120907259045,0.9166666666666666,0.196831628704534,1.0,0.3333333333333333,1.0,20,4,0.8248958333333333,0.9916666666666666
own_round:3,belief_dynamic,180,0,180,0.3125703819820861,0.665741172356931,0.021438522859369483,0.01898671783274028,2.582754697276519,20,5,0.06882003468220717,0.6375075110844819,0.17902195263151718,0.38796525813347543,0.0007175983192612137,0.0005648625186281673,1.258260290675857,20,5,0.02824042839460745,0.3614190256366381,0.875,0.2842091726196915,1.0,0.0,1.0,20,4,0.7416666666666667,0.9875
own_round:3,simple_selected,180,0,180,0.3430936383213339,0.6871442842414278,0.029385277067323655,0.019247112310924373,2.6299004287929035,20,5,0.08831994467767179,0.6739643234928007,0.19285726699757147,0.3969839761155753,0.0017673631781830279,0.0005624582140195275,1.2680729146553522,20,5,0.0420509702906857,0.37944764117857965,0.875,0.2842091726196915,1.0,0.0,1.0,20,4,0.7416666666666667,0.9875
own_round:3,belief_selected,180,0,180,0.28259514061651364,0.6889811076784171,0.021470684717715287,0.019205970205775233,2.965175924928042,20,5,0.05570059250348783,0.623473539333398,0.1407324862662778,0.332990019307637,0.0007218105234798836,0.0005831648230995241,1.2900124550782943,20,5,0.020714451256820202,0.30047120907259045,0.9166666666666666,0.196831628704534,1.0,0.3333333333333333,1.0,20,4,0.8248958333333333,0.9916666666666666
own_round:4,uniform,180,0,180,1.09861228866811,2.278129578503827e-16,1.0986122886681098,1.0986122886681098,1.0986122886681098,20,0,1.09861228866811,1.09861228866811,0.6666666666666666,1.1390647892519134e-16,0.6666666666666667,0.6666666666666667,0.6666666666666667,20,0,0.6666666666666666,0.6666666666666666,0.3333333333333332,5.695323946259567e-17,0.33333333333333326,0.33333333333333326,0.33333333333333326,20,0,0.3333333333333332,0.3333333333333332
own_round:4,expertise,180,0,180,0.45067909428650077,1.2344200387426765,0.01342302033214066,0.01342302033214066,5.0106352940962555,20,3,0.01342302033214066,1.0144271039204922,0.17176666666666668,0.4841625977423613,0.00026666666666666603,0.00026666666666666603,1.9602666666666666,20,3,0.00026666666666666603,0.39287916666665773,0.9125,0.2470217335420211,1.0,0.0,1.0,20,3,0.7996875000000001,1.0
own_round:4,marginal,180,0,180,0.3315433895452793,0.6234207990352844,0.11335423486173164,0.10407944132626729,2.6278642734214364,20,3,0.11214274163789238,0.6239897911510709,0.16249954620033452,0.40850578236547086,0.018745664746009826,0.01524578777121829,1.6716635713620187,20,3,0.01827617148472912,0.35076694490899885,0.9125,0.2470217335420211,1.0,0.0,1.0,20,3,0.7996875000000001,1.0
own_round:4,repeat_last,180,0,180,0.41108415910562857,0.9303107642220324,0.03776376114981037,0.035328334805778516,3.7697363546591838,20,4,0.08455728956405978,0.875914040735715,0.2056633389704891,0.48295980806776945,0.002176076921696547,0.0018442089427109952,1.8858212787961062,20,4,0.0408916541221705,0.4330827133350953,0.8791666666666667,0.27767176339544225,1.0,0.0,1.0,20,4,0.7458333333333333,0.975
own_round:4,win_stay_expertise,180,0,180,0.38619913287026647,0.9183215746556125,0.03936741978858018,0.035328334805778516,3.7697363546591838,20,4,0.06290883211095889,0.832576752166522,0.18214257419570495,0.46415734918121954,0.0023584576731700262,0.0018442089427109952,1.8858212787961062,20,4,0.017850096534312597,0.4032401523357314,0.9,0.24868072957742002,1.0,0.0,1.0,20,4,0.775,0.9875
own_round:4,history_frequency,180,0,180,0.5260714277874852,1.0804248682928845,0.04828640765043672,0.018093552189147922,4.46688981923116,20,5,0.1438232335782368,1.0450119199459889,0.25655528277337,0.5166761216222722,0.003408559871938394,0.00048308359324199105,1.932511715111712,20,5,0.06231995323569111,0.49438928546324473,0.8291666666666666,0.33820453861756566,1.0,0.0,1.0,20,5,0.675,0.9543749999999969
own_round:4,reward_learning,180,0,180,0.40427534071921867,1.0029855192808133,0.021109937566876666,0.018789743868091496,4.116166299024429,20,4,0.061322337130845686,0.8856792878380426,0.19505949112834614,0.4754766787762138,0.0006989514487933762,0.0005388526012911892,1.8978527598933796,20,4,0.03058147469806207,0.42491242571756926,0.8916666666666666,0.2566370454541106,1.0,0.0,1.0,20,4,0.7708333333333333,0.9791666666666666
own_round:4,belief_static,180,0,180,0.42273584397052844,1.0551245163329568,0.022062734028976825,0.01972116167832079,4.36712157242464,20,4,0.056827809376670015,0.9384427027619187,0.19616967123942994,0.48117688713142703,0.0007866118189366976,0.0006013471629423701,1.9305898735659084,20,4,0.02823214575010665,0.43306835939657906,0.8916666666666666,0.2566370454541106,1.0,0.0,1.0,20,4,0.7708333333333333,0.9791666666666666
own_round:4,belief_dynamic,180,0,180,0.4277602347160275,0.9731881431182344,0.02178923996744678,0.019617973203487987,3.836341366718135,20,4,0.08516024484067956,0.8968064134330712,0.21329057863110684,0.4951659637145615,0.0007444453890993148,0.0005942715215901972,1.8851239959323145,20,4,0.04739316928189783,0.44939519123826377,0.8791666666666667,0.27767176339544225,1.0,0.0,1.0,20,4,0.7458333333333333,0.975
own_round:4,simple_selected,180,0,180,0.4612588821402347,1.0952095328987679,0.02618259457448571,0.018093552189147922,4.46688981923116,20,4,0.09536593915159017,0.9909467927047921,0.21999185948908623,0.5116808167669449,0.0013015636338178712,0.00048308359324199105,1.932511715111712,20,4,0.0442583145130169,0.4617920026229802,0.8791666666666667,0.27767176339544225,1.0,0.0,1.0,20,4,0.7458333333333333,0.975
own_round:4,belief_selected,180,0,180,0.42273584397052844,1.0551245163329568,0.022062734028976825,0.01972116167832079,4.36712157242464,20,4,0.056827809376670015,0.9384427027619187,0.19616967123942994,0.48117688713142703,0.0007866118189366976,0.0006013471629423701,1.9305898735659084,20,4,0.02823214575010665,0.43306835939657906,0.8916666666666666,0.2566370454541106,1.0,0.0,1.0,20,4,0.7708333333333333,0.9791666666666666
own_round:5,uniform,180,0,180,1.09861228866811,2.278129578503827e-16,1.0986122886681098,1.0986122886681098,1.0986122886681098,20,0,1.09861228866811,1.09861228866811,0.6666666666666666,1.1390647892519134e-16,0.6666666666666667,0.6666666666666667,0.6666666666666667,20,0,0.6666666666666666,0.6666666666666666,0.3333333333333332,5.695323946259567e-17,0.33333333333333326,0.33333333333333326,0.33333333333333326,20,0,0.3333333333333332,0.3333333333333332
own_round:5,expertise,180,0,180,0.5339659655159027,1.2075084675193357,0.01342302033214066,0.01342302033214066,5.0106352940962555,20,5,0.11753160936889309,1.1169740641217163,0.2044333333333333,0.47360737680954784,0.00026666666666666603,0.00026666666666666603,1.9602666666666666,20,5,0.041099999999999984,0.43309999999999993,0.8958333333333333,0.24163641673956524,1.0,0.0,1.0,20,5,0.7791666666666666,0.9791666666666666
own_round:5,marginal,180,0,180,0.4008815246529539,0.6672627086467466,0.1145564558684598,0.10407944132626729,2.867595265506006,20,5,0.1679892910507858,0.7314404199102651,0.19264823185203223,0.40458431689843827,0.01942862176576464,0.01524578777121829,1.6939362986347457,20,5,0.053247343820217626,0.38860402315520165,0.8958333333333333,0.24163641673956524,1.0,0.0,1.0,20,5,0.7791666666666666,0.9791666666666666
own_round:5,repeat_last,180,0,180,0.26324917405568204,0.41536582011039525,0.03776376114981037,0.035328334805778516,1.3150935105903327,20,3,0.10436180165459978,0.46026245143983446,0.1110512924891091,0.18470165780838907,0.002176076921696547,0.0018442089427109952,0.4846554107785817,20,3,0.03981895938600126,0.19750383802928187,0.9375,0.10427625814007668,1.0,0.75,1.0,20,0,0.8875,0.9791666666666666
own_round:5,win_stay_expertise,180,0,180,0.24579538265499584,0.40641041327047667,0.03936741978858018,0.035328334805778516,1.3150935105903327,20,4,0.0920114983548374,0.4390080728585764,0.10026455701333914,0.1873877482808393,0.0023584576731700262,0.0018442089427109952,0.5607139232375085,20,4,0.02826096265940679,0.18882046111287995,0.95,0.09520676176291323,1.0,0.75,1.0,20,5,0.9041666666666666,0.9875
own_round:5,history_frequency,180,0,180,0.2785372017211287,0.41192556479548414,0.04165711053589534,0.01719440895824136,1.1579858608281286,20,3,0.11804303549695346,0.4751780700986938,0.12245078703130954,0.19844701592039807,0.0025469134725630716,0.00043645131827541506,0.48804618240144215,20,0,0.043708566769364,0.2170729544030062,0.9333333333333332,0.12565617248750865,1.0,0.5833333333333333,1.0,20,5,0.8708333333333333,0.9791666666666666
own_round:5,reward_learning,180,0,180,0.2532170125402915,0.3982658719701409,0.022546032197660184,0.01947115246092107,1.158554717119328,20,4,0.09681025087636105,0.43900056527346815,0.11410628300727635,0.19009081779776865,0.0009353554883110744,0.0005919613958948435,0.4789332406795357,20,4,0.039848116288791764,0.2023881966047007,0.9333333333333333,0.11342617456312011,1.0,0.6666666666666666,1.0,20,1,0.8791666666666667,0.9791666666666666
own_round:5,belief_static,180,0,180,0.24852567158186473,0.4118540246712433,0.022710665728583636,0.02001995493116459,1.1920963293517626,20,4,0.08794708650692039,0.4431320374139067,0.11038999269647934,0.18871435383160423,0.0008231029958739465,0.0006266471291451658,0.49396935002989284,20,3,0.036201404762088656,0.19813571179391828,0.9333333333333333,0.11342617456312011,1.0,0.6666666666666666,1.0,20,1,0.8791666666666667,0.9791666666666666
own_round:5,belief_dynamic,180,0,180,0.23667630672699072,0.38686504952414075,0.02297642837040115,0.020038663327822545,1.1756467095567946,20,4,0.08778898775448704,0.41776969721314117,0.10664900003622516,0.1819112975036985,0.0008120107542433906,0.0006255171277838794,0.4810546105977782,20,3,0.03579922067793303,0.19138507553325856,0.9375,0.10427625814007668,1.0,0.75,1.0,20,0,0.8875,0.9791666666666666
own_round:5,simple_selected,180,0,180,0.2584353345200974,0.39894709736394934,0.04165711053589534,0.01719440895824136,1.1073175337010173,20,3,0.10059151146866381,0.44418540400191736,0.11459103953972664,0.19077553664531682,0.0025469134725630716,0.00043645131827541506,0.47444049916851705,20,4,0.04009577939801373,0.2032131095145965,0.9375,0.10427625814007668,1.0,0.75,1.0,20,0,0.8875,0.9791666666666666
own_round:5,belief_selected,180,0,180,0.24852567158186473,0.4118540246712433,0.022710665728583636,0.02001995493116459,1.1920963293517626,20,4,0.08794708650692039,0.4431320374139067,0.11038999269647934,0.18871435383160423,0.0008231029958739465,0.0006266471291451658,0.49396935002989284,20,3,0.036201404762088656,0.19813571179391828,0.9333333333333333,0.11342617456312011,1.0,0.6666666666666666,1.0,20,1,0.8791666666666667,0.9791666666666666
own_round:6,uniform,180,0,180,1.09861228866811,2.278129578503827e-16,1.0986122886681098,1.0986122886681098,1.0986122886681098,20,0,1.09861228866811,1.09861228866811,0.6666666666666666,1.1390647892519134e-16,0.6666666666666667,0.6666666666666667,0.6666666666666667,20,0,0.6666666666666666,0.6666666666666666,0.3333333333333332,5.695323946259567e-17,0.33333333333333326,0.33333333333333326,0.33333333333333326,20,0,0.3333333333333332,0.3333333333333332
own_round:6,expertise,180,0,180,0.34657050524974825,0.5668146716929346,0.01342302033214066,0.01342302033214066,2.0955948010671883,20,1,0.13835332717624352,0.6172528367453045,0.13093333333333332,0.22231530214371534,0.00026666666666666603,0.00026666666666666603,0.8169333333333332,20,1,0.049266666666666646,0.23709999999999995,0.933333333333333,0.11342617456312012,1.0,0.5833333333333333,1.0,20,1,0.8791666666666667,0.975
own_round:6,marginal,180,0,180,0.2787891062201501,0.2864282149426265,0.121501605817631,0.10407944132626729,1.189501036008762,20,1,0.1718486803740391,0.4164804813140099,0.12796340162202127,0.18697409604564919,0.021606078520994262,0.01524578777121829,0.7107094606445298,20,1,0.05856702580355274,0.21750961784084957,0.933333333333333,0.11342617456312012,1.0,0.5833333333333333,1.0,20,1,0.8791666666666667,0.975
own_round:6,repeat_last,180,0,180,0.19638147045700977,0.3464753046343301,0.03936741978858018,0.035328334805778516,1.3702058784686924,20,4,0.07037767565265063,0.36399032810531534,0.10159026394310688,0.25196485360988125,0.0023584576731700262,0.0018442089427109952,1.0755643944405022,20,4,0.018049345234177148,0.22743090716744518,0.9291666666666666,0.20990634224486857,1.0,0.08333333333333333,1.0,20,4,0.825,0.9958333333333332
own_round:6,win_stay_expertise,180,0,180,0.20195244209644217,0.32533015593157105,0.05103960294790427,0.035328334805778516,1.321439817566958,20,5,0.08330238422994013,0.35878886113030733,0.08691174394287544,0.16709941579190105,0.004182331931529762,0.0018442089427109952,0.6401518371829448,20,5,0.02428331375856907,0.16800004474463837,0.9499999999999998,0.0989713172460936,1.0,0.6666666666666666,1.0,20,5,0.9,0.9875
own_round:6,history_frequency,180,0,180,0.24342447601147743,0.3992859951837683,0.03751609147903963,0.01663540152352293,1.6141022479233111,20,1,0.09662677238729465,0.43576695396443843,0.13806568260116436,0.2856018150888586,0.002070090070291019,0.00040865004853805865,1.2030758220892985,20,1,0.037904081894514,0.2789855610261335,0.8999999999999998,0.22229530961845007,1.0,0.08333333333333333,1.0,20,2,0.7875,0.9791666666666666
own_round:6,reward_learning,180,0,180,0.16280687276258562,0.29902143686445265,0.03435825972766678,0.019332290171083844,1.2144575425776158,20,4,0.055961163185650975,0.30611708264197196,0.08132908400006984,0.19159074101409096,0.0034991880125221785,0.0005690250578312329,0.7989852199253719,20,4,0.015798980173836033,0.17553918155952278,0.9499999999999998,0.125073078053597,1.0,0.5,1.0,20,4,0.8875,0.9958333333333332
own_round:6,belief_static,180,0,180,0.15324985530577698,0.27699180545667296,0.024230986413184143,0.020639125882851196,1.0301362492482884,20,4,0.0500123430869018,0.2860586340111058,0.07657847389854713,0.1802919916171504,0.0009361648048394222,0.0006906611344820758,0.73236922383715,20,5,0.013793672648385545,0.1642288845795437,0.9499999999999998,0.13626170211027128,1.0,0.41666666666666663,1.0,20,4,0.8833333333333332,0.9958333333333332
own_round:6,belief_dynamic,180,0,180,0.19020735869931263,0.40216684026567,0.024694841236407365,0.020153978927576796,1.7069928028334629,20,4,0.053511835354386916,0.3891877522874172,0.10171502414273084,0.28014537411539286,0.001009468371110534,0.0006425260951840642,1.22583899379906,20,5,0.014378544601003712,0.24073589890385447,0.9333333333333332,0.20696921826673048,1.0,0.08333333333333333,1.0,20,4,0.8333333333333333,0.9958333333333332
own_round:6,simple_selected,180,0,180,0.1857265469922894,0.3776529470304503,0.03832146546978944,0.01663540152352293,1.6141022479233111,20,4,0.05813229881907426,0.3717386371346489,0.10216253615355153,0.2749143962096464,0.003525063934123225,0.00040865004853805865,1.2030758220892985,20,4,0.01608578788463321,0.23822479287318366,0.9333333333333332,0.20696921826673048,1.0,0.08333333333333333,1.0,20,4,0.8333333333333333,0.9958333333333332
own_round:6,belief_selected,180,0,180,0.15324985530577698,0.27699180545667296,0.024230986413184143,0.020639125882851196,1.0301362492482884,20,4,0.0500123430869018,0.2860586340111058,0.07657847389854713,0.1802919916171504,0.0009361648048394222,0.0006906611344820758,0.73236922383715,20,5,0.013793672648385545,0.1642288845795437,0.9499999999999998,0.13626170211027128,1.0,0.41666666666666663,1.0,20,4,0.8833333333333332,0.9958333333333332
own_round:7,uniform,180,0,180,1.09861228866811,2.278129578503827e-16,1.0986122886681098,1.0986122886681098,1.0986122886681098,20,0,1.09861228866811,1.09861228866811,0.6666666666666666,1.1390647892519134e-16,0.6666666666666667,0.6666666666666667,0.6666666666666667,20,0,0.6666666666666666,0.6666666666666666,0.3333333333333332,5.695323946259567e-17,0.33333333333333326,0.33333333333333326,0.33333333333333326,20,0,0.3333333333333332,0.3333333333333332
own_round:7,expertise,180,0,180,0.42985737647915023,0.5889271143012085,0.01342302033214066,0.01342302033214066,2.0955948010671883,20,1,0.20081848059829496,0.7005397079747064,0.1636,0.2309882151876055,0.00026666666666666603,0.00026666666666666603,0.8169333333333332,20,1,0.07376666666666665,0.2697666666666666,0.9166666666666666,0.11785113019775795,1.0,0.5833333333333333,1.0,20,0,0.8624999999999998,0.9625
own_round:7,marginal,180,0,180,0.3366517201043068,0.30953506172730694,0.121501605817631,0.10407944132626729,1.189501036008762,20,0,0.21216693024076624,0.48196757419450054,0.15659593174250322,0.19488403950349217,0.021606078520994262,0.01524578777121829,0.7107094606445298,20,1,0.0803382391396713,0.2478464609806844,0.9166666666666666,0.11785113019775795,1.0,0.5833333333333333,1.0,20,0,0.8624999999999998,0.9625
own_round:7,repeat_last,180,0,180,0.20959795131837405,0.2831997615186289,0.047544762138030564,0.035328334805778516,0.9393555448771572,20,3,0.10093168669597219,0.3404797472389109,0.08388423402799187,0.1337408199890666,0.006698339049716738,0.0018442089427109952,0.47057421492826823,20,1,0.032999497756370434,0.14604249831473598,0.9541666666666664,0.07870943678236109,1.0,0.75,1.0,20,1,0.9166666666666666,0.9833333333333334
own_round:7,win_stay_expertise,180,0,180,0.2210478602202745,0.2838283327519205,0.05921694529735465,0.035328334805778516,0.8188774620238916,20,0,0.1068026117659416,0.34772890179832006,0.09185536975293386,0.1440199368493375,0.006006206189889498,0.0018442089427109952,0.45280248220303293,20,1,0.03473759679161015,0.15736313364261678,0.9541666666666666,0.07870943678236109,1.0,0.75,1.0,20,1,0.9166666666666666,0.9874999999999998
own_round:7,history_frequency,180,0,180,0.19609658264105456,0.2748405618084516,0.03471540385235411,0.016258478668084313,0.9938112114380087,20,1,0.0885598983470989,0.3220229091515119,0.09307321019368933,0.1425352544513321,0.002308899281108556,0.00039042064994131696,0.47429714329014705,20,1,0.03705778567987839,0.15890416668630675,0.9291666666666665,0.11870093630928846,1.0,0.5833333333333333,1.0,20,1,0.8708333333333332,0.975
own_round:7,reward_learning,180,0,180,0.17607640098885186,0.2483798324810584,0.04665204164819693,0.01917264561396447,0.8628152555491158,20,1,0.081171664408888,0.2885967391551927,0.08132629338317235,0.13451761109925606,0.005676782273714572,0.0005718437940753077,0.4613795212956093,20,1,0.03026384723946915,0.14222141045054035,0.9541666666666664,0.07870943678236109,1.0,0.75,1.0,20,1,0.9166666666666666,0.9833333333333334
own_round:7,belief_static,180,0,180,0.1744994586677528,0.265099426120927,0.026862045040353336,0.021245777664985845,0.9609100095321053,20,2,0.07420331023596968,0.29811375882245206,0.07775672293873395,0.13429231839303046,0.0012987081721842026,0.0007208875926219803,0.47308845032044644,20,1,0.0272349861284374,0.1398035849028967,0.9541666666666664,0.07870943678236109,1.0,0.75,1.0,20,1,0.9166666666666666,0.9833333333333334
own_round:7,belief_dynamic,180,0,180,0.18131594708507773,0.27081497691230444,0.03991041433271766,0.02031477311111364,0.9806732098438384,20,2,0.07865001208992707,0.3078930583306748,0.07812414409946619,0.13367964436071647,0.0026723886862151935,0.0006433569148450262,0.4749468890926628,20,1,0.027564979531244194,0.14027807473404366,0.9541666666666664,0.07870943678236109,1.0,0.75,1.0,20,1,0.9166666666666666,0.9833333333333334
own_round:7,simple_selected,180,0,180,0.17928564143395148,0.262000078408097,0.04351076581700242,0.016258478668084313,0.9938112114380087,20,1,0.08101761195057754,0.2997016603336764,0.08108840329333748,0.1351682984119807,0.005106587571917679,0.00039042064994131696,0.47429714329014705,20,1,0.030048065849473195,0.1427554726661424,0.9541666666666664,0.07870943678236109,1.0,0.75,1.0,20,1,0.9166666666666666,0.9833333333333334
own_round:7,belief_selected,180,0,180,0.1744994586677528,0.265099426120927,0.026862045040353336,0.021245777664985845,0.9609100095321053,20,2,0.07420331023596968,0.29811375882245206,0.07775672293873395,0.13429231839303046,0.0012987081721842026,0.0007208875926219803,0.47308845032044644,20,1,0.0272349861284374,0.1398035849028967,0.9541666666666664,0.07870943678236109,1.0,0.75,1.0,20,1,0.9166666666666666,0.9833333333333334
own_round:8,uniform,180,0,180,1.09861228866811,2.278129578503827e-16,1.0986122886681098,1.0986122886681098,1.0986122886681098,20,0,1.09861228866811,1.09861228866811,0.6666666666666666,1.1390647892519134e-16,0.6666666666666667,0.6666666666666667,0.6666666666666667,20,0,0.6666666666666666,0.6666666666666666,0.3333333333333332,5.695323946259567e-17,0.33333333333333326,0.33333333333333326,0.33333333333333326,20,0,0.3333333333333332,0.3333333333333332
own_round:8,expertise,180,0,180,0.4298573764791501,0.6618969351723148,0.01342302033214066,0.01342302033214066,2.5120291572141977,20,1,0.1799967627909445,0.7421831435894074,0.16359999999999997,0.2596083419847485,0.00026666666666666603,0.00026666666666666603,0.9802666666666664,20,1,0.06559999999999998,0.2860999999999999,0.9166666666666666,0.1324532357065044,1.0,0.5,1.0,20,1,0.8541666666666666,0.9666666666666666
own_round:8,marginal,180,0,180,0.34182217488754996,0.3514489061258394,0.121501605817631,0.10407944132626729,1.406585354945261,20,1,0.20227649513281928,0.5065381538673273,0.15713262396594238,0.21986339437133223,0.021606078520994262,0.01524578777121829,0.8498021952191921,20,1,0.07297388001173268,0.26091197156939017,0.9166666666666666,0.1324532357065044,1.0,0.5,1.0,20,1,0.8541666666666666,0.9666666666666666
own_round:8,repeat_last,180,0,180,0.12445045391488004,0.17923797669686448,0.047544762138030564,0.035328334805778516,0.765526999659272,20,2,0.06109212240049946,0.21008613861281286,0.04813217967421313,0.08327248218750387,0.006698339049716738,0.0018442089427109952,0.3191702618761914,20,2,0.016828421887560507,0.08740948297724369,0.975,0.04760338088145666,1.0,0.8333333333333333,1.0,20,5,0.9541666666666666,0.9916666666666666
own_round:8,win_stay_expertise,180,0,180,0.1592610510225021,0.21618932751771694,0.05921694529735465,0.035328334805778516,0.765526999659272,20,3,0.07682538584420028,0.25982044372065416,0.06539428518739901,0.10367696739346993,0.006006206189889498,0.0018442089427109952,0.32413908147275955,20,2,0.025116429695154083,0.11303940376361248,0.9708333333333334,0.055901699437494776,1.0,0.8333333333333333,1.0,20,5,0.9458333333333332,0.9916666666666666
own_round:8,history_frequency,180,0,180,0.14611632176963277,0.23021359888418438,0.0325486608770176,0.015988999718906084,0.7876803915111037,20,4,0.0582407382891715,0.2502864815323742,0.07192685903389122,0.1302861136928648,0.0020822245872254017,0.0003776428436284018,0.3756006703532834,20,4,0.020342455986581277,0.1298925877510278,0.9458333333333332,0.12760444638351012,1.0,0.5,1.0,20,4,0.8833333333333332,0.9916666666666666
own_round:8,reward_learning,180,0,180,0.12001237440730801,0.17947372250048804,0.04292581021154204,0.02054529823921048,0.7239015081390552,20,4,0.05327103917012225,0.20359776041230002,0.047695843801082716,0.08444502007479048,0.006058077666890099,0.0006622322773126364,0.31690079914698277,20,4,0.01511532915162095,0.08690002948427124,0.975,0.04760338088145666,1.0,0.8333333333333333,1.0,20,5,0.9541666666666666,0.9916666666666666
own_round:8,belief_static,180,0,180,0.10991893236817876,0.17804262969892515,0.026667173493857905,0.021543805304171413,0.7282720640087282,20,4,0.04508877784207621,0.19386422867693368,0.04495700881636393,0.08455298831127159,0.0011975486599927674,0.0007593701941801955,0.3196789342612588,20,4,0.012603439631221984,0.08428620330823554,0.975,0.04760338088145666,1.0,0.8333333333333333,1.0,20,5,0.9541666666666666,0.9916666666666666
own_round:8,belief_dynamic,180,0,180,0.11284995045815846,0.18017460780104408,0.0384263509354576,0.02132344859356873,0.7451507345178604,20,3,0.047770374305662604,0.19875370935132053,0.045373039996290325,0.084172541043335,0.002510462500702095,0.0007343920738585123,0.3208122096993846,20,4,0.013891221432121653,0.08490356560079342,0.975,0.04760338088145666,1.0,0.8333333333333333,1.0,20,5,0.9541666666666666,0.9916666666666666
own_round:8,simple_selected,180,0,180,0.15461619138132546,0.20114207551225174,0.040928499930303994,0.015988999718906084,0.7239015081390552,20,1,0.07572343232034297,0.24401368229758613,0.07414503584264139,0.11189461652481726,0.005125490609030781,0.0003776428436284018,0.3492497066546896,20,0,0.029923217939740933,0.12394857283385374,0.9541666666666666,0.07392010069358476,1.0,0.75,1.0,20,1,0.9208333333333332,0.9833333333333332
own_round:8,belief_selected,180,0,180,0.10991893236817876,0.17804262969892515,0.026667173493857905,0.021543805304171413,0.7282720640087282,20,4,0.04508877784207621,0.19386422867693368,0.04495700881636393,0.08455298831127159,0.0011975486599927674,0.0007593701941801955,0.3196789342612588,20,4,0.012603439631221984,0.08428620330823554,0.975,0.04760338088145666,1.0,0.8333333333333333,1.0,20,5,0.9541666666666666,0.9916666666666666
own_round:9,uniform,180,0,180,1.09861228866811,2.278129578503827e-16,1.0986122886681098,1.0986122886681098,1.0986122886681098,20,0,1.09861228866811,1.09861228866811,0.6666666666666666,1.1390647892519134e-16,0.6666666666666667,0.6666666666666667,0.6666666666666667,20,0,0.6666666666666666,0.6666666666666666,0.3333333333333332,5.695323946259567e-17,0.33333333333333326,0.33333333333333326,0.33333333333333326,20,0,0.3333333333333332,0.3333333333333332
own_round:9,expertise,180,0,180,0.5131442477085522,0.6836042151541616,0.22164019840564544,0.01342302033214066,2.0955948010671888,20,2,0.24246191621299595,0.8254700148188092,0.19626666666666664,0.2681223426782536,0.08193333333333333,0.00026666666666666603,0.8169333333333333,20,2,0.09009999999999999,0.3187666666666666,0.8999999999999998,0.13679711361135388,0.9583333333333333,0.5833333333333333,1.0,20,0,0.8375,0.9541666666666666
own_round:9,marginal,180,0,180,0.3800875785018702,0.3531851569605514,0.2184944814448696,0.10407944132626729,1.189501036008762,20,0,0.23763817742133675,0.5402737908606206,0.18437869917587307,0.22601603443722068,0.08777438317443825,0.01524578777121829,0.7107094606445298,20,0,0.09450689690028159,0.2872530301239309,0.8999999999999998,0.13679711361135388,0.9583333333333333,0.5833333333333333,1.0,20,0,0.8375,0.9541666666666666
own_round:9,repeat_last,180,0,180,0.1549244548565273,0.23295425021353133,0.047544762138030564,0.035328334805778516,1.0093703360940651,20,4,0.07405807754892424,0.26833978235127537,0.060970081280638834,0.11721020286716746,0.006698339049716738,0.0018442089427109952,0.49116000871578513,20,5,0.02045704539904864,0.11733997528923036,0.9708333333333334,0.06209665169754958,1.0,0.75,1.0,20,5,0.9416666666666667,0.9916666666666666
own_round:9,win_stay_expertise,180,0,180,0.22961379530656703,0.28525016999894454,0.06158361600994511,0.035328334805778516,1.0093703360940651,20,1,0.12025388704780407,0.3587545283691777,0.10004151387487618,0.14511732840330277,0.008522213308076475,0.0018442089427109952,0.49116000871578513,20,1,0.044250671091545,0.166067690646921,0.9541666666666666,0.07392010069358478,1.0,0.75,1.0,20,1,0.9208333333333332,0.9833333333333332
own_round:9,history_frequency,180,0,180,0.18711508835566476,0.279123600802502,0.031207307859730964,0.01559326704802139,1.1492180131168916,20,1,0.08509422715039663,0.3237390234467071,0.09100994358270792,0.13828209584559054,0.0016831303832724868,0.00035908909986189446,0.4869167355741941,20,1,0.037118366481838895,0.1552199758625995,0.9499999999999998,0.08719139396343284,1.0,0.75,1.0,20,2,0.9083333333333334,0.9833333333333332
own_round:9,reward_learning,180,0,180,0.12747007870019172,0.2069112928715501,0.04644137424169812,0.019496825348462022,0.8974874863414414,20,4,0.05598301849051932,0.22795571006083032,0.05292898831845273,0.10707039497863266,0.0072012419199486526,0.000681031532459357,0.44943686933498295,20,4,0.015484736897944702,0.10453474365694186,0.9708333333333334,0.06209665169754958,1.0,0.75,1.0,20,5,0.9416666666666667,0.9916666666666666
own_round:9,belief_static,180,0,180,0.13193351476840923,0.24304109465258497,0.02712489858232397,0.021582085097997472,1.0655571681235303,20,3,0.050751849760621984,0.2521054537817591,0.05334346560763372,0.11371733985447151,0.001255776325005525,0.0007658363116399582,0.48088958893487055,20,3,0.014554652111710326,0.10874453494918285,0.9708333333333334,0.06209665169754958,1.0,0.75,1.0,20,5,0.9416666666666667,0.9916666666666666
own_round:9,belief_dynamic,180,0,180,0.13264995427754225,0.22479705872113845,0.037184276980770176,0.02029959951455649,0.971152240781791,20,3,0.055161194788961955,0.24284001498145016,0.054851381182586145,0.11179526233589117,0.0023907546013143374,0.0006584382569909695,0.4717271048371433,20,3,0.016280310562655845,0.10924773606175955,0.9708333333333334,0.06209665169754958,1.0,0.75,1.0,20,5,0.9416666666666667,0.9916666666666666
own_round:9,simple_selected,180,0,180,0.16862945080266611,0.2647159439539918,0.04644137424169812,0.01578765642278071,1.1492180131168916,20,1,0.07667907800577867,0.29930596030389434,0.07797932248928367,0.1285508536605952,0.0072012419199486526,0.00036823480939019067,0.4869167355741941,20,1,0.030158392907016225,0.13941416613761015,0.95,0.08289357652580667,1.0,0.75,1.0,20,2,0.9124999999999999,0.9833333333333332
own_round:9,belief_selected,180,0,180,0.13193351476840923,0.24304109465258497,0.02712489858232397,0.021582085097997472,1.0655571681235303,20,3,0.050751849760621984,0.2521054537817591,0.05334346560763372,0.11371733985447151,0.001255776325005525,0.0007658363116399582,0.48088958893487055,20,3,0.014554652111710326,0.10874453494918285,0.9708333333333334,0.06209665169754958,1.0,0.75,1.0,20,5,0.9416666666666667,0.9916666666666666
own_round:10,uniform,180,0,180,1.09861228866811,2.278129578503827e-16,1.0986122886681098,1.0986122886681098,1.0986122886681098,20,0,1.09861228866811,1.09861228866811,0.6666666666666666,1.1390647892519134e-16,0.6666666666666667,0.6666666666666667,0.6666666666666667,20,0,0.6666666666666666,0.6666666666666666,0.3333333333333332,5.695323946259567e-17,0.33333333333333326,0.33333333333333326,0.33333333333333326,20,0,0.3333333333333332,0.3333333333333332
own_round:10,expertise,180,0,180,0.554787683323253,0.7412556165890123,0.22164019840564544,0.01342302033214066,2.512029157214198,20,2,0.2632836340203464,0.9087568860482111,0.21259999999999996,0.2907342992296196,0.08193333333333333,0.00026666666666666603,0.9802666666666664,20,2,0.09826666666666664,0.3514333333333332,0.8916666666666664,0.14833382613756105,0.9583333333333333,0.5,1.0,20,1,0.8208333333333334,0.95
own_round:10,marginal,180,0,180,0.4007657750507179,0.38047402898920246,0.2184944814448696,0.10407944132626729,1.36656777359453,20,0,0.2473143946885206,0.5771683281654604,0.19812025631351454,0.24501828318928243,0.08777438317443825,0.01524578777121829,0.8438158167070352,20,1,0.1013791602747243,0.3141123577375068,0.8916666666666664,0.14833382613756105,0.9583333333333333,0.5,1.0,20,1,0.8208333333333334,0.95
own_round:10,repeat_last,180,0,180,0.17455921748594536,0.41649798724143966,0.05567217971749696,0.035328334805778516,1.9026713619478688,20,2,0.05812806086150932,0.37158546964379596,0.07777400424522443,0.21546146109972106,0.011048661517272908,0.0018442089427109952,0.9438593401323605,20,3,0.012418321768143033,0.18127323709993562,0.9583333333333333,0.12241478716625318,1.0,0.5,1.0,20,3,0.9,1.0
own_round:10,win_stay_expertise,180,0,180,0.23301093539951098,0.4423618881350079,0.0580887752000714,0.035328334805778516,1.9026713619478688,20,3,0.08206529489641161,0.45233774196370097,0.10493198479263814,0.22469056278099664,0.008522213308076475,0.0018442089427109952,0.9438593401323605,20,4,0.02712312649466481,0.21538790693994697,0.9499999999999998,0.12211584951084108,1.0,0.5,1.0,20,4,0.8916666666666666,0.9916666666666666
own_round:10,history_frequency,180,0,180,0.2230673787994034,0.5312089595581578,0.037720139457391534,0.01523280057172571,2.418441273754582,20,1,0.06824277161759369,0.47832512483580747,0.10809915812490838,0.22500573256593262,0.0038873499092308994,0.0003428022377079201,0.9767939029045694,20,1,0.032709060550987046,0.21643763939467825,0.9291666666666666,0.13320992095536907,1.0,0.5,1.0,20,1,0.8666666666666666,0.9791666666666666
own_round:10,reward_learning,180,0,180,0.16950278836403923,0.431780198437398,0.04316327185301038,0.020659125414754006,1.919272496719139,20,3,0.04141384005874345,0.3805369427985892,0.07587198674654835,0.21832415441020303,0.006644627582651456,0.0007657718086516494,0.940536479199124,20,4,0.007500207943843773,0.18291068246068332,0.9583333333333333,0.12241478716625318,1.0,0.5,1.0,20,3,0.9,1.0
own_round:10,belief_static,180,0,180,0.1624022384146205,0.4486882885051652,0.030734355485677094,0.022341169653368357,2.025707878705199,20,4,0.03657123827259646,0.3759412083807106,0.07398252480570468,0.2196178725298773,0.0024017120945221708,0.0008222595905221888,0.9550657864832388,20,4,0.0062099140912647835,0.17981819872699997,0.9583333333333333,0.12241478716625318,1.0,0.5,1.0,20,3,0.9,1.0
own_round:10,belief_dynamic,180,0,180,0.1625157260433094,0.41716230989681,0.03709782595247047,0.020475269506331696,1.8575092210282493,20,4,0.03911433568647268,0.36476365589387516,0.07726327960099644,0.21897962669157164,0.0035409676890711056,0.0006705763122274665,0.9347293901021048,20,4,0.008152839709176211,0.18495827597501863,0.9583333333333333,0.12241478716625318,1.0,0.5,1.0,20,3,0.9,1.0
own_round:10,simple_selected,180,0,180,0.20601576948995298,0.5311384372521395,0.04316327185301038,0.015631979078158366,2.418441273754582,20,4,0.056632017223823085,0.4596559059726377,0.0932785157269593,0.2240641014905307,0.006644627582651456,0.00036104212781100343,0.9767939029045694,20,4,0.02025917047127748,0.20168955565599106,0.9375,0.13210785510376347,1.0,0.5,1.0,20,5,0.875,0.9875
own_round:10,belief_selected,180,0,180,0.1624022384146205,0.4486882885051652,0.030734355485677094,0.022341169653368357,2.025707878705199,20,4,0.03657123827259646,0.3759412083807106,0.07398252480570468,0.2196178725298773,0.0024017120945221708,0.0008222595905221888,0.9550657864832388,20,4,0.0062099140912647835,0.17981819872699997,0.9583333333333333,0.12241478716625318,1.0,0.5,1.0,20,3,0.9,1.0
own_round:11,uniform,180,0,180,1.09861228866811,2.278129578503827e-16,1.0986122886681098,1.0986122886681098,1.0986122886681098,20,0,1.09861228866811,1.09861228866811,0.6666666666666666,1.1390647892519134e-16,0.6666666666666667,0.6666666666666667,0.6666666666666667,20,0,0.6666666666666666,0.6666666666666666,0.3333333333333332,5.695323946259567e-17,0.33333333333333326,0.33333333333333326,0.33333333333333326,20,0,0.3333333333333332,0.3333333333333332
own_round:11,expertise,180,0,180,0.4715008120938512,0.5716250663295397,0.42985737647915023,0.01342302033214066,2.0955948010671883,20,1,0.2424619162129959,0.7421831435894073,0.17993333333333333,0.22420202877673143,0.1636,0.00026666666666666603,0.8169333333333332,20,1,0.09009999999999999,0.2860999999999999,0.9083333333333332,0.11438879019220996,0.9166666666666665,0.5833333333333333,1.0,20,0,0.8541666666666666,0.9541666666666666
own_round:11,marginal,180,0,180,0.3581472612577449,0.3005813551059598,0.31441543396034255,0.10407944132626729,1.189501036008762,20,0,0.23416401481401078,0.498209938141115,0.1703240715745587,0.1892747982653734,0.15414060508688138,0.01524578777121829,0.7107094606445298,20,1,0.09404809695723049,0.25954994522846436,0.9083333333333332,0.11438879019220996,0.9166666666666665,0.5833333333333333,1.0,20,0,0.8541666666666666,0.9541666666666666
own_round:11,repeat_last,180,0,180,0.12384472010052187,0.17373958938607217,0.0580887752000714,0.035328334805778516,0.7525975186808512,20,3,0.062081210208762755,0.20810861487802151,0.05604994693644385,0.1328096617376732,0.01145548742440637,0.0018442089427109952,0.5847803765507613,20,3,0.013604930067853366,0.12166352231973168,0.9666666666666666,0.11277986631315909,1.0,0.5,1.0,20,3,0.9125,1.0
own_round:11,win_stay_expertise,180,0,180,0.2341680308134772,0.27798692873685893,0.06271178610722836,0.035328334805778516,0.956887585018175,20,1,0.12506902857387414,0.3607424513185127,0.10480945683991819,0.14302657101891098,0.01145548742440637,0.0018442089427109952,0.47164675877286905,20,1,0.047797969020323544,0.16990746285003566,0.9458333333333332,0.0866658232077715,1.0,0.75,1.0,20,2,0.9041666666666668,0.9791666666666666
own_round:11,history_frequency,180,0,180,0.12263334143349498,0.1337812966305561,0.03177397099014176,0.014974935864249452,0.40604853515491096,20,0,0.06867292329697193,0.18265954936120088,0.06388932147294989,0.0828555260462444,0.002198528148440273,0.00033137961186641276,0.21650072870568038,20,0,0.03021776888262796,0.10066518435165281,0.9583333333333333,0.07404360971988658,1.0,0.75,1.0,20,1,0.925,0.9875
own_round:11,reward_learning,180,0,180,0.11364476160104073,0.22993840130182883,0.03503412107011146,0.020285353790003492,1.0348228261219599,20,3,0.04043196865526152,0.22780048884403792,0.05297422456362537,0.14464695177046208,0.003271716211349556,0.0006628117172290961,0.6401781410373684,20,4,0.008266457512380494,0.12388505787391248,0.975,0.07694837640638658,1.0,0.6666666666666666,1.0,20,3,0.9375,1.0
own_round:11,belief_static,180,0,180,0.10758202782570112,0.20210126879434012,0.030182142834584976,0.022552192202235914,0.8661312975654016,20,4,0.03664940066451387,0.20637128166415786,0.05302941263065626,0.14695461078476482,0.002097990964547803,0.0008391501270436533,0.6428277045576825,20,4,0.0060104489366801135,0.12484340292507962,0.9666666666666666,0.11277986631315909,1.0,0.5,1.0,20,3,0.9125,1.0
own_round:11,belief_dynamic,180,0,180,0.12500269247442097,0.24638961050189276,0.03742325980961286,0.020840713767820894,1.0845692601448054,20,4,0.0426826871135287,0.24617563590715857,0.06135760982816131,0.1695139450774014,0.0032810058037452978,0.000694310543658519,0.7504863832236448,20,4,0.009672206360740563,0.1439032533338704,0.9666666666666666,0.11277986631315909,1.0,0.5,1.0,20,3,0.9125,1.0
own_round:11,simple_selected,180,0,180,0.09649329276246046,0.11325002725293537,0.03169179883841332,0.015508276391539344,0.3392879495132667,20,3,0.05204986658085626,0.14837350439068156,0.04753826946558647,0.07702834906859125,0.0024050833630950164,0.0003553774882707344,0.21650072870568038,20,2,0.016869539618091036,0.082629237936446,0.9708333333333332,0.06772730840727077,1.0,0.75,1.0,20,4,0.9375,0.9958333333333332
own_round:11,belief_selected,180,0,180,0.10758202782570112,0.20210126879434012,0.030182142834584976,0.022552192202235914,0.8661312975654016,20,4,0.03664940066451387,0.20637128166415786,0.05302941263065626,0.14695461078476482,0.002097990964547803,0.0008391501270436533,0.6428277045576825,20,4,0.0060104489366801135,0.12484340292507962,0.9666666666666666,0.11277986631315909,1.0,0.5,1.0,20,3,0.9125,1.0
own_round:12,uniform,180,0,180,1.09861228866811,2.278129578503827e-16,1.0986122886681098,1.0986122886681098,1.0986122886681098,20,0,1.09861228866811,1.09861228866811,0.6666666666666666,1.1390647892519134e-16,0.6666666666666667,0.6666666666666667,0.6666666666666667,20,0,0.6666666666666666,0.6666666666666666,0.3333333333333332,5.695323946259567e-17,0.33333333333333326,0.33333333333333326,0.33333333333333326,20,0,0.3333333333333332,0.3333333333333332
own_round:12,expertise,180,0,180,0.42985737647915023,0.5889271143012086,0.01342302033214066,0.01342302033214066,2.0955948010671883,20,1,0.20081848059829496,0.7005397079747064,0.16359999999999997,0.2309882151876055,0.00026666666666666603,0.00026666666666666603,0.8169333333333332,20,1,0.07376666666666665,0.2697666666666666,0.9166666666666664,0.11785113019775795,1.0,0.5833333333333333,1.0,20,0,0.8625,0.9625
own_round:12,marginal,180,0,180,0.3377009500593726,0.30996173828765544,0.121501605817631,0.10407944132626729,1.189501036008762,20,0,0.212174795320242,0.47965696067927,0.15672786858076534,0.19502163075189521,0.021606078520994262,0.01524578777121829,0.7107094606445298,20,1,0.07985572194013532,0.246823016018295,0.9166666666666664,0.11785113019775795,1.0,0.5833333333333333,1.0,20,0,0.8625,0.9625
own_round:12,repeat_last,180,0,180,0.0693065889581013,0.040728211455639214,0.05567217971749696,0.035328334805778516,0.15987541666516247,20,2,0.05259353689437379,0.08771523143083182,0.021008445133778662,0.02966104187680564,0.011048661517272908,0.0018442089427109952,0.10045070164907365,20,2,0.009750312020090404,0.035237679399701696,0.9916666666666666,0.0256494588021289,1.0,0.9166666666666665,1.0,20,2,0.9791666666666666,1.0
own_round:12,win_stay_expertise,180,0,180,0.11644083800328545,0.12986523108965511,0.05921694529735465,0.035328334805778516,0.4329584060275776,20,3,0.06689847379878626,0.17753602073404773,0.04080994344543113,0.06340400907576467,0.006006206189889498,0.0018442089427109952,0.19597696724866207,20,4,0.016156630014553756,0.07068364843679238,0.9875,0.030528962377710325,1.0,0.9166666666666665,1.0,20,3,0.975,1.0
own_round:12,history_frequency,180,0,180,0.06446763442376932,0.0773049876531244,0.028113281085472293,0.014783339004478199,0.26036066024318977,20,4,0.03439744886496549,0.10031494540355358,0.030163773496076945,0.05448111323079903,0.001187638675921079,0.0003230159131539566,0.18195824597683255,20,5,0.009886431304337768,0.0553686742013801,0.9666666666666665,0.07354832917984067,1.0,0.75,1.0,20,4,0.9333333333333332,0.9916666666666666
own_round:12,reward_learning,180,0,180,0.05477749799512922,0.06004303489996881,0.03352503387969515,0.02075083363945699,0.2737182449413159,20,2,0.03396680053461847,0.08414659607618562,0.017950420825097103,0.038345424623509976,0.004012568872781906,0.0006804381640162806,0.14737906110424534,20,3,0.0044620802195170705,0.036987242445197126,0.9916666666666666,0.0256494588021289,1.0,0.9166666666666665,1.0,20,2,0.9791666666666666,1.0
own_round:12,belief_static,180,0,180,0.047784772822914504,0.046289397615151905,0.027914773150634044,0.02188757854760095,0.1932889677381251,20,3,0.030582690547553634,0.06937948950697001,0.015359050931474633,0.03341300362457436,0.00146709662530841,0.0008853690289567211,0.12323784599751156,20,3,0.0027749575116919273,0.031157403043555788,0.9916666666666666,0.0256494588021289,1.0,0.9166666666666665,1.0,20,2,0.9791666666666666,1.0
own_round:12,belief_dynamic,180,0,180,0.05056683456959277,0.03992000654692578,0.03681337151359662,0.020777706677775322,0.16478473843840455,20,3,0.03525112933375481,0.06890759402983564,0.016415735976102068,0.02998252486657478,0.0027449578970142347,0.0006906520865682175,0.10927564945729557,20,3,0.005232239009583423,0.030345001514067254,0.9916666666666666,0.0256494588021289,1.0,0.9166666666666665,1.0,20,2,0.9791666666666666,1.0
own_round:12,simple_selected,180,0,180,0.07037620258655156,0.08307192881482699,0.02971613967334738,0.015407768551807276,0.2737182449413159,20,4,0.03872203804093147,0.10963574271194199,0.031477238281688,0.05811777143044305,0.0026423358103202675,0.00035080808906159066,0.18195824597683255,20,4,0.009651739679043725,0.05909737550988321,0.9708333333333332,0.06772730840727077,1.0,0.75,1.0,20,4,0.9375,0.9958333333333332
own_round:12,belief_selected,180,0,180,0.047784772822914504,0.046289397615151905,0.027914773150634044,0.02188757854760095,0.1932889677381251,20,3,0.030582690547553634,0.06937948950697001,0.015359050931474633,0.03341300362457436,0.00146709662530841,0.0008853690289567211,0.12323784599751156,20,3,0.0027749575116919273,0.031157403043555788,0.9916666666666666,0.0256494588021289,1.0,0.9166666666666665,1.0,20,2,0.9791666666666666,1.0
own_round:13,uniform,180,0,180,1.09861228866811,2.278129578503827e-16,1.0986122886681098,1.0986122886681098,1.0986122886681098,20,0,1.09861228866811,1.09861228866811,0.6666666666666666,1.1390647892519134e-16,0.6666666666666667,0.6666666666666667,0.6666666666666667,20,0,0.6666666666666666,0.6666666666666666,0.3333333333333332,5.695323946259567e-17,0.33333333333333326,0.33333333333333326,0.33333333333333326,20,0,0.3333333333333332,0.3333333333333332
own_round:13,expertise,180,0,180,0.4715008120938512,0.5873752615002794,0.22164019840564544,0.01342302033214066,2.0955948010671883,20,1,0.22164019840564547,0.7421831435894074,0.17993333333333333,0.2303795495309973,0.08193333333333333,0.00026666666666666603,0.8169333333333332,20,1,0.08193333333333333,0.2860999999999999,0.9083333333333332,0.11754058649540683,0.9583333333333333,0.5833333333333333,1.0,20,0,0.8541666666666666,0.9583333333333333
own_round:13,marginal,180,0,180,0.35688514056246723,0.3077419913344291,0.2184944814448696,0.10407944132626729,1.189501036008762,20,0,0.22973355869111772,0.49830047656928916,0.17001100111088582,0.19438018616367086,0.08777438317443825,0.01524578777121829,0.7107094606445298,20,1,0.08902420311520902,0.259704204557801,0.9083333333333332,0.11754058649540683,0.9583333333333333,0.5833333333333333,1.0,20,0,0.8541666666666666,0.9583333333333333
own_round:13,repeat_last,180,0,180,0.08703492371402202,0.13171138281876135,0.04749483736804658,0.035328334805778516,0.6338666445269029,20,1,0.04906646326031316,0.15062888371872007,0.02682753056641831,0.0687317962717857,0.006698339049716738,0.0018442089427109952,0.3137741203237724,20,1,0.007583580422172232,0.05978827384695919,0.9916666666666666,0.03726779962499651,1.0,0.8333333333333333,1.0,20,1,0.9749999999999999,1.0
own_round:13,win_stay_expertise,180,0,180,0.25009147207027027,0.285795976198597,0.06271178610722836,0.035328334805778516,0.7503951090846974,20,0,0.12944595204432027,0.3768149207350873,0.10506068470592766,0.13838972654454315,0.008532654399085932,0.0018442089427109952,0.3440352572267563,20,0,0.04579843901470601,0.16695650196434442,0.9499999999999998,0.07354832917984068,1.0,0.8333333333333333,1.0,20,0,0.9166666666666666,0.9791666666666666
own_round:13,history_frequency,180,0,180,0.09462591790070188,0.17528635569904838,0.026827216453839627,0.014636519064652888,0.7825414222963556,20,1,0.03753640487784855,0.17998081731543766,0.040238582263076444,0.0806293866682862,0.0011280215205336382,0.00031667812016889635,0.3243630186873018,20,2,0.011087061026251765,0.07899397842496485,0.9666666666666666,0.07354832917984067,1.0,0.75,1.0,20,4,0.9333333333333332,0.9916666666666666
own_round:13,reward_learning,180,0,180,0.06878958227793311,0.13547003806712007,0.025544440753962897,0.016069712865657445,0.6353729822739547,20,1,0.030907291459732027,0.1330025320445035,0.023628675504339273,0.0674777555404005,0.0014253690547717207,0.0003887198324521461,0.3049781660851115,20,3,0.0046538329786761316,0.05562784710176776,0.9916666666666666,0.03726779962499651,1.0,0.8333333333333333,1.0,20,1,0.9749999999999999,1.0
own_round:13,belief_static,180,0,180,0.06735212013767085,0.14623843985557244,0.02673425540527787,0.021655714142166875,0.6810582306089485,20,2,0.02826337062253147,0.1365768701888271,0.02122000166861076,0.07093271161007329,0.0011543998272324192,0.0008060912596488348,0.3176346279823126,20,3,0.00204768292992308,0.05520294086120531,0.9916666666666666,0.03726779962499651,1.0,0.8333333333333333,1.0,20,1,0.9749999999999999,1.0
own_round:13,belief_dynamic,180,0,180,0.07640096202974703,0.1495055480677307,0.03432636435495176,0.019329814533427955,0.6980051582467715,20,2,0.03393591421531985,0.147933518047134,0.02641239595700485,0.07178203718019832,0.002386561686027052,0.0005928643990376104,0.3193066017226515,20,3,0.0046536770544879,0.061210451227645034,0.9916666666666666,0.03726779962499651,1.0,0.8333333333333333,1.0,20,1,0.9749999999999999,1.0
own_round:13,simple_selected,180,0,180,0.08130609798212228,0.14275459761223924,0.026981091884681795,0.015324585070885351,0.6353729822739547,20,3,0.034615850774089386,0.15263371357278946,0.03403419902437589,0.0761117600372758,0.0011362560469344585,0.0003470487553922585,0.3049781660851115,20,5,0.007326072755826712,0.07183361397332705,0.9708333333333332,0.07292449832628507,1.0,0.75,1.0,20,3,0.9333333333333333,1.0
own_round:13,belief_selected,180,0,180,0.06735212013767085,0.14623843985557244,0.02673425540527787,0.021655714142166875,0.6810582306089485,20,2,0.02826337062253147,0.1365768701888271,0.02122000166861076,0.07093271161007329,0.0011543998272324192,0.0008060912596488348,0.3176346279823126,20,3,0.00204768292992308,0.05520294086120531,0.9916666666666666,0.03726779962499651,1.0,0.8333333333333333,1.0,20,1,0.9749999999999999,1.0
own_round:14,uniform,180,0,180,1.09861228866811,2.278129578503827e-16,1.0986122886681098,1.0986122886681098,1.0986122886681098,20,0,1.09861228866811,1.09861228866811,0.6666666666666666,1.1390647892519134e-16,0.6666666666666667,0.6666666666666667,0.6666666666666667,20,0,0.6666666666666666,0.6666666666666666,0.3333333333333332,5.695323946259567e-17,0.33333333333333326,0.33333333333333326,0.33333333333333326,20,0,0.3333333333333332,0.3333333333333332
own_round:14,expertise,180,0,180,0.4506790942865007,0.5807336250311812,0.22164019840564544,0.01342302033214066,2.0955948010671883,20,1,0.22164019840564544,0.7213614257820569,0.17176666666666665,0.2277745756443012,0.08193333333333333,0.00026666666666666603,0.8169333333333332,20,1,0.08193333333333332,0.27793333333333325,0.9124999999999999,0.11621151818586802,0.9583333333333333,0.5833333333333333,1.0,20,0,0.8583333333333332,0.9583333333333334
own_round:14,marginal,180,0,180,0.3485551660061975,0.3051132226490965,0.2184944814448696,0.10407944132626729,1.189501036008762,20,0,0.22399034436007895,0.48956323664575135,0.16368250530949846,0.19216994714192856,0.08777438317443825,0.01524578777121829,0.7107094606445298,20,1,0.0872414952641393,0.25385622036513067,0.9124999999999999,0.11621151818586802,0.9583333333333333,0.5833333333333333,1.0,20,0,0.8583333333333332,0.9583333333333334
own_round:14,repeat_last,180,0,180,0.08518348169750717,0.08439189814892444,0.05567217971749696,0.035328334805778516,0.3517827254606397,20,2,0.05396652076692107,0.12616076940834978,0.02892963101366184,0.053159660041899766,0.011048661517272908,0.0018442089427109952,0.19854294562497726,20,2,0.009808944124940528,0.055463949686602045,0.9875,0.04078004041079943,1.0,0.8333333333333333,1.0,20,2,0.9666666666666666,1.0
own_round:14,win_stay_expertise,180,0,180,0.2524773265010313,0.26347586370359216,0.11785662820178514,0.035328334805778516,0.956887585018175,20,0,0.14579882645784986,0.37432044696989825,0.10798950920848334,0.12922578687342703,0.060314870516492945,0.0018442089427109952,0.47164675877286905,20,1,0.055391987087348576,0.16728825132222755,0.9458333333333334,0.06772730840727077,0.9583333333333333,0.75,1.0,20,1,0.9125000000000002,0.975
own_round:14,history_frequency,180,0,180,0.06579680655048306,0.08385400246240789,0.023933546230809306,0.014521103633414984,0.31441335441774226,20,3,0.03386070362067014,0.10628920336661417,0.02766396554718086,0.04878212200455866,0.0010808433652020229,0.00031173940703746933,0.15500049297250476,20,3,0.008766784197076313,0.050966431987312065,0.9708333333333332,0.06772730840727077,1.0,0.75,1.0,20,4,0.9375,0.9958333333333332
own_round:14,reward_learning,180,0,180,0.07760203645924839,0.1130317401215629,0.02798264563225723,0.018849736560377292,0.40348079975517587,20,3,0.03622071336638473,0.1314051032766825,0.031606629429314054,0.06567656702167925,0.0020334546441174977,0.000580075676643468,0.2518677294772102,20,5,0.0076815353592532085,0.06404763877115674,0.9833333333333334,0.04359569698171644,1.0,0.8333333333333333,1.0,20,3,0.9625,1.0
own_round:14,belief_static,180,0,180,0.06890941298368844,0.10095933952071336,0.02771096709905988,0.020874267311105532,0.384766314398775,20,3,0.03255434710967848,0.11730603358971291,0.025398487097093348,0.05983805841230628,0.0014388257987375187,0.0007458596329366375,0.22516292326431586,20,4,0.003930054611191675,0.05497893800126763,0.9875,0.04078004041079943,1.0,0.8333333333333333,1.0,20,2,0.9666666666666666,1.0
own_round:14,belief_dynamic,180,0,180,0.08297118595764168,0.10352176002465022,0.039538557459172174,0.018178179111404492,0.4137624246458365,20,3,0.04460714810235281,0.13046819834955362,0.03502575874619675,0.06051078402002434,0.003722468890408113,0.0005130672437250893,0.20945268067286854,20,3,0.012146088730510698,0.06287189725331482,0.975,0.054745557110982224,1.0,0.8333333333333333,1.0,20,4,0.95,0.9958333333333332
own_round:14,simple_selected,180,0,180,0.0893656004133258,0.11781741319671182,0.02762327344368471,0.01525466180227776,0.40348079975517587,20,2,0.0444956677183775,0.14516731143521794,0.04070704203061144,0.07038132615045352,0.0017765679957669343,0.00034390442472056755,0.2518677294772102,20,2,0.01409488552084462,0.0742138421760492,0.9625,0.07392010069358476,1.0,0.75,1.0,20,5,0.9291666666666666,0.9916666666666666
own_round:14,belief_selected,180,0,180,0.06890941298368844,0.10095933952071336,0.02771096709905988,0.020874267311105532,0.384766314398775,20,3,0.03255434710967848,0.11730603358971291,0.025398487097093348,0.05983805841230628,0.0014388257987375187,0.0007458596329366375,0.22516292326431586,20,4,0.003930054611191675,0.05497893800126763,0.9875,0.04078004041079943,1.0,0.8333333333333333,1.0,20,2,0.9666666666666666,1.0
own_round:15,uniform,180,0,180,1.09861228866811,2.278129578503827e-16,1.0986122886681098,1.0986122886681098,1.0986122886681098,20,0,1.09861228866811,1.09861228866811,0.6666666666666666,1.1390647892519134e-16,0.6666666666666667,0.6666666666666667,0.6666666666666667,20,0,0.6666666666666666,0.6666666666666666,0.3333333333333332,5.695323946259567e-17,0.33333333333333326,0.33333333333333326,0.33333333333333326,20,0,0.3333333333333332,0.3333333333333332
own_round:15,expertise,180,0,180,0.5756094011306035,0.6231886480572438,0.42985737647915023,0.01342302033214066,2.0955948010671883,20,0,0.30492706963504734,0.8462917326261599,0.22076666666666664,0.24442622872054806,0.16360000000000002,0.00026666666666666603,0.8169333333333332,20,0,0.1146,0.3269333333333333,0.8874999999999998,0.12470725955130008,0.9166666666666665,0.5833333333333333,1.0,20,0,0.8333333333333333,0.9416666666666667
own_round:15,marginal,180,0,180,0.40794515534283515,0.32280122673343337,0.3211637602627663,0.10407944132626729,1.189501036008762,20,0,0.2702895799507055,0.5507730218576161,0.2040462329473225,0.20562831759815475,0.15433852234588058,0.01524578777121829,0.7107094606445298,20,0,0.11567886135525873,0.2943360379464437,0.8874999999999998,0.12470725955130008,0.9166666666666665,0.5833333333333333,1.0,20,0,0.8333333333333333,0.9416666666666667
own_round:15,repeat_last,180,0,180,0.1488923308365468,0.23904974930360257,0.05562225494751298,0.035328334805778516,0.9311162568960643,20,3,0.06078442463120242,0.2606330964815705,0.058558424026622743,0.12377892715707625,0.011059102608282367,0.0018442089427109952,0.4694819516490736,20,3,0.013003007377319938,0.11664363133017222,0.975,0.06677622576550266,1.0,0.75,1.0,20,3,0.9458333333333332,1.0
own_round:15,win_stay_expertise,180,0,180,0.38093379888864193,0.377719724075081,0.2072472557839341,0.035328334805778516,1.0252793470538313,20,0,0.21865197861879443,0.5465164380340602,0.17211402716667976,0.18825798581557196,0.08508824759732946,0.0018442089427109952,0.49209354720485055,20,0,0.09073384158236926,0.2547913052028746,0.9125,0.0992479027427301,0.9583333333333333,0.75,1.0,20,0,0.8708333333333332,0.9541666666666666
own_round:15,history_frequency,180,0,180,0.16831508118783428,0.29705829398360795,0.026776766080678256,0.01442841271625133,1.14951515726972,20,3,0.060084382090395204,0.30660750482390764,0.07065766932465732,0.1269583984523733,0.0010584423713293086,0.00030780078733437906,0.48546831608187235,20,2,0.02347145708561848,0.12960029261124104,0.9583333333333333,0.07404360971988658,1.0,0.75,1.0,20,1,0.925,0.9875
own_round:15,reward_learning,180,0,180,0.13269534143820008,0.23239859616991027,0.03734283714468186,0.01476609318313654,0.8987570656651531,20,3,0.04582852929737779,0.24179680793534422,0.06101047853290727,0.12447185910900417,0.005648240394819376,0.00032487190225704676,0.45401147801088193,20,3,0.01361313026373437,0.11840329890955947,0.9708333333333332,0.07292449832628507,1.0,0.75,1.0,20,3,0.9375,1.0
own_round:15,belief_static,180,0,180,0.13473563926408288,0.25473254383803257,0.03216288883285829,0.02198920368482481,0.9706076995836097,20,4,0.04184478570393239,0.25376313028217756,0.05550391515762328,0.12532967709525838,0.0022740805507461,0.000830762404654868,0.47258658377103513,20,4,0.00920250727590591,0.11412798921336206,0.975,0.06677622576550266,1.0,0.75,1.0,20,3,0.9458333333333332,1.0
own_round:15,belief_dynamic,180,0,180,0.15754743043237743,0.25950124420875226,0.04804901639474568,0.018974604517247685,1.020456097917232,20,3,0.06210694764119166,0.2777772607318392,0.07310119384972437,0.1303428885399762,0.006429792166462025,0.0005693389182297825,0.47740561662759395,20,4,0.02392407658526157,0.13178333330908373,0.95,0.08289357652580669,1.0,0.75,1.0,20,0,0.9125,0.9833333333333332
own_round:15,simple_selected,180,0,180,0.15010196740192086,0.2550629822036822,0.03734283714468186,0.015195101227008696,0.8987570656651531,20,3,0.05525251006799928,0.2688669566966549,0.0678032050809121,0.12631210717616193,0.005648240394819376,0.0003412374211466482,0.45401147801088193,20,3,0.019950709342637863,0.12613272965835662,0.9624999999999998,0.07870943678236107,1.0,0.75,1.0,20,4,0.925,0.9916666666666666
own_round:15,belief_selected,180,0,180,0.13473563926408288,0.25473254383803257,0.03216288883285829,0.02198920368482481,0.9706076995836097,20,4,0.04184478570393239,0.25376313028217756,0.05550391515762328,0.12532967709525838,0.0022740805507461,0.000830762404654868,0.47258658377103513,20,4,0.00920250727590591,0.11412798921336206,0.975,0.06677622576550266,1.0,0.75,1.0,20,3,0.9458333333333332,1.0
own_round:16,uniform,180,0,180,1.09861228866811,2.278129578503827e-16,1.0986122886681098,1.0986122886681098,1.0986122886681098,20,0,1.09861228866811,1.09861228866811,0.6666666666666666,1.1390647892519134e-16,0.6666666666666667,0.6666666666666667,0.6666666666666667,20,0,0.6666666666666666,0.6666666666666666,0.3333333333333332,5.695323946259567e-17,0.33333333333333326,0.33333333333333326,0.33333333333333326,20,0,0.3333333333333332,0.3333333333333332
own_round:16,expertise,180,0,180,0.4715008120938512,0.6176719684064218,0.01342302033214066,0.01342302033214066,2.0955948010671883,20,1,0.22164019840564544,0.7630048613967577,0.17993333333333333,0.2422624839117916,0.00026666666666666603,0.00026666666666666603,0.8169333333333332,20,1,0.08193333333333332,0.29426666666666657,0.9083333333333332,0.12360330811826106,1.0,0.5833333333333333,1.0,20,0,0.85,0.9583333333333333
own_round:16,marginal,180,0,180,0.36271807492456387,0.32775520225851934,0.121501605817631,0.10407944132626729,1.189501036008762,20,0,0.2269753775974454,0.5109407680080905,0.17089654327956055,0.2048545453412649,0.021606078520994262,0.01524578777121829,0.7107094606445298,20,0,0.08741077324517627,0.2662492536188265,0.9083333333333332,0.12360330811826106,1.0,0.5833333333333333,1.0,20,0,0.85,0.9583333333333333
own_round:16,repeat_last,180,0,180,0.13319894132117852,0.2150592802172268,0.0657300473429604,0.035328334805778516,0.9720451611192781,20,2,0.06272291655140176,0.23642604651025817,0.061229166656232105,0.12812709136533287,0.015619070996097297,0.0018442089427109952,0.5211759189476216,20,4,0.01612629221688762,0.12421842315206698,0.9625,0.09158688713313082,1.0,0.6666666666666666,1.0,20,4,0.9208333333333332,0.9958333333333332
own_round:16,win_stay_expertise,180,0,180,0.2546269722731776,0.30046274143346074,0.06927481292281808,0.035328334805778516,1.0252793470538313,20,1,0.13265561663197933,0.39443341662120834,0.11101427862706677,0.14742516878380343,0.013092622786900862,0.0018442089427109952,0.49209354720485055,20,0,0.050521087902605205,0.17895486112452866,0.9416666666666667,0.08156008082159885,1.0,0.75,1.0,20,0,0.9041666666666666,0.975
own_round:16,history_frequency,180,0,180,0.09297104003903142,0.20947849990635023,0.026284206846830395,0.014352607171579206,0.9578413346790228,20,4,0.031955580424879566,0.1933167543408687,0.037307249025156045,0.09920370315170472,0.0010283372479488516,0.0003045980040107675,0.4401933988335103,20,4,0.007045522243286888,0.08574261384087342,0.9791666666666666,0.0758721223333605,1.0,0.6666666666666666,1.0,20,2,0.9416666666666667,1.0
own_round:16,reward_learning,180,0,180,0.16013345015533906,0.2865702373489546,0.040130743219727705,0.01805194900984517,1.1008684202175094,20,3,0.051673815387252055,0.2957642636331194,0.07318859702101459,0.14626992224419877,0.007184271923026302,0.0005117909636431697,0.5201566330902352,20,3,0.01786649507648799,0.14160540241925937,0.9499999999999998,0.09897131724609359,1.0,0.6666666666666666,1.0,20,5,0.9041666666666666,0.9875
own_round:16,belief_static,180,0,180,0.1388438737329794,0.244846297931738,0.03384284244851838,0.023101022715525107,1.0165250661245169,20,3,0.05193974369054026,0.2570714260554118,0.06580474871809053,0.13220065106237255,0.0031321570756064304,0.0008841366302892464,0.4822077989342328,20,3,0.016522538046454757,0.12815041748422046,0.9625,0.09158688713313082,1.0,0.6666666666666666,1.0,20,4,0.9208333333333332,0.9958333333333332
own_round:16,belief_dynamic,180,0,180,0.15724363473584288,0.24943388806939865,0.053348392301493686,0.020087060988402905,1.053458196382401,20,3,0.06761057558087806,0.27719233900162815,0.08448344585869332,0.14665225431033146,0.01144760135262185,0.0006332738833081902,0.557825262389804,20,4,0.029292819441350596,0.15334566167016608,0.9458333333333334,0.09850861570655156,1.0,0.6666666666666666,1.0,20,2,0.9,0.9833333333333334
own_round:16,simple_selected,180,0,180,0.1578973349961477,0.26163145954138917,0.04445967873283438,0.015143784977794488,0.9578413346790228,20,3,0.057997389231888415,0.2776976924074767,0.07258231783010455,0.1331939680691716,0.009727008615761722,0.00033894794571507795,0.4401933988335103,20,3,0.021837987722712924,0.13389812637928153,0.9583333333333333,0.09558988911273407,1.0,0.6666666666666666,1.0,20,4,0.9125,0.9958333333333332
own_round:16,belief_selected,180,0,180,0.1388438737329794,0.244846297931738,0.03384284244851838,0.023101022715525107,1.0165250661245169,20,3,0.05193974369054026,0.2570714260554118,0.06580474871809053,0.13220065106237255,0.0031321570756064304,0.0008841366302892464,0.4822077989342328,20,3,0.016522538046454757,0.12815041748422046,0.9625,0.09158688713313082,1.0,0.6666666666666666,1.0,20,4,0.9208333333333332,0.9958333333333332
own_round:17,uniform,180,0,180,1.09861228866811,2.278129578503827e-16,1.0986122886681098,1.0986122886681098,1.0986122886681098,20,0,1.09861228866811,1.09861228866811,0.6666666666666666,1.1390647892519134e-16,0.6666666666666667,0.6666666666666667,0.6666666666666667,20,0,0.6666666666666666,0.6666666666666666,0.3333333333333332,5.695323946259567e-17,0.33333333333333326,0.33333333333333326,0.33333333333333326,20,0,0.3333333333333332,0.3333333333333332
own_round:17,expertise,180,0,180,0.4506790942865007,0.5807336250311812,0.22164019840564544,0.01342302033214066,2.0955948010671883,20,1,0.22164019840564544,0.7213614257820569,0.17176666666666665,0.2277745756443012,0.08193333333333333,0.00026666666666666603,0.8169333333333332,20,1,0.08193333333333332,0.27793333333333325,0.9124999999999999,0.11621151818586802,0.9583333333333333,0.5833333333333333,1.0,20,0,0.8583333333333332,0.9583333333333334
own_round:17,marginal,180,0,180,0.3485551660061975,0.3051132226490965,0.2184944814448696,0.10407944132626729,1.189501036008762,20,0,0.22399034436007895,0.48956323664575135,0.16368250530949846,0.19216994714192856,0.08777438317443825,0.01524578777121829,0.7107094606445298,20,1,0.0872414952641393,0.25385622036513067,0.9124999999999999,0.11621151818586802,0.9583333333333333,0.5833333333333333,1.0,20,0,0.8583333333333332,0.9583333333333334
own_round:17,repeat_last,180,0,180,0.08508253450058723,0.08655724502721203,0.04749483736804658,0.035328334805778516,0.3517827254606397,20,2,0.053657781654719836,0.1268232796217592,0.028766912640167862,0.054264609123036614,0.0067087801407261964,0.0018442089427109952,0.2039683409081912,20,2,0.009470774187556633,0.05504382970687763,0.9875,0.04078004041079943,1.0,0.8333333333333333,1.0,20,2,0.9666666666666666,1.0
own_round:17,win_stay_expertise,180,0,180,0.19839676494636582,0.2612915688459179,0.06271178610722836,0.035328334805778516,1.0252793470538313,20,1,0.10278541656319583,0.32668651956665534,0.08394715393511715,0.13273321104642868,0.008929039215209936,0.0018442089427109952,0.49209354720485055,20,1,0.034877592563066905,0.1485939953990869,0.9625,0.06879816229015807,1.0,0.75,1.0,20,1,0.9291666666666666,0.9875
own_round:17,history_frequency,180,0,180,0.06060901709795834,0.07398044500278228,0.023323624730293594,0.014289636970529925,0.28947226080871846,20,1,0.03263955537987161,0.09593126949340619,0.024630653141519115,0.04253946142741985,0.0009021229779938041,0.00030195006668672504,0.15146008245595186,20,1,0.008663904309843424,0.04473777458224005,0.9916666666666666,0.0256494588021289,1.0,0.9166666666666665,1.0,20,2,0.9791666666666666,1.0
own_round:17,reward_learning,180,0,180,0.07036591467820404,0.08330636821713934,0.05144337313511814,0.019215453255787357,0.3900900388662036,20,2,0.04213092348066011,0.1114530796693682,0.023563120937348383,0.038783462144255106,0.012781210418036645,0.0006084571176905178,0.16182348609892505,20,3,0.009671412119222043,0.04223282187833642,0.9916666666666666,0.0256494588021289,1.0,0.9166666666666665,1.0,20,2,0.9791666666666666,1.0
own_round:17,belief_static,180,0,180,0.0641599672443782,0.08168106265933293,0.028943204940595418,0.02236717084074548,0.387948763814937,20,1,0.037805424182250524,0.10434445495913695,0.0195424188996064,0.03707667480706929,0.0016007410376045086,0.0008252731233546281,0.1607496044487821,20,1,0.006921040559913593,0.03790716696638327,0.9958333333333332,0.018633899812498283,1.0,0.9166666666666665,1.0,20,1,0.9875,1.0
own_round:17,belief_dynamic,180,0,180,0.098203894678749,0.10669123610447595,0.04303665167518048,0.019569128272028717,0.4030094257421536,20,1,0.0560942634464121,0.14843907818714114,0.047304086572350204,0.0641945199402543,0.003745423950694707,0.000613453816037968,0.18555642567299585,20,2,0.021245669539193608,0.07713838907486839,0.9625,0.05719439509610501,1.0,0.8333333333333333,1.0,20,0,0.9374999999999998,0.9833333333333334
own_round:17,simple_selected,180,0,180,0.07785034051722153,0.08747065337178592,0.05144337313511814,0.015099130281166408,0.3900900388662036,20,1,0.046264451621700925,0.12111095835738377,0.029805135741422618,0.043434068639678546,0.012781210418036645,0.0003369619761141189,0.16182348609892505,20,1,0.013042039048842016,0.0504693173623199,0.9875,0.030528962377710328,1.0,0.9166666666666665,1.0,20,3,0.9708333333333334,1.0
own_round:17,belief_selected,180,0,180,0.0641599672443782,0.08168106265933293,0.028943204940595418,0.02236717084074548,0.387948763814937,20,1,0.037805424182250524,0.10434445495913695,0.0195424188996064,0.03707667480706929,0.0016007410376045086,0.0008252731233546281,0.1607496044487821,20,1,0.006921040559913593,0.03790716696638327,0.9958333333333332,0.018633899812498283,1.0,0.9166666666666665,1.0,20,1,0.9875,1.0
own_round:18,uniform,180,0,180,1.09861228866811,2.278129578503827e-16,1.0986122886681098,1.0986122886681098,1.0986122886681098,20,0,1.09861228866811,1.09861228866811,0.6666666666666666,1.1390647892519134e-16,0.6666666666666667,0.6666666666666667,0.6666666666666667,20,0,0.6666666666666666,0.6666666666666666,0.3333333333333332,5.695323946259567e-17,0.33333333333333326,0.33333333333333326,0.33333333333333326,20,0,0.3333333333333332,0.3333333333333332
own_round:18,expertise,180,0,180,0.4923225299012016,0.5775817231947374,0.42985737647915023,0.01342302033214066,2.0955948010671883,20,1,0.2632836340203464,0.7630048613967577,0.1881,0.22653834086759114,0.1636,0.00026666666666666603,0.8169333333333332,20,1,0.09826666666666664,0.29426666666666657,0.9041666666666665,0.1155807861569343,0.9166666666666665,0.5833333333333333,1.0,20,0,0.85,0.95
own_round:18,marginal,180,0,180,0.377773885221251,0.3118421182984045,0.3183255586674372,0.10407944132626729,1.189501036008762,20,0,0.24884492119406157,0.5186060274173613,0.17804125850409505,0.19189734142459455,0.15414060508688138,0.01524578777121829,0.7107094606445298,20,0,0.10102979080813444,0.2669956495931201,0.9041666666666665,0.1155807861569343,0.9166666666666665,0.5833333333333333,1.0,20,0,0.85,0.95
own_round:18,repeat_last,180,0,180,0.10908115299241432,0.130218551309075,0.05562225494751298,0.035328334805778516,0.4502760219138133,20,3,0.06070885834554012,0.1704375075856237,0.0336821804158159,0.05606774464298583,0.011048661517272908,0.0018442089427109952,0.16755970356583155,20,3,0.012899324434125026,0.05998900874525958,0.9875,0.0305289623777103,1.0,0.9166666666666665,1.0,20,3,0.975,1.0
own_round:18,win_stay_expertise,180,0,180,0.2692314697553121,0.3328622378928053,0.06271178610722836,0.035328334805778516,1.0252793470538313,20,1,0.13437693995128014,0.4186841749553994,0.1147154675304074,0.1642425939301619,0.011059102608282367,0.0018442089427109952,0.49209354720485055,20,2,0.04849361421350666,0.18814383220162992,0.9458333333333332,0.0866658232077715,1.0,0.75,1.0,20,2,0.9083333333333332,0.9791666666666667
own_round:18,history_frequency,180,0,180,0.09758190178297955,0.13997169557570144,0.025660833933253975,0.014236617764068201,0.42608219001729714,20,3,0.04445245757378317,0.16332708002011603,0.03713638058240632,0.060773009775326556,0.0009691498141900292,0.0002997294105568861,0.1687341034290883,20,3,0.013927149257371504,0.06543288332496344,0.9833333333333334,0.034199278402838505,1.0,0.9166666666666665,1.0,20,4,0.9666666666666668,0.9958333333333332
own_round:18,reward_learning,180,0,180,0.08924459196709407,0.104518418563241,0.044143379462477476,0.01849419669408603,0.3923092515064712,20,3,0.05048937524886248,0.13901792561935145,0.03362821489642899,0.05118762067258012,0.008609696000447049,0.0005415721011801369,0.16001949535046764,20,3,0.014526698475363174,0.05734987397502654,0.9833333333333332,0.04359569698171645,1.0,0.8333333333333333,1.0,20,3,0.9625,1.0
own_round:18,belief_static,180,0,180,0.08763074802794593,0.11077251637646465,0.02901795275603227,0.02255445149457696,0.39718417316394855,20,3,0.046264129839728184,0.13965783731210749,0.03282312851342152,0.057105744822525686,0.0016050643966462202,0.0008413393819511131,0.19084103079799464,20,3,0.01157511330073118,0.05956848652032815,0.9833333333333332,0.04359569698171645,1.0,0.8333333333333333,1.0,20,3,0.9625,1.0
own_round:18,belief_dynamic,180,0,180,0.11748222293119974,0.1337099835506867,0.0482830151205923,0.01980790342354051,0.4327107997759465,20,2,0.0654108487622205,0.179927297920237,0.05381645098378744,0.07507088854118656,0.006141498134482825,0.000614319978887619,0.256708880843861,20,1,0.024007456504366642,0.08825180126042009,0.9583333333333333,0.07404360971988656,1.0,0.75,1.0,20,1,0.925,0.9875
own_round:18,simple_selected,180,0,180,0.09142595579945587,0.1171955048131247,0.036067902370280173,0.0150599318788261,0.4032343922884607,20,3,0.0476720614601246,0.14700274422694076,0.035049003381980796,0.056255719155137246,0.004979781758849899,0.0003352235023387271,0.1687341034290883,20,3,0.013548622657948919,0.06126536026402339,0.9833333333333332,0.04359569698171645,1.0,0.8333333333333333,1.0,20,3,0.9625,1.0
own_round:18,belief_selected,180,0,180,0.08763074802794593,0.11077251637646465,0.02901795275603227,0.02255445149457696,0.39718417316394855,20,3,0.046264129839728184,0.13965783731210749,0.03282312851342152,0.057105744822525686,0.0016050643966462202,0.0008413393819511131,0.19084103079799464,20,3,0.01157511330073118,0.05956848652032815,0.9833333333333332,0.04359569698171645,1.0,0.8333333333333333,1.0,20,3,0.9625,1.0
own_round:19,uniform,180,0,180,1.09861228866811,2.278129578503827e-16,1.0986122886681098,1.0986122886681098,1.0986122886681098,20,0,1.09861228866811,1.09861228866811,0.6666666666666666,1.1390647892519134e-16,0.6666666666666667,0.6666666666666667,0.6666666666666667,20,0,0.6666666666666666,0.6666666666666666,0.3333333333333332,5.695323946259567e-17,0.33333333333333326,0.33333333333333326,0.33333333333333326,20,0,0.3333333333333332,0.3333333333333332
own_round:19,expertise,180,0,180,0.4715008120938512,0.6176719684064217,0.01342302033214066,0.01342302033214066,2.0955948010671883,20,0,0.22164019840564544,0.7630048613967577,0.1799333333333333,0.2422624839117916,0.00026666666666666603,0.00026666666666666603,0.8169333333333332,20,0,0.08193333333333333,0.29426666666666657,0.9083333333333332,0.12360330811826106,1.0,0.5833333333333333,1.0,20,0,0.85,0.9583333333333333
own_round:19,marginal,180,0,180,0.36647628785532194,0.3397955014539656,0.121501605817631,0.10407944132626729,1.2499324610039104,20,0,0.22847017608551948,0.5210522588749184,0.17111792882172921,0.20600612720158812,0.021606078520994262,0.01524578777121829,0.716434177694548,20,0,0.08782161404219886,0.2671737218672558,0.9083333333333332,0.12360330811826106,1.0,0.5833333333333333,1.0,20,0,0.85,0.9583333333333333
own_round:19,repeat_last,180,0,180,0.10281409251062676,0.11912112892150978,0.05562225494751298,0.035328334805778516,0.4750624012272502,20,2,0.06018389512226464,0.15990595346648162,0.035437927095717324,0.05551319590468277,0.011059102608282367,0.0018442089427109952,0.17717269582786985,20,4,0.014838691671042297,0.061334030809577646,0.9833333333333334,0.03419927840283851,1.0,0.9166666666666665,1.0,20,4,0.9666666666666668,0.9958333333333332
own_round:19,win_stay_expertise,180,0,180,0.29862814975037244,0.4219218375413489,0.06271178610722836,0.035328334805778516,1.6597042832797573,20,2,0.14094280707873424,0.49662033795878324,0.13068010169205396,0.20641351833119534,0.006006206189889498,0.0018442089427109952,0.7896413064235435,20,2,0.053394350490676555,0.22866803287489512,0.9374999999999998,0.11106541457982984,1.0,0.5833333333333333,1.0,20,2,0.8833333333333334,0.9791666666666666
own_round:19,history_frequency,180,0,180,0.109761904451419,0.13900156785540285,0.025402953902350197,0.014191447454003556,0.4210845178971717,20,2,0.05642937192473457,0.17371611702853804,0.047710726614813875,0.06696167478564494,0.0009603999881705608,0.00029784387091161084,0.16361215930096212,20,0,0.02105825722100363,0.07740283922965693,0.975,0.03918019549846899,1.0,0.9166666666666665,1.0,20,0,0.9583333333333334,0.9916666666666666
own_round:19,reward_learning,180,0,180,0.09673206128003228,0.11537460194063458,0.051140457335287284,0.019300976131787682,0.4541503931963657,20,3,0.05376905008462408,0.1516378162873173,0.03810296550403943,0.056671800355257505,0.014137120051288391,0.0005868709144384325,0.21189429604659613,20,3,0.016835846419652332,0.06469386125026058,0.9833333333333334,0.03419927840283851,1.0,0.9166666666666665,1.0,20,4,0.9666666666666668,0.9958333333333332
own_round:19,belief_static,180,0,180,0.09408601538191982,0.10806395293147775,0.05388019031352516,0.023217312383268827,0.44020756939618044,20,2,0.05434178688017665,0.14527014656894274,0.0370180288901014,0.05149488322394473,0.012275902113707184,0.0009023106515948551,0.16487728636316065,20,2,0.017055297491878355,0.0605734952818616,0.9791666666666667,0.03702180485994332,1.0,0.9166666666666665,1.0,20,5,0.9625,0.9916666666666666
own_round:19,belief_dynamic,180,0,180,0.11226223407276073,0.12424335012798898,0.07283248415860046,0.020415992757788024,0.4831987113017171,20,2,0.064896668721241,0.1716533912209483,0.0539733785705787,0.06770043354076036,0.031072712775700645,0.000656913139975593,0.24641382167855266,20,1,0.027314228541218673,0.08573770371180782,0.9583333333333334,0.06893084932237595,1.0,0.75,1.0,20,1,0.925,0.9833333333333334
own_round:19,simple_selected,180,0,180,0.1194009531453439,0.12428661963073863,0.07024301994262533,0.0150252565191063,0.4210845178971717,20,2,0.07072025313678855,0.1760461767719794,0.04988255782232863,0.05992753396837606,0.025701943530567123,0.00033368939532335795,0.163524469503471,20,0,0.02599000167759895,0.07604114508364213,0.975,0.03918019549846899,1.0,0.9166666666666665,1.0,20,0,0.9583333333333334,0.9916666666666666
own_round:19,belief_selected,180,0,180,0.09408601538191982,0.10806395293147775,0.05388019031352516,0.023217312383268827,0.44020756939618044,20,2,0.05434178688017665,0.14527014656894274,0.0370180288901014,0.05149488322394473,0.012275902113707184,0.0009023106515948551,0.16487728636316065,20,2,0.017055297491878355,0.0605734952818616,0.9791666666666667,0.03702180485994332,1.0,0.9166666666666665,1.0,20,5,0.9625,0.9916666666666666
own_round:20,uniform,180,0,180,1.09861228866811,2.278129578503827e-16,1.0986122886681098,1.0986122886681098,1.0986122886681098,20,0,1.09861228866811,1.09861228866811,0.6666666666666666,1.1390647892519134e-16,0.6666666666666667,0.6666666666666667,0.6666666666666667,20,0,0.6666666666666666,0.6666666666666666,0.3333333333333332,5.695323946259567e-17,0.33333333333333326,0.33333333333333326,0.33333333333333326,20,0,0.3333333333333332,0.3333333333333332
own_round:20,expertise,180,0,180,0.5131442477085522,0.6132228927112737,0.22164019840564544,0.01342302033214066,2.0955948010671883,20,0,0.2632836340203464,0.7838265792041084,0.19626666666666664,0.24051747331693016,0.08193333333333333,0.00026666666666666603,0.8169333333333332,20,0,0.09826666666666664,0.3024333333333333,0.8999999999999998,0.12271299659027052,0.9583333333333333,0.5833333333333333,1.0,20,0,0.8458333333333332,0.95
own_round:20,marginal,180,0,180,0.3964628745402415,0.3452215043391357,0.22133268304019865,0.10407944132626729,1.189501036008762,20,0,0.25362106283190056,0.5505039226768352,0.18574279191044774,0.20498879718815582,0.0879723004334374,0.01524578777121829,0.7107094606445298,20,0,0.10221334273172546,0.2771049145238976,0.8999999999999998,0.12271299659027052,0.9583333333333333,0.5833333333333333,1.0,20,0,0.8458333333333332,0.95
own_round:20,repeat_last,180,0,180,0.13407599082300517,0.25239362555952505,0.04749483736804658,0.035328334805778516,1.1340518933319912,20,3,0.05517740648483411,0.2564805457304873,0.04649130469703168,0.11037130909454308,0.0067087801407261964,0.0018442089427109952,0.4784465526186694,20,3,0.010919376123854045,0.10036637452549038,0.9791666666666666,0.05969586661761492,1.0,0.75,1.0,20,3,0.95,1.0
own_round:20,win_stay_expertise,180,0,180,0.2628282299850849,0.33312771942275077,0.06927481292281808,0.035328334805778516,1.1340518933319912,20,2,0.13447708358138016,0.4184638327686608,0.10961982085278783,0.15614749938359812,0.013092622786900862,0.0018442089427109952,0.49209354720485055,20,2,0.04851596842479509,0.18357248848810084,0.95,0.08289357652580667,1.0,0.75,1.0,20,2,0.9124999999999999,0.9833333333333332
own_round:20,history_frequency,180,0,180,0.12263289586635533,0.27157307961770605,0.02517320806963036,0.014152562656369109,1.2339508126563792,20,1,0.0419357486713273,0.25304445109948137,0.05097944673105821,0.11196924652487118,0.0009430646195211375,0.00029622540413141654,0.48911117483683336,20,1,0.014522612825387275,0.10432429686707716,0.975,0.06105792475542056,1.0,0.75,1.0,20,4,0.9458333333333334,0.9958333333333332
own_round:20,reward_learning,180,0,180,0.12079376712566696,0.19120378450256292,0.04622117632759852,0.020161419666080378,0.8286313003331552,20,3,0.054178722967817144,0.2117269920954973,0.05177409272750534,0.1019314989518202,0.010832523346109756,0.0006423275041918407,0.43970900673401925,20,2,0.016981796023940954,0.10032424087364489,0.975,0.06105792475542056,1.0,0.75,1.0,20,4,0.9458333333333332,0.9958333333333332
own_round:20,belief_static,180,0,180,0.12253760115573017,0.2453664811913427,0.0348539804700809,0.022993254072102412,1.0993552463347633,20,2,0.04546493945830973,0.24177154257491715,0.04735536149933583,0.11015090914453063,0.003014679314537355,0.0008726086254473835,0.4810370858670304,20,2,0.0116397051475333,0.1004126715720013,0.9750000000000002,0.06105792475542056,1.0,0.75,1.0,20,4,0.9458333333333334,0.9958333333333332
own_round:20,belief_dynamic,180,0,180,0.14358431522439058,0.23556833528503288,0.04873452941340926,0.021356687912709373,1.0018946009487113,20,2,0.06160432145160546,0.25725593400278357,0.06813535496108089,0.11695226596371332,0.010084830217785848,0.0007108431115720994,0.4699383045243112,20,2,0.025495867198135094,0.12344045290757975,0.9458333333333334,0.08234057784734036,1.0,0.75,1.0,20,2,0.9083333333333332,0.9791666666666666
own_round:20,simple_selected,180,0,180,0.15106070506340757,0.2745293507634582,0.05668209266741947,0.014994370781176651,1.2339508126563792,20,2,0.06159718054398994,0.2820246906643455,0.06091692855943298,0.1125892488874503,0.02157890647936044,0.00033232592677806067,0.48911117483683336,20,2,0.022557090093644643,0.11391957655189516,0.975,0.061057924755420566,1.0,0.75,1.0,20,4,0.9458333333333334,0.9958333333333332
own_round:20,belief_selected,180,0,180,0.12253760115573017,0.2453664811913427,0.0348539804700809,0.022993254072102412,1.0993552463347633,20,2,0.04546493945830973,0.24177154257491715,0.04735536149933583,0.11015090914453063,0.003014679314537355,0.0008726086254473835,0.4810370858670304,20,2,0.0116397051475333,0.1004126715720013,0.9750000000000002,0.06105792475542056,1.0,0.75,1.0,20,4,0.9458333333333334,0.9958333333333332
