subset,family,n_rows,n_invalid,n_episodes,log_loss_mean,log_loss_sd,log_loss_median,log_loss_min,log_loss_max,log_loss_n_groups,log_loss_iqr_outliers,log_loss_ci_lo,log_loss_ci_hi,brier_mean,brier_sd,brier_median,brier_min,brier_max,brier_n_groups,brier_iqr_outliers,brier_ci_lo,brier_ci_hi,accuracy_mean,accuracy_sd,accuracy_median,accuracy_min,accuracy_max,accuracy_n_groups,accuracy_iqr_outliers,accuracy_ci_lo,accuracy_ci_hi
own_history,uniform,3420,71,180,1.0986122886681102,2.278129578503827e-16,1.09861228866811,1.09861228866811,1.09861228866811,20,0,1.0986122886681102,1.0986122886681102,0.6666666666666666,1.1390647892519134e-16,0.6666666666666667,0.6666666666666667,0.6666666666666667,20,0,0.6666666666666666,0.6666666666666666,0.33333333333333326,5.695323946259567e-17,0.3333333333333333,0.3333333333333333,0.3333333333333333,20,0,0.33333333333333326,0.33333333333333326
own_history,expertise,3420,71,180,1.484093825461843,0.6255625852369172,1.525737261076544,0.49561016955499376,2.7092875364417286,20,0,1.2188908933892735,1.7624473161495806,0.5770912280701755,0.2453573312267571,0.5934245614035087,0.18938947368421058,1.0576350877192984,20,0,0.4730736842105264,0.6862666666666668,0.7057017543859648,0.12518231185038622,0.6973684210526315,0.4605263157894737,0.9035087719298245,20,0,0.65,0.7587719298245614
own_history,marginal,3420,71,180,0.7904248098386054,0.20089875138649663,0.7542372240624606,0.5189530347762177,1.1550506819894633,20,0,0.7039199078721936,0.8773875323424041,0.45527040255499945,0.1316042814294642,0.44782087026420514,0.2637426990215588,0.6917631625702565,20,0,0.39881141958348915,0.5136265409355851,0.7057017543859648,0.12518231185038622,0.6973684210526315,0.4605263157894737,0.9035087719298245,20,0,0.65,0.7587719298245614
own_history,repeat_last,3420,71,180,0.5966543241957148,0.14352186964226402,0.5787425764828618,0.4039644577721768,0.8075776862705013,20,0,0.5349247291586101,0.6576955538154091,0.32599476571052016,0.08755599842089754,0.3212927705902665,0.1982082867344062,0.4651748169701818,20,0,0.28854186795590386,0.3635641301335574,0.7929824561403509,0.06157803978464796,0.8092105263157894,0.6666666666666666,0.8771929824561403,20,0,0.7660087719298245,0.8192982456140351
own_history,win_stay_expertise,3420,71,180,0.6576798941776232,0.1944108941118638,0.6071908529816916,0.38659542587847756,1.0169894066571599,20,0,0.5742847231184696,0.7413969120724533,0.3642221811257697,0.12365572275200629,0.3459736370220291,0.18227361215090476,0.6326326624359578,20,0,0.3116324504162682,0.41838383233887827,0.7837719298245613,0.07880745784524212,0.7982456140350878,0.6184210526315789,0.9035087719298245,20,0,0.7491173245614035,0.8171052631578946
own_history,history_frequency,3420,71,180,0.5612751231367371,0.1223806130614539,0.5693297801306609,0.40172486271265967,0.7530265958351563,20,0,0.5082526241061096,0.6135044985313212,0.30014579740217967,0.07724473644620014,0.3015154657222865,0.19532349872094346,0.42378374898789756,20,0,0.2669020057775135,0.3334439882204396,0.8077850877192982,0.05813295413418245,0.8201754385964912,0.7039473684210527,0.894736842105263,20,0,0.7821628289473683,0.8325685307017543
own_history,reward_learning,3420,71,180,0.4972749508249711,0.1198896822735337,0.47399798028367857,0.35045569548912003,0.7139289383184624,20,0,0.4468439155755283,0.5492458242486578,0.27345573829951586,0.07590478688995429,0.25242378689270145,0.17983119690653357,0.4119299545926086,20,0,0.24180719329442865,0.30675340311004273,0.8089912280701753,0.06273253384291234,0.8245614035087718,0.6798245614035088,0.8859649122807018,20,0,0.7809210526315788,0.8353124999999999
own_history,belief_static,3420,71,180,0.5161027313548845,0.11430541813954602,0.4858056285533811,0.36537813308457234,0.7349129334763363,20,0,0.4677770632033813,0.5660272577389635,0.2860240118009896,0.07004314601508084,0.26522361001811967,0.19204124787943577,0.39671093758045206,20,0,0.2564786187694317,0.31648337815270416,0.8010964912280703,0.05963477843383919,0.8070175438596491,0.7105263157894737,0.8771929824561403,20,0,0.775657894736842,0.8263157894736842
own_history,belief_dynamic,3420,71,180,0.5127870822812918,0.12428073319744319,0.5003983181209266,0.3594578059866628,0.7226916042184848,20,0,0.4603412477032056,0.566464088217553,0.2856069564022063,0.0798849927681444,0.27361721320378857,0.18857271951225127,0.4259188777596592,20,0,0.25190063448354705,0.3207195185591949,0.7989035087719298,0.07085421665289414,0.8157894736842105,0.6447368421052632,0.8771929824561404,20,0,0.7677576754385964,0.8282894736842105
own_history,simple_selected,3420,71,180,0.4972749508249711,0.1198896822735337,0.47399798028367857,0.35045569548912003,0.7139289383184624,20,0,0.4468439155755283,0.5492458242486578,0.27345573829951586,0.07590478688995429,0.25242378689270145,0.17983119690653357,0.4119299545926086,20,0,0.24180719329442865,0.30675340311004273,0.8089912280701753,0.06273253384291234,0.8245614035087718,0.6798245614035088,0.8859649122807018,20,0,0.7809210526315788,0.8353124999999999
own_history,belief_selected,3420,71,180,0.5127870822812918,0.12428073319744319,0.5003983181209266,0.3594578059866628,0.7226916042184848,20,0,0.4603412477032056,0.566464088217553,0.2856069564022063,0.0798849927681444,0.27361721320378857,0.18857271951225127,0.4259188777596592,20,0,0.25190063448354705,0.3207195185591949,0.7989035087719298,0.07085421665289414,0.8157894736842105,0.6447368421052632,0.8771929824561404,20,0,0.7677576754385964,0.8282894736842105
own_history_valid_only,uniform,3349,0,180,1.0986122886681102,4.805719610549539e-16,1.09861228866811,1.0986122886681093,1.09861228866811,20,0,1.0986122886681098,1.0986122886681102,0.6666666666666667,1.0806117409607187e-16,0.6666666666666667,0.6666666666666667,0.666666666666667,20,0,0.6666666666666666,0.6666666666666667,0.33333333333333326,9.86459044048525e-17,0.3333333333333333,0.33333333333333326,0.3333333333333335,20,0,0.3333333333333332,0.33333333333333337
own_history_valid_only,expertise,3349,0,180,1.4519349410590205,0.6096684962333853,1.5100440613685893,0.49561016955499376,2.6648491044241087,20,0,1.1943398416884734,1.724096416520707,0.5644779128903393,0.23912337262338212,0.587269395334403,0.18938947368421058,1.0402055045871559,20,0,0.46344430312815665,0.67122472745043,0.7121371192736364,0.12200172072621537,0.700508811904216,0.46941896024464835,0.9035087719298245,20,0,0.6576744587837942,0.7636848793563824
own_history_valid_only,marginal,3349,0,180,0.7796845893281269,0.19354553530010854,0.7492558192974781,0.5101676877479081,1.1481380803423977,20,0,0.6964035622089555,0.8642408578992608,0.44807849827662605,0.1272996149086005,0.4453627986138381,0.2637426990215588,0.6829869964951316,20,0,0.39387729847594893,0.5045837943396471,0.7121371192736364,0.12200172072621537,0.700508811904216,0.46941896024464835,0.9035087719298245,20,0,0.6576744587837942,0.7636848793563824
own_history_valid_only,repeat_last,3349,0,180,0.5794685134310946,0.13401866420496872,0.5721472777428156,0.39838937361808324,0.7812689274632707,20,0,0.5221414859740752,0.6360311749711524,0.31568579090781246,0.08330759999992422,0.31186719903001003,0.19301466631973316,0.4470208481564056,20,0,0.27960158858064793,0.3517227302551059,0.8021099804832807,0.05911263526941181,0.8288908992856359,0.6833726415094339,0.8847117794486214,20,0,0.776320738959778,0.8273326981664221
own_history_valid_only,win_stay_expertise,3349,0,180,0.6383614198018239,0.18394334979344268,0.5970473091174133,0.38304101586880246,1.0113537300726025,20,0,0.5604359506485403,0.718856473764164,0.35274963283615834,0.11840642085857571,0.32454721760064775,0.18360111162247525,0.6276648144494816,20,0,0.303591562013486,0.4057290990087305,0.7922503338306883,0.07586501545366507,0.8007942152678993,0.6201512956703686,0.9025689223057642,20,0,0.758844650999673,0.8242562586728573
own_history_valid_only,history_frequency,3349,0,180,0.5429191274448061,0.11560065260026377,0.5334963332425551,0.3843183293033571,0.7277149600027742,20,0,0.49324112131018416,0.5933475078987039,0.2887214175647444,0.07299736613768726,0.28196546197385675,0.18265184279745428,0.4009446074909231,20,0,0.25763740632063303,0.320661586982787,0.8163874009001907,0.054643074427040444,0.8256024463814404,0.708333333333333,0.9050324675324676,20,0,0.7918453000998684,0.8394882622750353
own_history_valid_only,reward_learning,3349,0,180,0.4783551700838459,0.11352961233742054,0.43436826704389986,0.3342933276953727,0.6677051745853697,20,0,0.4306586255429355,0.5280417027896943,0.26171586360692656,0.0727015997188239,0.22837073423517593,0.17093922867402966,0.4041769393846807,20,0,0.23111979481096145,0.29417703337855794,0.8186635288917576,0.060809102703491526,0.8486842105263157,0.6816280566280565,0.8959415584415584,20,0,0.7916579515853673,0.8440155329534224
own_history_valid_only,belief_static,3349,0,180,0.49719557103261414,0.11187685833317823,0.4628583642351442,0.35153808528297253,0.7125976382526619,20,0,0.4501083514830061,0.5467383893435841,0.27472080850648045,0.06923130939027605,0.25139546039600413,0.18489829826558063,0.39128801289651277,20,0,0.24565077711009353,0.30523542785174806,0.8110545620689196,0.058871587618399106,0.8227809064092252,0.7128378378378376,0.8847117794486214,20,0,0.7851008354063431,0.8357517301203538
own_history_valid_only,belief_dynamic,3349,0,180,0.49346672601581637,0.11692310329303789,0.45733543802220933,0.3435635631529522,0.6966944352610382,20,0,0.44418106287134274,0.5445125425929012,0.2742184465095522,0.07636203251170788,0.24695082094092582,0.17986599597932035,0.41851257161064637,20,0,0.24236490343451822,0.30789548056370036,0.807999665842235,0.06928302035062274,0.8354901677270098,0.6546814671814671,0.887012987012987,20,0,0.7767514926216847,0.8366816518342034
own_history_valid_only,simple_selected,3349,0,180,0.4783551700838459,0.11352961233742054,0.43436826704389986,0.3342933276953727,0.6677051745853697,20,0,0.4306586255429355,0.5280417027896943,0.26171586360692656,0.0727015997188239,0.22837073423517593,0.17093922867402966,0.4041769393846807,20,0,0.23111979481096145,0.29417703337855794,0.8186635288917576,0.060809102703491526,0.8486842105263157,0.6816280566280565,0.8959415584415584,20,0,0.7916579515853673,0.8440155329534224
own_history_valid_only,belief_selected,3349,0,180,0.49346672601581637,0.11692310329303789,0.45733543802220933,0.3435635631529522,0.6966944352610382,20,0,0.44418106287134274,0.5445125425929012,0.2742184465095522,0.07636203251170788,0.24695082094092582,0.17986599597932035,0.41851257161064637,20,0,0.24236490343451822,0.30789548056370036,0.807999665842235,0.06928302035062274,0.8354901677270098,0.6546814671814671,0.887012987012987,20,0,0.7767514926216847,0.8366816518342034
own_round_1,uniform,180,0,180,1.09861228866811,2.278129578503827e-16,1.0986122886681098,1.0986122886681098,1.0986122886681098,20,0,1.09861228866811,1.09861228866811,0.6666666666666666,1.1390647892519134e-16,0.6666666666666667,0.6666666666666667,0.6666666666666667,20,0,0.6666666666666666,0.6666666666666666,0.3333333333333332,5.695323946259567e-17,0.33333333333333326,0.33333333333333326,0.33333333333333326,20,0,0.3333333333333332,0.3333333333333332
own_round_1,expertise,180,0,180,0.01342302033214066,0.0,0.01342302033214066,0.01342302033214066,0.01342302033214066,20,0,0.01342302033214066,0.01342302033214066,0.00026666666666666603,0.0,0.00026666666666666603,0.00026666666666666603,0.00026666666666666603,20,0,0.00026666666666666603,0.00026666666666666603,1.0,0.0,1.0,1.0,1.0,20,0,1.0,1.0
own_round_1,marginal,180,0,180,0.36016994927393775,0.029924537122113955,0.3680073643671725,0.31662057302258967,0.40312392966727273,20,0,0.3473714476845451,0.3725560533788299,0.14739879170970444,0.01873905001948254,0.14932230663168458,0.12271875527600792,0.17576283698969924,20,0,0.1394621969557009,0.15518479619186187,1.0,0.0,1.0,1.0,1.0,20,0,1.0,1.0
own_round_1,repeat_last,180,0,180,0.36016994927393775,0.029924537122113955,0.3680073643671725,0.31662057302258967,0.40312392966727273,20,0,0.3473714476845451,0.3725560533788299,0.14739879170970444,0.01873905001948254,0.14932230663168458,0.12271875527600792,0.17576283698969924,20,0,0.1394621969557009,0.15518479619186187,1.0,0.0,1.0,1.0,1.0,20,0,1.0,1.0
own_round_1,win_stay_expertise,180,0,180,0.17173879116677354,0.012401130691807918,0.17508058519806272,0.15357444938484174,0.18940904535330416,20,0,0.16642758109794015,0.17687306827789034,0.03993781767916031,0.004892038537934591,0.040476122477563346,0.03346028392670551,0.047325083106497454,20,0,0.037871021555204165,0.041972514103642715,1.0,0.0,1.0,1.0,1.0,20,0,1.0,1.0
own_round_1,history_frequency,180,0,180,1.09861228866811,2.278129578503827e-16,1.0986122886681098,1.0986122886681098,1.0986122886681098,20,0,1.09861228866811,1.09861228866811,0.6666666666666666,1.1390647892519134e-16,0.6666666666666667,0.6666666666666667,0.6666666666666667,20,0,0.6666666666666666,0.6666666666666666,0.3333333333333332,5.695323946259567e-17,0.33333333333333326,0.33333333333333326,0.33333333333333326,20,0,0.3333333333333332,0.3333333333333332
own_round_1,reward_learning,180,0,180,0.3601699492739378,0.02992453712211396,0.3680073643671723,0.31662057302258967,0.40312392966727273,20,0,0.3473714476845451,0.37255605337883,0.14739879170970446,0.018739050019482544,0.1493223066316845,0.12271875527600795,0.17576283698969924,20,0,0.13946219695570092,0.15518479619186193,1.0,0.0,1.0,1.0,1.0,20,0,1.0,1.0
own_round_1,belief_static,180,0,180,0.3601699492739378,0.02992453712211396,0.3680073643671723,0.31662057302258967,0.40312392966727273,20,0,0.3473714476845451,0.37255605337883,0.14739879170970446,0.018739050019482544,0.1493223066316845,0.12271875527600795,0.17576283698969924,20,0,0.13946219695570092,0.15518479619186193,1.0,0.0,1.0,1.0,1.0,20,0,1.0,1.0
own_round_1,belief_dynamic,180,0,180,0.3601699492739378,0.02992453712211396,0.3680073643671723,0.31662057302258967,0.40312392966727273,20,0,0.3473714476845451,0.37255605337883,0.14739879170970446,0.018739050019482544,0.1493223066316845,0.12271875527600795,0.17576283698969924,20,0,0.13946219695570092,0.15518479619186193,1.0,0.0,1.0,1.0,1.0,20,0,1.0,1.0
own_round_1,simple_selected,180,0,180,0.3601699492739378,0.02992453712211396,0.3680073643671723,0.31662057302258967,0.40312392966727273,20,0,0.3473714476845451,0.37255605337883,0.14739879170970446,0.018739050019482544,0.1493223066316845,0.12271875527600795,0.17576283698969924,20,0,0.13946219695570092,0.15518479619186193,1.0,0.0,1.0,1.0,1.0,20,0,1.0,1.0
own_round_1,belief_selected,180,0,180,0.3601699492739378,0.02992453712211396,0.3680073643671723,0.31662057302258967,0.40312392966727273,20,0,0.3473714476845451,0.37255605337883,0.14739879170970446,0.018739050019482544,0.1493223066316845,0.12271875527600795,0.17576283698969924,20,0,0.13946219695570092,0.15518479619186193,1.0,0.0,1.0,1.0,1.0,20,0,1.0,1.0
own_late,uniform,900,29,180,1.09861228866811,2.278129578503827e-16,1.0986122886681098,1.0986122886681098,1.0986122886681098,20,0,1.09861228866811,1.09861228866811,0.6666666666666666,1.1390647892519134e-16,0.6666666666666667,0.6666666666666667,0.6666666666666667,20,0,0.6666666666666666,0.6666666666666666,0.3333333333333333,5.695323946259567e-17,0.33333333333333337,0.33333333333333337,0.33333333333333337,20,0,0.3333333333333333,0.3333333333333333
own_late,expertise,900,29,180,1.774940346833991,0.8840207021169966,1.7624473161495806,0.09670989156154257,3.9279059681140307,20,1,1.4043137698631525,2.162328406639746,0.6911666666666666,0.34672943257705235,0.6862666666666666,0.032933333333333335,1.5356,20,2,0.5458,0.8431074999999995,0.6475,0.17690277172298585,0.6499999999999999,0.21666666666666667,0.9833333333333333,20,2,0.5699791666666665,0.7216666666666666
own_late,marginal,900,29,180,0.8786594168505983,0.27644096128651297,0.8797866862954042,0.3829655516029724,1.4299556309023447,20,0,0.7605964774023029,1.0007149920583924,0.5167034193110188,0.18931250484861986,0.5103014559482578,0.16726446454942537,0.9655670575761174,20,1,0.4367511950325948,0.601104370229449,0.6475,0.17690277172298585,0.6499999999999999,0.21666666666666667,0.9833333333333333,20,2,0.5699791666666665,0.7216666666666666
own_late,repeat_last,900,29,180,0.681199171485542,0.22437409955035836,0.6967227331248188,0.21896080354088424,1.0713089275745702,20,0,0.5848169076650368,0.7771971537220771,0.37548806895699893,0.13775348203138596,0.3979617804329936,0.0776133906901128,0.6132105371470948,20,2,0.3151849964863987,0.43349681542645857,0.7499999999999999,0.11081832770072811,0.7333333333333333,0.5,0.9666666666666666,20,2,0.7041666666666667,0.7983333333333332
own_late,win_stay_expertise,900,29,180,0.7582659923076742,0.2950709515934696,0.7268047433504428,0.23322716876586497,1.438404172134506,20,0,0.633455031416662,0.890131242781985,0.4279216044170209,0.1927795594513829,0.38961970488245923,0.08244908456688446,0.8842810150329488,20,1,0.347089626606913,0.5139537853190067,0.7391666666666667,0.13401961539245483,0.7833333333333332,0.48333333333333334,0.9666666666666667,20,0,0.6808333333333333,0.795
own_late,history_frequency,900,29,180,0.5999739138881679,0.21692980919372493,0.6428227393714074,0.16092867871605593,0.9665953964140573,20,0,0.5026168524687201,0.6893691868990962,0.3250290187475299,0.13179270107669688,0.3575676488745865,0.057189058274914134,0.5410975724529148,20,0,0.2657998462979751,0.37922351182452313,0.7829166666666666,0.10233338016139532,0.7666666666666666,0.625,0.975,20,0,0.7395833333333333,0.8276458333333332
own_late,reward_learning,900,29,180,0.552325529607524,0.17235494631926812,0.5533682828156883,0.2615436366486342,0.86900255358001,20,0,0.47862420746215173,0.6258759092710382,0.30767489912264895,0.11194801736023909,0.31782287902298156,0.11098265817586109,0.49565090328046885,20,0,0.2594673046501307,0.3550840823957018,0.7849999999999999,0.0986606209622409,0.7666666666666666,0.6166666666666667,0.9666666666666666,20,0,0.7441666666666666,0.8275
own_late,belief_static,900,29,180,0.6078564178353184,0.17103872200144402,0.6218552040029112,0.29557622112851645,0.965386024327771,20,1,0.5355024673386567,0.6828331774409625,0.3388748290366583,0.10467371649511159,0.33830901490520005,0.14225306979332225,0.5468235749113651,20,1,0.29474653567389886,0.38482177622660696,0.7558333333333332,0.09871617416075075,0.7666666666666666,0.5333333333333333,0.95,20,3,0.7125,0.7975000000000001
own_late,belief_dynamic,900,29,180,0.5824265673756164,0.18442530231540488,0.5730705236106132,0.2665338828513128,1.0100040134559287,20,1,0.5052293490928219,0.6644654127436596,0.32899652679102875,0.12393754163094564,0.31875028396724336,0.11257088223731303,0.6135339875145466,20,1,0.27695112760435936,0.38461510899350665,0.7575,0.1272143055326866,0.7833333333333332,0.43333333333333335,0.9666666666666666,20,1,0.7000000000000001,0.8099999999999999
own_late,simple_selected,900,29,180,0.552325529607524,0.17235494631926812,0.5533682828156883,0.2615436366486342,0.86900255358001,20,0,0.47862420746215173,0.6258759092710382,0.30767489912264895,0.11194801736023909,0.31782287902298156,0.11098265817586109,0.49565090328046885,20,0,0.2594673046501307,0.3550840823957018,0.7849999999999999,0.0986606209622409,0.7666666666666666,0.6166666666666667,0.9666666666666666,20,0,0.7441666666666666,0.8275
own_late,belief_selected,900,29,180,0.5824265673756164,0.18442530231540488,0.5730705236106132,0.2665338828513128,1.0100040134559287,20,1,0.5052293490928219,0.6644654127436596,0.32899652679102875,0.12393754163094564,0.31875028396724336,0.11257088223731303,0.6135339875145466,20,1,0.27695112760435936,0.38461510899350665,0.7575,0.1272143055326866,0.7833333333333332,0.43333333333333335,0.9666666666666666,20,1,0.7000000000000001,0.8099999999999999
swap_post,uniform,1200,44,120,1.09861228866811,2.278129578503827e-16,1.0986122886681098,1.0986122886681098,1.0986122886681098,20,0,1.09861228866811,1.09861228866811,0.6666666666666666,1.1390647892519134e-16,0.6666666666666667,0.6666666666666667,0.6666666666666667,20,0,0.6666666666666666,0.6666666666666666,0.3333333333333333,5.695323946259567e-17,0.33333333333333337,0.33333333333333337,0.33333333333333337,20,0,0.3333333333333333,0.3333333333333333
swap_post,expertise,1200,44,120,1.466778923285204,0.6368644451350499,1.429299831231973,0.34657050524974836,2.6786028996730016,20,0,1.1919322482281776,1.7416255983422304,0.5703000000000001,0.24979013179371296,0.5556,0.13093333333333335,1.0456,20,0,0.4625,0.6781,0.7091666666666666,0.12744394479271065,0.7166666666666666,0.4666666666666667,0.9333333333333333,20,0,0.6541666666666666,0.7641666666666665
swap_post,marginal,1200,44,120,0.7707482257060089,0.16776211847378417,0.7683422036123237,0.44636764597190076,1.0797625338575862,20,0,0.6979979807472925,0.8417653459196579,0.44658994724092016,0.1277293557085418,0.4362683970273206,0.2131171222578255,0.6977934175615136,20,0,0.3915994776629669,0.5017035626828481,0.7091666666666666,0.12744394479271065,0.7166666666666666,0.4666666666666667,0.9333333333333333,20,0,0.6541666666666666,0.7641666666666665
swap_post,repeat_last,1200,44,120,0.6310781680446342,0.18047380745050656,0.6321906752919513,0.3548799001858774,0.9548496347795521,20,0,0.5530449469507137,0.7088386030023045,0.3533355517974517,0.11923650132726094,0.35841686686754987,0.17366904421329646,0.5786664139011488,20,0,0.30215675586696455,0.4048842845626056,0.7575000000000001,0.09184193769987564,0.75,0.5833333333333333,0.8833333333333333,20,0,0.7175,0.7958333333333334
swap_post,win_stay_expertise,1200,44,120,0.704267256002494,0.21442422605922354,0.7062786967488115,0.32507215209980356,1.1101610893055756,20,0,0.6111928456100163,0.7974253825437534,0.3961808056309676,0.1469810205738812,0.39208422168210827,0.15013276450019936,0.7011977209475162,20,0,0.3327345013366907,0.4603640996826384,0.7541666666666667,0.10314853311143564,0.75,0.5333333333333333,0.9166666666666666,20,0,0.7091666666666666,0.7983333333333332
swap_post,history_frequency,1200,44,120,0.5946726003390881,0.1856672512155977,0.6195580873476058,0.3010724364445447,0.9455460525007595,20,0,0.5134350100871458,0.6742869985925031,0.3241904578936108,0.11524193200813496,0.3370918906131618,0.14250464744675506,0.5458904132748208,20,0,0.27471980024221765,0.3738843989493347,0.7856944444444445,0.0864724309768052,0.786111111111111,0.6,0.9333333333333333,20,1,0.7474999999999999,0.8220833333333333
swap_post,reward_learning,1200,44,120,0.5291316226308058,0.1378967965649438,0.534391402663821,0.30746693631221544,0.7728071195570269,20,0,0.4695995813782455,0.5897192385494017,0.29908929942329626,0.09263311985750411,0.30431869846059945,0.15542659640664294,0.4733712540141086,20,0,0.25900079209311067,0.33953861328996854,0.7883333333333333,0.07114354158159354,0.7749999999999999,0.6499999999999999,0.8999999999999999,20,0,0.7575000000000001,0.82
swap_post,belief_static,1200,44,120,0.580003037736349,0.14403091308252847,0.5622490858525615,0.3477891910470865,0.8469259015421978,20,0,0.5180997121936256,0.6442005524520757,0.32810663540330115,0.0917522592008229,0.33234899693258346,0.2034222860114068,0.5031087619015319,20,0,0.2889585790946916,0.36927194360593163,0.7725,0.07859791077978705,0.7666666666666666,0.6333333333333333,0.8999999999999999,20,0,0.7383333333333333,0.8066666666666666
swap_post,belief_dynamic,1200,44,120,0.5573228763636877,0.14977189716187983,0.557538693079642,0.32244529097208763,0.8300225651893189,20,0,0.4927567427573724,0.6232337480081855,0.3171904654178217,0.10139178594525117,0.31339427632654193,0.16881311618722514,0.5215620169749796,20,1,0.2741910713404917,0.3624420004089576,0.7766666666666666,0.08225619655287393,0.7916666666666665,0.5833333333333333,0.8833333333333333,20,0,0.74,0.8099999999999999
swap_post,simple_selected,1200,44,120,0.5291316226308058,0.1378967965649438,0.534391402663821,0.30746693631221544,0.7728071195570269,20,0,0.4695995813782455,0.5897192385494017,0.29908929942329626,0.09263311985750411,0.30431869846059945,0.15542659640664294,0.4733712540141086,20,0,0.25900079209311067,0.33953861328996854,0.7883333333333333,0.07114354158159354,0.7749999999999999,0.6499999999999999,0.8999999999999999,20,0,0.7575000000000001,0.82
swap_post,belief_selected,1200,44,120,0.5573228763636877,0.14977189716187983,0.557538693079642,0.32244529097208763,0.8300225651893189,20,0,0.4927567427573724,0.6232337480081855,0.3171904654178217,0.10139178594525117,0.31339427632654193,0.16881311618722514,0.5215620169749796,20,1,0.2741910713404917,0.3624420004089576,0.7766666666666666,0.08225619655287393,0.7916666666666665,0.5833333333333333,0.8833333333333333,20,0,0.74,0.8099999999999999
swap_late,uniform,600,18,120,1.09861228866811,2.278129578503827e-16,1.0986122886681098,1.0986122886681098,1.0986122886681098,20,0,1.09861228866811,1.09861228866811,0.6666666666666666,1.1390647892519134e-16,0.6666666666666667,0.6666666666666667,0.6666666666666667,20,0,0.6666666666666666,0.6666666666666666,0.3333333333333333,5.695323946259567e-17,0.33333333333333337,0.33333333333333337,0.33333333333333337,20,0,0.3333333333333333,0.3333333333333333
swap_late,expertise,600,18,120,1.4376285183549133,0.7300396139728635,1.512586702461375,0.17999676279094448,2.8451766421318054,20,0,1.1211384076831863,1.7457899419037006,0.5588666666666666,0.28633517349244286,0.5882666666666667,0.0656,1.1109333333333333,20,0,0.4347333333333333,0.6797333333333333,0.7150000000000001,0.1460893742308382,0.7000000000000001,0.43333333333333335,0.9666666666666667,20,0,0.6533333333333332,0.7783333333333333
swap_late,marginal,600,18,120,0.766315488232188,0.21720619474188674,0.7613041414743446,0.42394717349147637,1.2301365940913074,20,0,0.6737283890971798,0.8603111607686201,0.44095959857352335,0.154332472828954,0.44859952690379157,0.20077194903281345,0.7581802375688155,20,0,0.37602143393848214,0.5072285534767017,0.7150000000000001,0.1460893742308382,0.7000000000000001,0.43333333333333335,0.9666666666666667,20,0,0.6533333333333332,0.7783333333333333
swap_late,repeat_last,600,18,120,0.673696228107949,0.26368611219337873,0.6480690710306085,0.2736519029108908,1.121487614710352,20,0,0.5626545081836286,0.7892979546994796,0.373752509172406,0.1621998246327946,0.3544795579310171,0.11882446590004345,0.6498335917032664,20,0,0.3067853794359593,0.44228833067535767,0.73,0.1315227950358229,0.7666666666666666,0.5,0.9333333333333333,20,0,0.6733333333333335,0.7833333333333334
swap_late,win_stay_expertise,600,18,120,0.7142025799744638,0.2964779523464848,0.6863785732854096,0.2829076987656016,1.2909189433818231,20,0,0.5896482828265508,0.8442229073686945,0.3995690286138081,0.19415052624921256,0.37518436559490975,0.11757308602727146,0.7959366001004917,20,1,0.31903675425023054,0.48355337025473805,0.7483333333333334,0.1391179397834465,0.7666666666666667,0.4666666666666667,0.9333333333333333,20,1,0.6883333333333334,0.805
swap_late,history_frequency,600,18,120,0.6324988375986254,0.2692096406373189,0.6628755882943627,0.21181870961578486,1.1268173123707061,20,0,0.5177829686618255,0.7450774583007566,0.34491054498428675,0.1659266761332007,0.35901868796594705,0.09851083943604969,0.6523410818375897,20,0,0.2746354822954859,0.41527252273578635,0.7713888888888889,0.1351036831406925,0.7666666666666667,0.5166666666666666,0.9666666666666667,20,0,0.7133263888888888,0.8291666666666668
swap_late,reward_learning,600,18,120,0.5622343369193047,0.19643451480746135,0.5336549195238194,0.24484642038005328,0.9015332880249635,20,0,0.4814076315225371,0.6469958996936249,0.3146387314745844,0.12417753387514524,0.29418857165090484,0.10723362707741435,0.519018648521618,20,0,0.26335654730357616,0.36797816928991517,0.7733333333333333,0.1006412190444861,0.7666666666666667,0.5666666666666667,0.9333333333333333,20,0,0.7300000000000002,0.8166666666666668
swap_late,belief_static,600,18,120,0.6377263726496933,0.2125037576435401,0.5982315802908825,0.3190503531150465,1.0215842799864623,20,0,0.5491850143157382,0.730666853378575,0.3583818097480199,0.12732156521698063,0.34396966176506805,0.1780193311483085,0.5816466375312855,20,0,0.30525821055808217,0.4130844025633895,0.7483333333333333,0.10786335301656724,0.7666666666666667,0.5666666666666667,0.9333333333333333,20,0,0.7033333333333334,0.795
swap_late,belief_dynamic,600,18,120,0.5943763873603214,0.21628701640391707,0.5723166763609661,0.2642014873394941,1.0220130501888793,20,0,0.5041028082699475,0.6893431962370998,0.33543497075271494,0.13798165546933705,0.30986692012624006,0.11822669207976229,0.6074771732099156,20,0,0.27803696831394736,0.396855990146803,0.7583333333333334,0.11691702460837282,0.8,0.5,0.9333333333333333,20,0,0.7066666666666668,0.8066666666666666
swap_late,simple_selected,600,18,120,0.5622343369193047,0.19643451480746135,0.5336549195238194,0.24484642038005328,0.9015332880249635,20,0,0.4814076315225371,0.6469958996936249,0.3146387314745844,0.12417753387514524,0.29418857165090484,0.10723362707741435,0.519018648521618,20,0,0.26335654730357616,0.36797816928991517,0.7733333333333333,0.1006412190444861,0.7666666666666667,0.5666666666666667,0.9333333333333333,20,0,0.7300000000000002,0.8166666666666668
swap_late,belief_selected,600,18,120,0.5943763873603214,0.21628701640391707,0.5723166763609661,0.2642014873394941,1.0220130501888793,20,0,0.5041028082699475,0.6893431962370998,0.33543497075271494,0.13798165546933705,0.30986692012624006,0.11822669207976229,0.6074771732099156,20,0,0.27803696831394736,0.396855990146803,0.7583333333333334,0.11691702460837282,0.8,0.5,0.9333333333333333,20,0,0.7066666666666668,0.8066666666666666
condition:full_history,uniform,1140,24,60,1.09861228866811,2.278129578503827e-16,1.0986122886681098,1.0986122886681098,1.0986122886681098,20,0,1.09861228866811,1.09861228866811,0.6666666666666666,1.1390647892519134e-16,0.6666666666666667,0.6666666666666667,0.6666666666666667,20,0,0.6666666666666666,0.6666666666666666,0.33333333333333326,5.695323946259567e-17,0.3333333333333333,0.3333333333333333,0.3333333333333333,20,0,0.33333333333333326,0.33333333333333326
condition:full_history,expertise,1140,24,60,1.749296757534412,0.8852447748606396,1.8545012264557617,0.2764341926355151,3.344897869508217,20,0,1.3766975967712984,2.139429996451084,0.6811087719298246,0.3472095367723727,0.7223719298245614,0.10342456140350878,1.3069333333333333,20,0,0.5349684210526316,0.8341263157894737,0.6526315789473685,0.1771477228430473,0.631578947368421,0.3333333333333333,0.9473684210526315,20,0,0.574561403508772,0.7271929824561403
condition:full_history,marginal,1140,24,60,0.8756708444371236,0.28924017012233827,0.8844547049965148,0.4572654478359822,1.5072340236583497,20,0,0.7548864682108436,1.0062931077508346,0.5131295905029637,0.18821326643720407,0.5349067961706745,0.22095797159510655,0.8590887327937342,20,0,0.4352161849252624,0.5974116504720793,0.6526315789473685,0.1771477228430473,0.631578947368421,0.3333333333333333,0.9473684210526315,20,0,0.574561403508772,0.7271929824561403
condition:full_history,repeat_last,1140,24,60,0.6247697637533001,0.1609876905403809,0.6123408332291668,0.3370384981095634,0.8955487036741184,20,0,0.5568690626700631,0.6927441918183436,0.3426592711005011,0.09602300793940571,0.34422372613445973,0.1620077371677184,0.5076646461433338,20,0,0.3023351212192412,0.3830249265422369,0.7921052631578949,0.07000787936686899,0.7982456140350878,0.6491228070175439,0.9298245614035088,20,0,0.762280701754386,0.8219298245614036
condition:full_history,win_stay_expertise,1140,24,60,0.7034884895251866,0.23582537486985908,0.6494905469036117,0.3055670985600804,1.1629984891460574,20,0,0.6052022367563513,0.8047724230085044,0.39333852928155083,0.15080402744009444,0.37385320913824516,0.13500364424098757,0.7455317564195478,20,0,0.330703369374994,0.45878062592690483,0.7710526315789473,0.09274172220019991,0.763157894736842,0.5614035087719298,0.9298245614035088,20,0,0.7306798245614035,0.8087938596491225
condition:full_history,history_frequency,1140,24,60,0.5735565857521883,0.14065114578285762,0.5761732473550476,0.29146908788415843,0.78638105326163,20,0,0.5123330694305726,0.6311301618781244,0.3088077589266426,0.09041775837269221,0.305524115132513,0.12366057064174282,0.4406636860974682,20,0,0.2690084784751423,0.34575620717096006,0.8007309941520468,0.06820008223747706,0.7982456140350878,0.7017543859649122,0.9473684210526315,20,0,0.773534356725146,0.8309941520467836
condition:full_history,reward_learning,1140,24,60,0.5172992020546663,0.14315787562858706,0.49947961874135705,0.24894342165548602,0.8358695383706605,20,0,0.4568131868533705,0.5781633767154954,0.2848431071555735,0.09046320696352017,0.28090711622003406,0.10837538419991957,0.4689504605682896,20,0,0.24592470438910846,0.32324511521305227,0.7991228070175438,0.07730936412664131,0.8070175438596491,0.631578947368421,0.9473684210526315,20,0,0.7657894736842105,0.832456140350877
condition:full_history,belief_static,1140,24,60,0.5224659440538446,0.13406416166055954,0.5159942748772388,0.24142125362425354,0.762446891312997,20,0,0.4644811101041351,0.5778603350350947,0.28984780160958606,0.08417863188666941,0.28117475858916924,0.10530496776329329,0.42212991068204553,20,0,0.252771056756062,0.3245166533108956,0.7921052631578946,0.0772674449888831,0.7894736842105263,0.6842105263157894,0.9298245614035088,20,0,0.7596491228070176,0.8254385964912281
condition:full_history,belief_dynamic,1140,24,60,0.529048704572407,0.14416033632047062,0.5179321253162714,0.2592356809763996,0.7836684232618032,20,0,0.4676516937690955,0.5891478208958358,0.2957614401295587,0.09210175540275614,0.28504798454128943,0.11459862106868274,0.44173808683596616,20,0,0.25632418050152367,0.3340001541751043,0.7842105263157894,0.08708914934283615,0.8070175438596491,0.631578947368421,0.9298245614035088,20,0,0.7473684210526315,0.8201754385964912
condition:full_history,simple_selected,1140,24,60,0.5172992020546663,0.14315787562858706,0.49947961874135705,0.24894342165548602,0.8358695383706605,20,0,0.4568131868533705,0.5781633767154954,0.2848431071555735,0.09046320696352017,0.28090711622003406,0.10837538419991957,0.4689504605682896,20,0,0.24592470438910846,0.32324511521305227,0.7991228070175438,0.07730936412664131,0.8070175438596491,0.631578947368421,0.9473684210526315,20,0,0.7657894736842105,0.832456140350877
condition:full_history,belief_selected,1140,24,60,0.529048704572407,0.14416033632047062,0.5179321253162714,0.2592356809763996,0.7836684232618032,20,0,0.4676516937690955,0.5891478208958358,0.2957614401295587,0.09210175540275614,0.28504798454128943,0.11459862106868274,0.44173808683596616,20,0,0.25632418050152367,0.3340001541751043,0.7842105263157894,0.08708914934283615,0.8070175438596491,0.631578947368421,0.9298245614035088,20,0,0.7473684210526315,0.8201754385964912
condition:no_history,uniform,1140,0,60,1.09861228866811,2.278129578503827e-16,1.0986122886681098,1.0986122886681098,1.0986122886681098,20,0,1.09861228866811,1.09861228866811,0.6666666666666666,1.1390647892519134e-16,0.6666666666666667,0.6666666666666667,0.6666666666666667,20,0,0.6666666666666666,0.6666666666666666,0.33333333333333326,5.695323946259567e-17,0.3333333333333333,0.3333333333333333,0.3333333333333333,20,0,0.33333333333333326,0.33333333333333326
condition:no_history,expertise,1140,0,60,0.42109033740237106,0.3765746902682261,0.40793977878720233,0.013423020332140663,1.328478881849013,20,0,0.26328363402034644,0.5788970407843959,0.16016140350877192,0.14769962781064028,0.1550035087719298,0.00026666666666666603,0.5160561403508772,20,0,0.09826666666666665,0.22205614035087723,0.9184210526315789,0.0753569529646124,0.9210526315789473,0.7368421052631579,1.0,20,0,0.8868421052631577,0.95
condition:no_history,marginal,1140,0,60,0.4661152299035928,0.11243180509605598,0.44562434157022657,0.31662057302258967,0.7191079331399761,20,2,0.4197266627296919,0.5154358869294401,0.22859326337627506,0.07970766999165482,0.2260160310437892,0.12271875527600791,0.4115375761345218,20,1,0.19528801667697976,0.2632608109592909,0.9184210526315789,0.0753569529646124,0.9210526315789473,0.7368421052631579,1.0,20,0,0.8868421052631577,0.95
condition:no_history,repeat_last,1140,0,60,0.4661152299035928,0.11243180509605598,0.44562434157022657,0.31662057302258967,0.7191079331399761,20,2,0.4197266627296919,0.5154358869294401,0.22859326337627506,0.07970766999165482,0.2260160310437892,0.12271875527600791,0.4115375761345218,20,1,0.19528801667697976,0.2632608109592909,0.9184210526315789,0.0753569529646124,0.9210526315789473,0.7368421052631579,1.0,20,0,0.8868421052631577,0.95
condition:no_history,win_stay_expertise,1140,0,60,0.34666551811380647,0.17113998062285585,0.3296524218751046,0.15357444938484174,0.7552092663473307,20,1,0.2756541229149402,0.4203778281381692,0.16048242193349824,0.11280412755023972,0.15614872202470087,0.03346028392670551,0.4331873503565297,20,1,0.11330542728573921,0.20869506805812882,0.9184210526315789,0.0753569529646124,0.9210526315789473,0.7368421052631579,1.0,20,0,0.8868421052631577,0.95
condition:no_history,history_frequency,1140,0,60,1.09861228866811,2.278129578503827e-16,1.0986122886681098,1.0986122886681098,1.0986122886681098,20,0,1.09861228866811,1.09861228866811,0.6666666666666666,1.1390647892519134e-16,0.6666666666666667,0.6666666666666667,0.6666666666666667,20,0,0.6666666666666666,0.6666666666666666,0.33333333333333326,5.695323946259567e-17,0.3333333333333333,0.3333333333333333,0.3333333333333333,20,0,0.33333333333333326,0.33333333333333326
condition:no_history,reward_learning,1140,0,60,0.4661152299035927,0.112431805096056,0.44562434157022657,0.31662057302258967,0.7191079331399761,20,2,0.4197266627296919,0.5154358869294399,0.22859326337627506,0.07970766999165481,0.22601603104378923,0.12271875527600794,0.4115375761345218,20,1,0.1952880166769798,0.2632608109592909,0.9184210526315789,0.0753569529646124,0.9210526315789473,0.7368421052631579,1.0,20,0,0.8868421052631577,0.95
condition:no_history,belief_static,1140,0,60,0.4661152299035927,0.112431805096056,0.44562434157022657,0.31662057302258967,0.7191079331399761,20,2,0.4197266627296919,0.5154358869294399,0.22859326337627506,0.07970766999165481,0.22601603104378923,0.12271875527600794,0.4115375761345218,20,1,0.1952880166769798,0.2632608109592909,0.9184210526315789,0.0753569529646124,0.9210526315789473,0.7368421052631579,1.0,20,0,0.8868421052631577,0.95
condition:no_history,belief_dynamic,1140,0,60,0.4661152299035927,0.112431805096056,0.44562434157022657,0.31662057302258967,0.7191079331399761,20,2,0.4197266627296919,0.5154358869294399,0.22859326337627506,0.07970766999165481,0.22601603104378923,0.12271875527600794,0.4115375761345218,20,1,0.1952880166769798,0.2632608109592909,0.9184210526315789,0.0753569529646124,0.9210526315789473,0.7368421052631579,1.0,20,0,0.8868421052631577,0.95
condition:no_history,simple_selected,1140,0,60,0.4661152299035927,0.112431805096056,0.44562434157022657,0.31662057302258967,0.7191079331399761,20,2,0.4197266627296919,0.5154358869294399,0.22859326337627506,0.07970766999165481,0.22601603104378923,0.12271875527600794,0.4115375761345218,20,1,0.1952880166769798,0.2632608109592909,0.9184210526315789,0.0753569529646124,0.9210526315789473,0.7368421052631579,1.0,20,0,0.8868421052631577,0.95
condition:no_history,belief_selected,1140,0,60,0.4661152299035927,0.112431805096056,0.44562434157022657,0.31662057302258967,0.7191079331399761,20,2,0.4197266627296919,0.5154358869294399,0.22859326337627506,0.07970766999165481,0.22601603104378923,0.12271875527600794,0.4115375761345218,20,1,0.1952880166769798,0.2632608109592909,0.9184210526315789,0.0753569529646124,0.9210526315789473,0.7368421052631579,1.0,20,0,0.8868421052631577,0.95
condition:random_target,uniform,1140,15,60,1.09861228866811,2.278129578503827e-16,1.0986122886681098,1.0986122886681098,1.0986122886681098,20,0,1.09861228866811,1.09861228866811,0.6666666666666666,1.1390647892519134e-16,0.6666666666666667,0.6666666666666667,0.6666666666666667,20,0,0.6666666666666666,0.6666666666666666,0.33333333333333326,5.695323946259567e-17,0.3333333333333333,0.3333333333333333,0.3333333333333333,20,0,0.33333333333333326,0.33333333333333326
condition:random_target,expertise,1140,15,60,1.3503964795409606,0.7999172519683874,1.3284788818490125,0.36410458340330665,3.081886697204842,20,0,1.0128654750849637,1.709845081688906,0.5246526315789474,0.3137424884048556,0.5160561403508772,0.13781052631578947,1.2037754385964914,20,0,0.3922666666666667,0.6656350877192982,0.7324561403508771,0.16007269816574263,0.7368421052631579,0.38596491228070173,0.9298245614035088,20,0,0.6605263157894735,0.7999999999999998
condition:random_target,marginal,1140,15,60,0.7616092095030393,0.2667522866441005,0.702458111476665,0.47531262055888535,1.3383426340552225,20,0,0.6517515108858212,0.8831972064175803,0.4305665536666231,0.17187708546697963,0.4073442170538382,0.2305134969483261,0.765770195486611,20,0,0.3595425174090398,0.5095640366254067,0.7324561403508771,0.16007269816574263,0.7368421052631579,0.38596491228070173,0.9298245614035088,20,0,0.6605263157894735,0.7999999999999998
condition:random_target,repeat_last,1140,15,60,0.571164687800432,0.16139196755804222,0.5245928451627007,0.3664991954510591,0.870074683090426,20,0,0.5039085461925153,0.639786572699876,0.3130986094587187,0.10254789590281557,0.3076511253009754,0.16432868456931957,0.48370269256301685,20,0,0.26992640379713995,0.3564909448149193,0.7991228070175438,0.0809932909052605,0.7982456140350878,0.631578947368421,0.9298245614035088,20,0,0.7640350877192983,0.8333333333333333
condition:random_target,win_stay_expertise,1140,15,60,0.6500018630093738,0.23332194326236427,0.6347923570455114,0.3390412163707587,1.1249985480126359,20,0,0.5525926164920802,0.7531223915020788,0.36194161285988324,0.1558311275354679,0.34127112507214535,0.15903239080619577,0.7342910202692047,20,0,0.2967972457752928,0.4314480966834006,0.7798245614035088,0.10077778232323084,0.7982456140350878,0.5438596491228069,0.9298245614035088,20,1,0.7368421052631577,0.8219298245614034
condition:random_target,history_frequency,1140,15,60,0.5420480288744953,0.15632088962790916,0.5572446746981661,0.3212499020751896,0.8341212264416948,20,0,0.4761652394422538,0.6069116993161535,0.284777050767163,0.10033033609703552,0.30501475173291337,0.1396798799282732,0.4594292505175276,20,0,0.2421027654673701,0.32627391117573584,0.8210526315789475,0.07904477421802672,0.8157894736842104,0.6666666666666666,0.9298245614035088,20,0,0.787719298245614,0.8548245614035086
condition:random_target,reward_learning,1140,15,60,0.5063625133066192,0.13987082291161332,0.5076568252838414,0.3178222229117037,0.7633412456236157,20,0,0.44897482866362004,0.5672755752632066,0.27520616214654764,0.09371683167254995,0.28418875478420397,0.13898375003518545,0.47341777989738176,20,0,0.23666784750059736,0.31599489991975543,0.8114035087719298,0.08516597861298177,0.7982456140350878,0.5964912280701754,0.9473684210526315,20,0,0.7728070175438596,0.8464912280701753
condition:random_target,belief_static,1140,15,60,0.5335729732497382,0.1381065722657041,0.5106562818767306,0.3363977885153245,0.823525879543655,20,0,0.47608287682979455,0.5923034073690236,0.2933539492345904,0.0905646659256524,0.283001606722383,0.1607801277612114,0.4504026408198314,20,0,0.2555804349565057,0.331676890670997,0.807017543859649,0.0876269134930253,0.8070175438596491,0.6666666666666666,0.9298245614035088,20,0,0.7692982456140349,0.8438596491228069
condition:random_target,belief_dynamic,1140,15,60,0.530888069855504,0.13745410249836312,0.5092649005096124,0.346454930345832,0.8096094581279726,20,0,0.47524968559927,0.5916640768197007,0.29392300100551344,0.0935148061135393,0.29725573106140013,0.16502336806819007,0.4785971031013677,20,0,0.2555047109322704,0.3350305760393204,0.7956140350877192,0.09357638844276901,0.7982456140350878,0.5614035087719298,0.9122807017543859,20,1,0.7526315789473685,0.8333333333333334
condition:random_target,simple_selected,1140,15,60,0.5063625133066192,0.13987082291161332,0.5076568252838414,0.3178222229117037,0.7633412456236157,20,0,0.44897482866362004,0.5672755752632066,0.27520616214654764,0.09371683167254995,0.28418875478420397,0.13898375003518545,0.47341777989738176,20,0,0.23666784750059736,0.31599489991975543,0.8114035087719298,0.08516597861298177,0.7982456140350878,0.5964912280701754,0.9473684210526315,20,0,0.7728070175438596,0.8464912280701753
condition:random_target,belief_selected,1140,15,60,0.530888069855504,0.13745410249836312,0.5092649005096124,0.346454930345832,0.8096094581279726,20,0,0.47524968559927,0.5916640768197007,0.29392300100551344,0.0935148061135393,0.29725573106140013,0.16502336806819007,0.4785971031013677,20,0,0.2555047109322704,0.3350305760393204,0.7956140350877192,0.09357638844276901,0.7982456140350878,0.5614035087719298,0.9122807017543859,20,1,0.7526315789473685,0.8333333333333334
condition:shuffled_history,uniform,1140,24,60,1.09861228866811,2.278129578503827e-16,1.0986122886681098,1.0986122886681098,1.0986122886681098,20,0,1.09861228866811,1.09861228866811,0.6666666666666666,1.1390647892519134e-16,0.6666666666666667,0.6666666666666667,0.6666666666666667,20,0,0.6666666666666666,0.6666666666666666,0.33333333333333326,5.695323946259567e-17,0.3333333333333333,0.3333333333333333,0.3333333333333333,20,0,0.33333333333333326,0.33333333333333326
condition:shuffled_history,expertise,1140,24,60,1.7624473161495804,0.8801462871653055,1.8545012264557617,0.3641045834033066,3.344897869508217,20,0,1.3985056064747863,2.1438135159894736,0.6862666666666668,0.34520981466024253,0.7223719298245613,0.13781052631578947,1.3069333333333333,20,0,0.5435219298245615,0.8358456140350878,0.6499999999999999,0.17612745645930739,0.631578947368421,0.3333333333333333,0.9298245614035088,20,0,0.5736842105263158,0.7228289473684207
condition:shuffled_history,marginal,1140,24,60,0.8814002227063635,0.28655093816502425,0.8757480826260237,0.491882275691863,1.5072340236583492,20,0,0.7631252590207731,1.0090757315254966,0.5161284759970933,0.18637635278697623,0.5238810664575636,0.24114513171885513,0.8590887327937342,20,0,0.4395248117285641,0.5986713547070125,0.6499999999999999,0.17612745645930739,0.631578947368421,0.3333333333333333,0.9298245614035088,20,0,0.5736842105263158,0.7228289473684207
condition:shuffled_history,repeat_last,1140,24,60,0.6313934220228635,0.15569743243279152,0.6239690738720355,0.3863492702958472,0.8955487036741184,20,0,0.5655663799441465,0.697171928723325,0.34587801209318003,0.09367068790718218,0.3507840823920258,0.18929429968573305,0.5252907486394427,20,0,0.30615962535928487,0.385146240051182,0.7903508771929826,0.06576022741751336,0.7982456140350878,0.6491228070175439,0.9298245614035088,20,0,0.762280701754386,0.8184210526315789
condition:shuffled_history,win_stay_expertise,1140,24,60,0.7108399234146228,0.22784888951024293,0.6964077982606054,0.35487787074636423,1.1629984891460574,20,0,0.6149641673423483,0.8081251305118461,0.39741691939703666,0.1459275955033479,0.3964820599481835,0.16229020675900221,0.7455317564195478,20,0,0.33644039777418283,0.46084345793564463,0.7684210526315789,0.08792220300219081,0.7543859649122806,0.5614035087719298,0.9122807017543859,20,1,0.7307017543859649,0.8043859649122806
condition:shuffled_history,history_frequency,1140,24,60,0.582467537422193,0.1358968874511706,0.5838438105200254,0.29146908788415843,0.8273520120978552,20,0,0.5239717899712147,0.6379387793866618,0.3138881637190617,0.08821729890544464,0.3061838860495136,0.12865299050620546,0.46231053320860305,20,0,0.27525118241504065,0.3494425208499036,0.7972222222222223,0.06894814636856701,0.7894736842105263,0.6754385964912281,0.9298245614035088,20,0,0.7691483918128654,0.8280701754385964
condition:shuffled_history,reward_learning,1140,24,60,0.5221715694062106,0.1372078578405424,0.5043331344330392,0.24894342165548602,0.7948676320959571,20,0,0.46382457128362037,0.5799467683610586,0.2872658798214893,0.0874427053575845,0.2762908043946969,0.10837538419991957,0.44042013825993626,20,0,0.24982274534866522,0.32409412942474247,0.7964912280701753,0.0775029452149077,0.8070175438596491,0.6491228070175439,0.9298245614035088,20,0,0.7631578947368419,0.8289473684210525
condition:shuffled_history,belief_static,1140,24,60,0.5297003292652804,0.13181060489910895,0.5239658528609767,0.24142125362425354,0.7484155615854526,20,0,0.47126221427758885,0.5844352718375903,0.29334503122830413,0.0825284258764724,0.2911510801434598,0.10530496776329329,0.40776916373618294,20,0,0.2567423663668998,0.32708057477806385,0.7903508771929824,0.07453559924999299,0.7894736842105263,0.6842105263157894,0.9298245614035088,20,0,0.7596491228070175,0.8228070175438595
condition:shuffled_history,belief_dynamic,1140,24,60,0.5350235901646357,0.14084521594482233,0.5288570069204337,0.25923568097639965,0.7640458818075901,20,0,0.4746280855758924,0.593987896146796,0.29885338670183437,0.08998282035076273,0.29163359330600835,0.11459862106868272,0.4346010510125502,20,0,0.26003616444285466,0.33624991018945993,0.7833333333333331,0.08581025151199032,0.8070175438596491,0.631578947368421,0.9298245614035088,20,0,0.7464912280701754,0.8184210526315789
condition:shuffled_history,simple_selected,1140,24,60,0.5221715694062106,0.1372078578405424,0.5043331344330392,0.24894342165548602,0.7948676320959571,20,0,0.46382457128362037,0.5799467683610586,0.2872658798214893,0.0874427053575845,0.2762908043946969,0.10837538419991957,0.44042013825993626,20,0,0.24982274534866522,0.32409412942474247,0.7964912280701753,0.0775029452149077,0.8070175438596491,0.6491228070175439,0.9298245614035088,20,0,0.7631578947368419,0.8289473684210525
condition:shuffled_history,belief_selected,1140,24,60,0.5350235901646357,0.14084521594482233,0.5288570069204337,0.25923568097639965,0.7640458818075901,20,0,0.4746280855758924,0.593987896146796,0.29885338670183437,0.08998282035076273,0.29163359330600835,0.11459862106868272,0.4346010510125502,20,0,0.26003616444285466,0.33624991018945993,0.7833333333333331,0.08581025151199032,0.8070175438596491,0.631578947368421,0.9298245614035088,20,0,0.7464912280701754,0.8184210526315789
condition:swap,uniform,2280,47,120,1.0986122886681098,2.278129578503827e-16,1.0986122886681096,1.0986122886681096,1.0986122886681096,20,0,1.0986122886681098,1.0986122886681098,0.6666666666666666,1.1390647892519134e-16,0.6666666666666667,0.6666666666666667,0.6666666666666667,20,0,0.6666666666666666,0.6666666666666666,0.33333333333333326,5.695323946259567e-17,0.3333333333333333,0.3333333333333333,0.3333333333333333,20,0,0.33333333333333326,0.33333333333333326
condition:swap,expertise,2280,47,120,1.2188908933892733,0.53450943081743,1.262726088773169,0.36410458340330665,2.161347594143032,20,0,0.9821808383162365,1.4512174289239208,0.4730736842105263,0.2096445832214041,0.4902666666666667,0.1378105263157895,0.8427228070175439,20,0,0.3802315789473684,0.5641964912280701,0.7587719298245614,0.10696152205173677,0.75,0.5701754385964912,0.9298245614035088,20,0,0.712280701754386,0.8061403508771929
condition:swap,marginal,2280,47,120,0.705178775240087,0.15259108907219754,0.7323760158338646,0.45049187131951807,1.0174167672307557,20,0,0.6380981053737103,0.7705729410322221,0.3974112146070353,0.10799817855081502,0.4205387150813749,0.21647474413288553,0.6055706462138822,20,0,0.3506486014202288,0.44455763190532743,0.7587719298245614,0.10696152205173677,0.75,0.5701754385964912,0.9298245614035088,20,0,0.712280701754386,0.8061403508771929
condition:swap,repeat_last,2280,47,120,0.5685388846381298,0.1547807961191795,0.5531396988493915,0.325192749058014,0.8063307012404584,20,0,0.49990866070013734,0.6352749167822044,0.3093302603205392,0.10073393071912778,0.31008805458526856,0.15216113160592917,0.48619494169654087,20,0,0.26498628947149466,0.35260191256634726,0.793859649122807,0.07889605390902003,0.7894736842105263,0.6491228070175438,0.9122807017543859,20,0,0.7596491228070176,0.8285087719298243
condition:swap,win_stay_expertise,2280,47,120,0.6118712988300594,0.1835969761986125,0.6418371679635292,0.3329664450946319,0.9114395562846862,20,0,0.5311143938264167,0.6907425668296515,0.3351058329699887,0.12118338317040366,0.3650014325106754,0.155904166711917,0.5579943099830842,20,0,0.2821181180837992,0.38832778363009823,0.7964912280701755,0.08517073369958902,0.7807017543859649,0.6140350877192982,0.9122807017543859,20,0,0.7587719298245614,0.8324561403508772
condition:swap,history_frequency,2280,47,120,0.5489936605212861,0.148032500052365,0.5586438492284451,0.30970519843977,0.8045222251122041,20,0,0.4829516384002997,0.6134471212789954,0.29148383587771676,0.09397269119225754,0.2954266014883855,0.14266572729389393,0.46321233720424665,20,0,0.24994083831345285,0.33214107032052875,0.8148391812865496,0.07337632224789593,0.8201754385964911,0.6578947368421052,0.9298245614035088,20,0,0.7816447368421051,0.8460562865497074
condition:swap,reward_learning,2280,47,120,0.47725069959527566,0.12463878362056606,0.47444909127054524,0.29264189333199375,0.6710832370499819,20,0,0.4221676849173555,0.5306254391108844,0.2620683694434582,0.08260558883771267,0.26340739035729654,0.14221541443638927,0.4149236416580892,20,0,0.2253687083088691,0.29792771115732686,0.8188596491228071,0.06706368394227159,0.8114035087719298,0.6754385964912281,0.9210526315789473,20,0,0.7890350877192983,0.8482456140350877
condition:swap,belief_static,2280,47,120,0.5097395186559247,0.12663610516156598,0.4801991571687122,0.3118002998198178,0.730910111736065,20,0,0.45522691408644095,0.5655695295899138,0.2822002219923931,0.08152178314865094,0.2658531560140809,0.17294291932614636,0.44446095726565904,20,0,0.24703557873576107,0.3182413500262924,0.8100877192982455,0.0689690275857973,0.8070175438596491,0.6666666666666666,0.9122807017543859,20,0,0.7798245614035088,0.8403508771929824
condition:swap,belief_dynamic,2280,47,120,0.4965254599901766,0.1306389899164538,0.4857438040812429,0.30492583131547035,0.7123174495590447,20,0,0.4391990046553757,0.5529569585622234,0.27545247267485384,0.08758487993264107,0.27074725980147696,0.15099050599087208,0.4502831268298846,20,0,0.2370303444738475,0.31379355892353544,0.8135964912280702,0.07085743167282241,0.8070175438596491,0.6403508771929824,0.9122807017543859,20,0,0.7811403508771931,0.8442982456140351
condition:swap,simple_selected,2280,47,120,0.47725069959527566,0.12463878362056606,0.47444909127054524,0.29264189333199375,0.6710832370499819,20,0,0.4221676849173555,0.5306254391108844,0.2620683694434582,0.08260558883771267,0.26340739035729654,0.14221541443638927,0.4149236416580892,20,0,0.2253687083088691,0.29792771115732686,0.8188596491228071,0.06706368394227159,0.8114035087719298,0.6754385964912281,0.9210526315789473,20,0,0.7890350877192983,0.8482456140350877
condition:swap,belief_selected,2280,47,120,0.4965254599901766,0.1306389899164538,0.4857438040812429,0.30492583131547035,0.7123174495590447,20,0,0.4391990046553757,0.5529569585622234,0.27545247267485384,0.08758487993264107,0.27074725980147696,0.15099050599087208,0.4502831268298846,20,0,0.2370303444738475,0.31379355892353544,0.8135964912280702,0.07085743167282241,0.8070175438596491,0.6403508771929824,0.9122807017543859,20,0,0.7811403508771931,0.8442982456140351
stable_target:fairness,uniform,380,14,20,1.09861228866811,2.278129578503827e-16,1.0986122886681098,1.0986122886681098,1.0986122886681098,20,0,1.09861228866811,1.09861228866811,0.6666666666666666,1.1390647892519134e-16,0.6666666666666667,0.6666666666666667,0.6666666666666667,20,0,0.6666666666666666,0.6666666666666666,0.33333333333333326,5.695323946259567e-17,0.3333333333333333,0.3333333333333333,0.3333333333333333,20,0,0.33333333333333326,0.33333333333333326
stable_target:fairness,expertise,380,14,20,1.9071034609164363,1.2645283262817348,1.5914900541523873,0.01342302033214066,4.221601777186132,20,0,1.3810811163096877,2.459426922753523,0.7430035087719297,0.4959716305277755,0.6192140350877193,0.00026666666666666603,1.6507929824561403,20,0,0.5366877192982455,0.9596350877192983,0.6210526315789473,0.2530467502692732,0.6842105263157894,0.15789473684210525,1.0,20,0,0.5105263157894736,0.7263157894736842
stable_target:fairness,marginal,380,14,20,0.9870362326213848,0.4896204243297406,0.7850764668776122,0.3680073643671725,1.9852131121550507,20,0,0.7839743791759272,1.196659320823613,0.5648874352791978,0.2902226901015607,0.4685013633744377,0.14932230663168458,1.0246441602451668,20,0,0.4410677172287558,0.693649815077667,0.6210526315789473,0.2530467502692732,0.6842105263157894,0.15789473684210525,1.0,20,0,0.5105263157894736,0.7263157894736842
stable_target:fairness,repeat_last,380,14,20,0.8355819548885949,0.3508474887773624,0.7432886687095126,0.1750805851980627,1.450479516932636,20,0,0.6888057585925758,0.9857221694345459,0.4664705938075976,0.1923850575014497,0.4306396093808355,0.04047612247756335,0.8487726648209148,20,0,0.3848279824734381,0.5494478698589822,0.6789473684210525,0.15263635487799673,0.6842105263157894,0.3157894736842105,1.0,20,1,0.6131578947368421,0.7447368421052631
stable_target:fairness,win_stay_expertise,380,14,20,0.8968119686513523,0.39420596291446447,0.8427203616632002,0.1750805851980627,1.5897907537106633,20,0,0.7284765419669537,1.0648733632845404,0.5083265212013831,0.24441744991857137,0.49379043965103503,0.04047612247756335,0.9678824030251088,20,0,0.4043982188502249,0.6139143837827898,0.6763157894736842,0.15768684374754552,0.6842105263157894,0.3684210526315789,1.0,20,3,0.6078947368421053,0.7447368421052631
stable_target:fairness,history_frequency,380,14,20,0.7735597882661193,0.2775346524292869,0.7825366104077559,0.10866250082766837,1.3315744821880555,20,1,0.6533451050814696,0.8908744143194893,0.4360226709140377,0.18313859247561345,0.43827870480029396,0.01926551253772666,0.7921523623337126,20,0,0.35738271340978567,0.5148220446674998,0.6995614035087719,0.1563449902411264,0.6842105263157894,0.39473684210526316,1.0,20,0,0.6324561403508773,0.7657894736842106
stable_target:fairness,reward_learning,380,14,20,0.7201306197186426,0.26969513871999373,0.670608013818172,0.10179380983415984,1.1852227463436344,20,0,0.6039924023249548,0.8337250855559742,0.40871251220600796,0.1661601264116786,0.3851045307933647,0.016168633816214008,0.7216813702496396,20,0,0.33701492461456745,0.47858016696990746,0.7026315789473684,0.1358315552479573,0.6842105263157894,0.42105263157894735,1.0,20,0,0.644736842105263,0.7605263157894736
stable_target:fairness,belief_static,380,14,20,0.7349264546224272,0.24118496913038054,0.7251626642777671,0.05834816678257529,1.1889415267362111,20,1,0.6267340849130787,0.8348644689033098,0.4232726324583866,0.15225179963735797,0.4318491193629008,0.005888644035984368,0.728940817003752,20,1,0.3561569079446008,0.4863060735521284,0.6947368421052632,0.11781160503942427,0.6842105263157894,0.47368421052631576,1.0,20,1,0.6447368421052632,0.7473684210526315
stable_target:fairness,belief_dynamic,380,14,20,0.7310772100798604,0.2592392637688463,0.7038038531048598,0.09458004512976434,1.1907450552323664,20,0,0.6164401390224851,0.838978703376399,0.42069981989966054,0.16111274334339226,0.400408024947566,0.01653710235152482,0.7307790341628455,20,0,0.34915275626073244,0.48872688395804115,0.6842105263157895,0.1355360645177293,0.6842105263157894,0.3684210526315789,1.0,20,2,0.6263157894736842,0.7421052631578947
stable_target:fairness,simple_selected,380,14,20,0.7201306197186426,0.26969513871999373,0.670608013818172,0.10179380983415984,1.1852227463436344,20,0,0.6039924023249548,0.8337250855559742,0.40871251220600796,0.1661601264116786,0.3851045307933647,0.016168633816214008,0.7216813702496396,20,0,0.33701492461456745,0.47858016696990746,0.7026315789473684,0.1358315552479573,0.6842105263157894,0.42105263157894735,1.0,20,0,0.644736842105263,0.7605263157894736
stable_target:fairness,belief_selected,380,14,20,0.7310772100798604,0.2592392637688463,0.7038038531048598,0.09458004512976434,1.1907450552323664,20,0,0.6164401390224851,0.838978703376399,0.42069981989966054,0.16111274334339226,0.400408024947566,0.01653710235152482,0.7307790341628455,20,0,0.34915275626073244,0.48872688395804115,0.6842105263157895,0.1355360645177293,0.6842105263157894,0.3684210526315789,1.0,20,2,0.6263157894736842,0.7421052631578947
stable_target:risk,uniform,380,8,20,1.09861228866811,2.278129578503827e-16,1.0986122886681098,1.0986122886681098,1.0986122886681098,20,0,1.09861228866811,1.09861228866811,0.6666666666666666,1.1390647892519134e-16,0.6666666666666667,0.6666666666666667,0.6666666666666667,20,0,0.6666666666666666,0.6666666666666666,0.33333333333333326,5.695323946259567e-17,0.3333333333333333,0.3333333333333333,0.3333333333333333,20,0,0.33333333333333326,0.33333333333333326
stable_target:risk,expertise,380,8,20,2.840793122593416,1.523781267135548,2.90654591566926,0.2764341926355151,4.484612949489506,20,0,2.18326519183498,3.4851704947366833,1.1092140350877189,0.5976554766876114,1.1350035087719297,0.10342456140350875,1.7539508771929824,20,0,0.8513192982456139,1.3619508771929822,0.4342105263157895,0.3049262636161283,0.42105263157894735,0.10526315789473684,0.9473684210526315,20,0,0.30526315789473685,0.5657894736842104
stable_target:risk,marginal,380,8,20,1.1185426756531895,0.48764725481006166,1.164474094279674,0.40669175374894845,2.45073766014353,20,1,0.9214273615644915,1.3430187820276236,0.7184181322296791,0.31664304297639906,0.7811999158164387,0.18666353451349216,1.2907587621936305,20,0,0.5852286224387505,0.8570497075839174,0.4342105263157895,0.3049262636161283,0.42105263157894735,0.10526315789473684,0.9473684210526315,20,0,0.30526315789473685,0.5657894736842104
stable_target:risk,repeat_last,380,8,20,0.6834018781457982,0.24636473504885525,0.6388612997890186,0.31849308263709053,1.2051721941186568,20,3,0.5837599187615309,0.7932003614162184,0.40326197790859475,0.15229828485706276,0.3944519638351537,0.1530513816011253,0.7280755629921016,20,3,0.3394239391710554,0.4713302146437803,0.7868421052631579,0.14932906272748533,0.8421052631578947,0.42105263157894735,0.9473684210526315,20,0,0.7209868421052631,0.8473684210526315
stable_target:risk,win_stay_expertise,380,8,20,0.83701143235853,0.34990218938245854,0.8160097966253834,0.31849308263709053,1.6423656088141834,20,0,0.6902816027278995,0.9907691115737346,0.4991266843419838,0.20831047613713757,0.5120081040500167,0.1530513816011253,0.874338219592815,20,0,0.41137952245561765,0.5889353015980525,0.7263157894736842,0.13935472897232962,0.7368421052631579,0.42105263157894735,0.894736842105263,20,0,0.6657894736842105,0.7842105263157894
stable_target:risk,history_frequency,380,8,20,0.6339512846620116,0.25852012161956345,0.6128030788876386,0.29803221653548706,1.1758599841327717,20,1,0.5283155406760075,0.7457573036895361,0.3496535456104382,0.1710724775107019,0.3390488334267777,0.1200374952731532,0.6729622851321144,20,0,0.27887310869314685,0.42248449936390037,0.7789473684210526,0.13402164754977122,0.7894736842105263,0.5263157894736842,0.9473684210526315,20,0,0.7236842105263157,0.8342105263157895
stable_target:risk,reward_learning,380,8,20,0.5462814369930069,0.28564664354946034,0.4706369205174836,0.2301344507189635,1.1511111956776676,20,1,0.4287227997688663,0.6747610870592194,0.31334693591841506,0.1878114846881249,0.26835497346591075,0.09735758743604882,0.6764626720360458,20,0,0.23602956322901344,0.3975190230402924,0.7789473684210526,0.17464270066889068,0.8421052631578947,0.42105263157894735,0.9473684210526315,20,2,0.7,0.8499999999999999
stable_target:risk,belief_static,380,8,20,0.5363248490876249,0.25709184090218035,0.47713316771124753,0.21913849554692755,1.0633712459410183,20,0,0.42836480626677437,0.6480006709977721,0.3080890433296866,0.1716160293745733,0.2466104132823407,0.09191060771152491,0.6350566362632072,20,0,0.23555712761473868,0.3828793296675391,0.7736842105263159,0.1725430487137212,0.8421052631578947,0.42105263157894735,0.9473684210526315,20,0,0.6947368421052632,0.844736842105263
stable_target:risk,belief_dynamic,380,8,20,0.5623965373997311,0.26238318918818215,0.49402111755573774,0.2583966585774447,1.092636503105803,20,1,0.45446225143852387,0.6792075448230304,0.3268161681819762,0.1776142231264624,0.2815944807167659,0.11037741830423288,0.6570664487797377,20,0,0.2535188600663866,0.4055552540727899,0.7631578947368419,0.17704710450165975,0.8421052631578947,0.3684210526315789,0.9473684210526315,20,0,0.6815789473684211,0.8342105263157894
stable_target:risk,simple_selected,380,8,20,0.5462814369930069,0.28564664354946034,0.4706369205174836,0.2301344507189635,1.1511111956776676,20,1,0.4287227997688663,0.6747610870592194,0.31334693591841506,0.1878114846881249,0.26835497346591075,0.09735758743604882,0.6764626720360458,20,0,0.23602956322901344,0.3975190230402924,0.7789473684210526,0.17464270066889068,0.8421052631578947,0.42105263157894735,0.9473684210526315,20,2,0.7,0.8499999999999999
stable_target:risk,belief_selected,380,8,20,0.5623965373997311,0.26238318918818215,0.49402111755573774,0.2583966585774447,1.092636503105803,20,1,0.45446225143852387,0.6792075448230304,0.3268161681819762,0.1776142231264624,0.2815944807167659,0.11037741830423288,0.6570664487797377,20,0,0.2535188600663866,0.4055552540727899,0.7631578947368419,0.17704710450165975,0.8421052631578947,0.3684210526315789,0.9473684210526315,20,0,0.6815789473684211,0.8342105263157894
stable_target:expertise,uniform,380,2,20,1.09861228866811,2.278129578503827e-16,1.0986122886681098,1.0986122886681098,1.0986122886681098,20,0,1.09861228866811,1.09861228866811,0.6666666666666666,1.1390647892519134e-16,0.6666666666666667,0.6666666666666667,0.6666666666666667,20,0,0.6666666666666666,0.6666666666666666,0.33333333333333326,5.695323946259567e-17,0.3333333333333333,0.3333333333333333,0.3333333333333333,20,0,0.33333333333333326,0.33333333333333326
stable_target:expertise,expertise,380,2,20,0.4999936890933833,0.8502220075394021,0.14492860648382785,0.01342302033214066,2.90654591566926,20,3,0.17122972371416534,0.9076610061636139,0.19110877192982456,0.3334729532155731,0.05184561403508771,0.00026666666666666603,1.1350035087719297,20,3,0.06216140350877192,0.3510035087719298,0.9026315789473683,0.17013926184468012,0.9736842105263157,0.42105263157894735,1.0,20,3,0.8210526315789473,0.968421052631579
stable_target:expertise,marginal,380,2,20,0.5214336250367968,0.27150494919083984,0.40312392966727273,0.34198392971446856,1.2523401216901313,20,3,0.4161147444466628,0.6515359883536918,0.25608320400001405,0.18056227307996656,0.17632962993696955,0.13375698006603728,0.7289769028192511,20,3,0.18533197975117763,0.3413601712534036,0.9026315789473683,0.17013926184468012,0.9736842105263157,0.42105263157894735,1.0,20,3,0.8210526315789473,0.968421052631579
stable_target:expertise,repeat_last,380,2,20,0.3553254582255069,0.27675957805065915,0.22546649626408005,0.16426970417087766,1.1659645437454835,20,3,0.24746869725814516,0.48936659328304827,0.15824524158531122,0.17576836182507516,0.07972657410287,0.036402315480182176,0.6436807543250452,20,2,0.08898211913614215,0.24337394425001144,0.9105263157894736,0.1345644672989669,0.9736842105263157,0.5263157894736842,1.0,20,2,0.8447368421052632,0.9631578947368421
stable_target:expertise,win_stay_expertise,380,2,20,0.37664206756567775,0.33606459493021873,0.22546649626408005,0.16426970417087766,1.273335470905288,20,3,0.2454179045782747,0.5372530822003045,0.1725623823012852,0.22212024772410602,0.07972657410287,0.036402315480182176,0.8203623460330156,20,3,0.08791101837590393,0.2799194719613534,0.9105263157894736,0.1537782886640402,0.9736842105263157,0.42105263157894735,1.0,20,2,0.8342105263157895,0.9684210526315787
stable_target:expertise,history_frequency,380,2,20,0.31315868432843397,0.29150065849131424,0.19725975640040205,0.10866250082766837,1.0934562882943333,20,2,0.19836611917615277,0.45075546357294366,0.14074706025545186,0.1794325811822067,0.06680085270246212,0.01926551253772666,0.6098844735802389,20,2,0.06967632569706543,0.22547278249913738,0.9236842105263156,0.12251316908841874,0.9736842105263157,0.5789473684210527,1.0,20,2,0.8631578947368421,0.9710526315789473
stable_target:expertise,reward_learning,380,2,20,0.28548554945234955,0.26046059085631,0.18140858378430358,0.07065690664641798,0.8953657774234862,20,2,0.18083967009257923,0.40822994140747537,0.13246987334229748,0.16281360509864853,0.06985664486462301,0.009285726509946725,0.5339708560761394,20,2,0.06785099387985763,0.20893103410216493,0.9157894736842105,0.13596565692465792,0.9736842105263157,0.5789473684210527,1.0,20,3,0.85,0.968421052631579
stable_target:expertise,belief_static,380,2,20,0.296146528451482,0.29085192743956273,0.1978408265020191,0.0365706547820478,0.9950961319436752,20,1,0.1792881898106591,0.431748289818143,0.13818172904068501,0.17433637438250674,0.07188676258462037,0.0023820315468790036,0.5316865357677526,20,2,0.0683871372714264,0.21923643835089718,0.9078947368421051,0.14971908379718654,0.9736842105263157,0.5263157894736842,1.0,20,3,0.8368421052631578,0.9657894736842106
stable_target:expertise,belief_dynamic,380,2,20,0.29367236623762977,0.27539750496639415,0.18452502856912106,0.061626605835815834,0.937170373658498,20,2,0.18331719274690664,0.4235141690255295,0.13976833230703933,0.17149398425198373,0.07624129626797056,0.006938279432391306,0.5384979912625475,20,3,0.07165038334470297,0.22110703252437924,0.9052631578947367,0.14945105364949474,0.9736842105263157,0.5263157894736842,1.0,20,3,0.8342105263157894,0.9631578947368421
stable_target:expertise,simple_selected,380,2,20,0.28548554945234955,0.26046059085631,0.18140858378430358,0.07065690664641798,0.8953657774234862,20,2,0.18083967009257923,0.40822994140747537,0.13246987334229748,0.16281360509864853,0.06985664486462301,0.009285726509946725,0.5339708560761394,20,2,0.06785099387985763,0.20893103410216493,0.9157894736842105,0.13596565692465792,0.9736842105263157,0.5789473684210527,1.0,20,3,0.85,0.968421052631579
stable_target:expertise,belief_selected,380,2,20,0.29367236623762977,0.27539750496639415,0.18452502856912106,0.061626605835815834,0.937170373658498,20,2,0.18331719274690664,0.4235141690255295,0.13976833230703933,0.17149398425198373,0.07624129626797056,0.006938279432391306,0.5384979912625475,20,3,0.07165038334470297,0.22110703252437924,0.9052631578947367,0.14945105364949474,0.9736842105263157,0.5263157894736842,1.0,20,3,0.8342105263157894,0.9631578947368421
swap_post:fairness_to_risk,uniform,200,17,20,1.0986122886681102,2.278129578503827e-16,1.09861228866811,1.09861228866811,1.09861228866811,20,0,1.0986122886681102,1.0986122886681102,0.6666666666666666,1.1390647892519134e-16,0.6666666666666667,0.6666666666666667,0.6666666666666667,20,0,0.6666666666666666,0.6666666666666666,0.3333333333333333,5.695323946259567e-17,0.33333333333333337,0.33333333333333337,0.33333333333333337,20,0,0.3333333333333333,0.3333333333333333
swap_post:fairness_to_risk,expertise,200,17,20,2.262168543525993,1.6414510195743273,2.012307929837787,0.013423020332140661,4.510914066719844,20,0,1.537572763830196,2.9617782618529684,0.8822666666666666,0.6438077516251507,0.7842666666666667,0.00026666666666666603,1.7642666666666669,20,0,0.5980666666666666,1.1566666666666667,0.55,0.3284733426658932,0.6000000000000001,0.1,1.0,20,0,0.41000000000000003,0.6950000000000001
swap_post:fairness_to_risk,marginal,200,17,20,1.0322807504064666,0.5816338932038737,0.9179503896940764,0.3166205730225897,2.4710223159637925,20,1,0.7894900633471186,1.2832839789697024,0.6194947391357724,0.3624721465732167,0.5547297880459405,0.12271875527600792,1.2994701243888227,20,0,0.46062090310367726,0.7721235584385236,0.55,0.3284733426658932,0.6000000000000001,0.1,1.0,20,0,0.41000000000000003,0.6950000000000001
swap_post:fairness_to_risk,repeat_last,200,17,20,0.8772921336272608,0.47903258899711904,0.8194557548371827,0.15357444938484174,2.106940017528971,20,4,0.6758622625553359,1.0906590190760932,0.5122064592454255,0.2736360903466305,0.49092661459939135,0.03346028392670551,1.0792167808063882,20,0,0.3916314133314099,0.629501557559171,0.6399999999999999,0.22337129816094384,0.7000000000000001,0.2,1.0,20,0,0.5449999999999999,0.7350000000000001
swap_post:fairness_to_risk,win_stay_expertise,200,17,20,1.0179212339056143,0.6466602048061983,0.9657089790281193,0.15357444938484174,2.4297083329101863,20,3,0.7491036022121758,1.29876990383223,0.5858670912279007,0.3647653864557524,0.5912609259026547,0.03346028392670551,1.2420648731928612,20,0,0.4268148621154975,0.7409867264553497,0.62,0.25464113034456526,0.6000000000000001,0.2,1.0,20,0,0.5100000000000001,0.7300000000000001
swap_post:fairness_to_risk,history_frequency,200,17,20,0.8383944200123583,0.42280979686369174,0.8186655702898749,0.07353189415314695,1.6189593448351467,20,0,0.6532725376916606,1.017300833640851,0.4689967445320698,0.26387352777926576,0.4709244399441535,0.0075724865612144445,0.9589243575602004,20,0,0.35436843067304286,0.5810062079454724,0.6799999999999999,0.22384204957490614,0.7000000000000001,0.1,1.0,20,1,0.58,0.775
swap_post:fairness_to_risk,reward_learning,200,17,20,0.728083861280503,0.3636348425644142,0.6889810057257033,0.1114781055990604,1.4039682853960906,20,0,0.5720750673731877,0.886461944068301,0.43758988776326324,0.24626197203195746,0.3803895417393847,0.02817797165792638,0.8338705011491242,20,0,0.33279245143776676,0.5443761636193148,0.665,0.21588252165910687,0.7000000000000001,0.30000000000000004,1.0,20,0,0.5700000000000001,0.7550000000000001
swap_post:fairness_to_risk,belief_static,200,17,20,0.7646604239673562,0.36217219940338974,0.75869648775119,0.09678265970944838,1.553411634954821,20,1,0.6083363523858273,0.919896674619016,0.46117085812478986,0.23994526811299233,0.45262483209194354,0.02015143381873343,0.869408818126721,20,0,0.3571690755459101,0.5649278802908939,0.65,0.21398475105532758,0.7,0.30000000000000004,1.0,20,0,0.56,0.745
swap_post:fairness_to_risk,belief_dynamic,200,17,20,0.7765476847841397,0.40610310522597476,0.7418550440539892,0.10687630032921198,1.5965488231705565,20,0,0.6075175053524109,0.9536481956848329,0.46729458279173003,0.2607307863986074,0.41382571224369336,0.04031856405060989,0.8778698188299461,20,0,0.35557249546114816,0.5798967314813329,0.6599999999999999,0.2137386500526187,0.7000000000000001,0.30000000000000004,1.0,20,0,0.5650000000000001,0.755
swap_post:fairness_to_risk,simple_selected,200,17,20,0.728083861280503,0.3636348425644142,0.6889810057257033,0.1114781055990604,1.4039682853960906,20,0,0.5720750673731877,0.886461944068301,0.43758988776326324,0.24626197203195746,0.3803895417393847,0.02817797165792638,0.8338705011491242,20,0,0.33279245143776676,0.5443761636193148,0.665,0.21588252165910687,0.7000000000000001,0.30000000000000004,1.0,20,0,0.5700000000000001,0.7550000000000001
swap_post:fairness_to_risk,belief_selected,200,17,20,0.7765476847841397,0.40610310522597476,0.7418550440539892,0.10687630032921198,1.5965488231705565,20,0,0.6075175053524109,0.9536481956848329,0.46729458279173003,0.2607307863986074,0.41382571224369336,0.04031856405060989,0.8778698188299461,20,0,0.35557249546114816,0.5798967314813329,0.6599999999999999,0.2137386500526187,0.7000000000000001,0.30000000000000004,1.0,20,0,0.5650000000000001,0.755
swap_late:fairness_to_risk,uniform,100,7,20,1.0986122886681102,2.278129578503827e-16,1.09861228866811,1.09861228866811,1.09861228866811,20,0,1.0986122886681102,1.0986122886681102,0.6666666666666666,1.1390647892519134e-16,0.6666666666666667,0.6666666666666667,0.6666666666666667,20,0,0.6666666666666666,0.6666666666666666,0.3333333333333333,5.695323946259567e-17,0.33333333333333337,0.33333333333333337,0.33333333333333337,20,0,0.3333333333333333,0.3333333333333333
swap_late:fairness_to_risk,expertise,100,7,20,2.4620570344765573,2.011339141583913,3.01175038459061,0.013423020332140661,5.0106352940962555,20,0,1.5625588251990166,3.311583121016457,0.9606666666666668,0.788884782461926,1.1762666666666668,0.00026666666666666603,1.9602666666666668,20,0,0.6078666666666667,1.2938666666666667,0.51,0.4024922359499621,0.4,0.0,1.0,20,0,0.34,0.69
swap_late:fairness_to_risk,marginal,100,7,20,1.0460861260823926,0.6041938238735157,1.0657975887258297,0.3166205730225897,2.1031631348057775,20,0,0.7874107804270621,1.305087110134379,0.647960894666988,0.4177301995117538,0.7386179333884377,0.12271875527600792,1.2553301223014133,20,0,0.4639663695374698,0.8256358298517178,0.51,0.4024922359499621,0.4,0.0,1.0,20,0,0.34,0.69
swap_late:fairness_to_risk,repeat_last,100,7,20,0.9133955323154209,0.6909899160327457,0.8625488302477711,0.15357444938484174,2.4585094803257714,20,0,0.6268876638411767,1.2287023159613295,0.5201405279748887,0.3935155276938791,0.5626726278478447,0.03346028392670551,1.2617694204558954,20,0,0.3509185992587259,0.6916391829778114,0.6399999999999999,0.3218368334551237,0.6000000000000001,0.0,1.0,20,0,0.5,0.7700000000000001
swap_late:fairness_to_risk,win_stay_expertise,100,7,20,0.9919095070996663,0.7281567105794581,0.8368192736525644,0.15357444938484174,2.4585094803257714,20,0,0.6802141104152066,1.3114402623475805,0.5723760843823368,0.43443195357685116,0.5300312393065242,0.03346028392670551,1.318152158681525,20,0,0.38025163462731115,0.7604030350823987,0.64,0.30847673289381505,0.6000000000000001,0.0,1.0,20,0,0.51,0.7700000000000001
swap_late:fairness_to_risk,history_frequency,100,7,20,0.8605069806779848,0.608500346395175,0.820363014397365,0.06904357521180154,1.8610648108023198,20,0,0.5874534612559185,1.115200328988939,0.4869176087059158,0.37648408331547395,0.4949727303119645,0.0066798162098186484,1.1021909059252035,20,0,0.3168527513868587,0.6427746745694694,0.6400000000000001,0.32183683345512376,0.7000000000000001,0.0,1.0,20,0,0.5000000000000001,0.78
swap_late:fairness_to_risk,reward_learning,100,7,20,0.7206852487779144,0.47160096482130304,0.6864688417790044,0.04121111781238035,1.49555535525863,20,0,0.5200231573123133,0.9235871633580551,0.4250465274143679,0.31686741132442586,0.42929299605815885,0.0025713023876617704,0.8972588450334112,20,0,0.2890225508071915,0.5622577476628864,0.6799999999999999,0.3001753873286328,0.6000000000000001,0.0,1.0,20,0,0.5497500000000001,0.8099999999999999
swap_late:fairness_to_risk,belief_static,100,7,20,0.7912798629974758,0.4834077225168348,0.8541080046029096,0.026182039893015995,1.7053075429655886,20,0,0.5810277962098032,0.9960512908804325,0.46765754648517,0.30977858580981016,0.5537603081850122,0.0010204098683711186,0.917048872245741,20,0,0.3320786250188021,0.5996923205908786,0.6399999999999999,0.32183683345512376,0.6000000000000001,0.2,1.0,20,0,0.5,0.78
swap_late:fairness_to_risk,belief_dynamic,100,7,20,0.7921308170180714,0.5433480520996219,0.7940718500848005,0.03151462953464353,1.790996212513375,20,0,0.5636401332542843,1.0313021728922016,0.4607290034028412,0.33986871332224916,0.5268707835842206,0.001493691318885543,1.051153602820818,20,0,0.3154010303061697,0.6072792212565836,0.6799999999999999,0.2858044970365508,0.6000000000000001,0.2,1.0,20,0,0.55,0.8
swap_late:fairness_to_risk,simple_selected,100,7,20,0.7206852487779144,0.47160096482130304,0.6864688417790044,0.04121111781238035,1.49555535525863,20,0,0.5200231573123133,0.9235871633580551,0.4250465274143679,0.31686741132442586,0.42929299605815885,0.0025713023876617704,0.8972588450334112,20,0,0.2890225508071915,0.5622577476628864,0.6799999999999999,0.3001753873286328,0.6000000000000001,0.0,1.0,20,0,0.5497500000000001,0.8099999999999999
swap_late:fairness_to_risk,belief_selected,100,7,20,0.7921308170180714,0.5433480520996219,0.7940718500848005,0.03151462953464353,1.790996212513375,20,0,0.5636401332542843,1.0313021728922016,0.4607290034028412,0.33986871332224916,0.5268707835842206,0.001493691318885543,1.051153602820818,20,0,0.3154010303061697,0.6072792212565836,0.6799999999999999,0.2858044970365508,0.6000000000000001,0.2,1.0,20,0,0.55,0.8
swap_post:fairness_to_expertise,uniform,200,10,20,1.0986122886681102,2.278129578503827e-16,1.09861228866811,1.09861228866811,1.09861228866811,20,0,1.0986122886681102,1.0986122886681102,0.6666666666666666,1.1390647892519134e-16,0.6666666666666667,0.6666666666666667,0.6666666666666667,20,0,0.6666666666666666,0.6666666666666666,0.3333333333333333,5.695323946259567e-17,0.33333333333333337,0.33333333333333337,0.33333333333333337,20,0,0.3333333333333333,0.3333333333333333
swap_post:fairness_to_expertise,expertise,200,10,20,1.1627818432978874,1.6221202057984994,0.26328363402034644,0.013423020332140661,5.0106352940962555,20,0,0.5381303090773728,1.9123636843625047,0.4510666666666667,0.6362258453692285,0.09826666666666667,0.00026666666666666603,1.9602666666666668,20,0,0.20606666666666668,0.7450666666666667,0.77,0.32460502314756556,0.95,0.0,1.0,20,1,0.62,0.8950000000000001
swap_post:fairness_to_expertise,marginal,200,10,20,0.6861010911961175,0.47555050005442173,0.4340263625236266,0.3166205730225897,1.977179050067961,20,3,0.5019780347545002,0.9093257173088598,0.38964824406457854,0.3428657200854146,0.20502113525295043,0.12271875527600792,1.1520944398324153,20,2,0.25439908557784857,0.5502013618330985,0.77,0.32460502314756556,0.95,0.0,1.0,20,1,0.62,0.8950000000000001
swap_post:fairness_to_expertise,repeat_last,200,10,20,0.5003213460814533,0.3571173765003231,0.3813349207096075,0.17508058519806272,1.1911745044594726,20,0,0.35883501697007986,0.6636927298191792,0.2722351982925229,0.24070819603460927,0.19844674146201452,0.040476122477563346,0.7087277106484287,20,0,0.17616921502629054,0.3819526633078778,0.8150000000000001,0.19808291724745763,0.9,0.4,1.0,20,0,0.725,0.8949999999999999
swap_post:fairness_to_expertise,win_stay_expertise,200,10,20,0.5878139885764206,0.5471873298667813,0.31078191371377983,0.17508058519806272,1.8688854969975532,20,2,0.3699357363756163,0.8466040494494929,0.3242788201435634,0.3683078455555674,0.14721892829507816,0.040476122477563346,1.220664807475446,20,1,0.17950907517267614,0.5007744065651921,0.8099999999999999,0.23373399185263666,0.9,0.2,1.0,20,1,0.7,0.9
swap_post:fairness_to_expertise,history_frequency,200,10,20,0.4281489601480602,0.37545295384107313,0.21910311024893203,0.07353189415314695,1.0893076060561429,20,0,0.27714080886758063,0.5973556035740578,0.2268959362902006,0.24721654737597307,0.0707405601579251,0.0075724865612144445,0.6731681564830829,20,0,0.1277746098788122,0.339585280576661,0.8525,0.18881556024192941,0.95,0.4,1.0,20,0,0.765,0.925
swap_post:fairness_to_expertise,reward_learning,200,10,20,0.42064129795227334,0.31346162638868974,0.39198114493824127,0.04496726532485385,1.0603705395762013,20,0,0.29292148281593655,0.5620637846415071,0.22715938127410862,0.2022688541137188,0.2044273671494885,0.003586193963765366,0.6015788084840505,20,0,0.14628352040152764,0.31900475756550206,0.85,0.1670171752907624,0.9,0.5,1.0,20,0,0.775,0.915
swap_post:fairness_to_expertise,belief_static,200,10,20,0.5107790054541759,0.3136306464676337,0.47927058646002274,0.027757008232342447,0.9909377001064907,20,0,0.38074829696564383,0.6526513287246059,0.2803537007319736,0.20520388955579238,0.25625004600384654,0.0011719999461106234,0.5907821651170405,20,0,0.1959303881106869,0.3724975125065679,0.805,0.19594574974238468,0.8500000000000001,0.4,1.0,20,0,0.7150000000000001,0.885
swap_post:fairness_to_expertise,belief_dynamic,200,10,20,0.46567882515935777,0.35448387854572727,0.3739087857588953,0.037959002211948055,1.0742842480493058,20,0,0.320933738302938,0.6270301424156531,0.25866403262088006,0.2358044090873971,0.196645768288975,0.0024257388582744847,0.6815521412847786,20,0,0.16358070522410262,0.3660718871850374,0.8099999999999999,0.22687812633774618,0.9,0.2,1.0,20,1,0.7050000000000001,0.9
swap_post:fairness_to_expertise,simple_selected,200,10,20,0.42064129795227334,0.31346162638868974,0.39198114493824127,0.04496726532485385,1.0603705395762013,20,0,0.29292148281593655,0.5620637846415071,0.22715938127410862,0.2022688541137188,0.2044273671494885,0.003586193963765366,0.6015788084840505,20,0,0.14628352040152764,0.31900475756550206,0.85,0.1670171752907624,0.9,0.5,1.0,20,0,0.775,0.915
swap_post:fairness_to_expertise,belief_selected,200,10,20,0.46567882515935777,0.35448387854572727,0.3739087857588953,0.037959002211948055,1.0742842480493058,20,0,0.320933738302938,0.6270301424156531,0.25866403262088006,0.2358044090873971,0.196645768288975,0.0024257388582744847,0.6815521412847786,20,0,0.16358070522410262,0.3660718871850374,0.8099999999999999,0.22687812633774618,0.9,0.2,1.0,20,1,0.7050000000000001,0.9
swap_late:fairness_to_expertise,uniform,100,3,20,1.0986122886681102,2.278129578503827e-16,1.09861228866811,1.09861228866811,1.09861228866811,20,0,1.0986122886681102,1.0986122886681102,0.6666666666666666,1.1390647892519134e-16,0.6666666666666667,0.6666666666666667,0.6666666666666667,20,0,0.6666666666666666,0.6666666666666666,0.3333333333333333,5.695323946259567e-17,0.33333333333333337,0.33333333333333337,0.33333333333333337,20,0,0.3333333333333333,0.3333333333333333
swap_late:fairness_to_expertise,expertise,100,3,20,0.9628933523473225,1.6684529931738747,0.013423020332140661,0.013423020332140661,5.0106352940962555,20,4,0.31325575675798767,1.762447316149581,0.3726666666666667,0.6543984300585981,0.00026666666666666603,0.00026666666666666603,1.9602666666666668,20,4,0.11786666666666668,0.6862666666666667,0.8099999999999999,0.33387675002989703,1.0,0.0,1.0,20,4,0.6500000000000001,0.9400000000000001
swap_late:fairness_to_expertise,marginal,100,3,20,0.6291507676871679,0.46914398493356596,0.3871189396327292,0.3166205730225897,1.8050112546898671,20,4,0.4495789745846501,0.8528918764742189,0.3479606756089378,0.34991037907573846,0.16559795828739626,0.12271875527600792,1.2146727530854275,20,4,0.21428655206682545,0.5135627129816689,0.8099999999999999,0.33387675002989703,1.0,0.0,1.0,20,4,0.6500000000000001,0.9400000000000001
swap_late:fairness_to_expertise,repeat_last,100,3,20,0.5083533192499432,0.5275981124049215,0.18940904535330422,0.15357444938484174,1.9003075228560484,20,3,0.3073114808228456,0.7595878558306522,0.2625148165838701,0.33119802178329016,0.047325083106497454,0.03346028392670551,1.1790654543505097,20,1,0.1347689366554838,0.41744615858728407,0.8099999999999999,0.2936162909577557,1.0,0.0,1.0,20,1,0.67,0.9200000000000002
swap_late:fairness_to_expertise,win_stay_expertise,100,3,20,0.5651657837125239,0.6745433729015876,0.18288460854004285,0.15357444938484174,2.112802667947421,20,3,0.3061144432121833,0.8846108575315966,0.3046637256747792,0.4494457497440467,0.044675183255675266,0.03346028392670551,1.3129978742881516,20,2,0.13154712757910939,0.5186346559734968,0.82,0.2966479394838265,1.0,0.2,1.0,20,0,0.6799999999999999,0.9399999999999998
swap_late:fairness_to_expertise,history_frequency,100,3,20,0.4064620294364123,0.49532749107277274,0.14669970413010266,0.06904357521180154,1.657193566581059,20,2,0.21869016281838458,0.6405331577856359,0.21489146371980627,0.32682711376708296,0.028155223376767072,0.0066798162098186484,1.051103066940855,20,3,0.09081970597875227,0.3679290532802184,0.8549999999999999,0.2742933504576135,1.0,0.0,1.0,20,3,0.7250000000000001,0.9550000000000001
swap_late:fairness_to_expertise,reward_learning,100,3,20,0.3798486130710694,0.4657187192516386,0.1183153490429833,0.029033912944713372,1.6745529733458773,20,1,0.20317328086230682,0.5978676659790366,0.20126115479075657,0.29016127525997737,0.02513722257641158,0.0012722230945573043,0.9671939474123923,20,1,0.09053571321288693,0.3372843956955757,0.85,0.2417044737516849,1.0,0.4,1.0,20,4,0.74,0.9400000000000001
swap_late:fairness_to_expertise,belief_static,100,3,20,0.48295079981795663,0.4368364287059717,0.3321089240352594,0.025135336891244846,1.4338660561857486,20,0,0.31081521651854194,0.6828834134058727,0.26212371275913565,0.28441625248255764,0.12479361848869698,0.0009381105983663372,0.8874920642924857,20,0,0.1514462777660685,0.3920966493357419,0.8099999999999999,0.26337885460422134,1.0,0.4,1.0,20,0,0.6900000000000001,0.9099999999999999
swap_late:fairness_to_expertise,belief_dynamic,100,3,20,0.4359227013938057,0.5290335110177895,0.1381252080177462,0.029304790956643637,1.771292172318342,20,0,0.2340868486004926,0.6795220349251463,0.24237972461170748,0.33488859409679367,0.03274602679046904,0.0012768322122573314,0.990339876363555,20,0,0.11187025122267129,0.3959330498027394,0.7899999999999999,0.3275105462343722,1.0,0.0,1.0,20,0,0.64,0.9199999999999999
swap_late:fairness_to_expertise,simple_selected,100,3,20,0.3798486130710694,0.4657187192516386,0.1183153490429833,0.029033912944713372,1.6745529733458773,20,1,0.20317328086230682,0.5978676659790366,0.20126115479075657,0.29016127525997737,0.02513722257641158,0.0012722230945573043,0.9671939474123923,20,1,0.09053571321288693,0.3372843956955757,0.85,0.2417044737516849,1.0,0.4,1.0,20,4,0.74,0.9400000000000001
swap_late:fairness_to_expertise,belief_selected,100,3,20,0.4359227013938057,0.5290335110177895,0.1381252080177462,0.029304790956643637,1.771292172318342,20,0,0.2340868486004926,0.6795220349251463,0.24237972461170748,0.33488859409679367,0.03274602679046904,0.0012768322122573314,0.990339876363555,20,0,0.11187025122267129,0.3959330498027394,0.7899999999999999,0.3275105462343722,1.0,0.0,1.0,20,0,0.64,0.9199999999999999
swap_post:risk_to_fairness,uniform,200,7,20,1.0986122886681102,2.278129578503827e-16,1.09861228866811,1.09861228866811,1.09861228866811,20,0,1.0986122886681102,1.0986122886681102,0.6666666666666666,1.1390647892519134e-16,0.6666666666666667,0.6666666666666667,0.6666666666666667,20,0,0.6666666666666666,0.6666666666666666,0.3333333333333333,5.695323946259567e-17,0.33333333333333337,0.33333333333333337,0.33333333333333337,20,0,0.3333333333333333,0.3333333333333333
swap_post:risk_to_fairness,expertise,200,7,20,2.1372382366818905,1.6682560442275267,2.012307929837787,0.013423020332140661,5.0106352940962555,20,0,1.4376285183549136,2.8624586679118984,0.8332666666666666,0.654321183002901,0.7842666666666667,0.00026666666666666603,1.9602666666666668,20,0,0.5588666666666666,1.1177116666666636,0.5750000000000001,0.3338373382667862,0.6000000000000001,0.0,1.0,20,0,0.42987499999999995,0.7150000000000001
swap_post:risk_to_fairness,marginal,200,7,20,0.9383231054030483,0.46555238739667826,0.9640074839918638,0.34198392971446856,1.753283709543096,20,0,0.7411968974207406,1.1362325167481273,0.5781748048531875,0.33925204088452265,0.58237487648493,0.1337569800660373,1.113971656955413,20,0,0.4347966823346107,0.724605621569845,0.5750000000000001,0.3338373382667862,0.6000000000000001,0.0,1.0,20,0,0.42987499999999995,0.7150000000000001
swap_post:risk_to_fairness,repeat_last,200,7,20,0.78599268320026,0.4652439582904985,0.6386208078065378,0.16426970417087763,1.5894359744305016,20,0,0.5937772776462791,0.982814237323044,0.4492169189935087,0.288095421258238,0.39321238968819616,0.036402315480182176,0.9443810177711744,20,0,0.32913937616150774,0.5703642487196695,0.6950000000000001,0.24165002967536597,0.7000000000000001,0.30000000000000004,1.0,20,0,0.594875,0.795
swap_post:risk_to_fairness,win_stay_expertise,200,7,20,0.8735268347896238,0.5006489337645177,0.9919807299034784,0.16426970417087763,1.5271011844899607,20,0,0.6564892937793887,1.0800247136387155,0.5077272393659074,0.3200188952072212,0.585936956460713,0.036402315480182176,0.8810359244615623,20,0,0.3684456194720834,0.6395483270280679,0.685,0.21588252165910685,0.6500000000000001,0.4,1.0,20,0,0.595,0.7799999999999999
swap_post:risk_to_fairness,history_frequency,200,7,20,0.7249792341188649,0.4370746572565235,0.685737785674275,0.07353189415314695,1.4166086044045956,20,0,0.5406400871155043,0.9094307364005918,0.4118319453345605,0.2856341000083992,0.3609424568998515,0.0075724865612144445,0.9093308289346862,20,0,0.2914554685427405,0.5319592696859085,0.7241666666666667,0.2422769064834795,0.8,0.2,1.0,20,0,0.6199791666666665,0.8216666666666667
swap_post:risk_to_fairness,reward_learning,200,7,20,0.6588924096640401,0.37109270406865646,0.6260847846077723,0.10724080793346055,1.391201002447268,20,0,0.5053106014000348,0.8177600930629935,0.37918550730545764,0.24662816658683184,0.3822496696316132,0.018381539760256308,0.8554297141764606,20,0,0.2766576298888966,0.4848992848633746,0.7150000000000001,0.24121403467940206,0.75,0.30000000000000004,1.0,20,0,0.6100000000000001,0.8149999999999998
swap_post:risk_to_fairness,belief_static,200,7,20,0.7603056949063609,0.3956095664327099,0.653319027246025,0.15814887973540542,1.5178949316296946,20,0,0.5996671329062355,0.926406302336507,0.43254158935322984,0.2484994415815091,0.39872334247592667,0.0411441203237626,0.8628641934126189,20,0,0.330721926628467,0.5356603577229505,0.7100000000000002,0.21740091511936382,0.75,0.4,1.0,20,0,0.62,0.8
swap_post:risk_to_fairness,belief_dynamic,200,7,20,0.6975161560108096,0.38373934530913445,0.6694623734931893,0.13902583365639143,1.440217216949038,20,0,0.5400664455890554,0.8634824260117888,0.4004481702887327,0.24783788561914352,0.40625355441128064,0.03247408931238617,0.8701538829665083,20,0,0.2973802669101645,0.5072989532860835,0.7000000000000001,0.22710998958306755,0.7000000000000001,0.2,1.0,20,0,0.6,0.7900000000000001
swap_post:risk_to_fairness,simple_selected,200,7,20,0.6588924096640401,0.37109270406865646,0.6260847846077723,0.10724080793346055,1.391201002447268,20,0,0.5053106014000348,0.8177600930629935,0.37918550730545764,0.24662816658683184,0.3822496696316132,0.018381539760256308,0.8554297141764606,20,0,0.2766576298888966,0.4848992848633746,0.7150000000000001,0.24121403467940206,0.75,0.30000000000000004,1.0,20,0,0.6100000000000001,0.8149999999999998
swap_post:risk_to_fairness,belief_selected,200,7,20,0.6975161560108096,0.38373934530913445,0.6694623734931893,0.13902583365639143,1.440217216949038,20,0,0.5400664455890554,0.8634824260117888,0.4004481702887327,0.24783788561914352,0.40625355441128064,0.03247408931238617,0.8701538829665083,20,0,0.2973802669101645,0.5072989532860835,0.7000000000000001,0.22710998958306755,0.7000000000000001,0.2,1.0,20,0,0.6,0.7900000000000001
swap_late:risk_to_fairness,uniform,100,3,20,1.0986122886681102,2.278129578503827e-16,1.09861228866811,1.09861228866811,1.09861228866811,20,0,1.0986122886681102,1.0986122886681102,0.6666666666666666,1.1390647892519134e-16,0.6666666666666667,0.6666666666666667,0.6666666666666667,20,0,0.6666666666666666,0.6666666666666666,0.3333333333333333,5.695323946259567e-17,0.33333333333333337,0.33333333333333337,0.33333333333333337,20,0,0.3333333333333333,0.3333333333333333
swap_late:risk_to_fairness,expertise,100,3,20,1.8623915616248639,1.693473365768307,1.512586702461375,0.013423020332140661,5.0106352940962555,20,0,1.1627818432978871,2.6119734026894803,0.7254666666666667,0.6642118875622052,0.5882666666666667,0.00026666666666666603,1.9602666666666668,20,0,0.4510666666666666,1.0194666666666667,0.63,0.33888361610316586,0.7000000000000001,0.0,1.0,20,0,0.4800000000000001,0.7700000000000001
swap_late:risk_to_fairness,marginal,100,3,20,0.9156213286093695,0.5313534383599569,0.8061776174868891,0.3166205730225897,1.8708241319501884,20,0,0.6929083616569164,1.144432758790827,0.5361732714468348,0.35868118893821677,0.4625711611956139,0.12271875527600792,1.2017757567959781,20,0,0.38593836583749125,0.690851081186865,0.63,0.33888361610316586,0.7000000000000001,0.0,1.0,20,0,0.4800000000000001,0.7700000000000001
swap_late:risk_to_fairness,repeat_last,100,3,20,0.8065841345423068,0.5614707741652291,0.6873315385362204,0.15357444938484174,2.0477022443573696,20,0,0.5774364119938801,1.0552095947629736,0.4510567536046806,0.32743230449802174,0.3970772259719951,0.03346028392670551,1.057309111966136,20,0,0.31497490553440616,0.5925348264990472,0.6700000000000002,0.27739388677664223,0.7000000000000001,0.2,1.0,20,0,0.55,0.78
swap_late:risk_to_fairness,win_stay_expertise,100,3,20,0.860349690398033,0.6143659730234443,0.726355908100367,0.15357444938484174,2.0477022443573696,20,0,0.5994139992742881,1.1269570940449964,0.48468374155648786,0.37978205409780386,0.4525611574866628,0.03346028392670551,1.1230802072563881,20,0,0.3215189543070108,0.6473727507573235,0.69,0.27125439603519985,0.7000000000000001,0.2,1.0,20,0,0.5700000000000001,0.8099999999999999
swap_late:risk_to_fairness,history_frequency,100,3,20,0.7416784335401183,0.5407164059656103,0.735430437267855,0.06904357521180154,1.645999888784601,20,0,0.5173291973986835,0.9754497288415744,0.41953869095931323,0.33895858125748357,0.43093049432557345,0.0066798162098186484,0.9518907526477736,20,0,0.27842663918165805,0.566769017894427,0.7083333333333335,0.29197352279221467,0.8,0.0,1.0,20,0,0.5766666666666668,0.8250000000000002
swap_late:risk_to_fairness,reward_learning,100,3,20,0.7106833378336352,0.47192159822765345,0.6435956242001782,0.08132719424592048,1.8713393542858252,20,1,0.5172441326812245,0.9245466641101852,0.4048764559012712,0.2904895949701854,0.3695119803619282,0.010827231805337609,1.0481256052752475,20,0,0.28399204894378144,0.5320366279989669,0.6900000000000001,0.27125439603519985,0.7000000000000001,0.2,1.0,20,0,0.5700000000000001,0.8
swap_late:risk_to_fairness,belief_static,100,3,20,0.8525263790930998,0.5291103243629598,0.7130598303116886,0.10550555775840528,2.2772232837309723,20,1,0.6419879399753337,1.0960911097819392,0.48590214601026205,0.3108707839871994,0.4269305682614969,0.021102439141588488,1.2140055131578786,20,1,0.3593796896726199,0.6248540104294859,0.67,0.27739388677664223,0.7000000000000001,0.2,1.0,20,0,0.55,0.78
swap_late:risk_to_fairness,belief_dynamic,100,3,20,0.7402235754667822,0.48860095117605995,0.6778579295437468,0.0934307246267485,2.023498521270093,20,1,0.5370820096851074,0.9614644261331726,0.4234850153456522,0.299106560119965,0.3927978808673215,0.01631315771062266,1.1164798353865732,20,0,0.2981804579113701,0.5561818803216895,0.67,0.28488224714229227,0.7000000000000001,0.0,1.0,20,1,0.5400000000000001,0.79
swap_late:risk_to_fairness,simple_selected,100,3,20,0.7106833378336352,0.47192159822765345,0.6435956242001782,0.08132719424592048,1.8713393542858252,20,1,0.5172441326812245,0.9245466641101852,0.4048764559012712,0.2904895949701854,0.3695119803619282,0.010827231805337609,1.0481256052752475,20,0,0.28399204894378144,0.5320366279989669,0.6900000000000001,0.27125439603519985,0.7000000000000001,0.2,1.0,20,0,0.5700000000000001,0.8
swap_late:risk_to_fairness,belief_selected,100,3,20,0.7402235754667822,0.48860095117605995,0.6778579295437468,0.0934307246267485,2.023498521270093,20,1,0.5370820096851074,0.9614644261331726,0.4234850153456522,0.299106560119965,0.3927978808673215,0.01631315771062266,1.1164798353865732,20,0,0.2981804579113701,0.5561818803216895,0.67,0.28488224714229227,0.7000000000000001,0.0,1.0,20,1,0.5400000000000001,0.79
swap_post:risk_to_expertise,uniform,200,7,20,1.0986122886681102,2.278129578503827e-16,1.09861228866811,1.09861228866811,1.09861228866811,20,0,1.0986122886681102,1.0986122886681102,0.6666666666666666,1.1390647892519134e-16,0.6666666666666667,0.6666666666666667,0.6666666666666667,20,0,0.6666666666666666,0.6666666666666666,0.3333333333333333,5.695323946259567e-17,0.33333333333333337,0.33333333333333337,0.33333333333333337,20,0,0.3333333333333333,0.3333333333333333
swap_post:risk_to_expertise,expertise,200,7,20,2.0123079298377875,1.5122570633217192,1.7624473161495813,0.013423020332140661,5.0106352940962555,20,0,1.362670334248452,2.661945525427122,0.7842666666666668,0.5931354686836106,0.6862666666666667,0.00026666666666666603,1.9602666666666668,20,0,0.5294666666666668,1.0390666666666668,0.6,0.3026201370834748,0.6500000000000001,0.0,1.0,20,0,0.47000000000000003,0.73
swap_post:risk_to_expertise,marginal,200,7,20,0.9314319055563824,0.47663298682435623,0.822210581799294,0.3680073643671725,2.217041295611174,20,1,0.7388803752346017,1.1465904374465445,0.5611804455979851,0.31435748204904207,0.496746258278159,0.1493223066316846,1.165243399306676,20,0,0.42870240253061437,0.6983424086792506,0.6,0.3026201370834748,0.6500000000000001,0.0,1.0,20,0,0.47000000000000003,0.73
swap_post:risk_to_expertise,repeat_last,200,7,20,0.740476936013252,0.36563403491101437,0.7473503624915911,0.17508058519806272,1.3488278280063752,20,0,0.5799243692272161,0.8949230943477341,0.42849112655101146,0.23456052788645257,0.448614282535399,0.040476122477563346,0.726082190385559,20,0,0.3257005948599636,0.5261447237577214,0.705,0.1932410548076104,0.7000000000000001,0.4,1.0,20,0,0.625,0.7899999999999999
swap_post:risk_to_expertise,win_stay_expertise,200,7,20,0.8840653083019238,0.5135806634511693,0.8954167373383798,0.17508058519806272,2.1010826586984845,20,1,0.6709296549285713,1.1134215515346542,0.5208884488401682,0.3261061717910424,0.4879470014374936,0.040476122477563346,1.0769515106517877,20,0,0.38156341594857845,0.6632956179294581,0.675,0.20994986870303362,0.7000000000000001,0.30000000000000004,1.0,20,0,0.585,0.765
swap_post:risk_to_expertise,history_frequency,200,7,20,0.7349748553194989,0.3799811970376961,0.8375514686688327,0.07353189415314695,1.2301062648097503,20,0,0.5667588994018766,0.8894760542282791,0.42444833127130466,0.24439628892292045,0.5007776631696508,0.0075724865612144445,0.7294555938404972,20,0,0.31707468021118684,0.5230652592577274,0.6925,0.20279299790673247,0.7000000000000001,0.4,1.0,20,0,0.6075,0.7825
swap_post:risk_to_expertise,reward_learning,200,7,20,0.6541558064022255,0.39580178011832223,0.6289974256956768,0.04272309791144648,1.4419022369037142,20,0,0.4857710685562232,0.8259537710888992,0.37527744860057666,0.2458974215749521,0.3891424291700797,0.002819991888439528,0.8114064390496684,20,0,0.2699470746200077,0.48093408442963737,0.745,0.19324105480761042,0.7000000000000001,0.30000000000000004,1.0,20,0,0.6599999999999999,0.825
swap_post:risk_to_expertise,belief_static,200,7,20,0.7008258068895639,0.446520000999993,0.7655466428553102,0.027415968365538647,1.969188581483819,20,1,0.5171673367821984,0.9042356014017486,0.40165907477256,0.26625501992707024,0.44679298180486116,0.0011332108921053232,1.0655202958749848,20,1,0.28830474744008117,0.5211459925534295,0.7249999999999999,0.23591925469711478,0.75,0.2,1.0,20,0,0.62,0.825
swap_post:risk_to_expertise,belief_dynamic,200,7,20,0.6791155919606572,0.432738006609312,0.6823916965222276,0.03368737641873988,1.769373068406193,20,1,0.4984349113996002,0.8690175896443382,0.388280553761396,0.25402607143839734,0.390886182621934,0.0017158512365135132,0.9238890247232167,20,0,0.28025554000153496,0.49872600203090206,0.7449999999999999,0.19594574974238468,0.7000000000000001,0.30000000000000004,1.0,20,0,0.6599999999999999,0.825
swap_post:risk_to_expertise,simple_selected,200,7,20,0.6541558064022255,0.39580178011832223,0.6289974256956768,0.04272309791144648,1.4419022369037142,20,0,0.4857710685562232,0.8259537710888992,0.37527744860057666,0.2458974215749521,0.3891424291700797,0.002819991888439528,0.8114064390496684,20,0,0.2699470746200077,0.48093408442963737,0.745,0.19324105480761042,0.7000000000000001,0.30000000000000004,1.0,20,0,0.6599999999999999,0.825
swap_post:risk_to_expertise,belief_selected,200,7,20,0.6791155919606572,0.432738006609312,0.6823916965222276,0.03368737641873988,1.769373068406193,20,1,0.4984349113996002,0.8690175896443382,0.388280553761396,0.25402607143839734,0.390886182621934,0.0017158512365135132,0.9238890247232167,20,0,0.28025554000153496,0.49872600203090206,0.7449999999999999,0.19594574974238468,0.7000000000000001,0.30000000000000004,1.0,20,0,0.6599999999999999,0.825
swap_late:risk_to_expertise,uniform,100,3,20,1.0986122886681102,2.278129578503827e-16,1.09861228866811,1.09861228866811,1.09861228866811,20,0,1.0986122886681102,1.0986122886681102,0.6666666666666666,1.1390647892519134e-16,0.6666666666666667,0.6666666666666667,0.6666666666666667,20,0,0.6666666666666666,0.6666666666666666,0.3333333333333333,5.695323946259567e-17,0.33333333333333337,0.33333333333333337,0.33333333333333337,20,0,0.3333333333333333,0.3333333333333333
swap_late:risk_to_expertise,expertise,100,3,20,1.4126424569860931,1.66608806924503,1.0128654750849637,0.013423020332140661,5.0106352940962555,20,0,0.7630048613967578,2.1622242980507105,0.5490666666666667,0.6534708627177287,0.39226666666666665,0.00026666666666666603,1.9602666666666668,20,0,0.2942666666666666,0.8430666666666667,0.72,0.33340350138659625,0.8,0.0,1.0,20,0,0.5700000000000001,0.8500000000000002
swap_late:risk_to_expertise,marginal,100,3,20,0.7802188057482172,0.5095659017138332,0.576268313283339,0.3166205730225897,1.8405066951383007,20,0,0.5745646641505933,1.0087257286634705,0.44307327144683484,0.3448673620344683,0.3340025329836722,0.12271875527600792,1.1353257411404059,20,0,0.3021451237689732,0.5967161126498426,0.72,0.33340350138659625,0.8,0.0,1.0,20,0,0.5700000000000001,0.8500000000000002
swap_late:risk_to_expertise,repeat_last,100,3,20,0.6291526667959375,0.43426951654465856,0.49381171347843,0.15357444938484174,1.4618034912669802,20,0,0.44537139269239645,0.8222322750412527,0.3417290323560497,0.2636938844602609,0.28508525402816076,0.03346028392670551,0.794912233543354,20,0,0.22879601459960874,0.45505309401024757,0.7500000000000001,0.22360679774997894,0.8,0.4,1.0,20,0,0.6500000000000001,0.85
swap_late:risk_to_expertise,win_stay_expertise,100,3,20,0.7058780615030793,0.5324361452389551,0.5658518327187725,0.15357444938484174,1.6312419810123533,20,0,0.4869504870348819,0.9401032294827042,0.392723246485294,0.3398136030358623,0.33120609144234014,0.03346028392670551,1.0131588607031932,20,0,0.2509466330779081,0.5387845121590299,0.76,0.221002500581233,0.8,0.4,1.0,20,0,0.6600000000000001,0.85
swap_late:risk_to_expertise,history_frequency,100,3,20,0.5881020058201514,0.4061694802772712,0.7366696823750267,0.06904357521180154,1.2580104102158804,20,0,0.4115394052548908,0.7602104594677118,0.3221132802855441,0.25791956228654583,0.40138161594742144,0.0066798162098186484,0.7339265399921566,20,0,0.21225744724027928,0.4325175338461713,0.7950000000000002,0.22118104039808417,0.8,0.4,1.0,20,0,0.6950000000000001,0.885
swap_late:risk_to_expertise,reward_learning,100,3,20,0.5454978861105053,0.44610432723697924,0.5360280788105781,0.03534538421992113,1.4173265472957484,20,0,0.3596342431907486,0.7413998751748148,0.29177134552541084,0.2579826561582751,0.30534368089253927,0.0018838013069579196,0.7711717640676186,20,0,0.18375527488744253,0.40589572469333907,0.8100000000000002,0.21980852911951393,0.8,0.4,1.0,20,0,0.7100000000000001,0.9
swap_late:risk_to_expertise,belief_static,100,3,20,0.6314158509378387,0.5138329101058158,0.6309047091622133,0.024545372592419255,2.125545725965732,20,1,0.4256094966566746,0.8715121822698438,0.3445161470819652,0.2951592355778306,0.3677776866288478,0.0008920886171558311,1.1433471092692522,20,0,0.2238886355498969,0.4789482431923113,0.7700000000000001,0.25360557855395094,0.8,0.2,1.0,20,0,0.6599999999999999,0.8700000000000001
swap_late:risk_to_expertise,belief_dynamic,100,3,20,0.5608737215215653,0.4896877337397713,0.5989183611843377,0.030339626503459664,1.762438938715234,20,0,0.36107730842315483,0.7827699037171331,0.3016307622754871,0.271690671993923,0.33052248451650756,0.0013732905542903316,0.8544207097610523,20,0,0.18809365993979174,0.42091561477501926,0.8100000000000002,0.21001253095445216,0.8,0.4,1.0,20,0,0.72,0.9
swap_late:risk_to_expertise,simple_selected,100,3,20,0.5454978861105053,0.44610432723697924,0.5360280788105781,0.03534538421992113,1.4173265472957484,20,0,0.3596342431907486,0.7413998751748148,0.29177134552541084,0.2579826561582751,0.30534368089253927,0.0018838013069579196,0.7711717640676186,20,0,0.18375527488744253,0.40589572469333907,0.8100000000000002,0.21980852911951393,0.8,0.4,1.0,20,0,0.7100000000000001,0.9
swap_late:risk_to_expertise,belief_selected,100,3,20,0.5608737215215653,0.4896877337397713,0.5989183611843377,0.030339626503459664,1.762438938715234,20,0,0.36107730842315483,0.7827699037171331,0.3016307622754871,0.271690671993923,0.33052248451650756,0.0013732905542903316,0.8544207097610523,20,0,0.18809365993979174,0.42091561477501926,0.8100000000000002,0.21001253095445216,0.8,0.4,1.0,20,0,0.72,0.9
swap_post:expertise_to_fairness,uniform,200,1,20,1.0986122886681102,2.278129578503827e-16,1.09861228866811,1.09861228866811,1.09861228866811,20,0,1.0986122886681102,1.0986122886681102,0.6666666666666666,1.1390647892519134e-16,0.6666666666666667,0.6666666666666667,0.6666666666666667,20,0,0.6666666666666666,0.6666666666666666,0.3333333333333333,5.695323946259567e-17,0.33333333333333337,0.33333333333333337,0.33333333333333337,20,0,0.3333333333333333,0.3333333333333333
swap_post:expertise_to_fairness,expertise,200,1,20,0.5381303090773728,0.5726460540889915,0.5131442477085522,0.013423020332140661,1.5125867024613755,20,0,0.2882696953891671,0.7879909227655786,0.20606666666666668,0.22460247924769336,0.19626666666666667,0.00026666666666666603,0.5882666666666667,20,0,0.10806666666666669,0.3040666666666667,0.8950000000000001,0.1145931016569864,0.9,0.7,1.0,20,0,0.845,0.945
swap_post:expertise_to_fairness,marginal,200,1,20,0.4964319404503084,0.1585038667275387,0.45205147426141257,0.3166205730225897,0.8157087536157182,20,0,0.43159365948508743,0.5661591401273404,0.25153050036249747,0.11656437594873213,0.22996787862392515,0.12271875527600792,0.46282061726943624,20,0,0.20287271120669575,0.30266136445495706,0.8950000000000001,0.1145931016569864,0.9,0.7,1.0,20,0,0.845,0.945
swap_post:expertise_to_fairness,repeat_last,200,1,20,0.4287507456562489,0.29950390581269265,0.4268169977834023,0.15357444938484174,1.1276370754030713,20,1,0.30794338992359427,0.5636474752702286,0.2238883258938372,0.20988623949929097,0.23293343379042408,0.03346028392670551,0.7080471837334403,20,0,0.1394588643182883,0.3182282100579294,0.845,0.18202082009311027,0.8500000000000001,0.4,1.0,20,2,0.7600000000000001,0.9199999999999999
swap_post:expertise_to_fairness,win_stay_expertise,200,1,20,0.39746350771722083,0.25989414697108215,0.3791836299141692,0.15357444938484174,1.0398085735346259,20,0,0.29360428111715864,0.513649385860929,0.19733631001212856,0.17566359335118573,0.1872913475894017,0.03346028392670551,0.632584500272323,20,0,0.12721843682331638,0.275734119945788,0.885,0.13484884325167856,0.9,0.5,1.0,20,1,0.825,0.9399999999999998
swap_post:expertise_to_fairness,history_frequency,200,1,20,0.40253013204824273,0.35367906505456886,0.43323096427357444,0.07353189415314695,1.119024652680383,20,0,0.25569571304332495,0.561963690223451,0.19318743195122678,0.2010388685967621,0.19925062228958532,0.0075724865612144445,0.5850311499778652,20,0,0.10929895009795654,0.28405490981278125,0.8950000000000001,0.1145931016569864,0.9,0.7,1.0,20,0,0.845,0.945
swap_post:expertise_to_fairness,reward_learning,200,1,20,0.3493301134679213,0.28453346379698463,0.3345089612156595,0.03901622474783769,1.0103957721876546,20,0,0.23432817615786014,0.47769855721347976,0.18504966912131235,0.1852087574399596,0.17533054780913626,0.00236846024079388,0.6330006112892659,20,0,0.1101364286997591,0.26884180396939866,0.8800000000000001,0.15078740698501036,0.9,0.4,1.0,20,1,0.8100000000000002,0.9400000000000001
swap_post:expertise_to_fairness,belief_static,200,1,20,0.3676238600296362,0.31378600390734424,0.357739943005971,0.02227930788667061,0.9996482711256246,20,0,0.23632220086384173,0.505398252823921,0.19356531361359275,0.18921099843541989,0.18225601047547382,0.0007421871361433368,0.6275078038395252,20,0,0.1148925016699893,0.2788964606684207,0.8800000000000001,0.15078740698501036,0.9,0.4,1.0,20,1,0.8100000000000002,0.9400000000000001
swap_post:expertise_to_fairness,belief_dynamic,200,1,20,0.3521900776006182,0.2752948853299946,0.3378295386654566,0.03522640984920749,0.9932474048288914,20,1,0.23907400395159617,0.47626629495546446,0.18895577977358938,0.17932983088283236,0.18420402762390387,0.0019218489775414047,0.6253712655142885,20,1,0.1163864293003639,0.2696780792023741,0.8800000000000001,0.15078740698501036,0.9,0.4,1.0,20,1,0.8100000000000002,0.9400000000000001
swap_post:expertise_to_fairness,simple_selected,200,1,20,0.3493301134679213,0.28453346379698463,0.3345089612156595,0.03901622474783769,1.0103957721876546,20,0,0.23432817615786014,0.47769855721347976,0.18504966912131235,0.1852087574399596,0.17533054780913626,0.00236846024079388,0.6330006112892659,20,0,0.1101364286997591,0.26884180396939866,0.8800000000000001,0.15078740698501036,0.9,0.4,1.0,20,1,0.8100000000000002,0.9400000000000001
swap_post:expertise_to_fairness,belief_selected,200,1,20,0.3521900776006182,0.2752948853299946,0.3378295386654566,0.03522640984920749,0.9932474048288914,20,1,0.23907400395159617,0.47626629495546446,0.18895577977358938,0.17932983088283236,0.18420402762390387,0.0019218489775414047,0.6253712655142885,20,1,0.1163864293003639,0.2696780792023741,0.8800000000000001,0.15078740698501036,0.9,0.4,1.0,20,1,0.8100000000000002,0.9400000000000001
swap_late:expertise_to_fairness,uniform,100,0,20,1.0986122886681102,2.278129578503827e-16,1.09861228866811,1.09861228866811,1.09861228866811,20,0,1.0986122886681102,1.0986122886681102,0.6666666666666666,1.1390647892519134e-16,0.6666666666666667,0.6666666666666667,0.6666666666666667,20,0,0.6666666666666666,0.6666666666666666,0.3333333333333333,5.695323946259567e-17,0.33333333333333337,0.33333333333333337,0.33333333333333337,20,0,0.3333333333333333,0.3333333333333333
swap_late:expertise_to_fairness,expertise,100,0,20,0.8129769841343991,0.9509227039878687,0.5131442477085522,0.013423020332140661,3.01175038459061,20,0,0.4132000022332699,1.2627260887731693,0.3138666666666667,0.37296964741750344,0.19626666666666667,0.00026666666666666603,1.1762666666666668,20,0,0.1570666666666667,0.4902666666666666,0.8400000000000001,0.19029063643750171,0.9,0.4,1.0,20,0,0.7500000000000001,0.9199999999999999
swap_late:expertise_to_fairness,marginal,100,0,20,0.5766246915132487,0.26708544820183966,0.48242583146518625,0.3166205730225897,1.0696897739683366,20,0,0.46777272195272024,0.6949224832234073,0.30870163946435947,0.19155825182424244,0.2521783645884943,0.12271875527600792,0.7073673621699785,20,0,0.2311945682161335,0.39390249845758624,0.8400000000000001,0.19029063643750171,0.9,0.4,1.0,20,0,0.7500000000000001,0.9199999999999999
swap_late:expertise_to_fairness,repeat_last,100,0,20,0.5695631498473661,0.4698788513943156,0.4102469971191023,0.15357444938484174,1.6873530263554934,20,0,0.3779976700995069,0.7775849684060859,0.32038435327609355,0.32092578674738875,0.2101575036979542,0.03346028392670551,1.0860800369645467,20,0,0.1876674943824574,0.46103712539423075,0.76,0.28727393858384315,0.9,0.0,1.0,20,1,0.6300000000000001,0.8800000000000001
swap_late:expertise_to_fairness,win_stay_expertise,100,0,20,0.5244288731670961,0.4242142521886899,0.37659579317010006,0.15357444938484174,1.5116960226186025,20,0,0.3531043557974681,0.7092178080633545,0.2822545175696313,0.2815577342031194,0.18826046098163438,0.03346028392670551,0.9351546700423121,20,0,0.1680526818808116,0.40523779934708837,0.8200000000000001,0.2238420495749061,0.9,0.2,1.0,20,0,0.72,0.9100000000000001
swap_late:expertise_to_fairness,history_frequency,100,0,20,0.5583523677763425,0.5408907062836213,0.42369374744987237,0.06904357521180154,1.506256280956593,20,0,0.3356962182895732,0.794726220540118,0.28501968540478273,0.313109494975452,0.19956661483583144,0.0066798162098186484,0.8407213225012788,20,0,0.15672573989288727,0.42186794505728137,0.8400000000000001,0.19029063643750171,0.9,0.4,1.0,20,0,0.7500000000000001,0.9199999999999999
swap_late:expertise_to_fairness,reward_learning,100,0,20,0.49453298113409316,0.4424361410627587,0.4160591648693931,0.04239869693195002,1.5773760933046101,20,0,0.31444914128780965,0.6881209710239818,0.2756456261322493,0.28952725434074955,0.21047883280606688,0.0026956700198070664,1.0139068075759705,20,0,0.15896307176716135,0.4036663608496044,0.8100000000000002,0.25526044491233285,0.9,0.0,1.0,20,1,0.6900000000000002,0.9099999999999999
swap_late:expertise_to_fairness,belief_static,100,0,20,0.5249619045021109,0.499167979236034,0.5130983079214164,0.02241280909456115,1.5441465246956816,20,0,0.3210050437751441,0.7440779418396362,0.29055735745506883,0.30128262577151527,0.267417181232103,0.0007512984867794807,0.9975204382726564,20,0,0.1692261838713511,0.4237258714825704,0.8100000000000002,0.25526044491233285,0.9,0.0,1.0,20,1,0.6900000000000002,0.9099999999999999
swap_late:expertise_to_fairness,belief_dynamic,100,0,20,0.5001801479949788,0.4195443207082149,0.4661011640801582,0.0363178905349186,1.5088159666999335,20,0,0.3302328250141145,0.6863937630384251,0.28126872809562625,0.27776070122941965,0.23591393990285306,0.001977454603559338,0.9801456151555112,20,0,0.1678172849723486,0.4049611116614542,0.8100000000000002,0.25526044491233285,0.9,0.0,1.0,20,1,0.6900000000000002,0.9099999999999999
swap_late:expertise_to_fairness,simple_selected,100,0,20,0.49453298113409316,0.4424361410627587,0.4160591648693931,0.04239869693195002,1.5773760933046101,20,0,0.31444914128780965,0.6881209710239818,0.2756456261322493,0.28952725434074955,0.21047883280606688,0.0026956700198070664,1.0139068075759705,20,0,0.15896307176716135,0.4036663608496044,0.8100000000000002,0.25526044491233285,0.9,0.0,1.0,20,1,0.6900000000000002,0.9099999999999999
swap_late:expertise_to_fairness,belief_selected,100,0,20,0.5001801479949788,0.4195443207082149,0.4661011640801582,0.0363178905349186,1.5088159666999335,20,0,0.3302328250141145,0.6863937630384251,0.28126872809562625,0.27776070122941965,0.23591393990285306,0.001977454603559338,0.9801456151555112,20,0,0.1678172849723486,0.4049611116614542,0.8100000000000002,0.25526044491233285,0.9,0.0,1.0,20,1,0.6900000000000002,0.9099999999999999
swap_post:expertise_to_risk,uniform,200,2,20,1.0986122886681102,2.278129578503827e-16,1.09861228866811,1.09861228866811,1.09861228866811,20,0,1.0986122886681102,1.0986122886681102,0.6666666666666666,1.1390647892519134e-16,0.6666666666666667,0.6666666666666667,0.6666666666666667,20,0,0.6666666666666666,0.6666666666666666,0.3333333333333333,5.695323946259567e-17,0.33333333333333337,0.33333333333333337,0.33333333333333337,20,0,0.3333333333333333,0.3333333333333333
swap_post:expertise_to_risk,expertise,200,2,20,0.6880466772902963,0.8310695259569018,0.26328363402034644,0.013423020332140661,2.5120291572141986,20,0,0.33824181812680826,1.0378515364537848,0.2648666666666667,0.3259609921770589,0.09826666666666668,0.00026666666666666603,0.9802666666666667,20,0,0.12766666666666668,0.4020666666666667,0.865,0.1663066286617647,0.95,0.5,1.0,20,0,0.7949999999999999,0.9349999999999998
swap_post:expertise_to_risk,marginal,200,2,20,0.5399205612237303,0.2156916777103999,0.4211490414050587,0.3166205730225897,0.9174683522700131,20,0,0.4495367532702905,0.6337641234327606,0.2795109494315008,0.1616886738888238,0.20070958036067396,0.12271875527600792,0.6051166157410686,20,0,0.21265578921051126,0.3495562833794852,0.865,0.1663066286617647,0.95,0.5,1.0,20,0,0.7949999999999999,0.9349999999999998
swap_post:expertise_to_risk,repeat_last,200,2,20,0.45363516368933005,0.32256211079364183,0.2740437702695865,0.15357444938484174,1.0808004074693789,20,0,0.31939694519770306,0.5925457031023486,0.2339752818084046,0.2224691194451351,0.1151270756305117,0.03346028392670551,0.726082190385559,20,0,0.14216676393154018,0.3295420118136741,0.8450000000000001,0.18202082009311027,0.95,0.4,1.0,20,0,0.7698749999999999,0.9199999999999999
swap_post:expertise_to_risk,win_stay_expertise,200,2,20,0.4648126627241619,0.3499827919151872,0.2740437702695865,0.15357444938484174,1.2503275273805547,20,0,0.32085320313718696,0.6162828471746588,0.24098692419613732,0.24713101309807003,0.1151270756305117,0.03346028392670551,0.8475267851281658,20,0,0.14086609723159166,0.34915271043036766,0.85,0.19601288894248495,0.95,0.30000000000000004,1.0,20,0,0.76,0.9299999999999999
swap_post:expertise_to_risk,history_frequency,200,2,20,0.4390080003875041,0.40680120559143007,0.2509437682956795,0.07353189415314695,1.2120145100059503,20,0,0.269355985114619,0.6157745522392696,0.21978235798230278,0.2426011911083214,0.0999332876392452,0.0075724865612144445,0.684897906645811,20,0,0.11923587731625623,0.32616909921964665,0.8699999999999999,0.15593520921743173,0.95,0.6000000000000001,1.0,20,0,0.8,0.9349999999999999
swap_post:expertise_to_risk,reward_learning,200,2,20,0.3636862470178715,0.31037889170915967,0.23954819463040658,0.04075039639703319,1.0281856601100243,20,0,0.23726706693003363,0.49758871736026344,0.19027390247505904,0.20132518326376478,0.10373973733124067,0.0028078880055049608,0.6989111417424869,20,0,0.1088375232124874,0.27640970479116006,0.875,0.15174424466672098,0.95,0.5,1.0,20,0,0.8099999999999999,0.9349999999999999
swap_post:expertise_to_risk,belief_static,200,2,20,0.3758234351710007,0.35132260603997134,0.22871164526411972,0.023954362610350673,1.0514119577462173,20,0,0.23152159648436255,0.5252448743575213,0.19934927582366052,0.2164413265761969,0.1003719558506819,0.0008540445826208809,0.7254853154796903,20,0,0.1116248921045703,0.29225317509409726,0.865,0.1694418080515829,0.95,0.4,1.0,20,0,0.79,0.93
swap_post:expertise_to_risk,belief_dynamic,200,2,20,0.3728889226665436,0.3124849778617456,0.26210862390373135,0.04106585619035112,1.0340497571536416,20,0,0.2459191763057406,0.5060772998133337,0.19949967327060206,0.20572067390669352,0.11921322277413468,0.0027645386397200855,0.7169415914426398,20,0,0.11689775741120674,0.2890164848410507,0.865,0.16944180805158293,0.95,0.4,1.0,20,0,0.79,0.93
swap_post:expertise_to_risk,simple_selected,200,2,20,0.3636862470178715,0.31037889170915967,0.23954819463040658,0.04075039639703319,1.0281856601100243,20,0,0.23726706693003363,0.49758871736026344,0.19027390247505904,0.20132518326376478,0.10373973733124067,0.0028078880055049608,0.6989111417424869,20,0,0.1088375232124874,0.27640970479116006,0.875,0.15174424466672098,0.95,0.5,1.0,20,0,0.8099999999999999,0.9349999999999999
swap_post:expertise_to_risk,belief_selected,200,2,20,0.3728889226665436,0.3124849778617456,0.26210862390373135,0.04106585619035112,1.0340497571536416,20,0,0.2459191763057406,0.5060772998133337,0.19949967327060206,0.20572067390669352,0.11921322277413468,0.0027645386397200855,0.7169415914426398,20,0,0.11689775741120674,0.2890164848410507,0.865,0.16944180805158293,0.95,0.4,1.0,20,0,0.79,0.93
swap_late:expertise_to_risk,uniform,100,2,20,1.0986122886681102,2.278129578503827e-16,1.09861228866811,1.09861228866811,1.09861228866811,20,0,1.0986122886681102,1.0986122886681102,0.6666666666666666,1.1390647892519134e-16,0.6666666666666667,0.6666666666666667,0.6666666666666667,20,0,0.6666666666666666,0.6666666666666666,0.3333333333333333,5.695323946259567e-17,0.33333333333333337,0.33333333333333337,0.33333333333333337,20,0,0.3333333333333333,0.3333333333333333
swap_late:expertise_to_risk,expertise,100,2,20,1.112809720560246,1.3330282195506156,0.5131442477085522,0.013423020332140661,4.011192839343433,20,0,0.5631163704461934,1.662503070674299,0.43146666666666667,0.5228385682225946,0.19626666666666667,0.00026666666666666603,1.5682666666666667,20,0,0.2158666666666667,0.6470666666666668,0.78,0.26675437154214005,0.9,0.2,1.0,20,0,0.6699999999999999,0.89
swap_late:expertise_to_risk,marginal,100,2,20,0.6501912097527327,0.3602342136209492,0.48242583146518625,0.3166205730225897,1.3325446544330635,20,0,0.5034959344598231,0.8042439630943015,0.36188783880718534,0.25856654739784946,0.25217836458849435,0.12271875527600792,0.86272888299189,20,0,0.25490270690216305,0.4708791098722531,0.78,0.26675437154214005,0.9,0.2,1.0,20,0,0.6699999999999999,0.89
swap_late:expertise_to_risk,repeat_last,100,2,20,0.6151285658967198,0.5188649119834337,0.37659579317010006,0.15357444938484174,1.637494152755315,20,0,0.4046941634333483,0.8336171066580844,0.3466895712388537,0.34257395945606445,0.1898614677444219,0.03346028392670551,0.9351546700423121,20,0,0.20567365800467632,0.49162857942218946,0.75,0.2819107734914122,0.9,0.2,1.0,20,0,0.63,0.8699999999999999
swap_late:expertise_to_risk,win_stay_expertise,100,2,20,0.6374835639663835,0.556888515975554,0.37659579317010006,0.15357444938484174,1.5519429678686878,20,0,0.4107430390101331,0.8780350366864609,0.36071285601431924,0.37974785735743904,0.1898614677444219,0.03346028392670551,1.046860680039685,20,0,0.20472185093305492,0.5222268601728418,0.76,0.29451119181664925,0.9,0.2,1.0,20,0,0.6300000000000001,0.8800000000000001
swap_late:expertise_to_risk,history_frequency,100,2,20,0.6398912083407434,0.634980571943467,0.41264332459349923,0.06904357521180154,1.7244892726872005,20,0,0.376085375489458,0.9072648533734629,0.3409825408303583,0.3749992706213303,0.1887341402645158,0.0066798162098186484,0.9649946947326252,20,0,0.18671682603700185,0.49836551748760033,0.79,0.24687520819444916,0.9,0.4,1.0,20,0,0.6800000000000002,0.89
swap_late:expertise_to_risk,reward_learning,100,2,20,0.5221579545886106,0.4741660512065119,0.3886265201611415,0.04476799598121936,1.6345539473775532,20,0,0.3330326767155888,0.7280191306263694,0.2892312790834507,0.2933313680433385,0.1925353366255585,0.003137640814541598,0.8267558388888722,20,0,0.17077137747452265,0.41391476986553305,0.8,0.2339590607462407,0.9,0.4,1.0,20,0,0.7,0.9
swap_late:expertise_to_risk,belief_static,100,2,20,0.543223438549679,0.5321057516893296,0.3746063915198368,0.023956025795650576,1.8253598374696778,20,0,0.3315863090713205,0.7727072341973681,0.299533948696518,0.3099053507930465,0.1853996893196451,0.0008541663911696923,0.8500089079066054,20,0,0.1734762116204674,0.43010528367596546,0.79,0.24687520819444916,0.9,0.4,1.0,20,0,0.6800000000000002,0.89
swap_late:expertise_to_risk,belief_dynamic,100,2,20,0.5369273607667251,0.47453821122644513,0.4326880372750759,0.04028325387573649,1.6343367748499624,20,0,0.34816327439156713,0.7418018781804233,0.3031165907849755,0.2981706975471221,0.21990955088670003,0.002687539819412955,0.8407241300533381,20,0,0.18332909822682664,0.4295927915700726,0.79,0.24687520819444916,0.9,0.4,1.0,20,0,0.6800000000000002,0.89
swap_late:expertise_to_risk,simple_selected,100,2,20,0.5221579545886106,0.4741660512065119,0.3886265201611415,0.04476799598121936,1.6345539473775532,20,0,0.3330326767155888,0.7280191306263694,0.2892312790834507,0.2933313680433385,0.1925353366255585,0.003137640814541598,0.8267558388888722,20,0,0.17077137747452265,0.41391476986553305,0.8,0.2339590607462407,0.9,0.4,1.0,20,0,0.7,0.9
swap_late:expertise_to_risk,belief_selected,100,2,20,0.5369273607667251,0.47453821122644513,0.4326880372750759,0.04028325387573649,1.6343367748499624,20,0,0.34816327439156713,0.7418018781804233,0.3031165907849755,0.2981706975471221,0.21990955088670003,0.002687539819412955,0.8407241300533381,20,0,0.18332909822682664,0.4295927915700726,0.79,0.24687520819444916,0.9,0.4,1.0,20,0,0.6800000000000002,0.89
own_round:1,uniform,180,0,180,1.09861228866811,2.278129578503827e-16,1.0986122886681098,1.0986122886681098,1.0986122886681098,20,0,1.09861228866811,1.09861228866811,0.6666666666666666,1.1390647892519134e-16,0.6666666666666667,0.6666666666666667,0.6666666666666667,20,0,0.6666666666666666,0.6666666666666666,0.3333333333333332,5.695323946259567e-17,0.33333333333333326,0.33333333333333326,0.33333333333333326,20,0,0.3333333333333332,0.3333333333333332
own_round:1,expertise,180,0,180,0.01342302033214066,0.0,0.01342302033214066,0.01342302033214066,0.01342302033214066,20,0,0.01342302033214066,0.01342302033214066,0.00026666666666666603,0.0,0.00026666666666666603,0.00026666666666666603,0.00026666666666666603,20,0,0.00026666666666666603,0.00026666666666666603,1.0,0.0,1.0,1.0,1.0,20,0,1.0,1.0
own_round:1,marginal,180,0,180,0.36016994927393775,0.029924537122113955,0.3680073643671725,0.31662057302258967,0.40312392966727273,20,0,0.3473714476845451,0.3725560533788299,0.14739879170970444,0.01873905001948254,0.14932230663168458,0.12271875527600792,0.17576283698969924,20,0,0.1394621969557009,0.15518479619186187,1.0,0.0,1.0,1.0,1.0,20,0,1.0,1.0
own_round:1,repeat_last,180,0,180,0.36016994927393775,0.029924537122113955,0.3680073643671725,0.31662057302258967,0.40312392966727273,20,0,0.3473714476845451,0.3725560533788299,0.14739879170970444,0.01873905001948254,0.14932230663168458,0.12271875527600792,0.17576283698969924,20,0,0.1394621969557009,0.15518479619186187,1.0,0.0,1.0,1.0,1.0,20,0,1.0,1.0
own_round:1,win_stay_expertise,180,0,180,0.17173879116677354,0.012401130691807918,0.17508058519806272,0.15357444938484174,0.18940904535330416,20,0,0.16642758109794015,0.17687306827789034,0.03993781767916031,0.004892038537934591,0.040476122477563346,0.03346028392670551,0.047325083106497454,20,0,0.037871021555204165,0.041972514103642715,1.0,0.0,1.0,1.0,1.0,20,0,1.0,1.0
own_round:1,history_frequency,180,0,180,1.09861228866811,2.278129578503827e-16,1.0986122886681098,1.0986122886681098,1.0986122886681098,20,0,1.09861228866811,1.09861228866811,0.6666666666666666,1.1390647892519134e-16,0.6666666666666667,0.6666666666666667,0.6666666666666667,20,0,0.6666666666666666,0.6666666666666666,0.3333333333333332,5.695323946259567e-17,0.33333333333333326,0.33333333333333326,0.33333333333333326,20,0,0.3333333333333332,0.3333333333333332
own_round:1,reward_learning,180,0,180,0.3601699492739378,0.02992453712211396,0.3680073643671723,0.31662057302258967,0.40312392966727273,20,0,0.3473714476845451,0.37255605337883,0.14739879170970446,0.018739050019482544,0.1493223066316845,0.12271875527600795,0.17576283698969924,20,0,0.13946219695570092,0.15518479619186193,1.0,0.0,1.0,1.0,1.0,20,0,1.0,1.0
own_round:1,belief_static,180,0,180,0.3601699492739378,0.02992453712211396,0.3680073643671723,0.31662057302258967,0.40312392966727273,20,0,0.3473714476845451,0.37255605337883,0.14739879170970446,0.018739050019482544,0.1493223066316845,0.12271875527600795,0.17576283698969924,20,0,0.13946219695570092,0.15518479619186193,1.0,0.0,1.0,1.0,1.0,20,0,1.0,1.0
own_round:1,belief_dynamic,180,0,180,0.3601699492739378,0.02992453712211396,0.3680073643671723,0.31662057302258967,0.40312392966727273,20,0,0.3473714476845451,0.37255605337883,0.14739879170970446,0.018739050019482544,0.1493223066316845,0.12271875527600795,0.17576283698969924,20,0,0.13946219695570092,0.15518479619186193,1.0,0.0,1.0,1.0,1.0,20,0,1.0,1.0
own_round:1,simple_selected,180,0,180,0.3601699492739378,0.02992453712211396,0.3680073643671723,0.31662057302258967,0.40312392966727273,20,0,0.3473714476845451,0.37255605337883,0.14739879170970446,0.018739050019482544,0.1493223066316845,0.12271875527600795,0.17576283698969924,20,0,0.13946219695570092,0.15518479619186193,1.0,0.0,1.0,1.0,1.0,20,0,1.0,1.0
own_round:1,belief_selected,180,0,180,0.3601699492739378,0.02992453712211396,0.3680073643671723,0.31662057302258967,0.40312392966727273,20,0,0.3473714476845451,0.37255605337883,0.14739879170970446,0.018739050019482544,0.1493223066316845,0.12271875527600795,0.17576283698969924,20,0,0.13946219695570092,0.15518479619186193,1.0,0.0,1.0,1.0,1.0,20,0,1.0,1.0
own_round:2,uniform,180,0,180,1.09861228866811,2.278129578503827e-16,1.0986122886681098,1.0986122886681098,1.0986122886681098,20,0,1.09861228866811,1.09861228866811,0.6666666666666666,1.1390647892519134e-16,0.6666666666666667,0.6666666666666667,0.6666666666666667,20,0,0.6666666666666666,0.6666666666666666,0.3333333333333332,5.695323946259567e-17,0.33333333333333326,0.33333333333333326,0.33333333333333326,20,0,0.3333333333333332,0.3333333333333332
own_round:2,expertise,180,0,180,0.1799967627909445,0.7449404228088565,0.01342302033214066,0.01342302033214066,3.344897869508217,20,1,0.01342302033214066,0.5131442477085522,0.06559999999999999,0.29217954905997257,0.00026666666666666603,0.00026666666666666603,1.3069333333333333,20,1,0.00026666666666666603,0.19626666666666664,0.9666666666666666,0.14907119849998599,1.0,0.3333333333333333,1.0,20,1,0.8999999999999998,1.0
own_round:2,marginal,180,0,180,0.44483028939147734,0.369433399172178,0.3680073643671725,0.31662057302258967,2.009827375373379,20,1,0.35259890646832753,0.6159287538186273,0.19214103340375338,0.1950994610851964,0.14932230663168458,0.12271875527600792,1.0175635891569863,20,1,0.1424196430277267,0.28294754330975197,0.9666666666666666,0.14907119849998599,1.0,0.3333333333333333,1.0,20,1,0.8999999999999998,1.0
own_round:2,repeat_last,180,0,180,0.28128068257067407,0.48575029258061875,0.17508058519806272,0.15357444938484174,2.344412277462852,20,1,0.16862018913793428,0.5010810329190386,0.09497560519285145,0.2446559780591712,0.040476122477563346,0.03346028392670551,1.134216034200528,20,1,0.03864173279508427,0.2053936282516804,0.9666666666666666,0.14907119849998599,1.0,0.3333333333333333,1.0,20,1,0.8999999999999998,1.0
own_round:2,win_stay_expertise,180,0,180,0.28128068257067407,0.48575029258061875,0.17508058519806272,0.15357444938484174,2.344412277462852,20,1,0.16862018913793428,0.5010810329190386,0.09497560519285145,0.2446559780591712,0.040476122477563346,0.03346028392670551,1.134216034200528,20,1,0.03864173279508427,0.2053936282516804,0.9666666666666666,0.14907119849998599,1.0,0.3333333333333333,1.0,20,1,0.8999999999999998,1.0
own_round:2,history_frequency,180,0,180,0.3662879429493694,0.2545714442738015,0.3093640374967175,0.3093640374967175,1.4478421465497573,20,1,0.3093640374967174,0.4801357538546734,0.1462610204388076,0.17914491868592372,0.10620299883826784,0.10620299883826784,0.9073634308490635,20,1,0.10620299883826782,0.2263770636398872,0.9666666666666666,0.14907119849998599,1.0,0.3333333333333333,1.0,20,1,0.8999999999999998,1.0
own_round:2,reward_learning,180,0,180,0.2736897636035537,0.45521570432404085,0.1699901868855838,0.15209205216985278,2.207138693211225,20,1,0.1683121699224172,0.4798500628424626,0.09484390177604399,0.23388544054754495,0.04219575570767932,0.03513274005682335,1.0883251595002439,20,1,0.04100754110417114,0.20045543228484405,0.9666666666666666,0.14907119849998599,1.0,0.3333333333333333,1.0,20,1,0.8999999999999998,1.0
own_round:2,belief_static,180,0,180,0.2828954648526093,0.429391605230293,0.18209850170638098,0.15074382956727478,2.1061165980937715,20,2,0.18208642469079298,0.47805135558183076,0.10273733186235123,0.22345261287959486,0.051534675869564256,0.037112969146835754,1.05168444105218,20,1,0.050682150192889484,0.2039871795912154,0.9666666666666666,0.14907119849998599,1.0,0.3333333333333333,1.0,20,1,0.8999999999999998,1.0
own_round:2,belief_dynamic,180,0,180,0.281156962420541,0.4332069125318581,0.18029740153712268,0.15095738644393936,2.1206925564718055,20,2,0.17974781261378697,0.4778656326304888,0.10131334258751683,0.22506556070152126,0.05003014319801073,0.03659424951345811,1.0571560820722112,20,1,0.049007083603761444,0.203256896690953,0.9666666666666666,0.14907119849998599,1.0,0.3333333333333333,1.0,20,1,0.8999999999999998,1.0
own_round:2,simple_selected,180,0,180,0.2736897636035537,0.45521570432404085,0.1699901868855838,0.15209205216985278,2.207138693211225,20,1,0.1683121699224172,0.4798500628424626,0.09484390177604399,0.23388544054754495,0.04219575570767932,0.03513274005682335,1.0883251595002439,20,1,0.04100754110417114,0.20045543228484405,0.9666666666666666,0.14907119849998599,1.0,0.3333333333333333,1.0,20,1,0.8999999999999998,1.0
own_round:2,belief_selected,180,0,180,0.281156962420541,0.4332069125318581,0.18029740153712268,0.15095738644393936,2.1206925564718055,20,2,0.17974781261378697,0.4778656326304888,0.10131334258751683,0.22506556070152126,0.05003014319801073,0.03659424951345811,1.0571560820722112,20,1,0.049007083603761444,0.203256896690953,0.9666666666666666,0.14907119849998599,1.0,0.3333333333333333,1.0,20,1,0.8999999999999998,1.0
own_round:3,uniform,180,0,180,1.09861228866811,2.278129578503827e-16,1.0986122886681098,1.0986122886681098,1.0986122886681098,20,0,1.09861228866811,1.09861228866811,0.6666666666666666,1.1390647892519134e-16,0.6666666666666667,0.6666666666666667,0.6666666666666667,20,0,0.6666666666666666,0.6666666666666666,0.3333333333333332,5.695323946259567e-17,0.33333333333333326,0.33333333333333326,0.33333333333333326,20,0,0.3333333333333332,0.3333333333333332
own_round:3,expertise,180,0,180,0.5547876833232531,0.8766491119712655,0.01342302033214066,0.01342302033214066,2.5120291572141977,20,0,0.20081848059829502,0.9712220394702626,0.21259999999999996,0.3438381572230939,0.00026666666666666603,0.00026666666666666603,0.9802666666666664,20,0,0.07376666666666665,0.3759333333333333,0.8916666666666666,0.17542763123627247,1.0,0.5,1.0,20,0,0.8083333333333332,0.9625
own_round:3,marginal,180,0,180,0.5168024029992337,0.27356479723910637,0.38711893963272914,0.31662057302258967,1.3748748244918332,20,1,0.4139185207174952,0.6500994304045664,0.2610925668101061,0.18296336362248963,0.16559795828739626,0.12271875527600792,0.6819967764516195,20,0,0.1895045374559074,0.34892001457610283,0.8916666666666666,0.17542763123627247,1.0,0.5,1.0,20,0,0.8083333333333332,0.9625
own_round:3,repeat_last,180,0,180,0.4460537185350926,0.4140278220956687,0.18940904535330416,0.15357444938484174,1.522848091933598,20,0,0.27893799756538157,0.640496961662026,0.22465618934765247,0.26728877846195587,0.047325083106497454,0.03346028392670551,0.7808042050658075,20,0,0.11490647066207799,0.3468330894756087,0.8583333333333332,0.21306040655669758,1.0,0.3333333333333333,1.0,20,0,0.7625,0.9416666666666667
own_round:3,win_stay_expertise,180,0,180,0.4354651556273634,0.40938075695932585,0.18940904535330416,0.15357444938484174,1.522848091933598,20,0,0.27302108457694957,0.6287550376377802,0.2165168828032932,0.2619275956722388,0.047325083106497454,0.03346028392670551,0.7808042050658075,20,0,0.11070684752361407,0.338797397346499,0.8708333333333332,0.18628995509264867,1.0,0.5,1.0,20,0,0.7874999999999999,0.9458333333333332
own_round:3,history_frequency,180,0,180,0.4845028433912799,0.39251450410616234,0.21209344602063462,0.21209344602063462,1.2800710260516104,20,0,0.32430620638663366,0.6609833529657585,0.240811577094891,0.2687133101647976,0.054785060383384376,0.054785060383384376,0.7681187202332428,20,0,0.1320628735337857,0.3614928913514173,0.8583333333333332,0.21306040655669758,1.0,0.3333333333333333,1.0,20,0,0.7625,0.9416666666666667
own_round:3,reward_learning,180,0,180,0.3794790431643523,0.31772366349811904,0.20580531734409238,0.13389342847981156,1.3299060174025845,20,1,0.25541421207425613,0.5327469030169232,0.18918654089902448,0.21165738279766785,0.06154909052304722,0.026703747933934756,0.6520325291195838,20,0,0.1045807960867683,0.2905391309473738,0.8916666666666666,0.17542763123627247,1.0,0.5,1.0,20,0,0.8083333333333332,0.9625
own_round:3,belief_static,180,0,180,0.38095447258049947,0.2872104587186993,0.23753412870680446,0.1295439983811266,1.2755650276397144,20,1,0.26907457324031986,0.5211402604396115,0.191676097326042,0.19047945001125743,0.08138055840333247,0.02825295497383143,0.629388147410991,20,0,0.11535268124810842,0.2823407358149585,0.8916666666666666,0.17542763123627247,1.0,0.5,1.0,20,0,0.8083333333333332,0.9625
own_round:3,belief_dynamic,180,0,180,0.38087043103539076,0.29594222083819555,0.22923744350881728,0.13061171335411947,1.2921240212012717,20,1,0.26522805393164683,0.5242456532369931,0.1912384147165846,0.19671885424071514,0.07558676123098247,0.02813134915203907,0.6364545928781167,20,0,0.11203582477268317,0.2847185750495984,0.8916666666666666,0.17542763123627247,1.0,0.5,1.0,20,0,0.8083333333333332,0.9625
own_round:3,simple_selected,180,0,180,0.3794790431643523,0.31772366349811904,0.20580531734409238,0.13389342847981156,1.3299060174025845,20,1,0.25541421207425613,0.5327469030169232,0.18918654089902448,0.21165738279766785,0.06154909052304722,0.026703747933934756,0.6520325291195838,20,0,0.1045807960867683,0.2905391309473738,0.8916666666666666,0.17542763123627247,1.0,0.5,1.0,20,0,0.8083333333333332,0.9625
own_round:3,belief_selected,180,0,180,0.38087043103539076,0.29594222083819555,0.22923744350881728,0.13061171335411947,1.2921240212012717,20,1,0.26522805393164683,0.5242456532369931,0.1912384147165846,0.19671885424071514,0.07558676123098247,0.02813134915203907,0.6364545928781167,20,0,0.11203582477268317,0.2847185750495984,0.8916666666666666,0.17542763123627247,1.0,0.5,1.0,20,0,0.8083333333333332,0.9625
own_round:4,uniform,180,0,180,1.09861228866811,2.278129578503827e-16,1.0986122886681098,1.0986122886681098,1.0986122886681098,20,0,1.09861228866811,1.09861228866811,0.6666666666666666,1.1390647892519134e-16,0.6666666666666667,0.6666666666666667,0.6666666666666667,20,0,0.6666666666666666,0.6666666666666666,0.3333333333333332,5.695323946259567e-17,0.33333333333333326,0.33333333333333326,0.33333333333333326,20,0,0.3333333333333332,0.3333333333333332
own_round:4,expertise,180,0,180,0.7630048613967579,1.127169864347189,0.01342302033214066,0.01342302033214066,3.344897869508217,20,0,0.32574878744239777,1.2627260887731695,0.29426666666666657,0.4420970759475835,0.00026666666666666603,0.00026666666666666603,1.306933333333333,20,0,0.12276666666666662,0.4902666666666667,0.85,0.22555973262631815,1.0,0.3333333333333333,1.0,20,0,0.7499999999999999,0.9375
own_round:4,marginal,180,0,180,0.5494916108393805,0.3151245493046112,0.38711893963272914,0.31662057302258967,1.4719193174985463,20,1,0.42821590712696683,0.6974974846948772,0.294515075024783,0.23187612606681138,0.16559795828739626,0.12271875527600792,0.8878095539981293,20,1,0.20409802869570984,0.400994884143939,0.85,0.22555973262631815,1.0,0.3333333333333333,1.0,20,0,0.7499999999999999,0.9375
own_round:4,repeat_last,180,0,180,0.5140461563784732,0.4550350584089522,0.40842761985006715,0.15357444938484174,1.8381629934387937,20,2,0.33753811127951794,0.7279070129042362,0.28164098443710117,0.29261570301411405,0.23854715009345356,0.03346028392670551,0.9846685987952608,20,1,0.1653617051827243,0.4164125664027588,0.8,0.2219662268183005,0.8333333333333333,0.3333333333333333,1.0,20,0,0.7,0.8916666666666666
own_round:4,win_stay_expertise,180,0,180,0.48530665378415333,0.475702961927392,0.213623171317801,0.15357444938484174,1.8381629934387937,20,1,0.30153038108867536,0.7043824284159648,0.25899868866309605,0.3145998557014906,0.07784174314003997,0.03346028392670551,1.0462386015334864,20,1,0.13604378182853635,0.40196957100726893,0.8416666666666666,0.20925235890570587,0.9583333333333333,0.3333333333333333,1.0,20,0,0.7458333333333333,0.925
own_round:4,history_frequency,180,0,180,0.5488495322717573,0.46512614569376437,0.41789875294029655,0.16432276275578686,1.6048268981727216,20,1,0.3623683792396288,0.7636770593422602,0.2872404994032979,0.2950551927266831,0.22757925511690663,0.0344428642703557,0.9359287475357555,20,0,0.1680262654349882,0.42405011913803753,0.8,0.2219662268183005,0.8333333333333333,0.3333333333333333,1.0,20,0,0.7,0.8916666666666666
own_round:4,reward_learning,180,0,180,0.4386999064723335,0.3425757194384131,0.3735916359266851,0.1459299515445058,1.4909634209386358,20,1,0.307117574117079,0.6003101604336857,0.24285470074411095,0.24018860496084057,0.1937459551545296,0.03145136618207228,0.8919224355778601,20,1,0.14837348750657134,0.35543345025013773,0.8208333333333332,0.22010596863079518,0.9166666666666666,0.3333333333333333,1.0,20,0,0.7208333333333333,0.9083333333333334
own_round:4,belief_static,180,0,180,0.44055035064980486,0.29550092854007215,0.3942000701614725,0.14463663467738297,1.3213029228469604,20,1,0.32608123081119017,0.5793030837265746,0.24690339097232697,0.2156029703340382,0.2110454897331866,0.03440234928393422,0.8195717127295581,20,1,0.1608759994062965,0.3480870611462289,0.8083333333333332,0.21646414286481455,0.8333333333333333,0.3333333333333333,1.0,20,0,0.7083333333333334,0.8958333333333333
own_round:4,belief_dynamic,180,0,180,0.4371928045922074,0.3074973805758544,0.3897308755213158,0.14838960205392146,1.3536270630078522,20,1,0.31798344234843307,0.5816178385380699,0.24399080203419787,0.22284987662018388,0.20823842704232645,0.03500132768423521,0.83243421779747,20,1,0.1553024338880553,0.34872046327027717,0.8208333333333332,0.22010596863079518,0.9166666666666666,0.3333333333333333,1.0,20,0,0.7208333333333333,0.9083333333333334
own_round:4,simple_selected,180,0,180,0.4386999064723335,0.3425757194384131,0.3735916359266851,0.1459299515445058,1.4909634209386358,20,1,0.307117574117079,0.6003101604336857,0.24285470074411095,0.24018860496084057,0.1937459551545296,0.03145136618207228,0.8919224355778601,20,1,0.14837348750657134,0.35543345025013773,0.8208333333333332,0.22010596863079518,0.9166666666666666,0.3333333333333333,1.0,20,0,0.7208333333333333,0.9083333333333334
own_round:4,belief_selected,180,0,180,0.4371928045922074,0.3074973805758544,0.3897308755213158,0.14838960205392146,1.3536270630078522,20,1,0.31798344234843307,0.5816178385380699,0.24399080203419787,0.22284987662018388,0.20823842704232645,0.03500132768423521,0.83243421779747,20,1,0.1553024338880553,0.34872046327027717,0.8208333333333332,0.22010596863079518,0.9166666666666666,0.3333333333333333,1.0,20,0,0.7208333333333333,0.9083333333333334
own_round:5,uniform,180,1,180,1.09861228866811,2.278129578503827e-16,1.0986122886681098,1.0986122886681098,1.0986122886681098,20,0,1.09861228866811,1.09861228866811,0.6666666666666666,1.1390647892519134e-16,0.6666666666666667,0.6666666666666667,0.6666666666666667,20,0,0.6666666666666666,0.6666666666666666,0.3333333333333332,5.695323946259567e-17,0.33333333333333326,0.33333333333333326,0.33333333333333326,20,0,0.3333333333333332,0.3333333333333332
own_round:5,expertise,180,1,180,1.0753306285070152,1.0848768068727075,0.6380745545526549,0.01342302033214066,3.344897869508217,20,0,0.6380745545526549,1.5750518558834266,0.4167666666666666,0.42550894878612827,0.24526666666666663,0.00026666666666666603,1.306933333333333,20,0,0.2452666666666666,0.6127666666666666,0.7874999999999999,0.21709640244190223,0.8749999999999999,0.3333333333333333,1.0,20,0,0.6875,0.875
own_round:5,marginal,180,1,180,0.6781448914717934,0.3314625040955094,0.5263780342400279,0.34198392971446845,1.3748748244918332,20,0,0.5439548353759289,0.831287923787739,0.37380016994993814,0.2265220918109179,0.27806557290598216,0.13375698006603728,0.8248823907998818,20,0,0.28170512774752293,0.47761040412593814,0.7874999999999999,0.21709640244190223,0.8749999999999999,0.3333333333333333,1.0,20,0,0.6875,0.875
own_round:5,repeat_last,180,1,180,0.6362036610103072,0.41578558574144225,0.5882281760657972,0.16426970417087763,1.5228480919335983,20,0,0.4703024319306491,0.832666796447293,0.3539283507204163,0.25669604651870687,0.3439835172013354,0.036402315480182176,0.9183986738500354,20,1,0.250125727235769,0.4746894246852802,0.7583333333333332,0.18906510528145512,0.7916666666666666,0.41666666666666663,1.0,20,0,0.6708333333333334,0.8334374999999985
own_round:5,win_stay_expertise,180,1,180,0.6284884688406432,0.43491756228171186,0.5517078550716208,0.16426970417087763,1.5228480919335983,20,0,0.4558850111291569,0.8310447264166119,0.34813664777226,0.27351419704040303,0.3535448642873795,0.036402315480182176,0.9183986738500354,20,0,0.23873858193044878,0.4728615061986156,0.7749999999999999,0.1932713149165976,0.75,0.41666666666666663,1.0,20,0,0.6916666666666665,0.8541666666666666
own_round:5,history_frequency,180,1,180,0.6210961811147185,0.3946997458258258,0.5315587794500738,0.136959688115455,1.4429369485746815,20,0,0.4645053720362242,0.8039133107297303,0.3423812994688288,0.25401510166932495,0.3088919118208515,0.024573935043557822,0.8393083941236562,20,0,0.24210643661697848,0.4582343505688269,0.7583333333333332,0.18906510528145512,0.7916666666666666,0.41666666666666663,1.0,20,0,0.6708333333333334,0.8334374999999985
own_round:5,reward_learning,180,1,180,0.5470255508483322,0.3336127874558249,0.5370282998377105,0.14996176240595643,1.3851706672879214,20,1,0.4152007903921616,0.7063466743550357,0.3087875341216984,0.20947803338555882,0.28541303407805796,0.036980892771583576,0.7959802342447814,20,0,0.22497672580028946,0.4060688491521187,0.7583333333333332,0.18906510528145512,0.7916666666666666,0.41666666666666663,1.0,20,0,0.6749999999999998,0.8374999999999998
own_round:5,belief_static,180,1,180,0.5637225957465714,0.325580897988675,0.49976529734173664,0.18766013274219634,1.4247396501769067,20,1,0.43592811244905055,0.7192650821775783,0.32065960777679303,0.20477903012212695,0.2680547898103389,0.05791789916606788,0.7660362334283085,20,0,0.23709041099942668,0.4144659935669998,0.7708333333333333,0.17908759985284473,0.7916666666666666,0.41666666666666663,1.0,20,0,0.6916666666666665,0.8416666666666666
own_round:5,belief_dynamic,180,1,180,0.5615615527258072,0.3334305040637931,0.5176456365325959,0.17384881113845913,1.424508701039943,20,1,0.4328970664148022,0.7227400242114347,0.3193463252306062,0.21023901521412316,0.2816857591051262,0.05030360453440994,0.7925893548223799,20,0,0.2342189625235007,0.4160626711320743,0.7708333333333333,0.17908759985284473,0.7916666666666666,0.41666666666666663,1.0,20,0,0.6916666666666665,0.8416666666666666
own_round:5,simple_selected,180,1,180,0.5470255508483322,0.3336127874558249,0.5370282998377105,0.14996176240595643,1.3851706672879214,20,1,0.4152007903921616,0.7063466743550357,0.3087875341216984,0.20947803338555882,0.28541303407805796,0.036980892771583576,0.7959802342447814,20,0,0.22497672580028946,0.4060688491521187,0.7583333333333332,0.18906510528145512,0.7916666666666666,0.41666666666666663,1.0,20,0,0.6749999999999998,0.8374999999999998
own_round:5,belief_selected,180,1,180,0.5615615527258072,0.3334305040637931,0.5176456365325959,0.17384881113845913,1.424508701039943,20,1,0.4328970664148022,0.7227400242114347,0.3193463252306062,0.21023901521412316,0.2816857591051262,0.05030360453440994,0.7925893548223799,20,0,0.2342189625235007,0.4160626711320743,0.7708333333333333,0.17908759985284473,0.7916666666666666,0.41666666666666663,1.0,20,0,0.6916666666666665,0.8416666666666666
own_round:6,uniform,180,1,180,1.09861228866811,2.278129578503827e-16,1.0986122886681098,1.0986122886681098,1.0986122886681098,20,0,1.09861228866811,1.09861228866811,0.6666666666666666,1.1390647892519134e-16,0.6666666666666667,0.6666666666666667,0.6666666666666667,20,0,0.6666666666666666,0.6666666666666666,0.3333333333333332,5.695323946259567e-17,0.33333333333333326,0.33333333333333326,0.33333333333333326,20,0,0.3333333333333332,0.3333333333333332
own_round:6,expertise,180,1,180,1.241904370965819,0.8805447723042595,1.2627260887731693,0.01342302033214066,2.512029157214198,20,0,0.8671134504335102,1.6166952914981276,0.48209999999999986,0.34536610797530737,0.4902666666666665,0.00026666666666666603,0.9802666666666666,20,0,0.3350999999999999,0.6291,0.7541666666666667,0.17620719794658543,0.75,0.49999999999999994,1.0,20,0,0.6791666666666666,0.8291666666666666
own_round:6,marginal,180,1,180,0.7402942432640806,0.28139616750460816,0.7759557567025888,0.34198392971446845,1.2670112080560265,20,0,0.6192893331879089,0.8604398112980407,0.4109795237286895,0.18645293537668253,0.4061369736038648,0.13375698006603728,0.7202721315811889,20,0,0.3311557456998161,0.49089753170655837,0.7541666666666667,0.17620719794658543,0.75,0.49999999999999994,1.0,20,0,0.6791666666666666,0.8291666666666666
own_round:6,repeat_last,180,1,180,0.6138739888831278,0.3437089006060759,0.5104761730064928,0.16426970417087763,1.3690937278100133,20,0,0.4697837257668812,0.7662209119385723,0.33267651268646226,0.20767927022514765,0.2828851774543159,0.036402315480182176,0.7884970436760483,20,0,0.24562513021422538,0.4260723122730829,0.7791666666666666,0.1605796335574667,0.8333333333333333,0.41666666666666663,1.0,20,1,0.7041666666666667,0.8416666666666666
own_round:6,win_stay_expertise,180,1,180,0.6228307916559309,0.3808180791607663,0.519337501945585,0.16426970417087763,1.3690937278100133,20,0,0.4639432040254046,0.7891377169111876,0.3375118748168018,0.24389291034916583,0.29528502203576834,0.036402315480182176,0.7884970436760483,20,0,0.23520915485500068,0.4437407861961637,0.8,0.17811554171051558,0.8333333333333333,0.5,1.0,20,0,0.7208333333333333,0.875
own_round:6,history_frequency,180,1,180,0.5732132191756059,0.35589263710551794,0.4910707605869822,0.11956929875532449,1.395615095500366,20,0,0.42346759988233384,0.7291228623346293,0.31148957221778156,0.21759278202803534,0.27905597284448036,0.01905108410361482,0.8172236693441074,20,0,0.2194445903167247,0.40774046698629934,0.7999999999999999,0.17184924714030625,0.8333333333333333,0.41666666666666663,1.0,20,1,0.7208333333333334,0.8708333333333333
own_round:6,reward_learning,180,1,180,0.5074027615120723,0.24900857158227346,0.4498398324994437,0.1679245812938922,0.9899555273616918,20,0,0.40109382309178326,0.6180112014242631,0.2805142112896491,0.16858765210195278,0.23209952753776183,0.048287763333024744,0.5863047395815366,20,0,0.20888289747943564,0.3555642521558892,0.7958333333333333,0.15642899104630853,0.8333333333333333,0.49999999999999994,1.0,20,0,0.725,0.8624999999999998
own_round:6,belief_static,180,1,180,0.5001510624189458,0.22650036488397662,0.4533805103511195,0.21166750991525202,1.0014849938851067,20,0,0.4063293987425036,0.6025225481904867,0.27623110365284986,0.15242564358734068,0.2689417205745789,0.07354716224806056,0.585830332701661,20,0,0.2125759651339666,0.3454156580660757,0.8041666666666666,0.14376668476779592,0.8333333333333333,0.5,1.0,20,0,0.7416666666666666,0.8666666666666666
own_round:6,belief_dynamic,180,1,180,0.5049290206284279,0.2348614487222922,0.4699552285515542,0.19354871549294073,1.029007652351961,20,0,0.4062700239854581,0.6101263167394423,0.2797082988133385,0.1587363677729742,0.26480064636104245,0.06260998237227766,0.6048908101106353,20,0,0.2127182453494321,0.35172118210411984,0.8,0.14907119849998596,0.8333333333333333,0.5,1.0,20,0,0.7333333333333333,0.8625
own_round:6,simple_selected,180,1,180,0.5074027615120723,0.24900857158227346,0.4498398324994437,0.1679245812938922,0.9899555273616918,20,0,0.40109382309178326,0.6180112014242631,0.2805142112896491,0.16858765210195278,0.23209952753776183,0.048287763333024744,0.5863047395815366,20,0,0.20888289747943564,0.3555642521558892,0.7958333333333333,0.15642899104630853,0.8333333333333333,0.49999999999999994,1.0,20,0,0.725,0.8624999999999998
own_round:6,belief_selected,180,1,180,0.5049290206284279,0.2348614487222922,0.4699552285515542,0.19354871549294073,1.029007652351961,20,0,0.4062700239854581,0.6101263167394423,0.2797082988133385,0.1587363677729742,0.26480064636104245,0.06260998237227766,0.6048908101106353,20,0,0.2127182453494321,0.35172118210411984,0.8,0.14907119849998596,0.8333333333333333,0.5,1.0,20,0,0.7333333333333333,0.8625
own_round:7,uniform,180,2,180,1.09861228866811,2.278129578503827e-16,1.0986122886681098,1.0986122886681098,1.0986122886681098,20,0,1.09861228866811,1.09861228866811,0.6666666666666666,1.1390647892519134e-16,0.6666666666666667,0.6666666666666667,0.6666666666666667,20,0,0.6666666666666666,0.6666666666666666,0.3333333333333332,5.695323946259567e-17,0.33333333333333326,0.33333333333333326,0.33333333333333326,20,0,0.3333333333333332,0.3333333333333332
own_round:7,expertise,180,2,180,1.2835478065805197,1.1342330335023523,0.8462917326261596,0.01342302033214066,3.344897869508217,20,0,0.8046482970114589,1.7832690339569315,0.4984333333333333,0.4448673828278417,0.3269333333333333,0.00026666666666666603,1.306933333333333,20,0,0.31059999999999993,0.6944333333333332,0.7458333333333333,0.22697315450400093,0.8333333333333333,0.3333333333333333,1.0,20,0,0.6458333333333333,0.8416666666666666
own_round:7,marginal,180,2,180,0.7128634764410336,0.32123607525786413,0.612102104673818,0.34198392971446845,1.469607924498622,20,1,0.5825046429700164,0.8591892559563586,0.4073657960908655,0.22996140613562055,0.3276196547216447,0.13375698006603728,0.8436961317939288,20,0,0.31247000888106347,0.510159631991073,0.7458333333333333,0.22697315450400093,0.8333333333333333,0.3333333333333333,1.0,20,0,0.6458333333333333,0.8416666666666666
own_round:7,repeat_last,180,2,180,0.5116923329525958,0.28478250048342124,0.4058712924245313,0.16426970417087763,1.1555751064975244,20,0,0.3905562860788989,0.6377859442528749,0.28092737385842276,0.1905573664592851,0.23118287357085415,0.036402315480182176,0.6553018593191846,20,0,0.20009127511499125,0.3646842014079542,0.8208333333333334,0.14376668476779592,0.8333333333333333,0.5,1.0,20,0,0.7583333333333334,0.8833333333333332
own_round:7,win_stay_expertise,180,2,180,0.6100001552634112,0.3862386768731766,0.5970698078214489,0.16426970417087763,1.4793738977022142,20,0,0.44534333856888586,0.7847339836967578,0.33983761938598767,0.2550320250305206,0.33659352037993656,0.036402315480182176,0.7808042050658075,20,0,0.22993762337442222,0.45452846864119945,0.7999999999999999,0.16534564187346973,0.7916666666666666,0.5,1.0,20,0,0.7291666666666666,0.8708333333333333
own_round:7,history_frequency,180,2,180,0.5145392338297964,0.34098886448943044,0.347914571211997,0.10767340475917289,1.2130751013724388,20,0,0.3684378428029193,0.6651741783817509,0.26878579228235944,0.21123328469337574,0.17310807406141088,0.015630243013721307,0.6677703319648263,20,0,0.17766133152611496,0.3612431801953607,0.8500000000000002,0.17013926184468012,0.875,0.5,1.0,20,0,0.7749999999999999,0.9208333333333334
own_round:7,reward_learning,180,2,180,0.4514119588443376,0.24583657617961185,0.3618422219029804,0.1530640880254664,1.1479941059191794,20,1,0.3529759749747899,0.5654405599403337,0.24751830046380766,0.1693121123502504,0.19318434782067379,0.03958730375520498,0.655479860148591,20,0,0.17769711172243466,0.3233287646750369,0.8500000000000002,0.1470966583596813,0.8333333333333333,0.5,1.0,20,0,0.7833333333333333,0.9125
own_round:7,belief_static,180,2,180,0.4672717786752322,0.22802892129679642,0.3839361998180419,0.21456950744717193,1.191350619744584,20,1,0.379671333663583,0.5765099857866038,0.26129688370456383,0.1576317151635842,0.21335147981182087,0.07598894388453076,0.6996057624288762,20,1,0.19750076004701372,0.3342420565339714,0.8333333333333334,0.15294382258037453,0.8333333333333333,0.5,1.0,20,0,0.7666666666666666,0.8958333333333333
own_round:7,belief_dynamic,180,2,180,0.4634809417799022,0.23718735988053619,0.39137291002401986,0.1903646203245894,1.2054042496062818,20,1,0.371282782327106,0.5757138716941627,0.25770668199043273,0.16266804507487406,0.20698801287752616,0.0608836639712229,0.6924659371777946,20,1,0.19090642413035724,0.33279115893857303,0.8375,0.16103421233967535,0.8333333333333333,0.5,1.0,20,0,0.7666666666666666,0.9041666666666666
own_round:7,simple_selected,180,2,180,0.4514119588443376,0.24583657617961185,0.3618422219029804,0.1530640880254664,1.1479941059191794,20,1,0.3529759749747899,0.5654405599403337,0.24751830046380766,0.1693121123502504,0.19318434782067379,0.03958730375520498,0.655479860148591,20,0,0.17769711172243466,0.3233287646750369,0.8500000000000002,0.1470966583596813,0.8333333333333333,0.5,1.0,20,0,0.7833333333333333,0.9125
own_round:7,belief_selected,180,2,180,0.4634809417799022,0.23718735988053619,0.39137291002401986,0.1903646203245894,1.2054042496062818,20,1,0.371282782327106,0.5757138716941627,0.25770668199043273,0.16266804507487406,0.20698801287752616,0.0608836639712229,0.6924659371777946,20,1,0.19090642413035724,0.33279115893857303,0.8375,0.16103421233967535,0.8333333333333333,0.5,1.0,20,0,0.7666666666666666,0.9041666666666666
own_round:8,uniform,180,0,180,1.09861228866811,2.278129578503827e-16,1.0986122886681098,1.0986122886681098,1.0986122886681098,20,0,1.09861228866811,1.09861228866811,0.6666666666666666,1.1390647892519134e-16,0.6666666666666667,0.6666666666666667,0.6666666666666667,20,0,0.6666666666666666,0.6666666666666666,0.3333333333333332,5.695323946259567e-17,0.33333333333333326,0.33333333333333326,0.33333333333333326,20,0,0.3333333333333332,0.3333333333333332
own_round:8,expertise,180,0,180,1.3876563956172723,0.9563208229721742,1.2627260887731693,0.01342302033214066,2.9284635133612076,20,0,0.9920437572776132,1.804090751764282,0.5392666666666666,0.37508689051817906,0.4902666666666666,0.00026666666666666603,1.1435999999999997,20,0,0.38409999999999994,0.7025999999999999,0.725,0.19137086250927504,0.75,0.41666666666666663,1.0,20,0,0.6416666666666666,0.8041666666666666
own_round:8,marginal,180,0,180,0.7764117629566037,0.3093571882171665,0.6610772806767732,0.34198392971446845,1.3674799410650762,20,0,0.6466913653694109,0.9155158242923467,0.43918046385282244,0.2029943998656112,0.3894962957975484,0.13375698006603728,0.775336498978089,20,0,0.3537484742754749,0.5301543468878251,0.725,0.19137086250927504,0.75,0.41666666666666663,1.0,20,0,0.6416666666666666,0.8041666666666666
own_round:8,repeat_last,180,0,180,0.5452664332745834,0.27321625238330316,0.5039704862435965,0.16426970417087763,1.0909044672675443,20,0,0.42951712540978476,0.6647136673565431,0.2895534043440015,0.17387975892326277,0.2785474923716573,0.036402315480182176,0.7132932430358696,20,0,0.21594610782318885,0.36809258951267954,0.8291666666666666,0.14427424745786116,0.8333333333333333,0.5833333333333333,1.0,20,0,0.7666666666666666,0.8916666666666666
own_round:8,win_stay_expertise,180,0,180,0.5553107487253489,0.29156523791739836,0.4599192885147526,0.16426970417087763,1.0909044672675443,20,0,0.43311437996603847,0.6816961475130335,0.2952665601490398,0.1869947828723392,0.25978862761860944,0.036402315480182176,0.7132932430358696,20,0,0.21674543446579553,0.3780900849234961,0.8375,0.1309965179663118,0.8333333333333333,0.5833333333333333,1.0,20,0,0.7833333333333332,0.8916666666666666
own_round:8,history_frequency,180,0,180,0.48424277425248663,0.2705673788461323,0.44762619479084315,0.0990824043412375,1.0334021470607342,20,0,0.36966870408258706,0.6035906515908673,0.26076384808445796,0.17935956553395474,0.24401478116400482,0.013347768403504268,0.6552137176580077,20,0,0.18493546369826722,0.34161669898321617,0.8416666666666666,0.1375963245803161,0.8333333333333333,0.5833333333333333,1.0,20,0,0.7833333333333332,0.9
own_round:8,reward_learning,180,0,180,0.462736006409437,0.2509125338341153,0.37116020450229237,0.16873581705183366,1.1225600574737178,20,2,0.36366957358374824,0.5797987628355882,0.24233550818611427,0.15713510226741784,0.19575684716014535,0.051736632812175755,0.6843517317421776,20,1,0.17984605643633728,0.3156566029149601,0.8333333333333333,0.1576508838211529,0.9166666666666665,0.41666666666666663,1.0,20,1,0.7623958333333332,0.9
own_round:8,belief_static,180,0,180,0.48003220434398797,0.23002301097881225,0.36712549120623084,0.21760762332787142,0.9953083496234116,20,1,0.38794971516361754,0.5845252722899419,0.2600261030105727,0.1473503161861961,0.2032309621635643,0.08280355683048678,0.5902689517278824,20,0,0.19984315658049626,0.3257917732464389,0.8416666666666666,0.14784020138716947,0.9166666666666665,0.5,1.0,20,0,0.7749999999999999,0.9041666666666666
own_round:8,belief_dynamic,180,0,180,0.4817344814683537,0.24029037041307014,0.37421188089569646,0.1936537478546814,1.0960246013833408,20,1,0.3871263863698285,0.59308383543992,0.26108091994033134,0.1544901973178923,0.21103301054468912,0.06673874986197344,0.6673710018557965,20,1,0.19915134498066459,0.3314400620616307,0.8416666666666666,0.1527046608663023,0.9166666666666665,0.41666666666666663,1.0,20,1,0.7708333333333333,0.9041666666666666
own_round:8,simple_selected,180,0,180,0.462736006409437,0.2509125338341153,0.37116020450229237,0.16873581705183366,1.1225600574737178,20,2,0.36366957358374824,0.5797987628355882,0.24233550818611427,0.15713510226741784,0.19575684716014535,0.051736632812175755,0.6843517317421776,20,1,0.17984605643633728,0.3156566029149601,0.8333333333333333,0.1576508838211529,0.9166666666666665,0.41666666666666663,1.0,20,1,0.7623958333333332,0.9
own_round:8,belief_selected,180,0,180,0.4817344814683537,0.24029037041307014,0.37421188089569646,0.1936537478546814,1.0960246013833408,20,1,0.3871263863698285,0.59308383543992,0.26108091994033134,0.1544901973178923,0.21103301054468912,0.06673874986197344,0.6673710018557965,20,1,0.19915134498066459,0.3314400620616307,0.8416666666666666,0.1527046608663023,0.9166666666666665,0.41666666666666663,1.0,20,1,0.7708333333333333,0.9041666666666666
own_round:9,uniform,180,0,180,1.09861228866811,2.278129578503827e-16,1.0986122886681098,1.0986122886681098,1.0986122886681098,20,0,1.09861228866811,1.09861228866811,0.6666666666666666,1.1390647892519134e-16,0.6666666666666667,0.6666666666666667,0.6666666666666667,20,0,0.6666666666666666,0.6666666666666666,0.3333333333333332,5.695323946259567e-17,0.33333333333333326,0.33333333333333326,0.33333333333333326,20,0,0.3333333333333332,0.3333333333333332
own_round:9,expertise,180,0,180,1.8249124695716321,1.2476581657284014,1.8873776229936836,0.01342302033214066,4.177766581802237,20,0,1.3043695243878701,2.366277132562745,0.7107666666666665,0.48935483842988287,0.7352666666666665,0.00026666666666666603,1.6336,20,0,0.5065999999999998,0.9231,0.6375,0.24967083593361375,0.625,0.16666666666666666,1.0,20,0,0.5291666666666666,0.7416666666666668
own_round:9,marginal,180,0,180,0.9175475978096704,0.405109228620311,0.856006663858746,0.3711139495981856,1.9950376085198651,20,1,0.7515397106211742,1.098580666159487,0.5357828278542826,0.26607333858104293,0.5425529395486957,0.15543307958509328,1.1369776088722108,20,0,0.42523060495519366,0.6536366049679398,0.6375,0.24967083593361375,0.625,0.16666666666666666,1.0,20,0,0.5291666666666666,0.7416666666666668
own_round:9,repeat_last,180,0,180,0.712064091548381,0.4097049531326356,0.5965917423753075,0.23099398160627832,1.5711243673124817,20,0,0.546752094008666,0.8933333094822856,0.3994766594097189,0.2582060173623131,0.33779290221725294,0.08114531743922818,0.8789383781216673,20,0,0.2939313250270511,0.511535242090062,0.7583333333333332,0.1707825127659933,0.75,0.49999999999999994,1.0,20,0,0.6875,0.8333333333333333
own_round:9,win_stay_expertise,180,0,180,0.8002179428978085,0.5290271235200543,0.6273619255522013,0.17636017172678148,1.965513577902033,20,0,0.5889173434923233,1.033023759192889,0.4495623095101206,0.333822730095777,0.3337137058864753,0.04202528340485308,1.0428189139011488,20,0,0.3128419008283458,0.5976135176225226,0.7374999999999999,0.22985343664862024,0.8333333333333333,0.41666666666666663,1.0,20,0,0.6333333333333334,0.8333333333333333
own_round:9,history_frequency,180,0,180,0.6638834774048916,0.4637999769363111,0.49755296188218184,0.1464904172471641,1.6055041657550086,20,0,0.4737443763852938,0.8699725775303004,0.36381553012550255,0.27958617934829844,0.282350106735844,0.03285373152621296,0.8790521771911712,20,0,0.2477827249172757,0.4871806922557631,0.7791666666666666,0.18192240168247045,0.8333333333333333,0.5,1.0,20,0,0.7,0.8541666666666667
own_round:9,reward_learning,180,0,180,0.6070437285804642,0.3388451574037205,0.5904359801833787,0.2001885596244122,1.4964469649592478,20,1,0.47009405434543744,0.7587676496691659,0.3477726743024028,0.22001215897448784,0.32915069200150704,0.06434936468325007,0.8698060223668443,20,0,0.2581939584390749,0.4452458913934314,0.7541666666666665,0.17826937695586959,0.75,0.41666666666666663,1.0,20,0,0.6791666666666666,0.8291666666666666
own_round:9,belief_static,180,0,180,0.5796528882533757,0.29967754567530086,0.5634087113397316,0.17229689045337346,1.4480336416957225,20,1,0.4603783046897868,0.7172565724857065,0.3378915403571727,0.19765834248713912,0.35766206056226646,0.060473446175869694,0.84343481150596,20,1,0.25701755445036,0.42467428367662813,0.7541666666666667,0.17826937695586959,0.75,0.41666666666666663,1.0,20,0,0.6791666666666666,0.8291666666666666
own_round:9,belief_dynamic,180,0,180,0.6031401411246389,0.325773007360205,0.5967250267077944,0.20525116904510604,1.4916170473361539,20,1,0.47271452487485666,0.7504178102719684,0.3498588729699064,0.2128078687684204,0.3362744904759487,0.08134787392747621,0.8650318579640528,20,1,0.26318344120651005,0.4432385195637051,0.7374999999999999,0.18192240168247045,0.75,0.41666666666666663,1.0,20,0,0.6624999999999999,0.8166666666666667
own_round:9,simple_selected,180,0,180,0.6070437285804642,0.3388451574037205,0.5904359801833787,0.2001885596244122,1.4964469649592478,20,1,0.47009405434543744,0.7587676496691659,0.3477726743024028,0.22001215897448784,0.32915069200150704,0.06434936468325007,0.8698060223668443,20,0,0.2581939584390749,0.4452458913934314,0.7541666666666665,0.17826937695586959,0.75,0.41666666666666663,1.0,20,0,0.6791666666666666,0.8291666666666666
own_round:9,belief_selected,180,0,180,0.6031401411246389,0.325773007360205,0.5967250267077944,0.20525116904510604,1.4916170473361539,20,1,0.47271452487485666,0.7504178102719684,0.3498588729699064,0.2128078687684204,0.3362744904759487,0.08134787392747621,0.8650318579640528,20,1,0.26318344120651005,0.4432385195637051,0.7374999999999999,0.18192240168247045,0.75,0.41666666666666663,1.0,20,0,0.6624999999999999,0.8166666666666667
own_round:10,uniform,180,0,180,1.09861228866811,2.278129578503827e-16,1.0986122886681098,1.0986122886681098,1.0986122886681098,20,0,1.09861228866811,1.09861228866811,0.6666666666666666,1.1390647892519134e-16,0.6666666666666667,0.6666666666666667,0.6666666666666667,20,0,0.6666666666666666,0.6666666666666666,0.3333333333333332,5.695323946259567e-17,0.33333333333333326,0.33333333333333326,0.33333333333333326,20,0,0.3333333333333332,0.3333333333333332
own_round:10,expertise,180,0,180,1.8249124695716326,1.0313970630263798,1.8873776229936838,0.01342302033214066,2.9284635133612076,20,0,1.3668346778099218,2.2413468257186424,0.7107666666666665,0.4045331942661292,0.7352666666666666,0.00026666666666666603,1.1436,20,0,0.5311,0.8740999999999998,0.6375,0.20639448687047413,0.625,0.41666666666666663,1.0,20,0,0.5541666666666665,0.7291666666666666
own_round:10,marginal,180,0,180,0.8637935546509852,0.28456423405828163,0.923428412946939,0.3711139495981856,1.469607924498622,20,0,0.7414757471564155,0.9801275440471082,0.5192750695483317,0.2023848875294574,0.5710912952716971,0.15543307958509328,0.827485093355599,20,0,0.43072293404835116,0.6018972691569574,0.6375,0.20639448687047413,0.625,0.41666666666666663,1.0,20,0,0.5541666666666665,0.7291666666666666
own_round:10,repeat_last,180,0,180,0.5558345149017879,0.2779284140359245,0.540863414597988,0.17636017172678148,1.1434214029576344,20,0,0.44366868468299153,0.6795548904350814,0.3103885344097189,0.19306472924995038,0.3061708181026406,0.04202528340485308,0.7520019724821819,20,1,0.23175655431182185,0.3963479362439488,0.8166666666666667,0.159035837661889,0.8333333333333333,0.5,1.0,20,0,0.7458333333333333,0.8833333333333332
own_round:10,win_stay_expertise,180,0,180,0.6064188281315027,0.35408285862346944,0.5944719707346103,0.17636017172678148,1.5292636629392082,20,1,0.462797478115299,0.7606829161625278,0.34166011436590726,0.23685164268217018,0.3316034326517461,0.04202528340485308,0.8484388299288961,20,0,0.24339010069992828,0.44579164857382697,0.8083333333333332,0.17333164641554297,0.8333333333333333,0.5,1.0,20,0,0.7333333333333334,0.8833333333333332
own_round:10,history_frequency,180,0,180,0.5423989711785677,0.3573543413225055,0.4749408334386894,0.11059845706829419,1.2888853172305303,20,0,0.4003112617263351,0.7012402575579636,0.29019220870207785,0.22784769278987066,0.24471029145563988,0.01783532818101111,0.7919654414671162,20,0,0.19937617914681172,0.39032651201775653,0.8125,0.1970636047764411,0.8749999999999999,0.41666666666666663,1.0,20,0,0.7249999999999999,0.8917187499999994
own_round:10,reward_learning,180,0,180,0.456706106288885,0.24877028612206303,0.4166570089708327,0.16820375955256822,1.0588220557110164,20,1,0.35603720277492773,0.5676643863525137,0.2539029992767619,0.17349142859112027,0.22192336694976314,0.047391706651826904,0.6269242807999429,20,0,0.18475516897894,0.33008216988988104,0.7999999999999999,0.16086389583264524,0.8333333333333333,0.5,1.0,20,0,0.7291666666666666,0.8666666666666666
own_round:10,belief_static,180,0,180,0.47229949486866907,0.22818845025685705,0.4247209306883002,0.1660727185742959,0.9396824531615254,20,0,0.379145779444263,0.5731658503368438,0.26708289428703486,0.16054126681464367,0.22184850024148625,0.04951309439198728,0.5524544356971349,20,0,0.20154890571005732,0.3387967871968052,0.7958333333333332,0.169870521727717,0.8333333333333333,0.5,1.0,20,0,0.7208333333333333,0.8666666666666666
own_round:10,belief_dynamic,180,0,180,0.47307355338403223,0.23873355426464832,0.38711748512367095,0.17889152465517988,0.9838329948416962,20,0,0.3764044149238821,0.5785965016222608,0.26594541687202555,0.16940276527927217,0.21280108861852753,0.05710983770334471,0.6019621966240001,20,0,0.1964087092163102,0.3415897073026783,0.8125,0.15966659341462627,0.8333333333333333,0.5,1.0,20,0,0.7416666666666667,0.8791666666666667
own_round:10,simple_selected,180,0,180,0.456706106288885,0.24877028612206303,0.4166570089708327,0.16820375955256822,1.0588220557110164,20,1,0.35603720277492773,0.5676643863525137,0.2539029992767619,0.17349142859112027,0.22192336694976314,0.047391706651826904,0.6269242807999429,20,0,0.18475516897894,0.33008216988988104,0.7999999999999999,0.16086389583264524,0.8333333333333333,0.5,1.0,20,0,0.7291666666666666,0.8666666666666666
own_round:10,belief_selected,180,0,180,0.47307355338403223,0.23873355426464832,0.38711748512367095,0.17889152465517988,0.9838329948416962,20,0,0.3764044149238821,0.5785965016222608,0.26594541687202555,0.16940276527927217,0.21280108861852753,0.05710983770334471,0.6019621966240001,20,0,0.1964087092163102,0.3415897073026783,0.8125,0.15966659341462627,0.8333333333333333,0.5,1.0,20,0,0.7416666666666667,0.8791666666666667
own_round:11,uniform,180,6,180,1.09861228866811,2.278129578503827e-16,1.0986122886681098,1.0986122886681098,1.0986122886681098,20,0,1.09861228866811,1.09861228866811,0.6666666666666666,1.1390647892519134e-16,0.6666666666666667,0.6666666666666667,0.6666666666666667,20,0,0.6666666666666666,0.6666666666666666,0.3333333333333332,5.695323946259567e-17,0.33333333333333326,0.33333333333333326,0.33333333333333326,20,0,0.3333333333333332,0.3333333333333332
own_round:11,expertise,180,6,180,1.554230138076076,0.811780005495567,1.679160444920179,0.01342302033214066,3.344897869508217,20,0,1.200260935351118,1.908199340801034,0.6046,0.31839528193042616,0.6536,0.00026666666666666603,1.3069333333333333,20,3,0.46576666666666655,0.7434333333333333,0.6916666666666667,0.16244657241348273,0.6666666666666666,0.3333333333333333,1.0,20,0,0.6208333333333333,0.7625
own_round:11,marginal,180,6,180,0.8089423939654237,0.2454598246439861,0.8070314878557907,0.40312392966727273,1.3674799410650762,20,1,0.7055530975038947,0.9166409403037193,0.4702773057659293,0.1646429828426099,0.46856410483115374,0.17576283698969924,0.8089692116469462,20,0,0.39958672755844643,0.5407123211665241,0.6916666666666667,0.16244657241348273,0.6666666666666666,0.3333333333333333,1.0,20,0,0.6208333333333333,0.7625
own_round:11,repeat_last,180,6,180,0.5917547530011802,0.2520202266138626,0.598953678212679,0.18940904535330416,1.217144883317208,20,1,0.4896215095066577,0.7034734506068274,0.3307673866368091,0.1535355458524312,0.34845406961411307,0.047325083106497454,0.6270394232111159,20,0,0.26573804154419506,0.39580249750084423,0.7749999999999999,0.15555033408112157,0.75,0.5,1.0,20,0,0.7083333333333333,0.8416666666666666
own_round:11,win_stay_expertise,180,6,180,0.6698417497945293,0.33676784117894837,0.6754715897784545,0.18940904535330416,1.590833439758892,20,0,0.5338273907779396,0.8223237807894987,0.3776462000723696,0.21002153880710586,0.3725866272218217,0.047325083106497454,0.8329527994433175,20,0,0.29126768423723526,0.4705653916218993,0.7708333333333333,0.15264481188855136,0.75,0.5,1.0,20,0,0.7083333333333333,0.8375
own_round:11,history_frequency,180,6,180,0.5406149490425187,0.2662013997381292,0.5161075175745564,0.09682449996911832,1.0066018507911219,20,0,0.4314638059063892,0.6546969366312481,0.2953148499370709,0.16673026848414685,0.3106826820130536,0.013423706258806851,0.6435978522582139,20,0,0.22660825792701147,0.3677036925074074,0.7999999999999999,0.14408412097843626,0.75,0.5833333333333333,1.0,20,0,0.7416666666666666,0.8625
own_round:11,reward_learning,180,6,180,0.48916171073782466,0.20250506912539262,0.5230183440808844,0.14356855291730788,0.8361573547660206,20,0,0.4021333352130659,0.5754376851908614,0.2744311496488464,0.13914904571867082,0.31076564035709286,0.03405884533820869,0.46673728381250745,20,0,0.21297867397060194,0.33313116282362554,0.8083333333333332,0.1271022059613204,0.7916666666666666,0.5833333333333333,1.0,20,0,0.7541666666666667,0.8625
own_round:11,belief_static,180,6,180,0.5142549722290737,0.2088499747767598,0.5356290208862389,0.16801659335471752,0.8635019331422378,20,0,0.4233722979518269,0.6003612007403446,0.2943151664062039,0.14360604874207558,0.3168687991240482,0.05834199150895543,0.5009010894126344,20,0,0.23171221364283698,0.35260045283656327,0.7749999999999999,0.1555503340811216,0.75,0.5,1.0,20,0,0.7083333333333334,0.8416666666666666
own_round:11,belief_dynamic,180,6,180,0.5046276765997332,0.20190491300959218,0.5480582181351688,0.16922879213536268,0.848232124955346,20,0,0.4159618261975432,0.5884455666286592,0.28803487815866813,0.14182882270473332,0.3270211330966061,0.04887729188495339,0.49352507241598703,20,0,0.2250496161287351,0.34555533075646006,0.7916666666666666,0.15880585079150591,0.75,0.5,1.0,20,0,0.7249999999999999,0.8625
own_round:11,simple_selected,180,6,180,0.48916171073782466,0.20250506912539262,0.5230183440808844,0.14356855291730788,0.8361573547660206,20,0,0.4021333352130659,0.5754376851908614,0.2744311496488464,0.13914904571867082,0.31076564035709286,0.03405884533820869,0.46673728381250745,20,0,0.21297867397060194,0.33313116282362554,0.8083333333333332,0.1271022059613204,0.7916666666666666,0.5833333333333333,1.0,20,0,0.7541666666666667,0.8625
own_round:11,belief_selected,180,6,180,0.5046276765997332,0.20190491300959218,0.5480582181351688,0.16922879213536268,0.848232124955346,20,0,0.4159618261975432,0.5884455666286592,0.28803487815866813,0.14182882270473332,0.3270211330966061,0.04887729188495339,0.49352507241598703,20,0,0.2250496161287351,0.34555533075646006,0.7916666666666666,0.15880585079150591,0.75,0.5,1.0,20,0,0.7249999999999999,0.8625
own_round:12,uniform,180,0,180,1.09861228866811,2.278129578503827e-16,1.0986122886681098,1.0986122886681098,1.0986122886681098,20,0,1.09861228866811,1.09861228866811,0.6666666666666666,1.1390647892519134e-16,0.6666666666666667,0.6666666666666667,0.6666666666666667,20,0,0.6666666666666666,0.6666666666666666,0.3333333333333332,5.695323946259567e-17,0.33333333333333326,0.33333333333333326,0.33333333333333326,20,0,0.3333333333333332,0.3333333333333332
own_round:12,expertise,180,0,180,1.8249124695716326,1.0402088170101773,1.8873776229936836,0.01342302033214066,4.177766581802236,20,0,1.387656395617272,2.282990261333343,0.7107666666666665,0.40798932877914934,0.7352666666666665,0.00026666666666666603,1.6336,20,0,0.5392666666666666,0.8904333333333332,0.6375,0.2081578208056884,0.625,0.16666666666666666,1.0,20,0,0.5458333333333332,0.7249999999999999
own_round:12,marginal,180,0,180,0.8968047360147171,0.31309445299193484,0.9499438584400066,0.40312392966727273,1.556946141078654,20,0,0.7652494027726039,1.0313836473309854,0.5288908052182842,0.21311746874589063,0.5448332554553572,0.17576283698969924,1.0326804201171906,20,1,0.440652690438519,0.623228835480651,0.6375,0.2081578208056884,0.625,0.16666666666666666,1.0,20,0,0.5458333333333332,0.7249999999999999
own_round:12,repeat_last,180,0,180,0.613147324853058,0.2912021935969054,0.6111142221280359,0.18940904535330416,1.2215054710719242,20,0,0.4887775318631758,0.7383924186371515,0.33124525515634173,0.1785635876195372,0.34403277730307863,0.047325083106497454,0.6469764212030837,20,0,0.2540295079036085,0.4057071505010882,0.8166666666666667,0.13944333775567924,0.8333333333333333,0.5833333333333333,1.0,20,0,0.7583333333333332,0.8791666666666664
own_round:12,win_stay_expertise,180,0,180,0.6952912621916838,0.3364434297476125,0.7242753955631986,0.18940904535330416,1.3626952611840242,20,0,0.552658221820545,0.8418759573950311,0.3892982131245783,0.21717444642086484,0.4106854024781792,0.047325083106497454,0.7916923485488304,20,0,0.2961703791378423,0.48439678804530334,0.7791666666666667,0.15120132970732486,0.75,0.5833333333333333,1.0,20,0,0.7166666666666666,0.8458333333333332
own_round:12,history_frequency,180,0,180,0.514162694644564,0.28847039564972066,0.4869425474173004,0.0918042693376885,1.0990952838609176,20,0,0.394593653173749,0.6397895879820196,0.27667821066930404,0.16852404618679304,0.27572912671980127,0.012039699244988999,0.5984658005250686,20,0,0.2064003050515357,0.34855904820353867,0.8166666666666664,0.11015671983123228,0.8333333333333333,0.6666666666666666,1.0,20,0,0.7708333333333333,0.8625
own_round:12,reward_learning,180,0,180,0.4820032836272608,0.21212597548093384,0.5367629862065516,0.14327940525597183,0.8928106755941072,20,0,0.3897278811074336,0.5718481803947107,0.26406650086551214,0.14319414222657673,0.299837121328392,0.035736091706403544,0.5096519512918717,20,0,0.20173542338785014,0.324515102717422,0.8166666666666664,0.13409868060630156,0.8333333333333333,0.6666666666666666,1.0,20,0,0.7624999999999998,0.875
own_round:12,belief_static,180,0,180,0.4611211410637863,0.16074169481745598,0.44142008157273405,0.16349936089396716,0.7606919890764992,20,0,0.39126937610049384,0.5304603603841422,0.26136956225334534,0.11764856873754534,0.2559010812407706,0.055771767609673145,0.4899180532592856,20,0,0.20988974012799588,0.3125799532542881,0.8291666666666664,0.12234012123239824,0.8333333333333333,0.5833333333333333,1.0,20,0,0.775,0.8833333333333332
own_round:12,belief_dynamic,180,0,180,0.48617005545049263,0.18253810409117013,0.5371840924669501,0.16298844415072877,0.8272434485303253,20,0,0.40536892048428647,0.5633605589904421,0.2733776105105886,0.13143404460614352,0.3065684213720213,0.0482948268140601,0.5126717566141975,20,0,0.2150123094300799,0.32882729451374126,0.8041666666666668,0.1304372986874877,0.7916666666666666,0.5833333333333333,1.0,20,0,0.7499999999999999,0.8583333333333334
own_round:12,simple_selected,180,0,180,0.4820032836272608,0.21212597548093384,0.5367629862065516,0.14327940525597183,0.8928106755941072,20,0,0.3897278811074336,0.5718481803947107,0.26406650086551214,0.14319414222657673,0.299837121328392,0.035736091706403544,0.5096519512918717,20,0,0.20173542338785014,0.324515102717422,0.8166666666666664,0.13409868060630156,0.8333333333333333,0.6666666666666666,1.0,20,0,0.7624999999999998,0.875
own_round:12,belief_selected,180,0,180,0.48617005545049263,0.18253810409117013,0.5371840924669501,0.16298844415072877,0.8272434485303253,20,0,0.40536892048428647,0.5633605589904421,0.2733776105105886,0.13143404460614352,0.3065684213720213,0.0482948268140601,0.5126717566141975,20,0,0.2150123094300799,0.32882729451374126,0.8041666666666668,0.1304372986874877,0.7916666666666666,0.5833333333333333,1.0,20,0,0.7499999999999999,0.8583333333333334
own_round:13,uniform,180,2,180,1.09861228866811,2.278129578503827e-16,1.0986122886681098,1.0986122886681098,1.0986122886681098,20,0,1.09861228866811,1.09861228866811,0.6666666666666666,1.1390647892519134e-16,0.6666666666666667,0.6666666666666667,0.6666666666666667,20,0,0.6666666666666666,0.6666666666666666,0.3333333333333332,5.695323946259567e-17,0.33333333333333326,0.33333333333333326,0.33333333333333326,20,0,0.3333333333333332,0.3333333333333332
own_round:13,expertise,180,2,180,1.8040907517642821,0.9272465003176682,1.8873776229936836,0.01342302033214066,4.177766581802236,20,1,1.4292998312319731,2.199703390103941,0.7025999999999999,0.36368339807459965,0.7352666666666665,0.00026666666666666603,1.6336,20,1,0.5555999999999999,0.8577666666666666,0.6416666666666666,0.1855527541196937,0.625,0.16666666666666666,1.0,20,1,0.5624999999999999,0.7166666666666667
own_round:13,marginal,180,2,180,0.8587014419251349,0.259102451317065,0.8499046907202784,0.40312392966727273,1.3748748244918332,20,0,0.7512091240763034,0.9703300925145623,0.51459690233402,0.18319500889405138,0.5084358645974919,0.17576283698969924,0.9805318257396808,20,1,0.43806172513255753,0.5943679120472231,0.6416666666666666,0.1855527541196937,0.625,0.16666666666666666,1.0,20,1,0.5624999999999999,0.7166666666666667
own_round:13,repeat_last,180,2,180,0.5015841219878089,0.20283793881450188,0.468370704910003,0.22500761530582875,1.0188334587072903,20,2,0.4216801051798643,0.5919154831196831,0.2811546630150493,0.14607272662732965,0.2527053145695397,0.07177678080638791,0.6615501373661529,20,2,0.22397993808438474,0.34633585856252336,0.8458333333333332,0.12760444638351012,0.8333333333333333,0.5833333333333333,1.0,20,2,0.7875000000000001,0.8958333333333334
own_round:13,win_stay_expertise,180,2,180,0.6754322488762764,0.340252713902996,0.6374005244552603,0.22500761530582875,1.4392054607237668,20,0,0.5314134651123101,0.8273970290534763,0.39127013216437384,0.24443315502110746,0.30783546191137146,0.07177678080638791,0.9709842251461288,20,0,0.2884764447142348,0.5012441964982115,0.7708333333333333,0.17703495211117445,0.8333333333333333,0.41666666666666663,1.0,20,0,0.6916666666666667,0.8458333333333332
own_round:13,history_frequency,180,2,180,0.4802685538250346,0.27289660574770813,0.41592687262497563,0.13676074676144995,1.2313803811866122,20,1,0.3711766401775216,0.603591449134273,0.26110183925576136,0.17184408767713605,0.23006737252221723,0.04519894881838643,0.7081495058979119,20,0,0.1912751158888428,0.3367520682025856,0.825,0.1453469332120635,0.8333333333333333,0.5833333333333333,1.0,20,0,0.7625,0.8875
own_round:13,reward_learning,180,2,180,0.4083516843314345,0.16774335304134874,0.36751850051699864,0.18870890453806088,0.7849604337190488,20,0,0.3412800778738236,0.4810216447264515,0.22619666389099136,0.12215000796173217,0.19785488978530297,0.06683573949409909,0.5032035855955003,20,0,0.17735942611051667,0.27907135859541204,0.8375,0.116211518185868,0.8333333333333333,0.5833333333333333,1.0,20,0,0.7874999999999999,0.8833333333333334
own_round:13,belief_static,180,2,180,0.4287743001278348,0.17114335540265427,0.3743190174561436,0.21823218280489096,0.8622394045059176,20,1,0.36126386122941867,0.505934264352159,0.24299861440234655,0.12203645052617872,0.20698758825195462,0.0980882081175718,0.5544973154257704,20,1,0.19513875836699102,0.2976312987952196,0.8416666666666666,0.111147654809225,0.8333333333333333,0.5833333333333333,1.0,20,1,0.7916666666666666,0.8875
own_round:13,belief_dynamic,180,2,180,0.43214330525516387,0.17076818854205505,0.38741402229533917,0.17983908615142097,0.7669670190786254,20,2,0.36328480232375093,0.5073798505907001,0.2446991568248782,0.12317602746487646,0.21239033481517933,0.06670211258995071,0.47817413056830527,20,0,0.1945789934611926,0.29834685828543966,0.8083333333333332,0.1327288931029242,0.8333333333333333,0.5833333333333333,1.0,20,0,0.75,0.8625
own_round:13,simple_selected,180,2,180,0.4083516843314345,0.16774335304134874,0.36751850051699864,0.18870890453806088,0.7849604337190488,20,0,0.3412800778738236,0.4810216447264515,0.22619666389099136,0.12215000796173217,0.19785488978530297,0.06683573949409909,0.5032035855955003,20,0,0.17735942611051667,0.27907135859541204,0.8375,0.116211518185868,0.8333333333333333,0.5833333333333333,1.0,20,0,0.7874999999999999,0.8833333333333334
own_round:13,belief_selected,180,2,180,0.43214330525516387,0.17076818854205505,0.38741402229533917,0.17983908615142097,0.7669670190786254,20,2,0.36328480232375093,0.5073798505907001,0.2446991568248782,0.12317602746487646,0.21239033481517933,0.06670211258995071,0.47817413056830527,20,0,0.1945789934611926,0.29834685828543966,0.8083333333333332,0.1327288931029242,0.8333333333333333,0.5833333333333333,1.0,20,0,0.75,0.8625
own_round:14,uniform,180,18,180,1.09861228866811,2.278129578503827e-16,1.0986122886681098,1.0986122886681098,1.0986122886681098,20,0,1.09861228866811,1.09861228866811,0.6666666666666666,1.1390647892519134e-16,0.6666666666666667,0.6666666666666667,0.6666666666666667,20,0,0.6666666666666666,0.6666666666666666,0.3333333333333332,5.695323946259567e-17,0.33333333333333326,0.33333333333333326,0.33333333333333326,20,0,0.3333333333333332,0.3333333333333332
own_round:14,expertise,180,18,180,1.866555905186333,0.7081962125981015,2.0955948010671883,0.8462917326261596,3.344897869508217,20,0,1.5750518558834263,2.1580599544892403,0.7270999999999997,0.27776778344593495,0.8169333333333331,0.32693333333333324,1.306933333333333,20,0,0.6127666666666665,0.8414333333333334,0.6291666666666667,0.1417182568601709,0.5833333333333333,0.3333333333333333,0.8333333333333333,20,0,0.5708333333333333,0.6875000000000001
own_round:14,marginal,180,18,180,0.9009944776242003,0.2603142641167696,0.8728099758372415,0.5541930693526794,1.477002807925379,20,0,0.7916623009753738,1.0097888359794815,0.5350404036118585,0.15821222958387324,0.5512212321955352,0.30874815808089473,0.8089692116469462,20,0,0.4684822205178125,0.600665511683346,0.6291666666666667,0.1417182568601709,0.5833333333333333,0.3333333333333333,0.8333333333333333,20,0,0.5708333333333333,0.6875000000000001
own_round:14,repeat_last,180,18,180,0.5825788466866892,0.25744170161091745,0.562047834432014,0.2394681790948575,1.2765644905795424,20,1,0.4758797377606021,0.6993487799009476,0.32346175319394666,0.15518751536529826,0.32914105691410467,0.08382015430036381,0.6659353612998244,20,0,0.25703972467417463,0.39142540002692866,0.8166666666666667,0.12565617248750863,0.8333333333333333,0.5833333333333333,1.0,20,0,0.7625,0.8708333333333332
own_round:14,win_stay_expertise,180,18,180,0.7254390420771635,0.3491445192571357,0.7261020243225906,0.2394681790948575,1.4196896711218148,20,0,0.5786507273656145,0.8747395913920467,0.4053915444042424,0.22237262887439627,0.37884846573638975,0.08382015430036381,0.8245526716594549,20,0,0.3123590161038145,0.5007294424686074,0.7833333333333333,0.14907119849998596,0.8333333333333333,0.5,1.0,20,0,0.7208333333333333,0.8458333333333332
own_round:14,history_frequency,180,18,180,0.5266817007387173,0.2428591374673869,0.5047011537740892,0.22142517748476775,1.1375178224058708,20,1,0.4272233765567713,0.6309281360085922,0.2882034751345999,0.1461162307107344,0.26886906510765307,0.0980012719343952,0.636819376490499,20,1,0.22725489798557882,0.35164027367952383,0.8125,0.11746282228808841,0.8333333333333333,0.5833333333333333,1.0,20,0,0.7625,0.8624999999999998
own_round:14,reward_learning,180,18,180,0.4489079484190232,0.21989084546544693,0.41589536309867114,0.14975079308826963,0.9308788432011657,20,0,0.3530231287315896,0.5430894130602265,0.2474033510345925,0.14813596269520665,0.22068151888682738,0.03592112104429469,0.5686077963190331,20,0,0.18229561016018797,0.31097508617065456,0.825,0.13491387766262192,0.8333333333333333,0.5,1.0,20,0,0.7666666666666666,0.8833333333333332
own_round:14,belief_static,180,18,180,0.4447405069597531,0.19239281240029873,0.41010996400964983,0.1750567493482726,0.7994861176352238,20,0,0.36161204661524654,0.5277132554450172,0.24198398117516673,0.12274744611844143,0.23120088474266787,0.05873575010228581,0.42905863995409366,20,0,0.18766242731972385,0.29411486474109777,0.8416666666666666,0.12360330811826103,0.8333333333333333,0.5833333333333333,1.0,20,0,0.7875,0.8916666666666666
own_round:14,belief_dynamic,180,18,180,0.4658384566079512,0.21277267276369172,0.44192609129982463,0.16609344658302627,0.8530713978045952,20,0,0.3719883173777232,0.5565917578250735,0.25946508203602237,0.14302756000523076,0.2513509952147192,0.047257834613352555,0.4933286805495003,20,0,0.1960261055009611,0.32036652400615206,0.8291666666666668,0.1252920564728853,0.8333333333333333,0.5833333333333333,1.0,20,0,0.775,0.8833333333333334
own_round:14,simple_selected,180,18,180,0.4489079484190232,0.21989084546544693,0.41589536309867114,0.14975079308826963,0.9308788432011657,20,0,0.3530231287315896,0.5430894130602265,0.2474033510345925,0.14813596269520665,0.22068151888682738,0.03592112104429469,0.5686077963190331,20,0,0.18229561016018797,0.31097508617065456,0.825,0.13491387766262192,0.8333333333333333,0.5,1.0,20,0,0.7666666666666666,0.8833333333333332
own_round:14,belief_selected,180,18,180,0.4658384566079512,0.21277267276369172,0.44192609129982463,0.16609344658302627,0.8530713978045952,20,0,0.3719883173777232,0.5565917578250735,0.25946508203602237,0.14302756000523076,0.2513509952147192,0.047257834613352555,0.4933286805495003,20,0,0.1960261055009611,0.32036652400615206,0.8291666666666668,0.1252920564728853,0.8333333333333333,0.5833333333333333,1.0,20,0,0.775,0.8833333333333334
own_round:15,uniform,180,12,180,1.09861228866811,2.278129578503827e-16,1.0986122886681098,1.0986122886681098,1.0986122886681098,20,0,1.09861228866811,1.09861228866811,0.6666666666666666,1.1390647892519134e-16,0.6666666666666667,0.6666666666666667,0.6666666666666667,20,0,0.6666666666666666,0.6666666666666666,0.3333333333333332,5.695323946259567e-17,0.33333333333333326,0.33333333333333326,0.33333333333333326,20,0,0.3333333333333332,0.3333333333333332
own_round:15,expertise,180,12,180,2.137238236681889,1.0280731837311436,2.5120291572141977,0.01342302033214066,3.7613322256552264,20,0,1.679160444920179,2.5536725928288995,0.8332666666666666,0.40322950671760033,0.9802666666666665,0.00026666666666666603,1.4702666666666666,20,0,0.6535999999999998,0.9965999999999999,0.575,0.20572934016204097,0.5,0.25,1.0,20,0,0.4916666666666666,0.6666666666666667
own_round:15,marginal,180,12,180,0.9591514233267737,0.3053208372675146,1.0030359431328382,0.34198392971446845,1.586525674785682,20,0,0.825474254487022,1.089852057743582,0.5836826087962325,0.20722912247461636,0.6530520566383826,0.13375698006603728,0.9468991130708234,20,0,0.4910568987638545,0.6709836088275734,0.575,0.20572934016204097,0.5,0.25,1.0,20,0,0.4916666666666666,0.6666666666666667
own_round:15,repeat_last,180,12,180,0.8250556757071129,0.26408636154478476,0.7869945515918468,0.29975218923585073,1.4021976033591548,20,0,0.7156705532184785,0.9401943060382782,0.48160753130639655,0.1784203276075536,0.4352825787467304,0.1359115015073737,0.9518303770093818,20,3,0.4100850844514234,0.5619006280861584,0.6749999999999999,0.1453469332120635,0.6666666666666666,0.3333333333333333,0.9166666666666665,20,4,0.6124999999999999,0.7333333333333333
own_round:15,win_stay_expertise,180,12,180,0.9132642973999765,0.2934673702258057,0.8944113798543513,0.40022327973636607,1.4614255221590777,20,0,0.7875936309656193,1.0400994317625165,0.5345410268795984,0.20108280767238965,0.5359267145201336,0.176936255067067,0.9868942689407435,20,1,0.4502256604189148,0.6207712554478906,0.6541666666666666,0.15359959719123592,0.6666666666666666,0.3333333333333333,0.9166666666666665,20,0,0.5916666666666666,0.7208333333333333
own_round:15,history_frequency,180,12,180,0.8036156963378586,0.4354208636099885,0.6958870124027634,0.22551034802260123,1.9722171709492904,20,1,0.6250021845869114,0.9993271377427498,0.44458533408902384,0.24204244136060923,0.40533199963553496,0.10564197914566971,1.0882511419954488,20,1,0.3443804161684137,0.5512244992786053,0.7125000000000001,0.1632881247853206,0.75,0.3333333333333333,0.9166666666666666,20,0,0.6416666666666667,0.7833333333333332
own_round:15,reward_learning,180,12,180,0.7339769647975192,0.26279117732994794,0.7276207386421571,0.27522930167278187,1.4417932992784976,20,2,0.6278269873183417,0.8538098907323273,0.43747049557799994,0.1709677559718585,0.4123245054938522,0.1418956064576908,0.9168387700394353,20,1,0.36944430011351687,0.5159516211157487,0.6874999999999998,0.13210785510376344,0.6666666666666666,0.41666666666666663,0.9166666666666665,20,4,0.6291666666666667,0.7416666666666666
own_round:15,belief_static,180,12,180,0.7502485737960729,0.30007114176389077,0.77557227117318,0.24952622791784734,1.302610479995411,20,0,0.629371241521138,0.8821686707458158,0.4349098018487406,0.1813821636491322,0.41747843608970525,0.10166251640401422,0.8211926037639004,20,1,0.35965709887450087,0.5121478669837423,0.6874999999999999,0.1550207494129028,0.6666666666666666,0.41666666666666663,1.0,20,5,0.6208333333333332,0.7541666666666667
own_round:15,belief_dynamic,180,12,180,0.7549023433938207,0.2499530429031789,0.7445590006417341,0.26722183381285364,1.3191771672265808,20,2,0.6510070788303896,0.8651701721426804,0.44578373500167834,0.161875464339004,0.4319575019506994,0.14022644027951908,0.8657396537423281,20,1,0.37913393133968804,0.517279552220641,0.6791666666666666,0.1276044463835101,0.6666666666666666,0.41666666666666663,0.9166666666666665,20,0,0.6249999999999999,0.7333333333333333
own_round:15,simple_selected,180,12,180,0.7339769647975192,0.26279117732994794,0.7276207386421571,0.27522930167278187,1.4417932992784976,20,2,0.6278269873183417,0.8538098907323273,0.43747049557799994,0.1709677559718585,0.4123245054938522,0.1418956064576908,0.9168387700394353,20,1,0.36944430011351687,0.5159516211157487,0.6874999999999998,0.13210785510376344,0.6666666666666666,0.41666666666666663,0.9166666666666665,20,4,0.6291666666666667,0.7416666666666666
own_round:15,belief_selected,180,12,180,0.7549023433938207,0.2499530429031789,0.7445590006417341,0.26722183381285364,1.3191771672265808,20,2,0.6510070788303896,0.8651701721426804,0.44578373500167834,0.161875464339004,0.4319575019506994,0.14022644027951908,0.8657396537423281,20,1,0.37913393133968804,0.517279552220641,0.6791666666666666,0.1276044463835101,0.6666666666666666,0.41666666666666663,0.9166666666666665,20,0,0.6249999999999999,0.7333333333333333
own_round:16,uniform,180,3,180,1.09861228866811,2.278129578503827e-16,1.0986122886681098,1.0986122886681098,1.0986122886681098,20,0,1.09861228866811,1.09861228866811,0.6666666666666666,1.1390647892519134e-16,0.6666666666666667,0.6666666666666667,0.6666666666666667,20,0,0.6666666666666666,0.6666666666666666,0.3333333333333332,5.695323946259567e-17,0.33333333333333326,0.33333333333333326,0.33333333333333326,20,0,0.3333333333333332,0.3333333333333332
own_round:16,expertise,180,3,180,1.4917649846540246,1.0063137452076678,1.4709432668466742,0.01342302033214066,3.344897869508217,20,0,1.0545089106996648,1.929021058608385,0.5801000000000001,0.39469504846976444,0.5719333333333333,0.00026666666666666603,1.3069333333333333,20,0,0.40859999999999996,0.7515999999999999,0.7041666666666665,0.20137502472947164,0.7083333333333333,0.3333333333333333,1.0,20,0,0.6166666666666666,0.7916666666666666
own_round:16,marginal,180,3,180,0.7945796038112812,0.28991057887944377,0.8280197189558329,0.34198392971446845,1.2758802298558427,20,0,0.6714700499930871,0.9191944783455884,0.45690919696709786,0.20320714724332825,0.4601744022790355,0.13375698006603728,0.8089692116469462,20,0,0.3707985637667668,0.5440683892054575,0.7041666666666665,0.20137502472947164,0.7083333333333333,0.3333333333333333,1.0,20,0,0.6166666666666666,0.7916666666666666
own_round:16,repeat_last,180,3,180,0.6049361398564567,0.2958152016886384,0.5193630995730065,0.16426970417087763,1.1757799697946631,20,0,0.4780001624732758,0.7386003439706642,0.34097015178832424,0.1864687571978123,0.3170132655934902,0.036402315480182176,0.7218695847664282,20,0,0.25997463085491296,0.4230850333091926,0.7416666666666666,0.1707825127659933,0.7916666666666666,0.41666666666666663,1.0,20,0,0.6666666666666666,0.8125
own_round:16,win_stay_expertise,180,3,180,0.6456631977012652,0.31395694440642646,0.59444264016823,0.16426970417087763,1.2385551745008219,20,0,0.5108056447045545,0.7809762301833328,0.3615765950614166,0.2127434358531902,0.34199334624168287,0.036402315480182176,0.8245526716594548,20,0,0.2709289368043592,0.45600572428922703,0.7625,0.16943965097236663,0.8333333333333333,0.49999999999999994,1.0,20,0,0.6875,0.8333333333333333
own_round:16,history_frequency,180,3,180,0.4190928138741534,0.2131296918383605,0.4164344959660937,0.13764736356324964,0.9666688374159329,20,1,0.3297146170485921,0.5174121448780541,0.22652206108369835,0.14476986674554848,0.23636567091158567,0.030101785054195855,0.5982361071738029,20,1,0.16631821132074345,0.29298915699385203,0.8375,0.14006084494211768,0.8333333333333333,0.5,1.0,20,0,0.7743055555555556,0.8958333333333333
own_round:16,reward_learning,180,3,180,0.46021501486624156,0.16735673059253037,0.4398340225855524,0.24738236959041934,0.7802987567042892,20,0,0.390784752245061,0.5341605269176223,0.25616980962092745,0.11739346300275327,0.23335765770233738,0.10098484658866727,0.5187709859545824,20,0,0.2074877230410004,0.3084974376831228,0.8333333333333334,0.11785113019775789,0.8333333333333333,0.5833333333333334,1.0,20,0,0.7791666666666667,0.8833333333333332
own_round:16,belief_static,180,3,180,0.5004958698704669,0.18798678957976941,0.47433220919401237,0.12789711531345893,0.8737552447955905,20,0,0.424433933263817,0.583195933034896,0.28830158558262853,0.12685306861310594,0.26209793559612415,0.040431235724583944,0.546000874976258,20,0,0.23671185624194532,0.3443383144378374,0.7875,0.12817602571171982,0.7916666666666666,0.5833333333333333,1.0,20,0,0.7333333333333333,0.8416666666666666
own_round:16,belief_dynamic,180,3,180,0.5018073004491981,0.20104934744168185,0.45207684534501497,0.2306829213151121,0.981045717873501,20,0,0.417740774911944,0.591795856992516,0.284897119603558,0.1437035646038636,0.23374679491362318,0.11357046041553948,0.6681499627442928,20,0,0.22568798467113213,0.3495805314494752,0.7791666666666666,0.1559609900242901,0.7916666666666666,0.3333333333333333,1.0,20,0,0.7083333333333333,0.8416666666666666
own_round:16,simple_selected,180,3,180,0.46021501486624156,0.16735673059253037,0.4398340225855524,0.24738236959041934,0.7802987567042892,20,0,0.390784752245061,0.5341605269176223,0.25616980962092745,0.11739346300275327,0.23335765770233738,0.10098484658866727,0.5187709859545824,20,0,0.2074877230410004,0.3084974376831228,0.8333333333333334,0.11785113019775789,0.8333333333333333,0.5833333333333334,1.0,20,0,0.7791666666666667,0.8833333333333332
own_round:16,belief_selected,180,3,180,0.5018073004491981,0.20104934744168185,0.45207684534501497,0.2306829213151121,0.981045717873501,20,0,0.417740774911944,0.591795856992516,0.284897119603558,0.1437035646038636,0.23374679491362318,0.11357046041553948,0.6681499627442928,20,0,0.22568798467113213,0.3495805314494752,0.7791666666666666,0.1559609900242901,0.7916666666666666,0.3333333333333333,1.0,20,0,0.7083333333333333,0.8416666666666666
own_round:17,uniform,180,15,180,1.09861228866811,2.278129578503827e-16,1.0986122886681098,1.0986122886681098,1.0986122886681098,20,0,1.09861228866811,1.09861228866811,0.6666666666666666,1.1390647892519134e-16,0.6666666666666667,0.6666666666666667,0.6666666666666667,20,0,0.6666666666666666,0.6666666666666666,0.3333333333333332,5.695323946259567e-17,0.33333333333333326,0.33333333333333326,0.33333333333333326,20,0,0.3333333333333332,0.3333333333333332
own_round:17,expertise,180,15,180,1.8873776229936834,1.0155679185531172,2.0955948010671883,0.01342302033214066,4.594200937949246,20,1,1.450121549039324,2.3454554147553943,0.7352666666666667,0.3983247081206677,0.8169333333333331,0.00026666666666666603,1.796933333333333,20,1,0.5637666666666667,0.9149333333333332,0.6249999999999999,0.2032268918982999,0.5833333333333333,0.08333333333333333,1.0,20,1,0.5333333333333334,0.7124999999999999
own_round:17,marginal,180,15,180,0.9498624272643849,0.3299626545363165,0.9807564572188667,0.34198392971446845,1.6590741245121998,20,0,0.8063403490479318,1.0948409033464888,0.5495914715198541,0.22034446329291152,0.5762221449374118,0.13375698006603728,1.1184617271635582,20,1,0.45564010442744285,0.6477700738191988,0.6249999999999999,0.2032268918982999,0.5833333333333333,0.08333333333333333,1.0,20,1,0.5333333333333334,0.7124999999999999
own_round:17,repeat_last,180,15,180,0.6613614638228789,0.41170543288054057,0.4952094674695368,0.16426970417087763,1.6842337006013257,20,1,0.4932878561168115,0.8424764075639483,0.33670410829617375,0.22059122929038058,0.27448791205347123,0.036402315480182176,0.8189861176509283,20,0,0.24423521534355078,0.433354870808679,0.825,0.16423667133294656,0.8749999999999999,0.5,1.0,20,0,0.7541666666666667,0.8916666666666666
own_round:17,win_stay_expertise,180,15,180,0.7692044483317078,0.4648619538101298,0.6931580092950879,0.16426970417087763,1.6842337006013257,20,0,0.5745986389149828,0.9718256515425526,0.41529310222644034,0.27156074289468285,0.3741078727810775,0.036402315480182176,0.9162496687386809,20,0,0.3029563905010288,0.5348455754498879,0.775,0.19137086250927504,0.7916666666666666,0.41666666666666663,1.0,20,0,0.6916666666666667,0.8541666666666666
own_round:17,history_frequency,180,15,180,0.5732494495937879,0.4078927239070125,0.37701473611184916,0.1199458291987982,1.5646238047117098,20,0,0.405206074541767,0.7497628810639666,0.29577739760238114,0.23576386530783033,0.19138463642369968,0.023933515839487707,0.850762860541137,20,0,0.1967286055822151,0.3981902770740167,0.8166666666666667,0.17013926184468017,0.8749999999999999,0.41666666666666663,1.0,20,1,0.7416666666666665,0.8875
own_round:17,reward_learning,180,15,180,0.5020393208701972,0.33238307055204824,0.39932048135541826,0.13472649389628935,1.3847039353784414,20,1,0.37033210823990514,0.6494955419299443,0.25891355679458056,0.19346833779687742,0.20677463191572648,0.03141072512015791,0.7418982149254029,20,1,0.18148340935194157,0.3439809682807511,0.825,0.16199595692016366,0.9166666666666665,0.5,1.0,20,2,0.7541666666666667,0.8916666666666666
own_round:17,belief_static,180,15,180,0.5341621322675965,0.3558821623472283,0.42531227723555,0.15621107957478383,1.391108295870255,20,1,0.39388125795991985,0.6918859878834289,0.27746663875477007,0.20027028958997775,0.21770529338061073,0.05697088922429061,0.7300693912841651,20,1,0.19775927870272567,0.3648943346371837,0.7999999999999999,0.16312016164319762,0.8333333333333333,0.49999999999999994,1.0,20,0,0.725,0.8666666666666666
own_round:17,belief_dynamic,180,15,180,0.5490766030535189,0.34163548076451505,0.4528521908857536,0.16759927561084859,1.3298842817241292,20,0,0.4106245969281664,0.6998202156858204,0.28975537228465686,0.2026391079081483,0.2529094671005997,0.053115240357075516,0.7045805225473946,20,0,0.20710466848995257,0.37948382185875507,0.8041666666666666,0.17990210138258905,0.8333333333333333,0.49999999999999994,1.0,20,0,0.7249999999999999,0.8791666666666667
own_round:17,simple_selected,180,15,180,0.5020393208701972,0.33238307055204824,0.39932048135541826,0.13472649389628935,1.3847039353784414,20,1,0.37033210823990514,0.6494955419299443,0.25891355679458056,0.19346833779687742,0.20677463191572648,0.03141072512015791,0.7418982149254029,20,1,0.18148340935194157,0.3439809682807511,0.825,0.16199595692016366,0.9166666666666665,0.5,1.0,20,2,0.7541666666666667,0.8916666666666666
own_round:17,belief_selected,180,15,180,0.5490766030535189,0.34163548076451505,0.4528521908857536,0.16759927561084859,1.3298842817241292,20,0,0.4106245969281664,0.6998202156858204,0.28975537228465686,0.2026391079081483,0.2529094671005997,0.053115240357075516,0.7045805225473946,20,0,0.20710466848995257,0.37948382185875507,0.8041666666666666,0.17990210138258905,0.8333333333333333,0.49999999999999994,1.0,20,0,0.7249999999999999,0.8791666666666667
own_round:18,uniform,180,3,180,1.09861228866811,2.278129578503827e-16,1.0986122886681098,1.0986122886681098,1.0986122886681098,20,0,1.09861228866811,1.09861228866811,0.6666666666666666,1.1390647892519134e-16,0.6666666666666667,0.6666666666666667,0.6666666666666667,20,0,0.6666666666666666,0.6666666666666666,0.3333333333333332,5.695323946259567e-17,0.33333333333333326,0.33333333333333326,0.33333333333333326,20,0,0.3333333333333332,0.3333333333333332
own_round:18,expertise,180,3,180,1.783269033956931,1.0713311887107033,1.679160444920179,0.01342302033214066,3.3448978695082174,20,0,1.3251912421952208,2.2413468257186424,0.6944333333333332,0.420196104315439,0.6536,0.00026666666666666603,1.3069333333333333,20,0,0.5147666666666667,0.8741,0.6458333333333333,0.21438576750787705,0.6666666666666666,0.3333333333333333,1.0,20,0,0.5541666666666666,0.7374999999999999
own_round:18,marginal,180,3,180,0.8667980337943882,0.3122882190675419,0.8693479527213652,0.40312392966727273,1.571735907932168,20,0,0.736370483925793,1.0067832359436535,0.5151246496870685,0.21879890574239422,0.5114241645462663,0.17576283698969924,0.9132664004019663,20,0,0.42389122023784176,0.6105752383361734,0.6458333333333333,0.21438576750787705,0.6666666666666666,0.3333333333333333,1.0,20,0,0.5541666666666666,0.7374999999999999
own_round:18,repeat_last,180,3,180,0.6767190005134629,0.27970893012335485,0.6593607769129826,0.26415361928332615,1.246369770386805,20,0,0.5599760332963718,0.8030504182874381,0.3825135401143557,0.18420212507633013,0.3714695247209089,0.11145980380748322,0.8103758760372567,20,0,0.3082527891808447,0.4679225214521333,0.7374999999999999,0.15359959719123592,0.75,0.41666666666666663,0.9166666666666665,20,0,0.6708333333333333,0.7999999999999999
own_round:18,win_stay_expertise,180,3,180,0.7535459175710469,0.32921086965892526,0.7812168430674841,0.18940904535330416,1.330854634328122,20,0,0.6097388859982825,0.8977022214874149,0.4356167422410442,0.23099929433221758,0.4405961851938272,0.047325083106497454,0.830918352354954,20,0,0.3371099422430211,0.538060837306091,0.7333333333333333,0.16356768007437253,0.75,0.5,1.0,20,0,0.6625,0.8041666666666665
own_round:18,history_frequency,180,3,180,0.6211197235510839,0.34435377821578045,0.5246533095649484,0.13286224627381285,1.445087138873389,20,1,0.483572595550647,0.7782585793149551,0.33668656392110174,0.21006704184569097,0.2690719656162954,0.03510842784156717,0.8241655097826728,20,1,0.2526662490519402,0.43205931848992585,0.7895833333333333,0.1652765492116115,0.7916666666666666,0.5,1.0,20,0,0.7187499999999999,0.8583333333333332
own_round:18,reward_learning,180,3,180,0.5757227022699142,0.2522174161284735,0.5138410760758192,0.25529002944483564,1.058982658380925,20,0,0.4720554593565411,0.6920131308549384,0.32478872848452545,0.16061911816373325,0.2885084243938435,0.11436131794738154,0.6744725672012524,20,1,0.2589958200152162,0.4003010356271592,0.7833333333333333,0.14907119849998596,0.8333333333333333,0.5,1.0,20,0,0.7166666666666666,0.8458333333333332
own_round:18,belief_static,180,3,180,0.6372598582004241,0.2817817955349064,0.5707580494366891,0.2683459602819053,1.2183219090142006,20,0,0.5246297761295164,0.7675551769807267,0.3621841839569958,0.163612723782202,0.3377007796114232,0.1491461208260994,0.6925144274862964,20,0,0.29564807976935864,0.4383514218169085,0.7416666666666666,0.12938224793947328,0.75,0.5,0.9166666666666665,20,0,0.6833333333333333,0.7958333333333332
own_round:18,belief_dynamic,180,3,180,0.6001585428341765,0.25262689899873575,0.5529872527669935,0.18835883894924915,1.153989029980845,20,1,0.49728251476936114,0.7177104824423375,0.34036174932974606,0.1660845259102986,0.3010538467973023,0.07783083882745835,0.7399061588117575,20,1,0.27350129685380253,0.417814770922666,0.75,0.14559818133945465,0.75,0.5,1.0,20,0,0.6833333333333333,0.8083333333333332
own_round:18,simple_selected,180,3,180,0.5757227022699142,0.2522174161284735,0.5138410760758192,0.25529002944483564,1.058982658380925,20,0,0.4720554593565411,0.6920131308549384,0.32478872848452545,0.16061911816373325,0.2885084243938435,0.11436131794738154,0.6744725672012524,20,1,0.2589958200152162,0.4003010356271592,0.7833333333333333,0.14907119849998596,0.8333333333333333,0.5,1.0,20,0,0.7166666666666666,0.8458333333333332
own_round:18,belief_selected,180,3,180,0.6001585428341765,0.25262689899873575,0.5529872527669935,0.18835883894924915,1.153989029980845,20,1,0.49728251476936114,0.7177104824423375,0.34036174932974606,0.1660845259102986,0.3010538467973023,0.07783083882745835,0.7399061588117575,20,1,0.27350129685380253,0.417814770922666,0.75,0.14559818133945465,0.75,0.5,1.0,20,0,0.6833333333333333,0.8083333333333332
own_round:19,uniform,180,6,180,1.09861228866811,2.278129578503827e-16,1.0986122886681098,1.0986122886681098,1.0986122886681098,20,0,1.09861228866811,1.09861228866811,0.6666666666666666,1.1390647892519134e-16,0.6666666666666667,0.6666666666666667,0.6666666666666667,20,0,0.6666666666666666,0.6666666666666666,0.3333333333333332,5.695323946259567e-17,0.33333333333333326,0.33333333333333326,0.33333333333333326,20,0,0.3333333333333332,0.3333333333333332
own_round:19,expertise,180,6,180,1.9706644942230855,1.02094607399905,2.0955948010671883,0.01342302033214066,3.7613322256552264,20,0,1.5334084202687257,2.4079205681774463,0.7679333333333332,0.40043412114868143,0.8169333333333333,0.00026666666666666603,1.4702666666666664,20,0,0.5964333333333334,0.9394333333333333,0.6083333333333333,0.20430312303504158,0.5833333333333333,0.25,1.0,20,0,0.5208333333333333,0.6958333333333333
own_round:19,marginal,180,6,180,0.9154983029212715,0.3534760064595264,0.8447517031164735,0.40312392966727273,1.7295248472268057,20,1,0.7707415630579366,1.0725892443374536,0.552136287145995,0.22733928712991058,0.5407987784554528,0.17576283698969924,1.0135297073387646,20,0,0.45688735406387077,0.6528227056793339,0.6083333333333333,0.20430312303504158,0.5833333333333333,0.25,1.0,20,0,0.5208333333333333,0.6958333333333333
own_round:19,repeat_last,180,6,180,0.7895943254969789,0.36841791127529966,0.7577960483371095,0.18940904535330416,1.4566132734845567,20,0,0.6330062286899355,0.9471835909911743,0.44621373019285154,0.22297487903396682,0.4453265022026771,0.047325083106497454,0.7922505721431978,20,0,0.3484245424931641,0.539794152222439,0.7,0.17396309348461486,0.7083333333333333,0.41666666666666663,1.0,20,0,0.625,0.775
own_round:19,win_stay_expertise,180,6,180,0.8852957038369222,0.43443798618169566,0.8621962925362077,0.18940904535330416,1.5770894935829305,20,0,0.7003515352321383,1.0761549614699395,0.5116266840537497,0.26428993764474007,0.5118082444709636,0.047325083106497454,0.8855383507394109,20,0,0.3982860082395385,0.6262217901451341,0.6791666666666666,0.17785885395398385,0.6666666666666666,0.41666666666666663,1.0,20,0,0.6041666666666666,0.7541666666666667
own_round:19,history_frequency,180,6,180,0.7856746694466672,0.4750571615581162,0.7142310552606362,0.10111660025119407,1.780521758606605,20,0,0.5827362010222025,0.9925608496984935,0.43080079676756045,0.270188296481857,0.4182822910816001,0.015615712554328264,0.9963534562541392,20,0,0.3138635806173297,0.5471750923715941,0.7166666666666667,0.18217336386783875,0.7083333333333333,0.3333333333333333,1.0,20,0,0.6375000000000001,0.7958333333333333
own_round:19,reward_learning,180,6,180,0.6512064056510245,0.3235323071743344,0.6014051157914224,0.1459016305015527,1.4221934221701893,20,0,0.5168694099451115,0.7937752788566379,0.3731020684808992,0.19666710579626903,0.368750959789277,0.03766815113619762,0.7026173931839946,20,0,0.28998682798208497,0.45509809050132116,0.7208333333333333,0.1650690977062147,0.6666666666666666,0.5,1.0,20,0,0.6540625,0.7916666666666667
own_round:19,belief_static,180,6,180,0.7031764463081752,0.3741136549387212,0.6311677558373026,0.1975270883926231,1.7225513150841891,20,1,0.5506398047753164,0.8701966384087738,0.3957289586056878,0.20028592199695855,0.3741999534122803,0.06988310073758719,0.7497520060651094,20,0,0.31083085312451986,0.4802853196664762,0.7041666666666667,0.1632881247853206,0.75,0.41666666666666663,1.0,20,0,0.6333333333333334,0.7708333333333334
own_round:19,belief_dynamic,180,6,180,0.6696105709056764,0.30544128163555334,0.6541236191593783,0.18232537675477667,1.4269544961906826,20,1,0.5439346699508909,0.8029301441613442,0.3876531955699532,0.18775084970097575,0.3856885966087612,0.0615758313987885,0.7139933594855165,20,0,0.3074449473153741,0.4664480872773239,0.6958333333333333,0.17990210138258905,0.625,0.41666666666666663,1.0,20,0,0.6208333333333333,0.7749999999999999
own_round:19,simple_selected,180,6,180,0.6512064056510245,0.3235323071743344,0.6014051157914224,0.1459016305015527,1.4221934221701893,20,0,0.5168694099451115,0.7937752788566379,0.3731020684808992,0.19666710579626903,0.368750959789277,0.03766815113619762,0.7026173931839946,20,0,0.28998682798208497,0.45509809050132116,0.7208333333333333,0.1650690977062147,0.6666666666666666,0.5,1.0,20,0,0.6540625,0.7916666666666667
own_round:19,belief_selected,180,6,180,0.6696105709056764,0.30544128163555334,0.6541236191593783,0.18232537675477667,1.4269544961906826,20,1,0.5439346699508909,0.8029301441613442,0.3876531955699532,0.18775084970097575,0.3856885966087612,0.0615758313987885,0.7139933594855165,20,0,0.3074449473153741,0.4664480872773239,0.6958333333333333,0.17990210138258905,0.625,0.41666666666666663,1.0,20,0,0.6208333333333333,0.7749999999999999
own_round:20,uniform,180,2,180,1.09861228866811,2.278129578503827e-16,1.0986122886681098,1.0986122886681098,1.0986122886681098,20,0,1.09861228866811,1.09861228866811,0.6666666666666666,1.1390647892519134e-16,0.6666666666666667,0.6666666666666667,0.6666666666666667,20,0,0.6666666666666666,0.6666666666666666,0.3333333333333332,5.695323946259567e-17,0.33333333333333326,0.33333333333333326,0.33333333333333326,20,0,0.3333333333333332,0.3333333333333332
own_round:20,expertise,180,2,180,1.7416255983422304,1.297856797983759,1.679160444920179,0.01342302033214066,4.594200937949246,20,1,1.2205621102132846,2.3246336969480437,0.6780999999999999,0.5090436796938523,0.6536,0.00026666666666666603,1.796933333333333,20,1,0.4737291666666666,0.9067666666666666,0.6541666666666666,0.2597161631091083,0.6666666666666666,0.08333333333333333,1.0,20,1,0.5375,0.7584374999999985
own_round:20,marginal,180,2,180,0.8665587164616666,0.4141734726696116,0.7529144918966234,0.34198392971446845,1.8071005847303052,20,1,0.6983001940162117,1.0562015646863145,0.5097554912350787,0.2832940197333306,0.4651798106695427,0.13375698006603728,1.1184617271635582,20,1,0.39425310708264205,0.6380183694596416,0.6541666666666666,0.2597161631091083,0.6666666666666666,0.08333333333333333,1.0,20,1,0.5375,0.7584374999999985
own_round:20,repeat_last,180,2,180,0.6733849277379326,0.3625270327212116,0.6912714899811603,0.18940904535330416,1.4258152790614957,20,0,0.5210240158149736,0.8330005236468933,0.37103881439328956,0.21948406923537173,0.3939058451494917,0.047325083106497454,0.8222390809329121,20,0,0.2758372091209794,0.46603453635596226,0.7458333333333333,0.1939791843899963,0.75,0.3333333333333333,1.0,20,0,0.6625,0.8291666666666666
own_round:20,win_stay_expertise,180,2,180,0.7376206940974293,0.45305337366295667,0.6957262556234665,0.16426970417087763,1.8159948795757468,20,1,0.5523650733006992,0.9451764424743917,0.41549489850245347,0.300545445726914,0.3800626034257512,0.036402315480182176,1.1216158425247342,20,1,0.293992127728116,0.5558683597467073,0.7458333333333333,0.19955176379262735,0.75,0.3333333333333333,1.0,20,2,0.6583333333333333,0.8291666666666666
own_round:20,history_frequency,180,2,180,0.6007329129751469,0.36453727592778334,0.5930436311973677,0.09730162804292922,1.4221704818802303,20,0,0.44436629983479087,0.7591024671549818,0.3353582743629073,0.2213890208671986,0.3475693605242652,0.014363292812062944,0.7809282326299749,20,0,0.23976264986061374,0.43199219842594033,0.7541666666666667,0.1901734357698641,0.75,0.3333333333333333,1.0,20,0,0.6708333333333333,0.8374999999999998
own_round:20,reward_learning,180,2,180,0.5724442043802421,0.30368045917170033,0.5515705250133156,0.15414990005656326,1.2938649135999496,20,0,0.44539139902401675,0.7083068025833456,0.3254003322323122,0.19213661456413403,0.32766685774223586,0.04034369448502516,0.6956894582596181,20,0,0.24299726261347362,0.4100984917064217,0.7625,0.17579185924774154,0.7916666666666666,0.41666666666666663,1.0,20,0,0.6874999999999999,0.8375
own_round:20,belief_static,180,2,180,0.6641877825299293,0.3802955115894278,0.5426191690056432,0.2569701434922193,1.518019567701736,20,1,0.5107222089544086,0.8330138428789042,0.3706927782832094,0.20405041689337117,0.32235823722313217,0.11205321703253522,0.7868719153895541,20,0,0.2860825253375173,0.4598743501961158,0.7458333333333332,0.1632881247853206,0.75,0.3333333333333333,1.0,20,1,0.6749999999999999,0.8125
own_round:20,belief_dynamic,180,2,180,0.5914798196355121,0.32710532754696847,0.5056988322077359,0.21492056714771887,1.4607903231975303,20,0,0.45539543978947067,0.7371746984042662,0.3423151971672297,0.20860925753268955,0.2961300741177143,0.08187784630734443,0.8123615901000113,20,0,0.2545253779049642,0.4342199854236677,0.7583333333333332,0.1947783265438639,0.75,0.3333333333333333,1.0,20,0,0.6708333333333334,0.8416666666666666
own_round:20,simple_selected,180,2,180,0.5724442043802421,0.30368045917170033,0.5515705250133156,0.15414990005656326,1.2938649135999496,20,0,0.44539139902401675,0.7083068025833456,0.3254003322323122,0.19213661456413403,0.32766685774223586,0.04034369448502516,0.6956894582596181,20,0,0.24299726261347362,0.4100984917064217,0.7625,0.17579185924774154,0.7916666666666666,0.41666666666666663,1.0,20,0,0.6874999999999999,0.8375
own_round:20,belief_selected,180,2,180,0.5914798196355121,0.32710532754696847,0.5056988322077359,0.21492056714771887,1.4607903231975303,20,0,0.45539543978947067,0.7371746984042662,0.3423151971672297,0.20860925753268955,0.2961300741177143,0.08187784630734443,0.8123615901000113,20,0,0.2545253779049642,0.4342199854236677,0.7583333333333332,0.1947783265438639,0.75,0.3333333333333333,1.0,20,0,0.6708333333333334,0.8416666666666666
