episode_id,round,condition,hidden_target_type,initial_target_type,final_target_type,swap_condition,rounds_since_swap,primary_strategy,probe_pred,probe_p_fairness,probe_p_risk,probe_p_expertise,probe_matches_active,probe_matches_initial,probe_matches_final,behaviour_matches_final,behaviour_matches_initial,probe_p_final,bayes_pred,bayes_p_final,bayes_matches_final
full_history-000-expertise,1,full_history,expertise,expertise,expertise,False,,fairness,expertise,8.253110117439605e-10,1.8608120155188196e-07,0.9999998130934874,1,1,1,0,0,0.9999998130934874,fairness,0.3333333333333333,0
full_history-000-expertise,2,full_history,expertise,expertise,expertise,False,,risk,expertise,2.727368160246068e-08,1.4257206267096828e-07,0.9999998301542556,1,1,1,0,0,0.9999998301542556,risk,0.41966561786679085,0
full_history-000-expertise,3,full_history,expertise,expertise,expertise,False,,risk,expertise,1.3335956690565486e-10,1.7084705340011822e-07,0.999999829019587,1,1,1,0,0,0.999999829019587,risk,0.2932080467988617,0
full_history-000-expertise,4,full_history,expertise,expertise,expertise,False,,risk,expertise,5.14252606198493e-09,3.3837189980832935e-10,0.999999994519102,1,1,1,0,0,0.999999994519102,risk,0.203194187692038,0
full_history-000-expertise,5,full_history,expertise,expertise,expertise,False,,expertise,expertise,3.492006323800534e-08,5.539430766128889e-07,0.9999994111368601,1,1,1,1,1,0.9999994111368601,expertise,0.3763966431254329,1
full_history-000-expertise,6,full_history,expertise,expertise,expertise,False,,expertise,expertise,1.6584451316998099e-09,5.626698798213559e-09,0.999999992714856,1,1,1,1,1,0.999999992714856,expertise,0.526345529694277,1
full_history-000-expertise,7,full_history,expertise,expertise,expertise,False,,fairness,expertise,3.9035978982404403e-10,1.67142139987929e-09,0.9999999979382188,1,1,1,0,0,0.9999999979382188,risk,0.26218696110401063,0
full_history-000-expertise,8,full_history,expertise,expertise,expertise,False,,risk,expertise,4.071601910973129e-10,5.227829800720123e-08,0.9999999473145419,1,1,1,0,0,0.9999999473145419,risk,0.3371039581074102,0
full_history-000-fairness,1,full_history,fairness,fairness,fairness,False,,risk,fairness,0.999998850515751,9.475328451085527e-10,1.148536716279561e-06,1,1,1,0,0,0.999998850515751,fairness,0.3333333333333333,1
full_history-000-fairness,2,full_history,fairness,fairness,fairness,False,,risk,fairness,0.9999999931291532,1.613963769059292e-10,6.70945024717814e-09,1,1,1,0,0,0.9999999931291532,risk,0.2567070016638839,0
full_history-000-fairness,3,full_history,fairness,fairness,fairness,False,,risk,fairness,0.9999997818733376,2.0233030129445586e-07,1.579636118572295e-08,1,1,1,0,0,0.9999997818733376,risk,0.19158479912636983,0
full_history-000-fairness,4,full_history,fairness,fairness,fairness,False,,expertise,fairness,0.9999489561284806,1.1997094641545476e-08,5.103187442492368e-05,1,1,1,0,0,0.9999489561284806,fairness,0.33678672176387503,1
full_history-000-fairness,5,full_history,fairness,fairness,fairness,False,,fairness,fairness,0.999865402271286,1.1234313433867531e-08,0.00013458649440040157,1,1,1,1,1,0.999865402271286,fairness,0.424678185737348,1
full_history-000-fairness,6,full_history,fairness,fairness,fairness,False,,fairness,fairness,0.9999999725403778,1.070154801546928e-10,2.7352606736406213e-08,1,1,1,1,1,0.9999999725403778,fairness,0.5678472054939979,1
full_history-000-fairness,7,full_history,fairness,fairness,fairness,False,,fairness,fairness,0.9999999904812743,3.413152062281271e-10,9.17741048915352e-09,1,1,1,1,1,0.9999999904812743,fairness,0.6748518897394868,1
full_history-000-fairness,8,full_history,fairness,fairness,fairness,False,,fairness,fairness,0.9999997668839541,6.367982695765868e-09,2.2674806327301548e-07,1,1,1,1,1,0.9999997668839541,fairness,0.7421163196816665,1
full_history-000-risk,1,full_history,risk,risk,risk,False,,expertise,risk,5.393007493275459e-09,0.9999999182688188,7.633817362853685e-08,1,1,1,0,0,0.9999999182688188,fairness,0.3333333333333333,0
full_history-000-risk,2,full_history,risk,risk,risk,False,,expertise,risk,1.8522251077791416e-08,0.9999999787199791,2.7577698028062917e-09,1,1,1,0,0,0.9999999787199791,expertise,0.2567070016638839,0
full_history-000-risk,3,full_history,risk,risk,risk,False,,expertise,risk,5.247051879946622e-07,0.9999990749559673,4.003388448114234e-07,1,1,1,0,0,0.9999990749559673,expertise,0.19158479912636983,0
full_history-000-risk,4,full_history,risk,risk,risk,False,,fairness,risk,3.8009974752671246e-08,0.9999923928385009,7.5691515243269185e-06,1,1,1,0,0,0.9999923928385009,fairness,0.336786721763875,0
full_history-000-risk,5,full_history,risk,risk,risk,False,,fairness,risk,2.6966342967698375e-12,0.9999999983812393,1.6160638987165094e-09,1,1,1,0,0,0.9999999983812393,fairness,0.2582649901931626,0
full_history-000-risk,6,full_history,risk,risk,risk,False,,risk,risk,1.009513477095658e-07,0.9999998086749586,9.037369375111196e-08,1,1,1,1,1,0.9999998086749586,risk,0.38424453430362165,1
full_history-000-risk,7,full_history,risk,risk,risk,False,,risk,risk,1.1684081376919109e-07,0.9999730214010156,2.6861758170545997e-05,1,1,1,1,1,0.9999730214010156,risk,0.5333039137976798,1
full_history-000-risk,8,full_history,risk,risk,risk,False,,risk,risk,1.4063827259538124e-06,0.9999946049824991,3.9886347747384395e-06,1,1,1,1,1,0.9999946049824991,risk,0.6509919332920178,1
full_history-001-expertise,1,full_history,expertise,expertise,expertise,False,,expertise,expertise,1.9284070896031077e-07,1.0421507560175516e-09,0.9999998061171403,1,1,1,1,1,0.9999998061171403,fairness,0.3333333333333333,0
full_history-001-expertise,2,full_history,expertise,expertise,expertise,False,,expertise,expertise,7.339885907943267e-08,4.664053888887722e-09,0.9999999219370871,1,1,1,1,1,0.9999999219370871,expertise,0.48658599667223235,1
full_history-001-expertise,3,full_history,expertise,expertise,expertise,False,,expertise,expertise,2.08740695428828e-05,5.168493165406322e-07,0.9999786090811406,1,1,1,1,1,0.9999786090811406,expertise,0.6168304017472604,1
full_history-001-expertise,4,full_history,expertise,expertise,expertise,False,,expertise,expertise,7.521479761099051e-09,3.670289077435752e-05,0.9999632895877458,1,1,1,1,1,0.9999632895877458,expertise,0.7068217648548646,1
full_history-001-expertise,5,full_history,expertise,expertise,expertise,False,,expertise,expertise,5.473235277811289e-06,2.4873163241482158e-06,0.9999920394483981,1,1,1,1,1,0.9999920394483981,expertise,0.7604739346429333,1
full_history-001-expertise,6,full_history,expertise,expertise,expertise,False,,expertise,expertise,5.512977806817713e-09,1.7664286651577084e-08,0.9999999768227356,1,1,1,1,1,0.9999999768227356,expertise,0.7896924985784338,1
full_history-001-expertise,7,full_history,expertise,expertise,expertise,False,,expertise,expertise,9.336524229834161e-08,5.1779468810467005e-08,0.9999998548552889,1,1,1,1,1,0.9999998548552889,expertise,0.8048239243757207,1
full_history-001-expertise,8,full_history,expertise,expertise,expertise,False,,expertise,expertise,2.377593108335813e-06,4.225656592567111e-08,0.9999975801503257,1,1,1,1,1,0.9999975801503257,expertise,0.81245609230967,1
full_history-001-fairness,1,full_history,fairness,fairness,fairness,False,,expertise,fairness,0.9999999821463573,3.1885073540848116e-09,1.4665135290603368e-08,1,1,1,0,0,0.9999999821463573,fairness,0.3333333333333333,1
full_history-001-fairness,2,full_history,fairness,fairness,fairness,False,,fairness,fairness,0.9999999697065396,3.0273709751152557e-08,1.9750626448589768e-11,1,1,1,1,1,0.9999999697065396,fairness,0.41966561786679085,1
full_history-001-fairness,3,full_history,fairness,fairness,fairness,False,,fairness,fairness,0.9999999636259955,3.619034918658402e-08,1.8365524896643128e-10,1,1,1,1,1,0.9999999636259955,fairness,0.5636798785512066,1
full_history-001-fairness,4,full_history,fairness,fairness,fairness,False,,risk,fairness,0.9999999722231862,2.7497034639741415e-08,2.797793758620319e-10,1,1,1,0,0,0.9999999722231862,risk,0.28706117143190685,0
full_history-001-fairness,5,full_history,fairness,fairness,fairness,False,,expertise,fairness,0.9999989733061974,1.026386359337134e-06,3.0744321866842005e-10,1,1,1,0,0,0.9999989733061974,fairness,0.4107447083756891,1
full_history-001-fairness,6,full_history,fairness,fairness,fairness,False,,fairness,fairness,0.9999999972971343,7.070024599452628e-10,1.9958633297589785e-09,1,1,1,1,1,0.9999999972971343,fairness,0.5193057274035568,1
full_history-001-fairness,7,full_history,fairness,fairness,fairness,False,,fairness,fairness,0.999999625015015,3.748957709897618e-07,8.921400946333217e-11,1,1,1,1,1,0.999999625015015,fairness,0.6409921473852699,1
full_history-001-fairness,8,full_history,fairness,fairness,fairness,False,,fairness,fairness,0.9999999743658237,2.5329526338107958e-08,3.04650172359825e-10,1,1,1,1,1,0.9999999743658237,fairness,0.7218425038389212,1
full_history-001-risk,1,full_history,risk,risk,risk,False,,risk,risk,3.5223426504534808e-09,0.999999996042986,4.346713261827922e-10,1,1,1,1,1,0.999999996042986,fairness,0.3333333333333333,0
full_history-001-risk,2,full_history,risk,risk,risk,False,,risk,risk,3.356325517079484e-08,0.9999976083633805,2.358073364297032e-06,1,1,1,1,1,0.9999976083633805,risk,0.48658599667223235,1
full_history-001-risk,3,full_history,risk,risk,risk,False,,risk,risk,1.7361314155036897e-08,0.9999999449470082,3.769167777782918e-08,1,1,1,1,1,0.9999999449470082,risk,0.6168304017472603,1
full_history-001-risk,4,full_history,risk,risk,risk,False,,risk,risk,4.376565697962485e-09,0.9999999939901636,1.6332707043271355e-09,1,1,1,1,1,0.9999999939901636,risk,0.7068217648548646,1
full_history-001-risk,5,full_history,risk,risk,risk,False,,risk,risk,2.8925812355278146e-10,0.9999999983994325,1.3113093454509623e-09,1,1,1,1,1,0.9999999983994325,risk,0.7604739346429334,1
full_history-001-risk,6,full_history,risk,risk,risk,False,,expertise,risk,2.343242372978663e-08,0.999999735180362,2.413872141632126e-07,1,1,1,0,0,0.999999735180362,risk,0.4642120707354481,1
full_history-001-risk,7,full_history,risk,risk,risk,False,,expertise,risk,6.420382341572794e-07,0.9999993110783761,4.68833897803354e-08,1,1,1,0,0,0.9999993110783761,expertise,0.35400850791959987,0
full_history-001-risk,8,full_history,risk,risk,risk,False,,fairness,risk,9.54536933585997e-10,0.9999999988162995,2.2916358879146036e-10,1,1,1,0,0,0.9999999988162995,risk,0.47660560372857447,1
full_history-002-expertise,1,full_history,expertise,expertise,expertise,False,,risk,expertise,2.9079362633019745e-08,2.9453516637553383e-07,0.9999996763854709,1,1,1,0,0,0.9999996763854709,fairness,0.3333333333333333,0
full_history-002-expertise,2,full_history,expertise,expertise,expertise,False,,risk,expertise,2.4348517450521003e-07,9.937694712775878e-10,0.999999755521056,1,1,1,0,0,0.999999755521056,risk,0.2567070016638839,0
full_history-002-expertise,3,full_history,expertise,expertise,expertise,False,,expertise,expertise,2.110036966277353e-09,3.6065464008993453e-09,0.9999999942834166,1,1,1,1,1,0.9999999942834166,fairness,0.38106605675835653,0
full_history-002-expertise,4,full_history,expertise,expertise,expertise,False,,expertise,expertise,6.76283054413534e-10,3.766359126975264e-08,0.9999999616601257,1,1,1,1,1,0.9999999616601257,expertise,0.5304959745396997,1
full_history-002-expertise,5,full_history,expertise,expertise,expertise,False,,expertise,expertise,3.899228400917402e-08,6.05689363056256e-11,0.999999960947147,1,1,1,1,1,0.999999960947147,expertise,0.6490017456007114,1
full_history-002-expertise,6,full_history,expertise,expertise,expertise,False,,expertise,expertise,1.0185975198150775e-11,4.668273627050219e-12,0.9999999999851457,1,1,1,1,1,0.9999999999851457,expertise,0.726718395815075,1
full_history-002-expertise,7,full_history,expertise,expertise,expertise,False,,fairness,expertise,5.0680414967322525e-08,2.7830296913590745e-08,0.9999999214892881,1,1,1,0,0,0.9999999214892881,expertise,0.426754404175262,1
full_history-002-expertise,8,full_history,expertise,expertise,expertise,False,,risk,expertise,2.604558489739567e-07,1.7841964961972427e-08,0.9999997217021861,1,1,1,0,0,0.9999997217021861,expertise,0.5117980668221539,1
full_history-002-fairness,1,full_history,fairness,fairness,fairness,False,,risk,fairness,0.9999999957659929,9.246432149681546e-10,3.309363823483411e-09,1,1,1,0,0,0.9999999957659929,fairness,0.3333333333333333,1
full_history-002-fairness,2,full_history,fairness,fairness,fairness,False,,risk,fairness,0.9999998611454692,1.2929639964192091e-07,9.558131248457563e-09,1,1,1,0,0,0.9999998611454692,risk,0.2567070016638839,0
full_history-002-fairness,3,full_history,fairness,fairness,fairness,False,,risk,fairness,0.999999997624218,7.72699507018062e-10,1.6030824991939445e-09,1,1,1,0,0,0.999999997624218,risk,0.19158479912636983,0
full_history-002-fairness,4,full_history,fairness,fairness,fairness,False,,risk,fairness,0.9999996170212179,3.5603267492694672e-09,3.794184555160194e-07,1,1,1,0,0,0.9999996170212179,risk,0.14658911757256776,0
full_history-002-fairness,5,full_history,fairness,fairness,fairness,False,,expertise,fairness,0.9999816591330437,1.2396139155402712e-07,1.8216905564841202e-05,1,1,1,0,0,0.9999816591330437,risk,0.2968401136576039,0
full_history-002-fairness,6,full_history,fairness,fairness,fairness,False,,expertise,fairness,0.9999996003385075,3.6767753571587754e-07,3.1983956636108955e-08,1,1,1,0,0,0.9999996003385075,expertise,0.23969328966992376,0
full_history-002-fairness,7,full_history,fairness,fairness,fairness,False,,expertise,fairness,0.9999999936890676,3.573541671493862e-09,2.73739069341874e-09,1,1,1,0,0,0.9999999936890676,expertise,0.18572036821309273,0
full_history-002-fairness,8,full_history,fairness,fairness,fairness,False,,fairness,fairness,0.9999995092992021,8.959974069771775e-08,4.011010572671001e-07,1,1,1,1,1,0.9999995092992021,risk,0.3187609940183358,0
full_history-002-risk,1,full_history,risk,risk,risk,False,,expertise,risk,7.464127652508222e-09,0.999978535464803,2.1457071069405506e-05,1,1,1,0,0,0.999978535464803,fairness,0.3333333333333333,0
full_history-002-risk,2,full_history,risk,risk,risk,False,,expertise,risk,2.338549623280791e-06,0.9999735921032569,2.4069347119932393e-05,1,1,1,0,0,0.9999735921032569,expertise,0.2567070016638839,0
full_history-002-risk,3,full_history,risk,risk,risk,False,,fairness,risk,9.325159292030334e-08,0.999999745256046,1.6149236122329907e-07,1,1,1,0,0,0.999999745256046,fairness,0.38106605675835653,0
full_history-002-risk,4,full_history,risk,risk,risk,False,,risk,risk,1.2954954373817987e-07,0.9999952730006608,4.597449795465404e-06,1,1,1,1,1,0.9999952730006608,risk,0.491881586530443,1
full_history-002-risk,5,full_history,risk,risk,risk,False,,risk,risk,1.6353742631688064e-07,0.9999982882430418,1.5482195317861536e-06,1,1,1,1,1,0.9999982882430418,risk,0.6208180002611126,1
full_history-002-risk,6,full_history,risk,risk,risk,False,,expertise,risk,1.8514167141090923e-08,0.9999181679519696,8.18135338632829e-05,1,1,1,0,0,0.9999181679519696,expertise,0.3295891730302861,0
full_history-002-risk,7,full_history,risk,risk,risk,False,,fairness,risk,7.851831197957215e-06,0.9998098378915324,0.0001823102772698222,1,1,1,0,0,0.9998098378915324,risk,0.4371705942369763,1
full_history-002-risk,8,full_history,risk,risk,risk,False,,risk,risk,3.6830516978514692e-06,0.9999735914595689,2.2725488733347192e-05,1,1,1,1,1,0.9999735914595689,risk,0.5535788913749119,1
full_history-003-expertise,1,full_history,expertise,expertise,expertise,False,,fairness,expertise,5.50021869344004e-07,3.986729486502276e-08,0.9999994101108358,1,1,1,0,0,0.9999994101108358,fairness,0.3333333333333333,0
full_history-003-expertise,2,full_history,expertise,expertise,expertise,False,,risk,expertise,1.4636151759878217e-07,7.386150216017046e-08,0.9999997797769803,1,1,1,0,0,0.9999997797769803,risk,0.41966561786679085,0
full_history-003-expertise,3,full_history,expertise,expertise,expertise,False,,risk,expertise,2.2529336615336376e-06,1.767541134422354e-08,0.999997729390927,1,1,1,0,0,0.999997729390927,risk,0.2932080467988617,0
full_history-003-expertise,4,full_history,expertise,expertise,expertise,False,,expertise,expertise,4.900838586029428e-08,1.5667011294755456e-09,0.9999999494249131,1,1,1,1,1,0.9999999494249131,expertise,0.46189619249023045,1
full_history-003-expertise,5,full_history,expertise,expertise,expertise,False,,fairness,expertise,3.9994719675378215e-08,1.0912074651766305e-07,0.9999998508845338,1,1,1,0,0,0.9999998508845338,risk,0.22377444100967125,0
full_history-003-expertise,6,full_history,expertise,expertise,expertise,False,,fairness,expertise,6.272537921996403e-10,1.1845793524447587e-10,0.9999999992542883,1,1,1,0,0,0.9999999992542883,fairness,0.18523983942819972,0
full_history-003-expertise,7,full_history,expertise,expertise,expertise,False,,risk,expertise,1.0442735363844287e-06,3.0733045908857515e-06,0.9999958824218728,1,1,1,0,0,0.9999958824218728,risk,0.2967499676177231,0
full_history-003-expertise,8,full_history,expertise,expertise,expertise,False,,risk,expertise,3.297490992504112e-07,2.712804577681938e-08,0.9999996431228549,1,1,1,0,0,0.9999996431228549,risk,0.2184494646475155,0
full_history-003-fairness,1,full_history,fairness,fairness,fairness,False,,expertise,fairness,0.9999909301300041,9.077532891298779e-07,8.162116706836089e-06,1,1,1,0,0,0.9999909301300041,fairness,0.3333333333333333,1
full_history-003-fairness,2,full_history,fairness,fairness,fairness,False,,fairness,fairness,0.9999995687183173,2.3393853824047758e-07,1.9734314448557047e-07,1,1,1,1,1,0.9999995687183173,fairness,0.41966561786679085,1
full_history-003-fairness,3,full_history,fairness,fairness,fairness,False,,fairness,fairness,0.9999999772838136,1.702513004476101e-08,5.691056415419771e-09,1,1,1,1,1,0.9999999772838136,fairness,0.5636798785512066,1
full_history-003-fairness,4,full_history,fairness,fairness,fairness,False,,fairness,fairness,0.9999982973384971,7.708235779236685e-07,9.318379249573379e-07,1,1,1,1,1,0.9999982973384971,fairness,0.6720331781177475,1
full_history-003-fairness,5,full_history,fairness,fairness,fairness,False,,risk,fairness,0.9999999868121441,6.977220013846183e-11,1.3118083704664197e-08,1,1,1,0,0,0.9999999868121441,risk,0.37317750111472026,0
full_history-003-fairness,6,full_history,fairness,fairness,fairness,False,,expertise,fairness,0.9999999984477046,1.1320509015410947e-09,4.2024456850011354e-10,1,1,1,0,0,0.9999999984477046,fairness,0.48081132688870887,1
full_history-003-fairness,7,full_history,fairness,fairness,fairness,False,,fairness,fairness,0.9999999909501037,8.920217177035621e-09,1.296790457805105e-10,1,1,1,1,1,0.9999999909501037,fairness,0.5860448197336997,1
full_history-003-fairness,8,full_history,fairness,fairness,fairness,False,,fairness,fairness,0.999999960382596,3.734413948397556e-08,2.2732646968512463e-09,1,1,1,1,1,0.999999960382596,fairness,0.6869751141128977,1
full_history-003-risk,1,full_history,risk,risk,risk,False,,expertise,risk,7.245984068688889e-07,0.999999261648076,1.3753517161583729e-08,1,1,1,0,0,0.999999261648076,fairness,0.3333333333333333,0
full_history-003-risk,2,full_history,risk,risk,risk,False,,fairness,risk,4.703352922461332e-07,0.9999995205228543,9.141853294840322e-09,1,1,1,0,0,0.9999995205228543,fairness,0.41966561786679085,0
full_history-003-risk,3,full_history,risk,risk,risk,False,,fairness,risk,1.0424791584064517e-05,0.9999895746808378,5.275780909527146e-10,1,1,1,0,0,0.9999895746808378,fairness,0.2932080467988617,0
full_history-003-risk,4,full_history,risk,risk,risk,False,,risk,risk,5.662632853159293e-07,0.99999942308781,1.0648904809533102e-08,1,1,1,1,1,0.99999942308781,risk,0.46189619249023045,1
full_history-003-risk,5,full_history,risk,risk,risk,False,,risk,risk,3.7183565238312775e-07,0.9999996222030032,5.961344491449914e-09,1,1,1,1,1,0.9999996222030032,risk,0.5978293116260788,1
full_history-003-risk,6,full_history,risk,risk,risk,False,,expertise,risk,7.974085367066707e-09,0.9999999751929678,1.683294694769206e-08,1,1,1,0,0,0.9999999751929678,fairness,0.31177420817586055,0
full_history-003-risk,7,full_history,risk,risk,risk,False,,expertise,risk,9.869977019657843e-07,0.9999990007306454,1.2271652493967899e-08,1,1,1,0,0,0.9999990007306454,expertise,0.24396913188695207,0
full_history-003-risk,8,full_history,risk,risk,risk,False,,fairness,risk,6.434338976700971e-08,0.9999999355974235,5.918660232082094e-11,1,1,1,0,0,0.9999999355974235,fairness,0.363357274260857,0
no_history-000-expertise,1,no_history,expertise,expertise,expertise,False,,fairness,expertise,3.819799102909545e-06,3.133952942339278e-08,0.9999961488613677,1,1,1,0,0,0.9999961488613677,fairness,0.3333333333333333,0
no_history-000-expertise,2,no_history,expertise,expertise,expertise,False,,fairness,expertise,7.807697377063293e-09,6.720689755898249e-09,0.9999999854716128,1,1,1,0,0,0.9999999854716128,fairness,0.3333333333333333,0
no_history-000-expertise,3,no_history,expertise,expertise,expertise,False,,fairness,expertise,1.4607524152846785e-05,1.270590247343383e-07,0.9999852654168223,1,1,1,0,0,0.9999852654168223,fairness,0.3333333333333333,0
no_history-000-expertise,4,no_history,expertise,expertise,expertise,False,,fairness,expertise,1.1802242217299334e-07,9.231310549712162e-09,0.9999998727462673,1,1,1,0,0,0.9999998727462673,fairness,0.3333333333333333,0
no_history-000-expertise,5,no_history,expertise,expertise,expertise,False,,fairness,expertise,1.927353439289102e-05,9.182461106726203e-08,0.999980634640996,1,1,1,0,0,0.999980634640996,fairness,0.3333333333333333,0
no_history-000-expertise,6,no_history,expertise,expertise,expertise,False,,fairness,expertise,8.001554110435254e-08,2.409554065002483e-07,0.9999996790290524,1,1,1,0,0,0.9999996790290524,fairness,0.3333333333333333,0
no_history-000-expertise,7,no_history,expertise,expertise,expertise,False,,fairness,expertise,2.724044321464124e-06,5.9059190535265114e-08,0.999997216896488,1,1,1,0,0,0.999997216896488,fairness,0.3333333333333333,0
no_history-000-expertise,8,no_history,expertise,expertise,expertise,False,,fairness,expertise,2.972638128468272e-07,1.9301840855689588e-05,0.9999804008953314,1,1,1,0,0,0.9999804008953314,fairness,0.3333333333333333,0
no_history-000-fairness,1,no_history,fairness,fairness,fairness,False,,fairness,fairness,0.9999999929722567,2.4114716201721164e-09,4.616271556306043e-09,1,1,1,1,1,0.9999999929722567,fairness,0.3333333333333333,1
no_history-000-fairness,2,no_history,fairness,fairness,fairness,False,,fairness,fairness,0.9971263076669056,0.0028621791311366023,1.1513201957926058e-05,1,1,1,1,1,0.9971263076669056,fairness,0.3333333333333333,1
no_history-000-fairness,3,no_history,fairness,fairness,fairness,False,,fairness,fairness,0.9986747091290479,0.0013252623341043687,2.8536847563796502e-08,1,1,1,1,1,0.9986747091290479,fairness,0.3333333333333333,1
no_history-000-fairness,4,no_history,fairness,fairness,fairness,False,,fairness,fairness,0.9999999278041788,7.154069425437538e-08,6.551270658437229e-10,1,1,1,1,1,0.9999999278041788,fairness,0.3333333333333333,1
no_history-000-fairness,5,no_history,fairness,fairness,fairness,False,,fairness,fairness,0.9996002431516241,0.000398691157177454,1.0656911984224779e-06,1,1,1,1,1,0.9996002431516241,fairness,0.3333333333333333,1
no_history-000-fairness,6,no_history,fairness,fairness,fairness,False,,fairness,fairness,0.9997899048282894,0.00021006980390492316,2.5367805807031737e-08,1,1,1,1,1,0.9997899048282894,fairness,0.3333333333333333,1
no_history-000-fairness,7,no_history,fairness,fairness,fairness,False,,fairness,fairness,0.9999970032506559,2.985210647970143e-06,1.1538696002356536e-08,1,1,1,1,1,0.9999970032506559,fairness,0.3333333333333333,1
no_history-000-fairness,8,no_history,fairness,fairness,fairness,False,,fairness,fairness,0.9997948821986493,0.00018783712824936902,1.7280673101312366e-05,1,1,1,1,1,0.9997948821986493,fairness,0.3333333333333333,1
no_history-000-risk,1,no_history,risk,risk,risk,False,,risk,risk,2.3888433131528613e-06,0.9999974043488346,2.0680785235071812e-07,1,1,1,1,1,0.9999974043488346,fairness,0.3333333333333333,0
no_history-000-risk,2,no_history,risk,risk,risk,False,,risk,risk,3.2335188683247057e-06,0.9999966820293131,8.445181837272857e-08,1,1,1,1,1,0.9999966820293131,fairness,0.3333333333333333,0
no_history-000-risk,3,no_history,risk,risk,risk,False,,risk,risk,2.0649166785910325e-07,0.9999996901960426,1.0331228939694011e-07,1,1,1,1,1,0.9999996901960426,fairness,0.3333333333333333,0
no_history-000-risk,4,no_history,risk,risk,risk,False,,risk,risk,8.320282378260438e-05,0.9999152152293784,1.5819468389055586e-06,1,1,1,1,1,0.9999152152293784,fairness,0.3333333333333333,0
no_history-000-risk,5,no_history,risk,risk,risk,False,,risk,risk,2.5401744329424006e-06,0.9999970875091412,3.7231642591223023e-07,1,1,1,1,1,0.9999970875091412,fairness,0.3333333333333333,0
no_history-000-risk,6,no_history,risk,risk,risk,False,,risk,risk,4.6368229655642764e-07,0.999997875212746,1.6611049573984311e-06,1,1,1,1,1,0.999997875212746,fairness,0.3333333333333333,0
no_history-000-risk,7,no_history,risk,risk,risk,False,,risk,risk,5.189594219776364e-06,0.9999947734434189,3.6962361460417943e-08,1,1,1,1,1,0.9999947734434189,fairness,0.3333333333333333,0
no_history-000-risk,8,no_history,risk,risk,risk,False,,risk,risk,9.099064906796267e-07,0.9999403253474121,5.876474609732349e-05,1,1,1,1,1,0.9999403253474121,fairness,0.3333333333333333,0
no_history-001-expertise,1,no_history,expertise,expertise,expertise,False,,expertise,expertise,1.2076540332767483e-08,2.526564081676908e-05,0.999974722282643,1,1,1,1,1,0.999974722282643,fairness,0.3333333333333333,0
no_history-001-expertise,2,no_history,expertise,expertise,expertise,False,,expertise,expertise,5.8188431890580115e-06,0.01229337411625647,0.9877008070405545,1,1,1,1,1,0.9877008070405545,fairness,0.3333333333333333,0
no_history-001-expertise,3,no_history,expertise,expertise,expertise,False,,expertise,expertise,2.5505084784160146e-08,8.467453890851811e-07,0.999999127749526,1,1,1,1,1,0.999999127749526,fairness,0.3333333333333333,0
no_history-001-expertise,4,no_history,expertise,expertise,expertise,False,,expertise,expertise,3.3741163098166824e-08,8.000504007351395e-07,0.9999991662084362,1,1,1,1,1,0.9999991662084362,fairness,0.3333333333333333,0
no_history-001-expertise,5,no_history,expertise,expertise,expertise,False,,expertise,expertise,2.121484479652177e-07,1.963253467244887e-05,0.9999801553168796,1,1,1,1,1,0.9999801553168796,fairness,0.3333333333333333,0
no_history-001-expertise,6,no_history,expertise,expertise,expertise,False,,expertise,expertise,4.7905361869053765e-06,3.7953161036680913e-06,0.9999914141477093,1,1,1,1,1,0.9999914141477093,fairness,0.3333333333333333,0
no_history-001-expertise,7,no_history,expertise,expertise,expertise,False,,expertise,expertise,3.579319870975067e-05,2.7273015666912972e-05,0.9999369337856234,1,1,1,1,1,0.9999369337856234,fairness,0.3333333333333333,0
no_history-001-expertise,8,no_history,expertise,expertise,expertise,False,,expertise,expertise,2.0095854281471972e-06,0.0008772806394323526,0.9991207097751396,1,1,1,1,1,0.9991207097751396,fairness,0.3333333333333333,0
no_history-001-fairness,1,no_history,fairness,fairness,fairness,False,,risk,fairness,0.9997814916862487,0.00021849647603932278,1.1837712041846618e-08,1,1,1,0,0,0.9997814916862487,fairness,0.3333333333333333,1
no_history-001-fairness,2,no_history,fairness,fairness,fairness,False,,risk,fairness,0.9999878208043308,5.714073515748233e-06,6.465122153375138e-06,1,1,1,0,0,0.9999878208043308,fairness,0.3333333333333333,1
no_history-001-fairness,3,no_history,fairness,fairness,fairness,False,,risk,fairness,0.9998136975000136,6.282450989702879e-08,0.0001862396754766309,1,1,1,0,0,0.9998136975000136,fairness,0.3333333333333333,1
no_history-001-fairness,4,no_history,fairness,fairness,fairness,False,,risk,fairness,0.9999995713413147,4.251962557216044e-07,3.4624296351928073e-09,1,1,1,0,0,0.9999995713413147,fairness,0.3333333333333333,1
no_history-001-fairness,5,no_history,fairness,fairness,fairness,False,,risk,fairness,0.9999997680207277,1.2702273244716187e-07,1.0495654001417779e-07,1,1,1,0,0,0.9999997680207277,fairness,0.3333333333333333,1
no_history-001-fairness,6,no_history,fairness,fairness,fairness,False,,risk,fairness,0.9999153412924584,8.338351655331366e-05,1.2751909882789146e-06,1,1,1,0,0,0.9999153412924584,fairness,0.3333333333333333,1
no_history-001-fairness,7,no_history,fairness,fairness,fairness,False,,risk,fairness,0.9999925118152617,4.999963303603898e-06,2.488221434723384e-06,1,1,1,0,0,0.9999925118152617,fairness,0.3333333333333333,1
no_history-001-fairness,8,no_history,fairness,fairness,fairness,False,,risk,fairness,0.9999815965268842,1.3322358948860436e-05,5.081114167047796e-06,1,1,1,0,0,0.9999815965268842,fairness,0.3333333333333333,1
no_history-001-risk,1,no_history,risk,risk,risk,False,,expertise,risk,8.391490627740226e-06,0.9999901482757028,1.46023366971074e-06,1,1,1,0,0,0.9999901482757028,fairness,0.3333333333333333,0
no_history-001-risk,2,no_history,risk,risk,risk,False,,expertise,risk,1.544225211472666e-05,0.9999844396580729,1.1808981216467485e-07,1,1,1,0,0,0.9999844396580729,fairness,0.3333333333333333,0
no_history-001-risk,3,no_history,risk,risk,risk,False,,expertise,risk,0.00018112116011280563,0.9998180920037133,7.868361738151555e-07,1,1,1,0,0,0.9998180920037133,fairness,0.3333333333333333,0
no_history-001-risk,4,no_history,risk,risk,risk,False,,expertise,risk,5.155543253503045e-08,0.9999998792915895,6.915297798370004e-08,1,1,1,0,0,0.9999998792915895,fairness,0.3333333333333333,0
no_history-001-risk,5,no_history,risk,risk,risk,False,,expertise,risk,1.1102254071591796e-08,0.9999999711250858,1.777266013073593e-08,1,1,1,0,0,0.9999999711250858,fairness,0.3333333333333333,0
no_history-001-risk,6,no_history,risk,risk,risk,False,,expertise,risk,1.2905848558669375e-07,0.9999997971753455,7.376616901494216e-08,1,1,1,0,0,0.9999997971753455,fairness,0.3333333333333333,0
no_history-001-risk,7,no_history,risk,risk,risk,False,,expertise,risk,1.931282310499905e-09,0.9999997906891179,2.0737959977253306e-07,1,1,1,0,0,0.9999997906891179,fairness,0.3333333333333333,0
no_history-001-risk,8,no_history,risk,risk,risk,False,,expertise,risk,5.986164029389357e-08,0.9999671480180372,3.279212032251303e-05,1,1,1,0,0,0.9999671480180372,fairness,0.3333333333333333,0
no_history-002-expertise,1,no_history,expertise,expertise,expertise,False,,fairness,expertise,3.3257314670678745e-05,6.776613075533042e-10,0.999966742007668,1,1,1,0,0,0.999966742007668,fairness,0.3333333333333333,0
no_history-002-expertise,2,no_history,expertise,expertise,expertise,False,,fairness,expertise,1.5249014919706542e-06,2.1417771699411419e-07,0.999998260920791,1,1,1,0,0,0.999998260920791,fairness,0.3333333333333333,0
no_history-002-expertise,3,no_history,expertise,expertise,expertise,False,,fairness,expertise,0.00012086451662013193,7.032417036245084e-07,0.9998784322416762,1,1,1,0,0,0.9998784322416762,fairness,0.3333333333333333,0
no_history-002-expertise,4,no_history,expertise,expertise,expertise,False,,fairness,expertise,3.042597628909767e-05,5.595144909629711e-09,0.9999695684285661,1,1,1,0,0,0.9999695684285661,fairness,0.3333333333333333,0
no_history-002-expertise,5,no_history,expertise,expertise,expertise,False,,fairness,expertise,4.6278862301909225e-05,7.312250057761481e-09,0.9999537138254481,1,1,1,0,0,0.9999537138254481,fairness,0.3333333333333333,0
no_history-002-expertise,6,no_history,expertise,expertise,expertise,False,,fairness,expertise,0.0004084967558852057,4.4208055111591617e-08,0.9995914590360597,1,1,1,0,0,0.9995914590360597,fairness,0.3333333333333333,0
no_history-002-expertise,7,no_history,expertise,expertise,expertise,False,,fairness,expertise,2.149428987870966e-05,3.0648278588525136e-07,0.9999781992273353,1,1,1,0,0,0.9999781992273353,fairness,0.3333333333333333,0
no_history-002-expertise,8,no_history,expertise,expertise,expertise,False,,fairness,expertise,7.78740419650124e-05,5.433593538296924e-07,0.999921582598681,1,1,1,0,0,0.999921582598681,fairness,0.3333333333333333,0
no_history-002-fairness,1,no_history,fairness,fairness,fairness,False,,risk,fairness,0.9999986799503419,4.7185995616302705e-07,8.481897018220968e-07,1,1,1,0,0,0.9999986799503419,fairness,0.3333333333333333,1
no_history-002-fairness,2,no_history,fairness,fairness,fairness,False,,risk,fairness,0.9999473404716088,5.2617480388828503e-05,4.204800235919619e-08,1,1,1,0,0,0.9999473404716088,fairness,0.3333333333333333,1
no_history-002-fairness,3,no_history,fairness,fairness,fairness,False,,risk,fairness,0.9999992933046624,6.766195756321077e-07,3.007576205029996e-08,1,1,1,0,0,0.9999992933046624,fairness,0.3333333333333333,1
no_history-002-fairness,4,no_history,fairness,fairness,fairness,False,,risk,fairness,0.9999728880119545,2.6402593905846125e-05,7.093941396055659e-07,1,1,1,0,0,0.9999728880119545,fairness,0.3333333333333333,1
no_history-002-fairness,5,no_history,fairness,fairness,fairness,False,,risk,fairness,0.9999992066583793,7.893887191473679e-07,3.95290161363375e-09,1,1,1,0,0,0.9999992066583793,fairness,0.3333333333333333,1
no_history-002-fairness,6,no_history,fairness,fairness,fairness,False,,risk,fairness,0.9998820754721799,9.669155721165697e-05,2.123297060845402e-05,1,1,1,0,0,0.9998820754721799,fairness,0.3333333333333333,1
no_history-002-fairness,7,no_history,fairness,fairness,fairness,False,,risk,fairness,0.9999902147472863,9.054361221400654e-06,7.308914922019506e-07,1,1,1,0,0,0.9999902147472863,fairness,0.3333333333333333,1
no_history-002-fairness,8,no_history,fairness,fairness,fairness,False,,risk,fairness,0.9996324978358431,0.0003665685676769226,9.335964800562868e-07,1,1,1,0,0,0.9996324978358431,fairness,0.3333333333333333,1
no_history-002-risk,1,no_history,risk,risk,risk,False,,expertise,risk,5.1105732359577684e-08,0.9999607227412928,3.922615297479307e-05,1,1,1,0,0,0.9999607227412928,fairness,0.3333333333333333,0
no_history-002-risk,2,no_history,risk,risk,risk,False,,expertise,risk,1.979374693711481e-07,0.9999995688186266,2.332439039763308e-07,1,1,1,0,0,0.9999995688186266,fairness,0.3333333333333333,0
no_history-002-risk,3,no_history,risk,risk,risk,False,,expertise,risk,3.105910226500152e-08,0.9999977588933103,2.2100475873786665e-06,1,1,1,0,0,0.9999977588933103,fairness,0.3333333333333333,0
no_history-002-risk,4,no_history,risk,risk,risk,False,,expertise,risk,1.9609395417507882e-09,0.9999999934139665,4.6250937886224584e-09,1,1,1,0,0,0.9999999934139665,fairness,0.3333333333333333,0
no_history-002-risk,5,no_history,risk,risk,risk,False,,expertise,risk,1.593869489617938e-08,0.9999988512659437,1.1327953613664159e-06,1,1,1,0,0,0.9999988512659437,fairness,0.3333333333333333,0
no_history-002-risk,6,no_history,risk,risk,risk,False,,expertise,risk,6.723074324859367e-09,0.9999999814654551,1.181147043313534e-08,1,1,1,0,0,0.9999999814654551,fairness,0.3333333333333333,0
no_history-002-risk,7,no_history,risk,risk,risk,False,,expertise,risk,2.708783873935786e-07,0.999999718280055,1.0841557679474956e-08,1,1,1,0,0,0.999999718280055,fairness,0.3333333333333333,0
no_history-002-risk,8,no_history,risk,risk,risk,False,,expertise,risk,1.2830566478104544e-07,0.9999992259260052,6.457683300672112e-07,1,1,1,0,0,0.9999992259260052,fairness,0.3333333333333333,0
no_history-003-expertise,1,no_history,expertise,expertise,expertise,False,,expertise,expertise,0.00032102413809376927,1.8671952504865642e-05,0.9996603039094013,1,1,1,1,1,0.9996603039094013,fairness,0.3333333333333333,0
no_history-003-expertise,2,no_history,expertise,expertise,expertise,False,,expertise,expertise,6.076327215201934e-08,1.0022459494832859e-05,0.999989916777233,1,1,1,1,1,0.999989916777233,fairness,0.3333333333333333,0
no_history-003-expertise,3,no_history,expertise,expertise,expertise,False,,expertise,expertise,2.986768191393001e-09,1.174064488682577e-09,0.9999999958391672,1,1,1,1,1,0.9999999958391672,fairness,0.3333333333333333,0
no_history-003-expertise,4,no_history,expertise,expertise,expertise,False,,expertise,expertise,8.48256581905437e-09,1.751037690297235e-07,0.9999998164136652,1,1,1,1,1,0.9999998164136652,fairness,0.3333333333333333,0
no_history-003-expertise,5,no_history,expertise,expertise,expertise,False,,expertise,expertise,1.192904344534329e-07,2.615732062771226e-06,0.9999972649775027,1,1,1,1,1,0.9999972649775027,fairness,0.3333333333333333,0
no_history-003-expertise,6,no_history,expertise,expertise,expertise,False,,expertise,expertise,1.5549065258696415e-08,1.823505123185782e-06,0.9999981609458114,1,1,1,1,1,0.9999981609458114,fairness,0.3333333333333333,0
no_history-003-expertise,7,no_history,expertise,expertise,expertise,False,,expertise,expertise,8.654731414106587e-11,1.0315425299915533e-07,0.9999998967591996,1,1,1,1,1,0.9999998967591996,fairness,0.3333333333333333,0
no_history-003-expertise,8,no_history,expertise,expertise,expertise,False,,expertise,expertise,3.154668028328097e-10,1.2335491590121062e-07,0.9999998763296174,1,1,1,1,1,0.9999998763296174,fairness,0.3333333333333333,0
no_history-003-fairness,1,no_history,fairness,fairness,fairness,False,,risk,fairness,0.9993844198719014,1.5954238722116075e-06,0.0006139847042261808,1,1,1,0,0,0.9993844198719014,fairness,0.3333333333333333,1
no_history-003-fairness,2,no_history,fairness,fairness,fairness,False,,risk,fairness,0.9999966539644335,3.335917720107203e-06,1.011784637104228e-08,1,1,1,0,0,0.9999966539644335,fairness,0.3333333333333333,1
no_history-003-fairness,3,no_history,fairness,fairness,fairness,False,,risk,fairness,0.9999952984359581,4.083673701542374e-06,6.178903401352352e-07,1,1,1,0,0,0.9999952984359581,fairness,0.3333333333333333,1
no_history-003-fairness,4,no_history,fairness,fairness,fairness,False,,risk,fairness,0.999999466385524,5.330266397321932e-07,5.878363765398103e-10,1,1,1,0,0,0.999999466385524,fairness,0.3333333333333333,1
no_history-003-fairness,5,no_history,fairness,fairness,fairness,False,,risk,fairness,0.9999996284572333,2.9288365905553296e-07,7.865910752423426e-08,1,1,1,0,0,0.9999996284572333,fairness,0.3333333333333333,1
no_history-003-fairness,6,no_history,fairness,fairness,fairness,False,,risk,fairness,0.9999982542692731,3.3167950033694457e-07,1.414051226463265e-06,1,1,1,0,0,0.9999982542692731,fairness,0.3333333333333333,1
no_history-003-fairness,7,no_history,fairness,fairness,fairness,False,,risk,fairness,0.9999995602471616,2.175843158129645e-07,2.2216852242442047e-07,1,1,1,0,0,0.9999995602471616,fairness,0.3333333333333333,1
no_history-003-fairness,8,no_history,fairness,fairness,fairness,False,,risk,fairness,0.9999997266719162,1.2558527197252726e-07,1.477428117366345e-07,1,1,1,0,0,0.9999997266719162,fairness,0.3333333333333333,1
no_history-003-risk,1,no_history,risk,risk,risk,False,,expertise,risk,6.5632680713123775e-06,0.999974232311788,1.920442014063285e-05,1,1,1,0,0,0.999974232311788,fairness,0.3333333333333333,0
no_history-003-risk,2,no_history,risk,risk,risk,False,,expertise,risk,8.430649716302474e-08,0.9999415523019425,5.836339156047837e-05,1,1,1,0,0,0.9999415523019425,fairness,0.3333333333333333,0
no_history-003-risk,3,no_history,risk,risk,risk,False,,expertise,risk,7.518138773058242e-05,0.9999143006085068,1.0518003762713479e-05,1,1,1,0,0,0.9999143006085068,fairness,0.3333333333333333,0
no_history-003-risk,4,no_history,risk,risk,risk,False,,expertise,risk,6.285101438759739e-07,0.999998720158451,6.513314052178051e-07,1,1,1,0,0,0.999998720158451,fairness,0.3333333333333333,0
no_history-003-risk,5,no_history,risk,risk,risk,False,,expertise,risk,0.011502985526538783,0.9884700239201972,2.6990553264043294e-05,1,1,1,0,0,0.9884700239201972,fairness,0.3333333333333333,0
no_history-003-risk,6,no_history,risk,risk,risk,False,,expertise,risk,6.336150752406915e-07,0.9999864688608517,1.2897524073077112e-05,1,1,1,0,0,0.9999864688608517,fairness,0.3333333333333333,0
no_history-003-risk,7,no_history,risk,risk,risk,False,,expertise,risk,3.1195726286948086e-05,0.9999683637076227,4.40566090460026e-07,1,1,1,0,0,0.9999683637076227,fairness,0.3333333333333333,0
no_history-003-risk,8,no_history,risk,risk,risk,False,,expertise,risk,6.525647084420349e-07,0.9999971778134762,2.1696218152243464e-06,1,1,1,0,0,0.9999971778134762,fairness,0.3333333333333333,0
random_target-000-expertise,1,random_target,expertise,expertise,expertise,False,,fairness,expertise,1.2844454565207781e-08,5.958942593020283e-11,0.999999987095956,1,1,1,0,0,0.999999987095956,fairness,0.3333333333333333,0
random_target-000-expertise,2,random_target,expertise,expertise,expertise,False,,risk,expertise,7.242710207622808e-08,1.184029336645433e-08,0.9999999157326045,1,1,1,0,0,0.9999999157326045,risk,0.41966561786679085,0
random_target-000-expertise,3,random_target,expertise,expertise,expertise,False,,risk,expertise,6.3473544793386084e-09,2.5661493941326033e-09,0.9999999910864962,1,1,1,0,0,0.9999999910864962,risk,0.2932080467988617,0
random_target-000-expertise,4,random_target,expertise,expertise,expertise,False,,risk,expertise,1.0199710967045647e-06,2.8053106600723522e-08,0.9999989519757967,1,1,1,0,0,0.9999989519757967,risk,0.203194187692038,0
random_target-000-expertise,5,random_target,expertise,expertise,expertise,False,,expertise,expertise,7.2688067577129e-09,1.1917982779975868e-07,0.9999998735513655,1,1,1,1,1,0.9999998735513655,expertise,0.3763966431254329,1
random_target-000-expertise,6,random_target,expertise,expertise,expertise,False,,fairness,expertise,1.8750159552603e-08,6.808107568896003e-11,0.9999999811817594,1,1,1,0,0,0.9999999811817594,risk,0.18008685190054718,0
random_target-000-expertise,7,random_target,expertise,expertise,expertise,False,,risk,expertise,7.038082040802394e-10,1.1129476798134449e-12,0.9999999992950788,1,1,1,0,0,0.9999999992950788,risk,0.2507744382564903,0
random_target-000-expertise,8,random_target,expertise,expertise,expertise,False,,risk,expertise,8.464487583376012e-08,1.0338451315564584e-06,0.9999988815099925,1,1,1,0,0,0.9999988815099925,risk,0.17905067659408153,0
random_target-000-fairness,1,random_target,fairness,fairness,fairness,False,,risk,fairness,0.9999302037874314,7.614129249719342e-06,6.218208331907782e-05,1,1,1,0,0,0.9999302037874314,fairness,0.3333333333333333,1
random_target-000-fairness,2,random_target,fairness,fairness,fairness,False,,expertise,fairness,0.9999827789465533,1.4696813377893089e-05,2.5242400686063773e-06,1,1,1,0,0,0.9999827789465533,fairness,0.41966561786679085,1
random_target-000-fairness,3,random_target,fairness,fairness,fairness,False,,expertise,fairness,0.9999853049813406,8.525031247987781e-06,6.169987411292953e-06,1,1,1,0,0,0.9999853049813406,expertise,0.2932080467988617,0
random_target-000-fairness,4,random_target,fairness,fairness,fairness,False,,fairness,fairness,0.9999902924453428,6.161996567341739e-06,3.5455580898962298e-06,1,1,1,1,1,0.9999902924453428,fairness,0.46189619249023045,1
random_target-000-fairness,5,random_target,fairness,fairness,fairness,False,,fairness,fairness,0.9999916873123562,1.6757387549422245e-06,6.636948888717576e-06,1,1,1,1,1,0.9999916873123562,fairness,0.5978293116260788,1
random_target-000-fairness,6,random_target,fairness,fairness,fairness,False,,fairness,fairness,0.9999927497262275,5.550563688732262e-06,1.699710083865353e-06,1,1,1,1,1,0.9999927497262275,fairness,0.6946686915649851,1
random_target-000-fairness,7,random_target,fairness,fairness,fairness,False,,fairness,fairness,0.9999995646416994,2.0453269553473775e-08,4.1490503104768396e-07,1,1,1,1,1,0.9999995646416994,fairness,0.7535822096962069,1
random_target-000-fairness,8,random_target,fairness,fairness,fairness,False,,fairness,fairness,0.999998079705809,1.521447392213016e-06,3.9884679875482164e-07,1,1,1,1,1,0.999998079705809,fairness,0.7860455024396599,1
random_target-000-risk,1,random_target,risk,risk,risk,False,,fairness,risk,1.8418275851657837e-07,0.9999998149662306,8.51010781146272e-10,1,1,1,0,0,0.9999998149662306,fairness,0.3333333333333333,0
random_target-000-risk,2,random_target,risk,risk,risk,False,,fairness,risk,9.875401721768612e-08,0.9999998878735198,1.3372462894057117e-08,1,1,1,0,0,0.9999998878735198,fairness,0.2567070016638839,0
random_target-000-risk,3,random_target,risk,risk,risk,False,,risk,risk,5.245689073730307e-07,0.9999994737185637,1.712528901217792e-09,1,1,1,1,1,0.9999994737185637,risk,0.38106605675835653,1
random_target-000-risk,4,random_target,risk,risk,risk,False,,risk,risk,3.587018451594061e-08,0.9999999631736378,9.561776425883184e-10,1,1,1,1,1,0.9999999631736378,risk,0.5304959745396997,1
random_target-000-risk,5,random_target,risk,risk,risk,False,,risk,risk,4.289653104636836e-08,0.9999999569656227,1.378460989158901e-10,1,1,1,1,1,0.9999999569656227,risk,0.6490017456007116,1
random_target-000-risk,6,random_target,risk,risk,risk,False,,expertise,risk,1.3889840395599906e-08,0.9999997847752234,2.0133493619548607e-07,1,1,1,0,0,0.9999997847752234,expertise,0.352866041024295,0
random_target-000-risk,7,random_target,risk,risk,risk,False,,expertise,risk,2.732347582337935e-08,0.9999998970192432,7.565728116273815e-08,1,1,1,0,0,0.9999998970192432,expertise,0.2643238574330946,0
random_target-000-risk,8,random_target,risk,risk,risk,False,,fairness,risk,1.7140743306545183e-08,0.9999999726367338,1.022252300705357e-08,1,1,1,0,0,0.9999999726367338,risk,0.3998892042957313,1
random_target-001-expertise,1,random_target,expertise,expertise,expertise,False,,expertise,expertise,1.2137653165259937e-07,9.820743239583757e-07,0.9999988965491443,1,1,1,1,1,0.9999988965491443,fairness,0.3333333333333333,0
random_target-001-expertise,2,random_target,expertise,expertise,expertise,False,,fairness,expertise,2.1005279311060547e-05,0.00014394906747295335,0.999835045653216,1,1,1,0,0,0.999835045653216,fairness,0.16066876426641838,0
random_target-001-expertise,3,random_target,expertise,expertise,expertise,False,,fairness,expertise,1.745326501562219e-06,1.7242792077353356e-06,0.9999965303942907,1,1,1,0,0,0.9999965303942907,fairness,0.14311207464993175,0
random_target-001-expertise,4,random_target,expertise,expertise,expertise,False,,risk,expertise,1.4836149325979213e-05,6.386407128209145e-05,0.999921299779392,1,1,1,0,0,0.999921299779392,risk,0.2510426360778628,0
random_target-001-expertise,5,random_target,expertise,expertise,expertise,False,,risk,expertise,5.3047677813203e-07,7.649501385968994e-07,0.9999987045730833,1,1,1,0,0,0.9999987045730833,risk,0.19097229028336576,0
random_target-001-expertise,6,random_target,expertise,expertise,expertise,False,,expertise,expertise,1.3811868751752324e-08,2.5453422239774353e-06,0.9999974408459072,1,1,1,1,1,0.9999974408459072,fairness,0.3293212680978831,0
random_target-001-expertise,7,random_target,expertise,expertise,expertise,False,,fairness,expertise,2.297290949173498e-07,6.47665417903778e-06,0.9999932936167261,1,1,1,0,0,0.9999932936167261,fairness,0.1589372110332174,0
random_target-001-expertise,8,random_target,expertise,expertise,expertise,False,,risk,expertise,1.5671999102441518e-07,8.881362937996479e-05,0.999911029650629,1,1,1,0,0,0.999911029650629,risk,0.24661219523416053,0
random_target-001-fairness,1,random_target,fairness,fairness,fairness,False,,expertise,fairness,0.9999991291886325,8.705733999794506e-07,2.37967455683996e-10,1,1,1,0,0,0.9999991291886325,fairness,0.3333333333333333,1
random_target-001-fairness,2,random_target,fairness,fairness,fairness,False,,fairness,fairness,0.999998663273139,1.0075179502100212e-06,3.292089108125133e-07,1,1,1,1,1,0.999998663273139,fairness,0.41966561786679085,1
random_target-001-fairness,3,random_target,fairness,fairness,fairness,False,,fairness,fairness,0.9999859787406489,1.3740595189897727e-05,2.8066416125327993e-07,1,1,1,1,1,0.9999859787406489,fairness,0.5636798785512066,1
random_target-001-fairness,4,random_target,fairness,fairness,fairness,False,,fairness,fairness,0.9999975675049106,2.3415864126739197e-06,9.090867663223337e-08,1,1,1,1,1,0.9999975675049106,fairness,0.6720331781177475,1
random_target-001-fairness,5,random_target,fairness,fairness,fairness,False,,fairness,fairness,0.999357054042556,0.0006424674708904671,4.784865534854332e-07,1,1,1,1,1,0.999357054042556,fairness,0.7404619340356943,1
random_target-001-fairness,6,random_target,fairness,fairness,fairness,False,,risk,fairness,0.9999999515292618,9.445872401002172e-09,3.902486599776377e-08,1,1,1,0,0,0.9999999515292618,fairness,0.44156090368366124,1
random_target-001-fairness,7,random_target,fairness,fairness,fairness,False,,risk,fairness,0.9999982652582666,1.6948607067565373e-06,3.988102653962356e-08,1,1,1,0,0,0.9999982652582666,risk,0.3284346764515378,0
random_target-001-fairness,8,random_target,fairness,fairness,fairness,False,,expertise,fairness,0.9999754054413565,2.3507359400294692e-05,1.0871992432605554e-06,1,1,1,0,0,0.9999754054413565,fairness,0.4648206383984379,1
random_target-001-risk,1,random_target,risk,risk,risk,False,,risk,risk,1.2371519830699029e-05,0.9999487995247678,3.8828955401725014e-05,1,1,1,1,1,0.9999487995247678,fairness,0.3333333333333333,0
random_target-001-risk,2,random_target,risk,risk,risk,False,,risk,risk,5.282303321465752e-05,0.9999455461856134,1.6307811719926543e-06,1,1,1,1,1,0.9999455461856134,risk,0.48658599667223235,1
random_target-001-risk,3,random_target,risk,risk,risk,False,,risk,risk,3.995211331470258e-08,0.999999902615229,5.7432657610325225e-08,1,1,1,1,1,0.999999902615229,risk,0.6168304017472603,1
random_target-001-risk,4,random_target,risk,risk,risk,False,,expertise,risk,4.041302842687577e-06,0.9999959411400501,1.755710710446405e-08,1,1,1,0,0,0.9999959411400501,fairness,0.32642655647225,0
random_target-001-risk,5,random_target,risk,risk,risk,False,,fairness,risk,1.84419238836338e-08,0.9999997311268748,2.5043120136388717e-07,1,1,1,0,0,0.9999997311268748,fairness,0.4131524108639353,0
random_target-001-risk,6,random_target,risk,risk,risk,False,,fairness,risk,0.0031970817439040786,0.9967523571126135,5.056114348244477e-05,1,1,1,0,0,0.9967523571126135,fairness,0.2885268982043127,0
random_target-001-risk,7,random_target,risk,risk,risk,False,,risk,risk,0.00025119047394274105,0.9997488051663548,4.359702606149607e-09,1,1,1,1,1,0.9997488051663548,risk,0.4572854817594004,1
random_target-001-risk,8,random_target,risk,risk,risk,False,,expertise,risk,2.0330072079082127e-05,0.9999796204347313,4.949318969999794e-08,1,1,1,0,0,0.9999796204347313,fairness,0.22122205266475822,0
random_target-002-expertise,1,random_target,expertise,expertise,expertise,False,,fairness,expertise,0.0001833729667517533,2.945733332669821e-05,0.9997871696999215,1,1,1,0,0,0.9997871696999215,fairness,0.3333333333333333,0
random_target-002-expertise,2,random_target,expertise,expertise,expertise,False,,fairness,expertise,3.712361979980119e-06,4.808081970919579e-09,0.999996282829938,1,1,1,0,0,0.999996282829938,fairness,0.2567070016638839,0
random_target-002-expertise,3,random_target,expertise,expertise,expertise,False,,fairness,expertise,0.0009510036536426725,3.948096221283341e-08,0.9990489568653952,1,1,1,0,0,0.9990489568653952,fairness,0.19158479912636983,0
random_target-002-expertise,4,random_target,expertise,expertise,expertise,False,,fairness,expertise,0.002177248732361795,9.8896642854974e-07,0.9978217623012097,1,1,1,0,0,0.9978217623012097,fairness,0.14658911757256776,0
random_target-002-expertise,5,random_target,expertise,expertise,expertise,False,,fairness,expertise,0.0965053506636921,5.694280829299001e-07,0.903494079908225,1,1,1,0,0,0.903494079908225,fairness,0.11976303267853333,0
random_target-002-expertise,6,random_target,expertise,expertise,expertise,False,,risk,expertise,9.905761821030961e-06,4.6223134184482994e-08,0.9999900480150448,1,1,1,0,0,0.9999900480150448,fairness,0.267893964632276,0
random_target-002-expertise,7,random_target,expertise,expertise,expertise,False,,expertise,expertise,0.00022575141242415838,1.0463238004510097e-06,0.9997732022637753,1,1,1,1,1,0.9997732022637753,fairness,0.3303249315294484,0
random_target-002-expertise,8,random_target,expertise,expertise,expertise,False,,expertise,expertise,0.023937715733559052,7.338280086392818e-07,0.9760615504384323,1,1,1,1,1,0.9760615504384323,expertise,0.4837043167010479,1
random_target-002-fairness,1,random_target,fairness,fairness,fairness,False,,expertise,fairness,0.9999783821036554,1.7307400504326348e-06,1.9887156294121625e-05,1,1,1,0,0,0.9999783821036554,fairness,0.3333333333333333,1
random_target-002-fairness,2,random_target,fairness,fairness,fairness,False,,fairness,fairness,0.9999973097165805,1.6985925520122712e-06,9.91690867649639e-07,1,1,1,1,1,0.9999973097165805,fairness,0.41966561786679085,1
random_target-002-fairness,3,random_target,fairness,fairness,fairness,False,,risk,fairness,0.9998029711815937,3.455950485129431e-05,0.00016246931355493646,1,1,1,0,0,0.9998029711815937,risk,0.20126933381386136,0
random_target-002-fairness,4,random_target,fairness,fairness,fairness,False,,expertise,fairness,0.9834247601187647,3.3134284165188573e-06,0.01657192645281866,1,1,1,0,0,0.9834247601187647,expertise,0.33001894225824435,0
random_target-002-fairness,5,random_target,fairness,fairness,fairness,False,,fairness,fairness,0.9999991044465493,2.478175308400439e-07,6.477359199928975e-07,1,1,1,1,1,0.9999991044465493,fairness,0.43550048934284336,1
random_target-002-fairness,6,random_target,fairness,fairness,fairness,False,,fairness,fairness,0.9999899255549665,9.299641636274431e-09,1.0065145391799272e-05,1,1,1,1,1,0.9999899255549665,fairness,0.5767378602261801,1
random_target-002-fairness,7,random_target,fairness,fairness,fairness,False,,fairness,fairness,0.999980781037983,1.4521274720833656e-06,1.776683454491522e-05,1,1,1,1,1,0.999980781037983,fairness,0.6808121799723171,1
random_target-002-fairness,8,random_target,fairness,fairness,fairness,False,,risk,fairness,0.9997495547428218,9.204810976908417e-05,0.00015839714740900908,1,1,1,0,0,0.9997495547428218,fairness,0.3812496417192135,1
random_target-002-risk,1,random_target,risk,risk,risk,False,,fairness,risk,1.1915286864214953e-07,0.9999998690814853,1.1765646014173156e-08,1,1,1,0,0,0.9999998690814853,fairness,0.3333333333333333,0
random_target-002-risk,2,random_target,risk,risk,risk,False,,risk,risk,7.39072556166924e-09,0.9999999824761242,1.0133150454020301e-08,1,1,1,1,1,0.9999999824761242,risk,0.41966561786679085,1
random_target-002-risk,3,random_target,risk,risk,risk,False,,expertise,risk,2.8069218615662633e-06,0.999984263305129,1.2929773009623882e-05,1,1,1,0,0,0.999984263305129,expertise,0.20126933381386136,0
random_target-002-risk,4,random_target,risk,risk,risk,False,,fairness,risk,4.6191945778912786e-05,0.9999071044348302,4.670361939081074e-05,1,1,1,0,0,0.9999071044348302,fairness,0.33001894225824435,0
random_target-002-risk,5,random_target,risk,risk,risk,False,,risk,risk,2.035722729452724e-07,0.99998280870564,1.6987722086942996e-05,1,1,1,1,1,0.99998280870564,risk,0.43550048934284336,1
random_target-002-risk,6,random_target,risk,risk,risk,False,,risk,risk,1.0358279638582505e-07,0.9999995720185739,3.243986296287e-07,1,1,1,1,1,0.9999995720185739,risk,0.5767378602261801,1
random_target-002-risk,7,random_target,risk,risk,risk,False,,expertise,risk,1.914121794236366e-10,0.9999999904491189,9.359468925682054e-09,1,1,1,0,0,0.9999999904491189,expertise,0.29627655970195943,0
random_target-002-risk,8,random_target,risk,risk,risk,False,,fairness,risk,9.525321893532373e-11,0.9999999647020906,3.52026562042866e-08,1,1,1,0,0,0.9999999647020906,risk,0.41061145045313946,1
random_target-003-expertise,1,random_target,expertise,expertise,expertise,False,,risk,expertise,2.7635845423497583e-06,1.4536330220673447e-06,0.9999957827824356,1,1,1,0,0,0.9999957827824356,fairness,0.3333333333333333,0
random_target-003-expertise,2,random_target,expertise,expertise,expertise,False,,expertise,expertise,3.4763626886073785e-05,4.3316422141601346e-07,0.9999648032088926,1,1,1,1,1,0.9999648032088926,fairness,0.41966561786679085,0
random_target-003-expertise,3,random_target,expertise,expertise,expertise,False,,expertise,expertise,0.0001485718030699838,0.0011759843225373175,0.9986754438743928,1,1,1,1,1,0.9986754438743928,expertise,0.5636798785512066,1
random_target-003-expertise,4,random_target,expertise,expertise,expertise,False,,fairness,expertise,2.568721155051797e-06,1.0496987230781443e-06,0.9999963815801219,1,1,1,0,0,0.9999963815801219,fairness,0.28706117143190685,0
random_target-003-expertise,5,random_target,expertise,expertise,expertise,False,,risk,expertise,7.904163234756351e-07,4.938917773971545e-08,0.9999991601944987,1,1,1,0,0,0.9999991601944987,expertise,0.4107447083756891,1
random_target-003-expertise,6,random_target,expertise,expertise,expertise,False,,expertise,expertise,1.9133380147828744e-06,7.260391141079414e-06,0.9999908262708442,1,1,1,1,1,0.9999908262708442,expertise,0.5193057274035568,1
random_target-003-expertise,7,random_target,expertise,expertise,expertise,False,,fairness,expertise,2.665722902507176e-05,4.186551540295924e-06,0.9999691562194346,1,1,1,0,0,0.9999691562194346,fairness,0.2577258733067173,0
random_target-003-expertise,8,random_target,expertise,expertise,expertise,False,,fairness,expertise,2.5857114197638027e-08,1.9619211915602804e-07,0.9999997779507666,1,1,1,0,0,0.9999997779507666,fairness,0.19509485889733233,0
random_target-003-fairness,1,random_target,fairness,fairness,fairness,False,,expertise,fairness,0.9999873072404439,1.2642425966483856e-05,5.033358977767035e-08,1,1,1,0,0,0.9999873072404439,fairness,0.3333333333333333,1
random_target-003-fairness,2,random_target,fairness,fairness,fairness,False,,fairness,fairness,0.9999684261901873,3.15237027413143e-05,5.010707140958151e-08,1,1,1,1,1,0.9999684261901873,fairness,0.41966561786679085,1
random_target-003-fairness,3,random_target,fairness,fairness,fairness,False,,risk,fairness,0.9999996156257808,2.94261310255907e-07,9.011290881784179e-08,1,1,1,0,0,0.9999996156257808,risk,0.20126933381386136,0
random_target-003-fairness,4,random_target,fairness,fairness,fairness,False,,risk,fairness,0.999999990679404,9.194651245804721e-09,1.2594482930006385e-10,1,1,1,0,0,0.999999990679404,risk,0.15576548347106817,0
random_target-003-fairness,5,random_target,fairness,fairness,fairness,False,,risk,fairness,0.9999999391967141,5.8344333845095465e-08,2.4589519553865595e-09,1,1,1,0,0,0.9999999391967141,risk,0.1260487159376994,0
random_target-003-fairness,6,random_target,fairness,fairness,fairness,False,,risk,fairness,0.9999789442860088,2.1052625890570865e-05,3.0881007007006103e-09,1,1,1,0,0,0.9999789442860088,risk,0.1088783287794251,0
random_target-003-fairness,7,random_target,fairness,fairness,fairness,False,,risk,fairness,0.9999997777346251,2.1743651611786308e-07,4.828858757771282e-09,1,1,1,0,0,0.9999997777346251,risk,0.09964114169285804,0
random_target-003-fairness,8,random_target,fairness,fairness,fairness,False,,risk,fairness,0.9999875691152442,1.105635752924666e-05,1.374527226509165e-06,1,1,1,0,0,0.9999875691152442,risk,0.09486162519968841,0
random_target-003-risk,1,random_target,risk,risk,risk,False,,fairness,risk,1.1776863532073223e-09,0.9999998963664168,1.0245589699645221e-07,1,1,1,0,0,0.9999998963664168,fairness,0.3333333333333333,0
random_target-003-risk,2,random_target,risk,risk,risk,False,,risk,risk,2.014533954365435e-08,0.9999999784890474,1.3656129206487857e-09,1,1,1,1,1,0.9999999784890474,risk,0.41966561786679085,1
random_target-003-risk,3,random_target,risk,risk,risk,False,,risk,risk,1.8321961259599598e-10,0.999999996952045,2.8647353422191855e-09,1,1,1,1,1,0.999999996952045,risk,0.5636798785512066,1
random_target-003-risk,4,random_target,risk,risk,risk,False,,risk,risk,4.362073264692483e-11,0.9999999999460738,1.0305584240061187e-11,1,1,1,1,1,0.9999999999460738,risk,0.6720331781177474,1
random_target-003-risk,5,random_target,risk,risk,risk,False,,risk,risk,2.423927150062748e-07,0.9999996338450421,1.237622428730523e-07,1,1,1,1,1,0.9999996338450421,risk,0.7404619340356943,1
random_target-003-risk,6,random_target,risk,risk,risk,False,,risk,risk,2.512429571085911e-09,0.9999999776487485,1.9838821834504135e-08,1,1,1,1,1,0.9999999776487485,risk,0.7790177122264265,1
random_target-003-risk,7,random_target,risk,risk,risk,False,,expertise,risk,4.064695197920522e-06,0.9999933732962691,2.562008533105602e-06,1,1,1,0,0,0.9999933732962691,risk,0.48644970440875035,1
random_target-003-risk,8,random_target,risk,risk,risk,False,,expertise,risk,7.283198452313957e-08,0.9999996627760015,2.6439201402101854e-07,1,1,1,0,0,0.9999996627760015,expertise,0.3670719945498371,0
shuffled_history-000-expertise,1,shuffled_history,expertise,expertise,expertise,False,,expertise,expertise,5.044486355664671e-08,1.1338145924534689e-07,0.9999998361736773,1,1,1,1,1,0.9999998361736773,fairness,0.3333333333333333,0
shuffled_history-000-expertise,2,shuffled_history,expertise,expertise,expertise,False,,risk,expertise,2.3344633667442983e-07,1.4371377033835874e-08,0.9999997521822862,1,1,1,0,0,0.9999997521822862,risk,0.2567070016638839,0
shuffled_history-000-expertise,3,shuffled_history,expertise,expertise,expertise,False,,risk,expertise,1.5958921582698865e-06,2.5185912344929066e-07,0.9999981522487182,1,1,1,0,0,0.9999981522487182,risk,0.19158479912636983,0
shuffled_history-000-expertise,4,shuffled_history,expertise,expertise,expertise,False,,expertise,expertise,2.2043709602230246e-05,1.4138683272872392e-06,0.9999765424220705,1,1,1,1,1,0.9999765424220705,fairness,0.33678672176387503,0
shuffled_history-000-expertise,5,shuffled_history,expertise,expertise,expertise,False,,fairness,expertise,8.234244162297401e-08,1.5260022838933144e-08,0.9999999023975357,1,1,1,0,0,0.9999999023975357,fairness,0.1621694033987166,0
shuffled_history-000-expertise,6,shuffled_history,expertise,expertise,expertise,False,,fairness,expertise,1.074667517399341e-09,7.181926700147473e-10,0.9999999982071399,1,1,1,0,0,0.9999999982071399,fairness,0.14362589630168945,0
shuffled_history-000-expertise,7,shuffled_history,expertise,expertise,expertise,False,,fairness,expertise,2.7085345849560883e-05,3.95333613894361e-07,0.9999725193205365,1,1,1,0,0,0.9999725193205365,fairness,0.12482793018557856,0
shuffled_history-000-expertise,8,shuffled_history,expertise,expertise,expertise,False,,fairness,expertise,2.2607696534163777e-09,6.274935878684927e-09,0.9999999914642944,1,1,1,0,0,0.9999999914642944,fairness,0.1106132786945266,0
shuffled_history-000-fairness,1,shuffled_history,fairness,fairness,fairness,False,,fairness,fairness,0.999921301098069,2.4142487090366936e-05,5.4556414840815566e-05,1,1,1,1,1,0.999921301098069,fairness,0.3333333333333333,1
shuffled_history-000-fairness,2,shuffled_history,fairness,fairness,fairness,False,,expertise,fairness,0.9999672957755126,2.2580098994678936e-06,3.0446214587897205e-05,1,1,1,0,0,0.9999672957755126,expertise,0.2567070016638839,0
shuffled_history-000-fairness,3,shuffled_history,fairness,fairness,fairness,False,,expertise,fairness,0.9999965282816706,3.909924905686495e-07,3.080725838773817e-06,1,1,1,0,0,0.9999965282816706,expertise,0.19158479912636983,0
shuffled_history-000-fairness,4,shuffled_history,fairness,fairness,fairness,False,,fairness,fairness,0.9998750743685718,0.00011171011790888076,1.3215513519191221e-05,1,1,1,1,1,0.9998750743685718,fairness,0.336786721763875,1
shuffled_history-000-fairness,5,shuffled_history,fairness,fairness,fairness,False,,fairness,fairness,0.9999369527640951,6.190144016985682e-05,1.145795735243285e-06,1,1,1,1,1,0.9999369527640951,fairness,0.48987662528850473,1
shuffled_history-000-fairness,6,shuffled_history,fairness,fairness,fairness,False,,risk,fairness,0.9999625966886805,3.6461035864444636e-05,9.422754549861816e-07,1,1,1,0,0,0.9999625966886805,risk,0.23980231044745903,0
shuffled_history-000-fairness,7,shuffled_history,fairness,fairness,fairness,False,,risk,fairness,0.9940045337321253,0.0057715060449535375,0.00022396022292113925,1,1,1,0,0,0.9940045337321253,risk,0.19280761373982913,0
shuffled_history-000-fairness,8,shuffled_history,fairness,fairness,fairness,False,,risk,fairness,0.9997311892003411,0.00020306764662285842,6.57431530360168e-05,1,1,1,0,0,0.9997311892003411,risk,0.15287348140117218,0
shuffled_history-000-risk,1,shuffled_history,risk,risk,risk,False,,expertise,risk,7.183458328086981e-07,0.9998506399897034,0.00014864166446380521,1,1,1,0,0,0.9998506399897034,fairness,0.3333333333333333,0
shuffled_history-000-risk,2,shuffled_history,risk,risk,risk,False,,risk,risk,1.0396114759762484e-06,0.9999682116189318,3.07487695920867e-05,1,1,1,1,1,0.9999682116189318,risk,0.41966561786679085,1
shuffled_history-000-risk,3,shuffled_history,risk,risk,risk,False,,risk,risk,1.4456716943519007e-10,0.9999997815369177,2.1831851514591495e-07,1,1,1,1,1,0.9999997815369177,risk,0.5636798785512066,1
shuffled_history-000-risk,4,shuffled_history,risk,risk,risk,False,,risk,risk,5.158335939888594e-07,0.999997088766727,2.3953996789663247e-06,1,1,1,1,1,0.999997088766727,risk,0.6720331781177474,1
shuffled_history-000-risk,5,shuffled_history,risk,risk,risk,False,,expertise,risk,9.38165602511733e-09,0.9999998804667701,1.1015157389820935e-07,1,1,1,0,0,0.9999998804667701,expertise,0.3731775011147202,0
shuffled_history-000-risk,6,shuffled_history,risk,risk,risk,False,,expertise,risk,6.194925647131747e-07,0.9999838251285311,1.5555378904359002e-05,1,1,1,0,0,0.9999838251285311,expertise,0.27360277566158353,0
shuffled_history-000-risk,7,shuffled_history,risk,risk,risk,False,,fairness,risk,2.6801179372602965e-08,0.9999989584407764,1.0147580443453202e-06,1,1,1,0,0,0.9999989584407764,risk,0.4184276803773336,1
shuffled_history-000-risk,8,shuffled_history,risk,risk,risk,False,,risk,risk,2.7329973758223477e-07,0.9999996978844814,2.8815781155178694e-08,1,1,1,1,1,0.9999996978844814,risk,0.5081930493880579,1
shuffled_history-001-expertise,1,shuffled_history,expertise,expertise,expertise,False,,fairness,expertise,1.3187564883281133e-05,2.690015301357637e-06,0.9999841224198153,1,1,1,0,0,0.9999841224198153,fairness,0.3333333333333333,0
shuffled_history-001-expertise,2,shuffled_history,expertise,expertise,expertise,False,,fairness,expertise,6.593070859076522e-06,4.536826606424704e-08,0.9999933615608749,1,1,1,0,0,0.9999933615608749,fairness,0.16066876426641838,0
shuffled_history-001-expertise,3,shuffled_history,expertise,expertise,expertise,False,,fairness,expertise,1.3372380529606797e-08,1.2856967652586225e-05,0.9999871296599668,1,1,1,0,0,0.9999871296599668,fairness,0.14311207464993175,0
shuffled_history-001-expertise,4,shuffled_history,expertise,expertise,expertise,False,,risk,expertise,5.068155409001064e-08,6.391345707001183e-09,0.9999999429271001,1,1,1,0,0,0.9999999429271001,risk,0.2510426360778628,0
shuffled_history-001-expertise,5,shuffled_history,expertise,expertise,expertise,False,,expertise,expertise,0.0003010227954867979,0.009227136307814828,0.9904718408966985,1,1,1,1,1,0.9904718408966985,fairness,0.3654808506146397,0
shuffled_history-001-expertise,6,shuffled_history,expertise,expertise,expertise,False,,fairness,expertise,1.753542646332913e-07,1.527057217860806e-06,0.9999982975885174,1,1,1,0,0,0.9999982975885174,fairness,0.1750156852138581,0
shuffled_history-001-expertise,7,shuffled_history,expertise,expertise,expertise,False,,fairness,expertise,7.373334027535168e-11,1.0363623924908623e-09,0.9999999988899042,1,1,1,0,0,0.9999999988899042,fairness,0.14430201145582025,0
shuffled_history-001-expertise,8,shuffled_history,expertise,expertise,expertise,False,,fairness,expertise,4.848535801494926e-07,7.177344296246399e-07,0.9999987974119902,1,1,1,0,0,0.9999987974119902,fairness,0.12160981261199694,0
shuffled_history-001-fairness,1,shuffled_history,fairness,fairness,fairness,False,,risk,fairness,0.9999997705790533,1.1781349788082448e-07,1.1160744875451408e-07,1,1,1,0,0,0.9999997705790533,fairness,0.3333333333333333,1
shuffled_history-001-fairness,2,shuffled_history,fairness,fairness,fairness,False,,risk,fairness,0.9999996887322596,3.105699411560636e-07,6.977991213815688e-10,1,1,1,0,0,0.9999996887322596,risk,0.2567070016638839,0
shuffled_history-001-fairness,3,shuffled_history,fairness,fairness,fairness,False,,risk,fairness,0.9999729819235234,2.652546173741044e-05,4.926147390786313e-07,1,1,1,0,0,0.9999729819235234,risk,0.19158479912636983,0
shuffled_history-001-fairness,4,shuffled_history,fairness,fairness,fairness,False,,risk,fairness,0.9999986600795646,1.339717982545027e-06,2.0245290621695954e-10,1,1,1,0,0,0.9999986600795646,risk,0.14658911757256776,0
shuffled_history-001-fairness,5,shuffled_history,fairness,fairness,fairness,False,,risk,fairness,0.9999995911986884,4.075789173708246e-07,1.2223942232373098e-09,1,1,1,0,0,0.9999995911986884,risk,0.11976303267853333,0
shuffled_history-001-fairness,6,shuffled_history,fairness,fairness,fairness,False,,expertise,fairness,0.9993448144004771,0.0006551413942926734,4.420523031991496e-08,1,1,1,0,0,0.9993448144004771,risk,0.267893964632276,0
shuffled_history-001-fairness,7,shuffled_history,fairness,fairness,fairness,False,,expertise,fairness,0.9999999760379586,2.3871350223740955e-08,9.069104332543316e-11,1,1,1,0,0,0.9999999760379586,expertise,0.22544146221681866,0
shuffled_history-001-fairness,8,shuffled_history,fairness,fairness,fairness,False,,fairness,fairness,0.9999687602116494,3.0913437083741434e-05,3.263512669073218e-07,1,1,1,1,1,0.9999687602116494,risk,0.3216731065579393,0
shuffled_history-001-risk,1,shuffled_history,risk,risk,risk,False,,fairness,risk,7.442363297151407e-08,0.9999991540078952,7.715684718392227e-07,1,1,1,0,0,0.9999991540078952,fairness,0.3333333333333333,0
shuffled_history-001-risk,2,shuffled_history,risk,risk,risk,False,,expertise,risk,1.0818197242602034e-06,0.9998942327158145,0.00010468546446119001,1,1,1,0,0,0.9998942327158145,expertise,0.2567070016638839,0
shuffled_history-001-risk,3,shuffled_history,risk,risk,risk,False,,expertise,risk,7.396835058726449e-10,0.9999986573742209,1.3418860956969843e-06,1,1,1,0,0,0.9999986573742209,expertise,0.19158479912636983,0
shuffled_history-001-risk,4,shuffled_history,risk,risk,risk,False,,expertise,risk,2.3046416387794557e-05,0.9999759089752273,1.0446083850211398e-06,1,1,1,0,0,0.9999759089752273,expertise,0.14658911757256773,0
shuffled_history-001-risk,5,shuffled_history,risk,risk,risk,False,,expertise,risk,3.953355977908367e-06,0.9999955220719607,5.245720612535281e-07,1,1,1,0,0,0.9999955220719607,expertise,0.11976303267853332,0
shuffled_history-001-risk,6,shuffled_history,risk,risk,risk,False,,expertise,risk,6.8548050648704284e-09,0.9999999854222195,7.722975547499839e-09,1,1,1,0,0,0.9999999854222195,expertise,0.10515375071078312,0
shuffled_history-001-risk,7,shuffled_history,risk,risk,risk,False,,expertise,risk,1.29599137470522e-06,0.9999940594238028,4.644584822479629e-06,1,1,1,0,0,0.9999940594238028,expertise,0.09758803781213973,0
shuffled_history-001-risk,8,shuffled_history,risk,risk,risk,False,,expertise,risk,1.4084124817284884e-06,0.9995199744370593,0.00047861715045887266,1,1,1,0,0,0.9995199744370593,expertise,0.09377195384516503,0
shuffled_history-002-expertise,1,shuffled_history,expertise,expertise,expertise,False,,fairness,expertise,1.6519909892295653e-09,9.58780095615787e-10,0.9999999973892288,1,1,1,0,0,0.9999999973892288,fairness,0.3333333333333333,0
shuffled_history-002-expertise,2,shuffled_history,expertise,expertise,expertise,False,,risk,expertise,1.636155575879018e-08,8.859114082327854e-09,0.9999999747793302,1,1,1,0,0,0.9999999747793302,risk,0.2567070016638839,0
shuffled_history-002-expertise,3,shuffled_history,expertise,expertise,expertise,False,,risk,expertise,2.7051678454523593e-08,4.653199082693395e-08,0.9999999264163307,1,1,1,0,0,0.9999999264163307,risk,0.19158479912636983,0
shuffled_history-002-expertise,4,shuffled_history,expertise,expertise,expertise,False,,risk,expertise,1.0096879705673828e-11,2.6894002682401464e-09,0.9999999973005029,1,1,1,0,0,0.9999999973005029,risk,0.14658911757256776,0
shuffled_history-002-expertise,5,shuffled_history,expertise,expertise,expertise,False,,expertise,expertise,4.1784894847517845e-10,3.167198186929693e-09,0.9999999964149529,1,1,1,1,1,0.9999999964149529,risk,0.2968401136576039,0
shuffled_history-002-expertise,6,shuffled_history,expertise,expertise,expertise,False,,expertise,expertise,1.8371342121567852e-08,1.106055389646898e-06,0.9999988755732683,1,1,1,1,1,0.9999988755732683,expertise,0.4506513241735445,1
shuffled_history-002-expertise,7,shuffled_history,expertise,expertise,expertise,False,,expertise,expertise,4.3950803448631875e-09,1.2092719623633817e-06,0.9999987863329574,1,1,1,1,1,0.9999987863329574,expertise,0.5889449651960914,1
shuffled_history-002-expertise,8,shuffled_history,expertise,expertise,expertise,False,,fairness,expertise,1.498315700973577e-08,4.932267792214098e-10,0.9999999845236163,1,1,1,0,0,0.9999999845236163,risk,0.30515108378752476,0
shuffled_history-002-fairness,1,shuffled_history,fairness,fairness,fairness,False,,expertise,fairness,0.9999863833787556,1.0706405882780577e-05,2.9102153616816504e-06,1,1,1,0,0,0.9999863833787556,fairness,0.3333333333333333,1
shuffled_history-002-fairness,2,shuffled_history,fairness,fairness,fairness,False,,expertise,fairness,0.9999977881933431,2.0083981287926785e-06,2.0340852809984155e-07,1,1,1,0,0,0.9999977881933431,expertise,0.2567070016638839,0
shuffled_history-002-fairness,3,shuffled_history,fairness,fairness,fairness,False,,fairness,fairness,0.9967794477225976,0.003219562090757617,9.901866448596098e-07,1,1,1,1,1,0.9967794477225976,fairness,0.38106605675835653,1
shuffled_history-002-fairness,4,shuffled_history,fairness,fairness,fairness,False,,risk,fairness,0.9980294159476774,0.0009996378917150161,0.0009709461606076293,1,1,1,0,0,0.9980294159476774,risk,0.18228844331157296,0
shuffled_history-002-fairness,5,shuffled_history,fairness,fairness,fairness,False,,risk,fairness,0.9996352290320732,0.0003640885031768542,6.824647498946054e-07,1,1,1,0,0,0.9996352290320732,risk,0.15015707123367775,0
shuffled_history-002-fairness,6,shuffled_history,fairness,fairness,fairness,False,,expertise,fairness,0.9999701088251274,1.3118227976703849e-05,1.6772946895720546e-05,1,1,1,0,0,0.9999701088251274,expertise,0.27588419080213084,0
shuffled_history-002-fairness,7,shuffled_history,fairness,fairness,fairness,False,,fairness,fairness,0.999914942601653,8.220629157873013e-05,2.85110676826574e-06,1,1,1,1,1,0.999914942601653,risk,0.3740829943271017,0
shuffled_history-002-fairness,8,shuffled_history,fairness,fairness,fairness,False,,risk,fairness,0.9999997214204633,2.463732995826957e-07,3.220623716273753e-08,1,1,1,0,0,0.9999997214204633,risk,0.17900321758923377,0
shuffled_history-002-risk,1,shuffled_history,risk,risk,risk,False,,risk,risk,9.881075379519127e-09,0.9999998961924684,9.39264562844021e-08,1,1,1,1,1,0.9999998961924684,fairness,0.3333333333333333,0
shuffled_history-002-risk,2,shuffled_history,risk,risk,risk,False,,risk,risk,1.3333722426149309e-09,0.9999999072872897,9.137933803952247e-08,1,1,1,1,1,0.9999999072872897,risk,0.48658599667223235,1
shuffled_history-002-risk,3,shuffled_history,risk,risk,risk,False,,expertise,risk,9.898507689829768e-07,0.9999989352535285,7.489570252979095e-08,1,1,1,0,0,0.9999989352535285,fairness,0.23786788648328705,0
shuffled_history-002-risk,4,shuffled_history,risk,risk,risk,False,,expertise,risk,4.24380326237322e-06,0.9999844165581825,1.1339638554967916e-05,1,1,1,0,0,0.9999844165581825,expertise,0.1920073055340466,0
shuffled_history-002-risk,5,shuffled_history,risk,risk,risk,False,,expertise,risk,0.0005455399247890107,0.9994492123582203,5.247716990535724e-06,1,1,1,0,0,0.9994492123582203,expertise,0.15264767905601617,0
shuffled_history-002-risk,6,shuffled_history,risk,risk,risk,False,,expertise,risk,1.0549942240368676e-06,0.9959182014418513,0.004080743563924521,1,1,1,0,0,0.9959182014418513,expertise,0.1253594480040972,0
shuffled_history-002-risk,7,shuffled_history,risk,risk,risk,False,,fairness,risk,2.3883116668683066e-07,0.9999994356958657,3.2547296763784745e-07,1,1,1,0,0,0.9999994356958657,expertise,0.2670867184415913,0
shuffled_history-002-risk,8,shuffled_history,risk,risk,risk,False,,risk,risk,2.8692720407964088e-06,0.9999960759103743,1.054817584979029e-06,1,1,1,1,1,0.9999960759103743,expertise,0.3390189979141861,0
shuffled_history-003-expertise,1,shuffled_history,expertise,expertise,expertise,False,,risk,expertise,1.0445168677408231e-10,1.5391933093801572e-08,0.9999999845036152,1,1,1,0,0,0.9999999845036152,fairness,0.3333333333333333,0
shuffled_history-003-expertise,2,shuffled_history,expertise,expertise,expertise,False,,fairness,expertise,4.3838753998611e-09,7.293907548372942e-07,0.9999992662253698,1,1,1,0,0,0.9999992662253698,fairness,0.16066876426641838,0
shuffled_history-003-expertise,3,shuffled_history,expertise,expertise,expertise,False,,fairness,expertise,9.498071157422307e-09,7.907157162090212e-07,0.9999991997862128,1,1,1,0,0,0.9999991997862128,fairness,0.14311207464993175,0
shuffled_history-003-expertise,4,shuffled_history,expertise,expertise,expertise,False,,fairness,expertise,1.0036834690123308e-09,2.890746760624976e-08,0.9999999700888489,1,1,1,0,0,0.9999999700888489,fairness,0.12477263419021459,0
shuffled_history-003-expertise,5,shuffled_history,expertise,expertise,expertise,False,,risk,expertise,1.2538676646634103e-09,3.927086941282034e-09,0.9999999948190454,1,1,1,0,0,0.9999999948190454,risk,0.2504258557598469,0
shuffled_history-003-expertise,6,shuffled_history,expertise,expertise,expertise,False,,expertise,expertise,3.8229023812413647e-07,7.32167675857672e-07,0.9999988855420859,1,1,1,1,1,0.9999988855420859,fairness,0.33910182121074395,0
shuffled_history-003-expertise,7,shuffled_history,expertise,expertise,expertise,False,,fairness,expertise,3.946953041914452e-10,3.17262048138235e-08,0.9999999678791,1,1,1,0,0,0.9999999678791,fairness,0.16318074200981003,0
shuffled_history-003-expertise,8,shuffled_history,expertise,expertise,expertise,False,,fairness,expertise,5.673365774763948e-08,4.824306789064773e-07,0.9999994608356633,1,1,1,0,0,0.9999994608356633,fairness,0.13397420929302084,0
shuffled_history-003-fairness,1,shuffled_history,fairness,fairness,fairness,False,,expertise,fairness,0.9999999977049279,2.2329232994119544e-09,6.214866121440286e-11,1,1,1,0,0,0.9999999977049279,fairness,0.3333333333333333,1
shuffled_history-003-fairness,2,shuffled_history,fairness,fairness,fairness,False,,fairness,fairness,0.9999907845204321,4.584695625520368e-06,4.630783942440761e-06,1,1,1,1,1,0.9999907845204321,fairness,0.41966561786679085,1
shuffled_history-003-fairness,3,shuffled_history,fairness,fairness,fairness,False,,fairness,fairness,0.9999796178868212,1.826991620835009e-05,2.1121969704354724e-06,1,1,1,1,1,0.9999796178868212,fairness,0.5636798785512066,1
shuffled_history-003-fairness,4,shuffled_history,fairness,fairness,fairness,False,,risk,fairness,0.9999960569952668,3.918985590765897e-06,2.4019142315365703e-08,1,1,1,0,0,0.9999960569952668,risk,0.28706117143190685,0
shuffled_history-003-fairness,5,shuffled_history,fairness,fairness,fairness,False,,risk,fairness,0.999988566322307,9.24057900525262e-06,2.193098687605314e-06,1,1,1,0,0,0.999988566322307,risk,0.21119839809055554,0
shuffled_history-003-fairness,6,shuffled_history,fairness,fairness,fairness,False,,expertise,fairness,0.9999992221761141,7.524040465464782e-07,2.5419839297617533e-08,1,1,1,0,0,0.9999992221761141,fairness,0.3589045237262565,1
shuffled_history-003-fairness,7,shuffled_history,fairness,fairness,fairness,False,,expertise,fairness,0.9999999777022206,6.740703910301127e-09,1.5557075458714993e-08,1,1,1,0,0,0.9999999777022206,expertise,0.2732910775551192,0
shuffled_history-003-fairness,8,shuffled_history,fairness,fairness,fairness,False,,fairness,fairness,0.999964791824735,2.0310405121843852e-06,3.3177134752903664e-05,1,1,1,1,1,0.999964791824735,fairness,0.4010187804503341,1
shuffled_history-003-risk,1,shuffled_history,risk,risk,risk,False,,fairness,risk,8.680903218770585e-07,0.9999885387659817,1.0593143696319133e-05,1,1,1,0,0,0.9999885387659817,fairness,0.3333333333333333,0
shuffled_history-003-risk,2,shuffled_history,risk,risk,risk,False,,risk,risk,0.00011595185348643409,0.9954857123037588,0.004398335842754724,1,1,1,1,1,0.9954857123037588,risk,0.41966561786679085,1
shuffled_history-003-risk,3,shuffled_history,risk,risk,risk,False,,risk,risk,3.2197141134579274e-05,0.9995340944849,0.00043370837396548357,1,1,1,1,1,0.9995340944849,risk,0.5636798785512066,1
shuffled_history-003-risk,4,shuffled_history,risk,risk,risk,False,,expertise,risk,0.0005541782720072279,0.9993035052371712,0.0001423164908215496,1,1,1,0,0,0.9993035052371712,expertise,0.28706117143190685,0
shuffled_history-003-risk,5,shuffled_history,risk,risk,risk,False,,fairness,risk,6.0623388284927836e-05,0.9999367770240494,2.599587665524632e-06,1,1,1,0,0,0.9999367770240494,risk,0.41074470837568916,1
shuffled_history-003-risk,6,shuffled_history,risk,risk,risk,False,,fairness,risk,0.00010811837504630717,0.9998878628486574,4.018776296362258e-06,1,1,1,0,0,0.9998878628486574,fairness,0.2982367877049469,0
shuffled_history-003-risk,7,shuffled_history,risk,risk,risk,False,,risk,risk,0.00013508373369507145,0.9998323614272872,3.2554839017947844e-05,1,1,1,1,1,0.9998323614272872,risk,0.4472683086735959,1
shuffled_history-003-risk,8,shuffled_history,risk,risk,risk,False,,risk,risk,0.00018866354386208107,0.9997114897910596,9.984666507842516e-05,1,1,1,1,1,0.9997114897910596,risk,0.5862430744471366,1
swap-000-expertise-to-fairness,1,swap,expertise,expertise,fairness,True,-4.0,expertise,expertise,4.0177516288453684e-08,1.0404541020816689e-07,0.9999998557770734,1,1,0,0,1,4.0177516288453684e-08,fairness,0.3333333333333333,1
swap-000-expertise-to-fairness,2,swap,expertise,expertise,fairness,True,-3.0,fairness,expertise,5.445432764126409e-08,4.0159783669064745e-08,0.9999999053858887,1,1,0,1,0,5.445432764126409e-08,fairness,0.41966561786679085,1
swap-000-expertise-to-fairness,3,swap,expertise,expertise,fairness,True,-2.0,risk,expertise,9.627776831703144e-05,1.2223048465051242e-05,0.999891499183218,1,1,0,0,0,9.627776831703144e-05,risk,0.20126933381386136,0
swap-000-expertise-to-fairness,4,swap,expertise,expertise,fairness,True,-1.0,risk,expertise,1.2438733382223416e-08,3.606906968476448e-05,0.999963918491582,1,1,0,0,0,1.2438733382223416e-08,risk,0.15576548347106817,0
swap-000-expertise-to-fairness,5,swap,expertise,expertise,fairness,True,0.0,risk,expertise,9.070873108791774e-07,8.679098321024182e-05,0.9999123019294788,1,1,0,0,0,9.070873108791774e-07,risk,0.1260487159376994,0
swap-000-expertise-to-fairness,6,swap,fairness,expertise,fairness,True,1.0,expertise,fairness,0.9999699468746639,2.98808541571616e-05,1.7227117885214906e-07,1,0,1,0,1,0.9999699468746639,risk,0.2715576264284869,0
swap-000-expertise-to-fairness,7,swap,fairness,expertise,fairness,True,2.0,fairness,fairness,0.999815555460604,0.00018444290400526035,1.6353907776617524e-09,1,0,1,1,0,0.999815555460604,risk,0.33982921526672577,0
swap-000-expertise-to-fairness,8,swap,fairness,expertise,fairness,True,3.0,fairness,fairness,0.9999508801223321,4.8500290436487834e-05,6.195872313812977e-07,1,0,1,1,0,0.9999508801223321,fairness,0.49276052547419796,1
swap-000-expertise-to-fairness,9,swap,fairness,expertise,fairness,True,4.0,fairness,fairness,0.9998997514741327,9.756831674842199e-05,2.68020911887948e-06,1,0,1,1,0,0.9998997514741327,fairness,0.6214769086536513,1
swap-000-expertise-to-fairness,10,swap,fairness,expertise,fairness,True,5.0,fairness,fairness,0.9982919413901943,0.001707709781587635,3.488282181191374e-07,1,0,1,1,0,0.9982919413901943,fairness,0.7097474496522239,1
swap-000-expertise-to-risk,1,swap,expertise,expertise,risk,True,-4.0,risk,expertise,9.396771483494418e-08,1.9761046060159655e-10,0.9999999058346747,1,1,0,1,0,1.9761046060159655e-10,fairness,0.3333333333333333,0
swap-000-expertise-to-risk,2,swap,expertise,expertise,risk,True,-3.0,expertise,expertise,1.008098376747068e-07,1.6374701964084743e-07,0.9999997354431427,1,1,0,0,1,1.6374701964084743e-07,fairness,0.16066876426641838,0
swap-000-expertise-to-risk,3,swap,expertise,expertise,risk,True,-2.0,expertise,expertise,4.904258801517804e-07,1.586269166674656e-07,0.9999993509472032,1,1,0,0,1,1.586269166674656e-07,expertise,0.14311207464993175,0
swap-000-expertise-to-risk,4,swap,expertise,expertise,risk,True,-1.0,expertise,expertise,2.953111622082552e-07,4.037071981836875e-08,0.999999664318118,1,1,0,0,1,4.037071981836875e-08,expertise,0.12477263419021457,0
swap-000-expertise-to-risk,5,swap,expertise,expertise,risk,True,0.0,expertise,expertise,3.493926146676961e-07,4.211194148022858e-09,0.9999996463961911,1,1,0,0,1,4.211194148022858e-09,expertise,0.11069511735893012,0
swap-000-expertise-to-risk,6,swap,risk,expertise,risk,True,1.0,expertise,risk,0.003973891607621762,0.9958441688268488,0.00018193956552946128,1,0,1,0,1,0.9958441688268488,expertise,0.10159993966083343,0
swap-000-expertise-to-risk,7,swap,risk,expertise,risk,True,2.0,fairness,risk,1.1278039171878303e-06,0.9999788184731809,2.005372290182311e-05,1,0,1,0,0,0.9999788184731809,expertise,0.2401359855675067,0
swap-000-expertise-to-risk,8,swap,risk,expertise,risk,True,3.0,fairness,risk,0.0001363709311422087,0.9998379759456836,2.5653123174222104e-05,1,0,1,0,0,0.9998379759456836,fairness,0.2065226481114306,0
swap-000-expertise-to-risk,9,swap,risk,expertise,risk,True,4.0,fairness,risk,7.792255301831395e-05,0.9981673582937658,0.0017547191532157336,1,0,1,0,0,0.9981673582937658,fairness,0.1690771768538084,0
swap-000-expertise-to-risk,10,swap,risk,expertise,risk,True,5.0,risk,risk,4.144049224833808e-08,0.9999999282037766,3.035573100146255e-08,1,0,1,1,0,0.9999999282037766,expertise,0.2890672687121691,0
swap-000-fairness-to-expertise,1,swap,fairness,fairness,expertise,True,-4.0,risk,fairness,0.9999989947792582,8.981140890651488e-08,9.154093330342629e-07,1,1,0,0,0,9.154093330342629e-07,fairness,0.3333333333333333,0
swap-000-fairness-to-expertise,2,swap,fairness,fairness,expertise,True,-3.0,expertise,fairness,0.9999951092105497,1.2472352042364769e-06,3.6435542462246132e-06,1,1,0,1,0,3.6435542462246132e-06,fairness,0.41966561786679085,0
swap-000-fairness-to-expertise,3,swap,fairness,fairness,expertise,True,-2.0,fairness,fairness,0.9999997257227151,3.209693660816358e-08,2.4218034848409374e-07,1,1,0,0,1,2.4218034848409374e-07,fairness,0.20126933381386136,0
swap-000-fairness-to-expertise,4,swap,fairness,fairness,expertise,True,-1.0,risk,fairness,0.9999993028302003,1.1204156102491e-07,5.851282386151872e-07,1,1,0,0,0,5.851282386151872e-07,risk,0.33001894225824435,0
swap-000-fairness-to-expertise,5,swap,fairness,fairness,expertise,True,0.0,expertise,fairness,0.9999943102988796,1.3952993568139885e-06,4.294401763553022e-06,1,1,0,1,0,4.294401763553022e-06,expertise,0.43550048934284336,1
swap-000-fairness-to-expertise,6,swap,expertise,fairness,expertise,True,1.0,expertise,expertise,1.0544173387765412e-07,1.6999006144019845e-08,0.9999998775592599,1,0,1,1,0,0.9999998775592599,expertise,0.5767378602261801,1
swap-000-fairness-to-expertise,7,swap,expertise,fairness,expertise,True,2.0,expertise,expertise,1.2127879881374827e-06,5.904091768646625e-07,0.999998196802835,1,0,1,1,0,0.999998196802835,expertise,0.6808121799723171,1
swap-000-fairness-to-expertise,8,swap,expertise,fairness,expertise,True,3.0,expertise,expertise,0.0012100929243262178,3.032415029144318e-06,0.9987868746606445,1,0,1,1,0,0.9987868746606445,expertise,0.7455951537955114,1
swap-000-fairness-to-expertise,9,swap,expertise,fairness,expertise,True,4.0,expertise,expertise,1.0614566576876575e-08,6.647518088348093e-09,0.9999999827379155,1,0,1,1,0,0.9999999827379155,expertise,0.7817806397917985,1
swap-000-fairness-to-expertise,10,swap,expertise,fairness,expertise,True,5.0,expertise,expertise,3.667891749843766e-07,0.0004385638947173737,0.9995610693161077,1,0,1,1,0,0.9995610693161077,expertise,0.8007785420586042,1
swap-000-fairness-to-risk,1,swap,fairness,fairness,risk,True,-4.0,risk,fairness,0.9999994845196104,4.7306050407078157e-07,4.241988544772088e-08,1,1,0,1,0,4.7306050407078157e-07,fairness,0.3333333333333333,0
swap-000-fairness-to-risk,2,swap,fairness,fairness,risk,True,-3.0,expertise,fairness,0.9999999682149433,3.140532086492357e-08,3.7973587061126536e-10,1,1,0,0,0,3.140532086492357e-08,fairness,0.16066876426641838,0
swap-000-fairness-to-risk,3,swap,fairness,fairness,risk,True,-2.0,fairness,fairness,0.999998252618123,1.3844392319437634e-06,3.6294264492352966e-07,1,1,0,0,1,1.3844392319437634e-06,fairness,0.24344742642769907,0
swap-000-fairness-to-risk,4,swap,fairness,fairness,risk,True,-1.0,risk,fairness,0.9999999791333587,1.606830497622284e-08,4.798336245408669e-09,1,1,0,1,0,1.606830497622284e-08,risk,0.388699838430534,1
swap-000-fairness-to-risk,5,swap,fairness,fairness,risk,True,0.0,expertise,fairness,0.9999987610189757,1.2151374059805356e-06,2.384361835051023e-08,1,1,0,0,0,1.2151374059805356e-06,expertise,0.18593034748901213,0
swap-000-fairness-to-risk,6,swap,risk,fairness,risk,True,1.0,expertise,risk,1.0085871480623774e-05,0.9999899038946855,1.0233833970913576e-08,1,0,1,0,0,0.9999899038946855,expertise,0.15647350589944387,0
swap-000-fairness-to-risk,7,swap,risk,fairness,risk,True,2.0,expertise,risk,1.059244695405438e-06,0.999998935251624,5.50368064129157e-09,1,0,1,0,0,0.999998935251624,expertise,0.13103036730031026,0
swap-000-fairness-to-risk,8,swap,risk,fairness,risk,True,3.0,expertise,risk,2.457164291259173e-06,0.9999975246027931,1.823291548082619e-08,1,0,1,0,0,0.9999975246027931,expertise,0.11338501171306403,0
swap-000-fairness-to-risk,9,swap,risk,fairness,risk,True,4.0,expertise,risk,1.8416574690024157e-05,0.9999814405945017,1.4283080845457686e-07,1,0,1,0,0,0.9999814405945017,expertise,0.10268886871417382,0
swap-000-fairness-to-risk,10,swap,risk,fairness,risk,True,5.0,fairness,risk,0.0006795918240197022,0.9993188712014192,1.5369745612216694e-06,1,0,1,0,1,0.9993188712014192,expertise,0.24299636537747266,0
swap-000-risk-to-expertise,1,swap,risk,risk,expertise,True,-4.0,expertise,risk,7.60669064483455e-06,0.9999911925867601,1.2007225951437297e-06,1,1,0,1,0,1.2007225951437297e-06,fairness,0.3333333333333333,0
swap-000-risk-to-expertise,2,swap,risk,risk,expertise,True,-3.0,expertise,risk,0.00018878705886918014,0.9998110825215739,1.3041955702047676e-07,1,1,0,1,0,1.3041955702047676e-07,expertise,0.48658599667223235,1
swap-000-risk-to-expertise,3,swap,risk,risk,expertise,True,-2.0,fairness,risk,2.9170582180075664e-06,0.9999363885636822,6.069437809981845e-05,1,1,0,0,0,6.069437809981845e-05,fairness,0.23786788648328705,0
swap-000-risk-to-expertise,4,swap,risk,risk,expertise,True,-1.0,risk,risk,5.025229520613162e-06,0.999918613614856,7.636115562344044e-05,1,1,0,0,1,7.636115562344044e-05,risk,0.3258299701579842,0
swap-000-risk-to-expertise,5,swap,risk,risk,expertise,True,0.0,risk,risk,7.381403302421877e-05,0.9999261514853255,3.4481650241585395e-08,1,1,0,0,1,3.4481650241585395e-08,risk,0.2290249285052097,0
swap-000-risk-to-expertise,6,swap,expertise,risk,expertise,True,1.0,expertise,expertise,5.429424139154203e-05,1.1651971158757243e-08,0.9999456941066373,1,0,1,1,0,0.9999456941066373,expertise,0.3945266361675831,1
swap-000-risk-to-expertise,7,swap,expertise,risk,expertise,True,2.0,expertise,expertise,1.572092581618999e-08,3.525608108479886e-08,0.999999949022993,1,0,1,1,0,0.999999949022993,expertise,0.5422928473866084,1
swap-000-risk-to-expertise,8,swap,expertise,risk,expertise,True,3.0,expertise,expertise,5.170816375007899e-08,3.375640878292379e-08,0.9999999145354275,1,0,1,1,0,0.9999999145354275,expertise,0.6573108946492444,1
swap-000-risk-to-expertise,9,swap,expertise,risk,expertise,True,4.0,expertise,expertise,8.52239501851351e-06,6.397154602465904e-07,0.9999908378895213,1,0,1,1,0,0.9999908378895213,expertise,0.7317236095901153,1
swap-000-risk-to-expertise,10,swap,expertise,risk,expertise,True,5.0,expertise,expertise,2.5844847752829924e-06,8.145837928888842e-08,0.9999973340568454,1,0,1,1,0,0.9999973340568454,expertise,0.7742743530946046,1
swap-000-risk-to-fairness,1,swap,risk,risk,fairness,True,-4.0,expertise,risk,1.3092311293435185e-06,0.999998637302044,5.346682672650922e-08,1,1,0,0,0,1.3092311293435185e-06,fairness,0.3333333333333333,1
swap-000-risk-to-fairness,2,swap,risk,risk,fairness,True,-3.0,fairness,risk,7.413595759875606e-08,0.9999999032180953,2.2645947169906947e-08,1,1,0,1,0,7.413595759875606e-08,fairness,0.41966561786679085,1
swap-000-risk-to-fairness,3,swap,risk,risk,fairness,True,-2.0,fairness,risk,2.6900053070711195e-07,0.9999995949610814,1.3603838781851464e-07,1,1,0,1,0,2.6900053070711195e-07,fairness,0.5636798785512066,1
swap-000-risk-to-fairness,4,swap,risk,risk,fairness,True,-1.0,risk,risk,2.243495613981352e-07,0.9999997679009228,7.749515681812748e-09,1,1,0,0,1,2.243495613981352e-07,risk,0.28706117143190685,0
swap-000-risk-to-fairness,5,swap,risk,risk,fairness,True,0.0,risk,risk,9.872003766891421e-09,0.9999999826744156,7.453580678908084e-09,1,1,0,0,1,9.872003766891421e-09,risk,0.21119839809055554,0
swap-000-risk-to-fairness,6,swap,fairness,risk,fairness,True,1.0,risk,fairness,0.9999997063489469,1.1678235712399339e-07,1.768686961412231e-07,1,0,1,0,1,0.9999997063489469,risk,0.1578289509229309,0
swap-000-risk-to-fairness,7,swap,fairness,risk,fairness,True,2.0,risk,fairness,0.9999492354815056,5.051263881686509e-05,2.5187967738836106e-07,1,0,1,0,1,0.9999492354815056,risk,0.12568488917349183,0
swap-000-risk-to-fairness,8,swap,fairness,risk,fairness,True,3.0,risk,fairness,0.9999906881610162,9.255614032400247e-06,5.622495127955105e-08,1,0,1,0,1,0.9999906881610162,risk,0.10812225805220944,0
swap-000-risk-to-fairness,9,swap,fairness,risk,fairness,True,4.0,risk,fairness,0.9998946802594985,9.798581869766561e-05,7.333921803844308e-06,1,0,1,0,1,0.9998946802594985,risk,0.09903734714254323,0
swap-000-risk-to-fairness,10,swap,fairness,risk,fairness,True,5.0,expertise,fairness,0.9999907707061483,9.152207907885584e-06,7.70859438348784e-08,1,0,1,0,0,0.9999907707061483,risk,0.24244899370428247,0
swap-001-expertise-to-fairness,1,swap,expertise,expertise,fairness,True,-4.0,fairness,expertise,1.395067220345349e-05,8.685227192960088e-08,0.9999859624755245,1,1,0,1,0,1.395067220345349e-05,fairness,0.3333333333333333,1
swap-001-expertise-to-fairness,2,swap,expertise,expertise,fairness,True,-3.0,fairness,expertise,1.0617754934927064e-06,3.454909458822972e-05,0.9999643891299183,1,1,0,1,0,1.0617754934927064e-06,fairness,0.48658599667223235,1
swap-001-expertise-to-fairness,3,swap,expertise,expertise,fairness,True,-2.0,risk,expertise,6.472958150820545e-07,9.144462477332586e-07,0.9999984382579371,1,1,0,0,0,6.472958150820545e-07,risk,0.23786788648328705,0
swap-001-expertise-to-fairness,4,swap,expertise,expertise,fairness,True,-1.0,risk,expertise,1.0389516104216393e-07,1.380550579962812e-07,0.9999997580497809,1,1,0,0,0,1.0389516104216393e-07,risk,0.1920073055340466,0
swap-001-expertise-to-fairness,5,swap,expertise,expertise,fairness,True,0.0,expertise,expertise,9.923457920974195e-10,2.810076789885107e-09,0.9999999961975774,1,1,0,0,1,9.923457920974195e-10,expertise,0.3097495516309151,0
swap-001-expertise-to-fairness,6,swap,fairness,expertise,fairness,True,1.0,fairness,fairness,0.999980795150326,1.8041929186167552e-05,1.162920487643285e-06,1,0,1,1,0,0.999980795150326,fairness,0.42507751993762405,1
swap-001-expertise-to-fairness,7,swap,fairness,expertise,fairness,True,2.0,fairness,fairness,0.9999303540163064,6.9641303895722e-05,4.679797993948954e-09,1,0,1,1,0,0.9999303540163064,fairness,0.5681778454638177,1
swap-001-expertise-to-fairness,8,swap,fairness,expertise,fairness,True,3.0,fairness,fairness,0.9999695643689868,3.0012618325711047e-05,4.230126875367249e-07,1,0,1,1,0,0.9999695643689868,fairness,0.6750748436698254,1
swap-001-expertise-to-fairness,9,swap,fairness,expertise,fairness,True,4.0,fairness,fairness,0.9999255941457288,6.898526621531015e-05,5.420588055768555e-06,1,0,1,1,0,0.9999255941457288,fairness,0.7422469251392038,1
swap-001-expertise-to-fairness,10,swap,fairness,expertise,fairness,True,5.0,fairness,fairness,0.9999587622640012,3.548126837780414e-05,5.756467621007981e-06,1,0,1,1,0,0.9999587622640012,fairness,0.7799804337275025,1
swap-001-expertise-to-risk,1,swap,expertise,expertise,risk,True,-4.0,risk,expertise,1.9925767341699863e-06,9.641096213677841e-07,0.9999970433136444,1,1,0,1,0,9.641096213677841e-07,fairness,0.3333333333333333,0
swap-001-expertise-to-risk,2,swap,expertise,expertise,risk,True,-3.0,expertise,expertise,8.78728934385265e-05,0.011593493381908477,0.9883186337246531,1,1,0,0,1,0.011593493381908477,fairness,0.16066876426641838,0
swap-001-expertise-to-risk,3,swap,expertise,expertise,risk,True,-2.0,expertise,expertise,6.419386250122395e-07,2.1527936136951207e-05,0.9999778301252381,1,1,0,0,1,2.1527936136951207e-05,expertise,0.14311207464993175,0
swap-001-expertise-to-risk,4,swap,expertise,expertise,risk,True,-1.0,expertise,expertise,1.443351359964543e-07,2.715224481931248e-05,0.9999727034200446,1,1,0,0,1,2.715224481931248e-05,expertise,0.12477263419021457,0
swap-001-expertise-to-risk,5,swap,expertise,expertise,risk,True,0.0,fairness,expertise,2.478661458710781e-07,3.948906633968433e-07,0.9999993572431908,1,1,0,0,0,3.948906633968433e-07,fairness,0.2504258557598469,0
swap-001-expertise-to-risk,6,swap,risk,expertise,risk,True,1.0,risk,risk,2.8693190013645e-08,0.999999970728406,5.78403979023874e-10,1,0,1,1,0,0.999999970728406,expertise,0.33910182121074395,0
swap-001-expertise-to-risk,7,swap,risk,expertise,risk,True,2.0,risk,risk,1.029533261786983e-08,0.9999999873614632,2.343204125360724e-09,1,0,1,1,0,0.9999999873614632,risk,0.49207233666483324,1
swap-001-expertise-to-risk,8,swap,risk,expertise,risk,True,3.0,risk,risk,2.318900506352552e-07,0.9999994837755963,2.8433435301405595e-07,1,0,1,1,0,0.9999994837755963,risk,0.620961069396915,1
swap-001-expertise-to-risk,9,swap,risk,expertise,risk,True,4.0,risk,risk,3.703851916885311e-08,0.9999999629516496,9.831139692025276e-12,1,0,1,1,0,0.9999999629516496,risk,0.709423532726717,1
swap-001-expertise-to-risk,10,swap,risk,expertise,risk,True,5.0,risk,risk,1.5547000819489715e-07,0.9999992770291677,5.675008241506289e-07,1,0,1,1,0,0.9999992770291677,risk,0.7619358037405835,1
swap-001-fairness-to-expertise,1,swap,fairness,fairness,expertise,True,-4.0,expertise,fairness,0.9999988980753883,1.0866467973955143e-06,1.5277814345126856e-08,1,1,0,1,0,1.5277814345126856e-08,fairness,0.3333333333333333,0
swap-001-fairness-to-expertise,2,swap,fairness,fairness,expertise,True,-3.0,expertise,fairness,0.9999990492082808,5.152561452358631e-09,9.456391577165126e-07,1,1,0,1,0,9.456391577165126e-07,expertise,0.48658599667223235,1
swap-001-fairness-to-expertise,3,swap,fairness,fairness,expertise,True,-2.0,fairness,fairness,0.9999957640081444,2.801220635403452e-06,1.4347712203926906e-06,1,1,0,0,1,1.4347712203926906e-06,fairness,0.23786788648328705,0
swap-001-fairness-to-expertise,4,swap,fairness,fairness,expertise,True,-1.0,risk,fairness,0.9999945145287514,4.944527595362532e-06,5.409436532824122e-07,1,1,0,0,0,5.409436532824122e-07,risk,0.3258299701579842,0
swap-001-fairness-to-expertise,5,swap,fairness,fairness,expertise,True,0.0,expertise,fairness,0.9999696929782925,3.0298215120842984e-05,8.806586647248791e-09,1,1,0,1,0,8.806586647248791e-09,expertise,0.47259044266271416,1
swap-001-fairness-to-expertise,6,swap,expertise,fairness,expertise,True,1.0,fairness,expertise,2.5203806277062282e-05,2.1455392817138677e-05,0.9999533408009058,1,0,1,0,1,0.9999533408009058,fairness,0.22978944883607433,0
swap-001-fairness-to-expertise,7,swap,expertise,fairness,expertise,True,2.0,risk,expertise,1.3771253761404292e-06,2.167886687428532e-05,0.9999769440077495,1,0,1,0,0,0.9999769440077495,risk,0.32511551366265184,0
swap-001-fairness-to-expertise,8,swap,expertise,fairness,expertise,True,3.0,expertise,expertise,0.016984197994238157,0.017133005974509487,0.9658827960312524,1,0,1,1,0,0.9658827960312524,expertise,0.4648445834669948,1
swap-001-fairness-to-expertise,9,swap,expertise,fairness,expertise,True,4.0,expertise,expertise,1.1723768271221759e-07,5.32332195854449e-09,0.9999998774389952,1,0,1,1,0,0.9999998774389952,expertise,0.6001345378583427,1
swap-001-fairness-to-expertise,10,swap,expertise,fairness,expertise,True,5.0,expertise,expertise,0.00013655698315668023,6.194964554742385e-06,0.9998572480522885,1,0,1,1,0,0.9998572480522885,expertise,0.6961595297917326,1
swap-001-fairness-to-risk,1,swap,fairness,fairness,risk,True,-4.0,fairness,fairness,0.999470036015382,0.0005289574088367975,1.0065757810209195e-06,1,1,0,0,1,0.0005289574088367975,fairness,0.3333333333333333,0
swap-001-fairness-to-risk,2,swap,fairness,fairness,risk,True,-3.0,fairness,fairness,0.9999022017515029,8.76377223543501e-05,1.0160526142551327e-05,1,1,0,0,1,8.76377223543501e-05,fairness,0.2567070016638839,0
swap-001-fairness-to-risk,3,swap,fairness,fairness,risk,True,-2.0,fairness,fairness,0.9998109644232528,0.00018561762484904892,3.4179518980533804e-06,1,1,0,0,1,0.00018561762484904892,fairness,0.19158479912636983,0
swap-001-fairness-to-risk,4,swap,fairness,fairness,risk,True,-1.0,fairness,fairness,0.9999903945877111,3.953907647939258e-06,5.651504641114042e-06,1,1,0,0,1,3.953907647939258e-06,fairness,0.14658911757256776,0
swap-001-fairness-to-risk,5,swap,fairness,fairness,risk,True,0.0,fairness,fairness,0.999999973920596,2.398701101153823e-08,2.092392895318663e-09,1,1,0,0,1,2.398701101153823e-08,fairness,0.11976303267853333,0
swap-001-fairness-to-risk,6,swap,risk,fairness,risk,True,1.0,fairness,risk,4.114918572083659e-07,0.9999987465969988,8.419111438184452e-07,1,0,1,0,1,0.9999987465969988,fairness,0.10515375071078312,0
swap-001-fairness-to-risk,7,swap,risk,fairness,risk,True,2.0,fairness,risk,2.436924962041529e-06,0.9999975378343797,2.524065823081905e-08,1,0,1,0,1,0.9999975378343797,fairness,0.09758803781213972,0
swap-001-fairness-to-risk,8,swap,risk,fairness,risk,True,3.0,risk,risk,2.996851952606453e-10,0.9999999986432333,1.0570815427181017e-09,1,0,1,1,0,0.9999999986432333,fairness,0.24019934242528543,0
swap-001-fairness-to-risk,9,swap,risk,fairness,risk,True,4.0,risk,risk,4.9412628436694196e-08,0.9999995929706023,3.576167692936699e-07,1,0,1,1,0,0.9999995929706023,fairness,0.3903185353366759,0
swap-001-fairness-to-risk,10,swap,risk,fairness,risk,True,5.0,expertise,risk,5.320866179463853e-08,0.9999999406097757,6.181562553114908e-09,1,0,1,0,0,0.9999999406097757,fairness,0.18670948145416827,0
swap-001-risk-to-expertise,1,swap,risk,risk,expertise,True,-4.0,fairness,risk,2.3157332648437983e-09,0.9999999973363944,3.4787233750131613e-10,1,1,0,0,0,3.4787233750131613e-10,fairness,0.3333333333333333,0
swap-001-risk-to-expertise,2,swap,risk,risk,expertise,True,-3.0,risk,risk,2.357063783731385e-09,0.9999999550299135,4.261302274429356e-08,1,1,0,0,1,4.261302274429356e-08,risk,0.41966561786679085,0
swap-001-risk-to-expertise,3,swap,risk,risk,expertise,True,-2.0,expertise,risk,1.4366028993479607e-09,0.999999997492695,1.0707021318597804e-09,1,1,0,1,0,1.0707021318597804e-09,expertise,0.5552832397584395,1
swap-001-risk-to-expertise,4,swap,risk,risk,expertise,True,-1.0,fairness,risk,1.571199474164938e-08,0.9999999823452216,1.942783629331024e-09,1,1,0,0,0,1.942783629331024e-09,fairness,0.28128121931122163,0
swap-001-risk-to-expertise,5,swap,risk,risk,expertise,True,0.0,risk,risk,9.741736100111308e-11,0.9999999788163947,2.108618794299216e-08,1,1,0,0,1,2.108618794299216e-08,risk,0.3785691631681446,0
swap-001-risk-to-expertise,6,swap,expertise,risk,expertise,True,1.0,risk,expertise,1.955121806364795e-07,0.05040743773855008,0.9495923667492694,1,0,1,0,1,0.9495923667492694,risk,0.2667886338743761,0
swap-001-risk-to-expertise,7,swap,expertise,risk,expertise,True,2.0,expertise,expertise,5.688708994685918e-07,9.646479742017417e-06,0.9999897846493585,1,0,1,1,0,0.9999897846493585,expertise,0.43053616598243927,1
swap-001-risk-to-expertise,8,swap,expertise,risk,expertise,True,3.0,expertise,expertise,5.94017396792506e-09,3.465587719102838e-05,0.9999653381826351,1,0,1,1,0,0.9999653381826351,expertise,0.5726775741117077,1
swap-001-risk-to-expertise,9,swap,expertise,risk,expertise,True,4.0,expertise,expertise,7.83055484218512e-07,9.29165573332811e-05,0.9999063003871824,1,0,1,1,0,0.9999063003871824,expertise,0.6780990993444284,1
swap-001-risk-to-expertise,10,swap,expertise,risk,expertise,True,5.0,expertise,expertise,1.3121854381968443e-06,0.00028846608974060825,0.9997102217248212,1,0,1,1,0,0.9997102217248212,expertise,0.7440148739477216,1
swap-001-risk-to-fairness,1,swap,risk,risk,fairness,True,-4.0,risk,risk,6.008157167105285e-07,0.9999993543868977,4.479738551195499e-08,1,1,0,0,1,6.008157167105285e-07,fairness,0.3333333333333333,1
swap-001-risk-to-fairness,2,swap,risk,risk,fairness,True,-3.0,risk,risk,9.99875633866201e-08,0.9999998971274128,2.88502365316192e-09,1,1,0,0,1,9.99875633866201e-08,risk,0.2567070016638839,0
swap-001-risk-to-fairness,3,swap,risk,risk,fairness,True,-2.0,expertise,risk,3.341381279566207e-06,0.999996651330833,7.287887381009072e-09,1,1,0,0,0,3.341381279566207e-06,fairness,0.38106605675835653,1
swap-001-risk-to-fairness,4,swap,risk,risk,fairness,True,-1.0,fairness,risk,2.7378728911777324e-07,0.9999997233896064,2.8231045740645366e-09,1,1,0,1,0,2.7378728911777324e-07,fairness,0.4918815865304429,1
swap-001-risk-to-fairness,5,swap,risk,risk,fairness,True,0.0,risk,risk,3.1462164217084463e-06,0.9999968226075565,3.117602177615706e-08,1,1,0,0,1,3.1462164217084463e-06,risk,0.24098761642748007,0
swap-001-risk-to-fairness,6,swap,fairness,risk,fairness,True,1.0,risk,fairness,0.9998696776579634,0.00012885756865369037,1.4647733829375528e-06,1,0,1,0,1,0.9998696776579634,risk,0.18427094309323908,0
swap-001-risk-to-fairness,7,swap,fairness,risk,fairness,True,2.0,expertise,fairness,0.9999794118809342,1.8330814077621722e-05,2.2573049882185416e-06,1,0,1,0,0,0.9999794118809342,expertise,0.32224858131586137,0
swap-001-risk-to-fairness,8,swap,fairness,risk,fairness,True,3.0,expertise,fairness,0.9997027927627335,0.0001644361019815949,0.00013277113528486627,1,0,1,0,0,0.9997027927627335,expertise,0.24565564144277294,0
swap-001-risk-to-fairness,9,swap,fairness,risk,fairness,True,4.0,fairness,fairness,0.9999999393500777,4.952718111489719e-08,1.1122741256526237e-08,1,0,1,1,0,0.9999999393500777,fairness,0.37532798034751713,1
swap-001-risk-to-fairness,10,swap,fairness,risk,fairness,True,5.0,fairness,fairness,0.9999924196370341,7.565981817637193e-06,1.4381148245940725e-08,1,0,1,1,0,0.9999924196370341,fairness,0.5253913639047676,1
swap-002-expertise-to-fairness,1,swap,expertise,expertise,fairness,True,-4.0,expertise,expertise,3.7449147172238494e-05,2.8420215795835325e-06,0.9999597088312483,1,1,0,0,1,3.7449147172238494e-05,fairness,0.3333333333333333,1
swap-002-expertise-to-fairness,2,swap,expertise,expertise,fairness,True,-3.0,expertise,expertise,1.3850975758665868e-06,1.1328738046632111e-07,0.9999985016150438,1,1,0,0,1,1.3850975758665868e-06,expertise,0.2567070016638839,0
swap-002-expertise-to-fairness,3,swap,expertise,expertise,fairness,True,-2.0,expertise,expertise,8.702547308223295e-07,3.787908496186875e-08,0.9999990918661841,1,1,0,0,1,8.702547308223295e-07,expertise,0.19158479912636983,0
swap-002-expertise-to-fairness,4,swap,expertise,expertise,fairness,True,-1.0,expertise,expertise,2.3864245077415134e-07,1.7317338370746267e-07,0.9999995881841657,1,1,0,0,1,2.3864245077415134e-07,expertise,0.14658911757256773,0
swap-002-expertise-to-fairness,5,swap,expertise,expertise,fairness,True,0.0,expertise,expertise,3.815404145442487e-06,4.6210056332755714e-05,0.9999499745395217,1,1,0,0,1,3.815404145442487e-06,expertise,0.11976303267853332,0
swap-002-expertise-to-fairness,6,swap,fairness,expertise,fairness,True,1.0,expertise,fairness,0.9999923729153203,7.616728437614156e-06,1.035624221936821e-08,1,0,1,0,1,0.9999923729153203,expertise,0.10515375071078312,0
swap-002-expertise-to-fairness,7,swap,fairness,expertise,fairness,True,2.0,expertise,fairness,0.9999975995163167,2.392979186317769e-06,7.504497048266657e-09,1,0,1,0,1,0.9999975995163167,expertise,0.09758803781213973,0
swap-002-expertise-to-fairness,8,swap,fairness,expertise,fairness,True,3.0,fairness,fairness,0.9999998151937401,1.6999256528477892e-07,1.48136945780517e-08,1,0,1,1,0,0.9999998151937401,expertise,0.24019934242528543,0
swap-002-expertise-to-fairness,9,swap,fairness,expertise,fairness,True,4.0,risk,fairness,0.9993887303030112,0.0006047542877124291,6.5154092762436114e-06,1,0,1,0,0,0.9993887303030112,expertise,0.12349107531585395,0
swap-002-expertise-to-fairness,10,swap,fairness,expertise,fairness,True,5.0,expertise,fairness,0.9996995824327327,0.0002964478515198973,3.969715747443666e-06,1,0,1,0,1,0.9996995824327327,expertise,0.18237108250268563,0
swap-002-expertise-to-risk,1,swap,expertise,expertise,risk,True,-4.0,fairness,expertise,3.490373366179331e-06,9.396032675675185e-07,0.9999955700233663,1,1,0,0,0,9.396032675675185e-07,fairness,0.3333333333333333,0
swap-002-expertise-to-risk,2,swap,expertise,expertise,risk,True,-3.0,risk,expertise,1.9435025343598613e-06,2.8735925211248114e-07,0.9999977691382135,1,1,0,1,0,2.8735925211248114e-07,risk,0.41966561786679085,1
swap-002-expertise-to-risk,3,swap,expertise,expertise,risk,True,-2.0,risk,expertise,0.0004321633511926131,2.097647139487472e-06,0.9995657390016678,1,1,0,1,0,2.097647139487472e-06,risk,0.5636798785512066,1
swap-002-expertise-to-risk,4,swap,expertise,expertise,risk,True,-1.0,expertise,expertise,1.1363696872260023e-05,1.2358907368015306e-05,0.9999762773957598,1,1,0,0,1,1.2358907368015306e-05,expertise,0.28706117143190685,0
swap-002-expertise-to-risk,5,swap,expertise,expertise,risk,True,0.0,expertise,expertise,0.00016761887367725315,4.7059685408734676e-05,0.999785321440914,1,1,0,0,1,4.7059685408734676e-05,expertise,0.21119839809055557,0
swap-002-expertise-to-risk,6,swap,risk,expertise,risk,True,1.0,expertise,risk,5.178509865362873e-07,0.9999992223591013,2.5978991207338447e-07,1,0,1,0,1,0.9999992223591013,expertise,0.15782895092293092,0
swap-002-expertise-to-risk,7,swap,risk,expertise,risk,True,2.0,expertise,risk,7.926116646181641e-06,0.9999920531064118,2.0776942085196006e-08,1,0,1,0,1,0.9999920531064118,expertise,0.12568488917349185,0
swap-002-expertise-to-risk,8,swap,risk,expertise,risk,True,3.0,fairness,risk,3.139233864481945e-08,0.9999999025601993,6.604746210725285e-08,1,0,1,0,0,0.9999999025601993,expertise,0.2763289035400717,0
swap-002-expertise-to-risk,9,swap,risk,expertise,risk,True,4.0,risk,risk,2.628076949194026e-07,0.999999334806539,4.023857660886466e-07,1,0,1,1,0,0.999999334806539,expertise,0.3390310078952544,0
swap-002-expertise-to-risk,10,swap,risk,expertise,risk,True,5.0,expertise,risk,6.876286518306979e-07,0.9999992396547693,7.271657882704225e-08,1,0,1,0,1,0.9999992396547693,expertise,0.16314974380307806,0
swap-002-fairness-to-expertise,1,swap,fairness,fairness,expertise,True,-4.0,risk,fairness,0.9999660994915031,1.1392301958821986e-06,3.276127830095842e-05,1,1,0,0,0,3.276127830095842e-05,fairness,0.3333333333333333,0
swap-002-fairness-to-expertise,2,swap,fairness,fairness,expertise,True,-3.0,expertise,fairness,0.9999956495526833,6.1819740819543e-08,4.288627575887176e-06,1,1,0,1,0,4.288627575887176e-06,fairness,0.41966561786679085,0
swap-002-fairness-to-expertise,3,swap,fairness,fairness,expertise,True,-2.0,expertise,fairness,0.9999994049031873,3.525332149496654e-07,2.4256359777516146e-07,1,1,0,1,0,2.4256359777516146e-07,expertise,0.5636798785512066,1
swap-002-fairness-to-expertise,4,swap,fairness,fairness,expertise,True,-1.0,expertise,fairness,0.9999995197139697,1.0135140948452944e-07,3.7893462076952556e-07,1,1,0,1,0,3.7893462076952556e-07,expertise,0.6720331781177474,1
swap-002-fairness-to-expertise,5,swap,fairness,fairness,expertise,True,0.0,fairness,fairness,0.9999951189798537,2.5739190108569074e-08,4.855280956048238e-06,1,1,0,0,1,4.855280956048238e-06,fairness,0.3731775011147202,0
swap-002-fairness-to-expertise,6,swap,expertise,fairness,expertise,True,1.0,fairness,expertise,1.735146277041498e-07,1.3329370524366665e-07,0.999999693191667,1,0,1,0,1,0.999999693191667,fairness,0.2736027756615835,0
swap-002-fairness-to-expertise,7,swap,expertise,fairness,expertise,True,2.0,risk,expertise,1.0798185214917484e-08,4.4462015383117077e-11,0.9999999891573527,1,0,1,0,0,0.9999999891573527,expertise,0.4184276803773335,1
swap-002-fairness-to-expertise,8,swap,expertise,fairness,expertise,True,3.0,risk,expertise,1.9937269272731468e-07,7.652655338001708e-09,0.999999792974652,1,0,1,0,0,0.999999792974652,risk,0.31244576559302095,0
swap-002-fairness-to-expertise,9,swap,expertise,fairness,expertise,True,4.0,risk,expertise,1.0043463000509657e-08,4.671228168980494e-10,0.9999999894894142,1,0,1,0,0,0.9999999894894142,risk,0.22401989062657185,0
swap-002-fairness-to-expertise,10,swap,expertise,fairness,expertise,True,5.0,expertise,expertise,1.0705679278147889e-08,1.9611380843370355e-07,0.9999997931805124,1,0,1,1,0,0.9999997931805124,expertise,0.3811353088836012,1
swap-002-fairness-to-risk,1,swap,fairness,fairness,risk,True,-4.0,fairness,fairness,0.9999993816159782,5.811953100495961e-07,3.718871171581563e-08,1,1,0,0,1,5.811953100495961e-07,fairness,0.3333333333333333,0
swap-002-fairness-to-risk,2,swap,fairness,fairness,risk,True,-3.0,risk,fairness,0.9999914053174298,7.505496503773901e-06,1.0891860666548136e-06,1,1,0,1,0,7.505496503773901e-06,risk,0.41966561786679085,1
swap-002-fairness-to-risk,3,swap,fairness,fairness,risk,True,-2.0,risk,fairness,0.999996330931028,3.6683453797118195e-06,7.235922217515625e-10,1,1,0,1,0,3.6683453797118195e-06,risk,0.5636798785512066,1
swap-002-fairness-to-risk,4,swap,fairness,fairness,risk,True,-1.0,expertise,fairness,0.9999841266802638,1.4611543585029248e-05,1.2617761510121851e-06,1,1,0,0,0,1.4611543585029248e-05,expertise,0.28706117143190685,0
swap-002-fairness-to-risk,5,swap,fairness,fairness,risk,True,0.0,expertise,fairness,0.9994140099038348,0.0005857946173258638,1.9547883943372147e-07,1,1,0,0,0,0.0005857946173258638,expertise,0.21119839809055557,0
swap-002-fairness-to-risk,6,swap,risk,fairness,risk,True,1.0,fairness,risk,4.307852199290024e-06,0.9999875362116826,8.15593611822635e-06,1,0,1,0,1,0.9999875362116826,risk,0.3589045237262565,1
swap-002-fairness-to-risk,7,swap,risk,fairness,risk,True,2.0,risk,risk,4.266238892316361e-07,0.9999988134190558,7.599570551195918e-07,1,0,1,1,0,0.9999988134190558,risk,0.4465695864114443,1
swap-002-fairness-to-risk,8,swap,risk,fairness,risk,True,3.0,risk,risk,1.3416593297852585e-09,0.9999999951591996,3.4991411562918086e-09,1,0,1,1,0,0.9999999951591996,risk,0.5856833379755615,1
swap-002-fairness-to-risk,9,swap,risk,fairness,risk,True,4.0,risk,risk,4.99922042387101e-08,0.9999999086050649,4.1402730751653726e-08,1,0,1,1,0,0.9999999086050649,risk,0.6867371881552676,1
swap-002-fairness-to-risk,10,swap,risk,fairness,risk,True,5.0,expertise,risk,8.488639686210847e-08,0.99999988693791,2.817569306397917e-08,1,0,1,0,0,0.99999988693791,risk,0.38680575465908723,1
swap-002-risk-to-expertise,1,swap,risk,risk,expertise,True,-4.0,risk,risk,2.689730667974129e-07,0.9999989780448412,7.529820920139987e-07,1,1,0,0,1,7.529820920139987e-07,fairness,0.3333333333333333,0
swap-002-risk-to-expertise,2,swap,risk,risk,expertise,True,-3.0,risk,risk,6.372936882409558e-10,0.9999999668516657,3.251104061038519e-08,1,1,0,0,1,3.251104061038519e-08,risk,0.2567070016638839,0
swap-002-risk-to-expertise,3,swap,risk,risk,expertise,True,-2.0,risk,risk,4.050262139055464e-10,0.9999999612420709,3.835290282255473e-08,1,1,0,0,1,3.835290282255473e-08,risk,0.19158479912636983,0
swap-002-risk-to-expertise,4,swap,risk,risk,expertise,True,-1.0,expertise,risk,1.6239438165271316e-08,0.9999996745594819,3.092010801064882e-07,1,1,0,1,0,3.092010801064882e-07,fairness,0.33678672176387503,0
swap-002-risk-to-expertise,5,swap,risk,risk,expertise,True,0.0,expertise,risk,2.764261293915145e-07,0.99999968778627,3.5787600591794955e-08,1,1,0,1,0,3.5787600591794955e-08,expertise,0.48987662528850484,1
swap-002-risk-to-expertise,6,swap,expertise,risk,expertise,True,1.0,fairness,expertise,6.094526433743581e-08,2.909636157826353e-06,0.9999970294185779,1,0,1,0,0,0.9999970294185779,fairness,0.2398023104474591,0
swap-002-risk-to-expertise,7,swap,expertise,risk,expertise,True,2.0,fairness,expertise,3.487806952947444e-08,8.330038887678719e-07,0.9999991321180417,1,0,1,0,0,0.9999991321180417,fairness,0.19280761373982916,0
swap-002-risk-to-expertise,8,swap,expertise,risk,expertise,True,3.0,fairness,expertise,4.255618968232118e-08,5.307899411824151e-06,0.9999946495443985,1,0,1,0,0,0.9999946495443985,fairness,0.15287348140117216,0
swap-002-risk-to-expertise,9,swap,expertise,risk,expertise,True,4.0,fairness,expertise,1.6916875155530041e-09,4.162754066114371e-08,0.9999999566807719,1,0,1,0,0,0.9999999566807719,fairness,0.12537403049226523,0
swap-002-risk-to-expertise,10,swap,expertise,risk,expertise,True,5.0,fairness,expertise,4.4984278799467795e-07,9.950765898931712e-07,0.9999985550806222,1,0,1,0,0,0.9999985550806222,fairness,0.10889283803460534,0
swap-002-risk-to-fairness,1,swap,risk,risk,fairness,True,-4.0,expertise,risk,9.958334154462921e-10,0.9999999622909531,3.67132135468952e-08,1,1,0,0,0,9.958334154462921e-10,fairness,0.3333333333333333,1
swap-002-risk-to-fairness,2,swap,risk,risk,fairness,True,-3.0,fairness,risk,3.276437812322769e-11,0.9999999994431772,5.240583836161623e-10,1,1,0,1,0,3.276437812322769e-11,fairness,0.41966561786679085,1
swap-002-risk-to-fairness,3,swap,risk,risk,fairness,True,-2.0,risk,risk,5.414697079536003e-08,0.9999998424600611,1.0339296818847081e-07,1,1,0,0,1,5.414697079536003e-08,risk,0.20126933381386136,0
swap-002-risk-to-fairness,4,swap,risk,risk,fairness,True,-1.0,expertise,risk,6.256240504773037e-09,0.9998502147678795,0.00014977897588003828,1,1,0,0,0,6.256240504773037e-09,expertise,0.33001894225824435,0
swap-002-risk-to-fairness,5,swap,risk,risk,fairness,True,0.0,expertise,risk,3.309550130406566e-07,0.9999996583070896,1.0737897289871038e-08,1,1,0,0,0,3.309550130406566e-07,expertise,0.24585374592515802,0
swap-002-risk-to-fairness,6,swap,fairness,risk,fairness,True,1.0,fairness,fairness,0.999999457275515,5.408645561014164e-07,1.8599290319871007e-09,1,0,1,1,0,0.999999457275515,fairness,0.3851048325115394,1
swap-002-risk-to-fairness,7,swap,fairness,risk,fairness,True,2.0,fairness,fairness,0.9987607169765815,0.0012389945938126666,2.8842960581369097e-07,1,0,1,1,0,0.9987607169765815,fairness,0.5340615307662677,1
swap-002-risk-to-fairness,8,swap,fairness,risk,fairness,True,3.0,fairness,fairness,0.9999857528122825,1.4246649317597535e-05,5.383999091436547e-10,1,0,1,1,0,0.9999857528122825,fairness,0.6515275748562125,1
swap-002-risk-to-fairness,9,swap,fairness,risk,fairness,True,4.0,risk,fairness,0.9999998500151258,1.291869418570361e-07,2.079793248739637e-08,1,0,1,0,1,0.9999998500151258,fairness,0.355034694764323,1
swap-002-risk-to-fairness,10,swap,fairness,risk,fairness,True,5.0,expertise,fairness,0.9999999355060952,6.334258759516861e-08,1.1513172783594347e-09,1,0,1,0,0,0.9999999355060952,fairness,0.4466785275831576,1
swap-003-expertise-to-fairness,1,swap,expertise,expertise,fairness,True,-4.0,expertise,expertise,1.4009548395286836e-06,2.6615412442266065e-05,0.9999719836327181,1,1,0,0,1,1.4009548395286836e-06,fairness,0.3333333333333333,1
swap-003-expertise-to-fairness,2,swap,expertise,expertise,fairness,True,-3.0,expertise,expertise,0.00011227339247668978,1.8642660202402785e-06,0.999885862341503,1,1,0,0,1,0.00011227339247668978,expertise,0.2567070016638839,0
swap-003-expertise-to-fairness,3,swap,expertise,expertise,fairness,True,-2.0,fairness,expertise,6.307324195919455e-09,6.326202073661424e-07,0.9999993610724683,1,1,0,1,0,6.307324195919455e-09,fairness,0.38106605675835653,1
swap-003-expertise-to-fairness,4,swap,expertise,expertise,fairness,True,-1.0,risk,expertise,1.1334019277838732e-08,1.5402236741264746e-07,0.9999998346436132,1,1,0,0,0,1.1334019277838732e-08,risk,0.18228844331157296,0
swap-003-expertise-to-fairness,5,swap,expertise,expertise,fairness,True,0.0,risk,expertise,1.4244395347463046e-08,1.933923991086968e-06,0.9999980518316136,1,1,0,0,0,1.4244395347463046e-08,risk,0.15015707123367775,0
swap-003-expertise-to-fairness,6,swap,fairness,expertise,fairness,True,1.0,risk,fairness,0.9996053778754201,0.0003850900703004729,9.532054279596215e-06,1,0,1,0,0,0.9996053778754201,risk,0.1255043752329794,0
swap-003-expertise-to-fairness,7,swap,fairness,expertise,fairness,True,2.0,expertise,fairness,0.9999867483264745,1.3127177070104991e-05,1.2449645524998532e-07,1,0,1,0,1,0.9999867483264745,risk,0.26207508843625393,0
swap-003-expertise-to-fairness,8,swap,fairness,expertise,fairness,True,3.0,expertise,fairness,0.9999996422736884,3.5491505652177226e-07,2.8112551861697194e-09,1,0,1,0,1,0.9999996422736884,expertise,0.21308000684908762,0
swap-003-expertise-to-fairness,9,swap,fairness,expertise,fairness,True,4.0,expertise,fairness,0.9999499911149574,1.1684592617397275e-05,3.832429242513032e-05,1,0,1,0,1,0.9999499911149574,expertise,0.1678689058670521,0
swap-003-expertise-to-fairness,10,swap,fairness,expertise,fairness,True,5.0,fairness,fairness,0.9930549870480659,0.0006093996508077254,0.0063356133011264505,1,0,1,1,0,0.9930549870480659,risk,0.300332755785178,0
swap-003-expertise-to-risk,1,swap,expertise,expertise,risk,True,-4.0,risk,expertise,8.681182658203677e-09,3.0230551165291886e-06,0.9999969682637008,1,1,0,1,0,3.0230551165291886e-06,fairness,0.3333333333333333,0
swap-003-expertise-to-risk,2,swap,expertise,expertise,risk,True,-3.0,expertise,expertise,5.3487111592212336e-08,2.552883599515564e-06,0.999997393629289,1,1,0,0,1,2.552883599515564e-06,fairness,0.16066876426641838,0
swap-003-expertise-to-risk,3,swap,expertise,expertise,risk,True,-2.0,expertise,expertise,1.7415272446182898e-08,1.3805822524198858e-07,0.9999998445265024,1,1,0,0,1,1.3805822524198858e-07,expertise,0.14311207464993175,0
swap-003-expertise-to-risk,4,swap,expertise,expertise,risk,True,-1.0,expertise,expertise,4.324753456463728e-09,2.3047500699683894e-06,0.9999976909251765,1,1,0,0,1,2.3047500699683894e-06,expertise,0.12477263419021457,0
swap-003-expertise-to-risk,5,swap,expertise,expertise,risk,True,0.0,expertise,expertise,1.6825284894446068e-08,7.085779639603678e-08,0.9999999123169186,1,1,0,0,1,7.085779639603678e-08,expertise,0.11069511735893012,0
swap-003-expertise-to-risk,6,swap,risk,expertise,risk,True,1.0,expertise,risk,2.746678064754105e-08,0.9999107062706148,8.92662626045378e-05,1,0,1,0,1,0.9999107062706148,expertise,0.10159993966083343,0
swap-003-expertise-to-risk,7,swap,risk,expertise,risk,True,2.0,expertise,risk,4.154387377695822e-08,0.999999607967641,3.5048848505633475e-07,1,0,1,0,1,0.999999607967641,expertise,0.09627220417797602,0
swap-003-expertise-to-risk,8,swap,risk,expertise,risk,True,3.0,expertise,risk,1.1324734476718776e-09,0.999999981142517,1.772500964182741e-08,1,0,1,0,1,0.999999981142517,expertise,0.09332073958935976,0
swap-003-expertise-to-risk,9,swap,risk,expertise,risk,True,4.0,expertise,risk,2.299271803676719e-09,0.9999979860160817,2.0116846465611303e-06,1,0,1,0,1,0.9999979860160817,expertise,0.09173812529267449,0
swap-003-expertise-to-risk,10,swap,risk,expertise,risk,True,5.0,expertise,risk,2.164482442631719e-08,0.9999977463378864,2.2320172892846085e-06,1,0,1,0,1,0.9999977463378864,expertise,0.09090630984731357,0
swap-003-fairness-to-expertise,1,swap,fairness,fairness,expertise,True,-4.0,fairness,fairness,0.9999735894660533,1.3736339783628478e-05,1.2674194163023217e-05,1,1,0,0,1,1.2674194163023217e-05,fairness,0.3333333333333333,0
swap-003-fairness-to-expertise,2,swap,fairness,fairness,expertise,True,-3.0,risk,fairness,0.9999998890125416,3.970357117072985e-09,1.070171011855441e-07,1,1,0,0,0,1.070171011855441e-07,risk,0.41966561786679085,0
swap-003-fairness-to-expertise,3,swap,fairness,fairness,expertise,True,-2.0,risk,fairness,0.9999498992492987,1.365953226522782e-05,3.6441218436148054e-05,1,1,0,0,0,3.6441218436148054e-05,risk,0.2932080467988617,0
swap-003-fairness-to-expertise,4,swap,fairness,fairness,expertise,True,-1.0,risk,fairness,0.9999483303945833,6.48845130101372e-06,4.5181154115636404e-05,1,1,0,0,0,4.5181154115636404e-05,risk,0.203194187692038,0
swap-003-fairness-to-expertise,5,swap,fairness,fairness,expertise,True,0.0,risk,fairness,0.9999999135449386,1.9683254235782715e-08,6.67718072054357e-08,1,1,0,0,0,6.67718072054357e-08,risk,0.14884294860537567,0
swap-003-fairness-to-expertise,6,swap,expertise,fairness,expertise,True,1.0,expertise,expertise,7.186272824297596e-08,2.520648539620193e-08,0.9999999029307863,1,0,1,1,0,0.9999999029307863,risk,0.31291105544838305,0
swap-003-fairness-to-expertise,7,swap,expertise,fairness,expertise,True,2.0,expertise,expertise,7.995022767249167e-09,1.4709867194826089e-07,0.9999998449063053,1,0,1,1,0,0.9999998449063053,expertise,0.4667429195526918,1
swap-003-fairness-to-expertise,8,swap,expertise,fairness,expertise,True,3.0,expertise,expertise,1.5302466006548935e-05,2.888447429498112e-06,0.9999818090865641,1,0,1,1,0,0.9999818090865641,expertise,0.6016135026994746,1
swap-003-fairness-to-expertise,9,swap,expertise,fairness,expertise,True,4.0,fairness,expertise,8.25526585795477e-09,1.4573229735694226e-06,0.9999985344217607,1,0,1,0,1,0.9999985344217607,risk,0.3146385397886987,0
swap-003-fairness-to-expertise,10,swap,expertise,fairness,expertise,True,5.0,fairness,expertise,2.522982087250748e-06,2.7827648650348174e-08,0.9999974491902642,1,0,1,0,1,0.9999974491902642,fairness,0.25190700549592593,0
swap-003-fairness-to-risk,1,swap,fairness,fairness,risk,True,-4.0,expertise,fairness,0.9999999802490196,1.1630877431124943e-09,1.8587892605957576e-08,1,1,0,0,0,1.1630877431124943e-09,fairness,0.3333333333333333,0
swap-003-fairness-to-risk,2,swap,fairness,fairness,risk,True,-3.0,fairness,fairness,0.9999913197046635,1.6491996087639755e-07,8.515375375553558e-06,1,1,0,0,1,1.6491996087639755e-07,fairness,0.41966561786679085,0
swap-003-fairness-to-risk,3,swap,fairness,fairness,risk,True,-2.0,fairness,fairness,0.9999999714211986,8.685097472925396e-10,2.7710291654850007e-08,1,1,0,0,1,8.685097472925396e-10,fairness,0.2932080467988617,0
swap-003-fairness-to-risk,4,swap,fairness,fairness,risk,True,-1.0,fairness,fairness,0.9999469727588558,5.084590642227136e-05,2.181334721872767e-06,1,1,0,0,1,5.084590642227136e-05,fairness,0.203194187692038,0
swap-003-fairness-to-risk,5,swap,fairness,fairness,risk,True,0.0,risk,fairness,0.9999999936104993,4.833649107668757e-09,1.5558515748043532e-09,1,1,0,1,0,4.833649107668757e-09,risk,0.3763966431254329,1
swap-003-fairness-to-risk,6,swap,risk,fairness,risk,True,1.0,expertise,risk,2.630052446785682e-06,0.999997278721743,9.122581024233346e-08,1,0,1,0,0,0.999997278721743,fairness,0.18008685190054718,0
swap-003-fairness-to-risk,7,swap,risk,fairness,risk,True,2.0,fairness,risk,1.228649305108777e-06,0.9999753969211019,2.337442959298575e-05,1,0,1,0,1,0.9999753969211019,fairness,0.2507744382564904,0
swap-003-fairness-to-risk,8,swap,risk,fairness,risk,True,3.0,risk,risk,4.5709792201816305e-07,0.9999990181267251,5.247753527473579e-07,1,0,1,1,0,0.9999990181267251,risk,0.41165143288770734,1
swap-003-fairness-to-risk,9,swap,risk,fairness,risk,True,4.0,expertise,risk,3.2552455684400916e-08,0.9999999573704055,1.0077138712750284e-08,1,0,1,0,0,0.9999999573704055,fairness,0.1972097739150251,0
swap-003-fairness-to-risk,10,swap,risk,fairness,risk,True,5.0,fairness,risk,5.2373519393509127e-05,0.9999457754324339,1.8510481727917592e-06,1,0,1,0,1,0.9999457754324339,fairness,0.2808372879283486,0
swap-003-risk-to-expertise,1,swap,risk,risk,expertise,True,-4.0,risk,risk,6.587661725149129e-07,0.9999992172055102,1.2402831725404322e-07,1,1,0,0,1,1.2402831725404322e-07,fairness,0.3333333333333333,0
swap-003-risk-to-expertise,2,swap,risk,risk,expertise,True,-3.0,risk,risk,1.3639374631631487e-07,0.9999351881855708,6.467542068282668e-05,1,1,0,0,1,6.467542068282668e-05,risk,0.2567070016638839,0
swap-003-risk-to-expertise,3,swap,risk,risk,expertise,True,-2.0,risk,risk,3.1262466395955633e-07,0.9999683232842188,3.136409111727529e-05,1,1,0,0,1,3.136409111727529e-05,risk,0.19158479912636983,0
swap-003-risk-to-expertise,4,swap,risk,risk,expertise,True,-1.0,risk,risk,4.007687862947634e-09,0.9999999498596567,4.61326555662869e-08,1,1,0,0,1,4.61326555662869e-08,risk,0.14658911757256776,0
swap-003-risk-to-expertise,5,swap,risk,risk,expertise,True,0.0,risk,risk,6.452006779472159e-06,0.9999898564443486,3.691548871882586e-06,1,1,0,0,1,3.691548871882586e-06,risk,0.11976303267853333,0
swap-003-risk-to-expertise,6,swap,expertise,risk,expertise,True,1.0,risk,expertise,1.077341229670347e-09,2.406882830001897e-08,0.9999999748538304,1,0,1,0,1,0.9999999748538304,risk,0.10515375071078312,0
swap-003-risk-to-expertise,7,swap,expertise,risk,expertise,True,2.0,risk,expertise,2.3211484233394795e-09,2.858743561820594e-11,0.999999997650264,1,0,1,0,1,0.999999997650264,risk,0.09758803781213972,0
swap-003-risk-to-expertise,8,swap,expertise,risk,expertise,True,3.0,risk,expertise,5.812403065560395e-07,4.352808168154415e-07,0.9999989834788766,1,0,1,0,1,0.9999989834788766,risk,0.09377195384516503,0
swap-003-risk-to-expertise,9,swap,expertise,risk,expertise,True,4.0,expertise,expertise,4.6914456225316513e-08,6.071245358653304e-08,0.9999998923730902,1,0,1,1,0,0.9999998923730902,risk,0.2350304480404252,0
swap-003-risk-to-expertise,10,swap,expertise,risk,expertise,True,5.0,expertise,expertise,8.15551156399597e-07,2.6715879814879567e-08,0.9999991577329639,1,0,1,1,0,0.9999991577329639,risk,0.38451267798233296,0
swap-003-risk-to-fairness,1,swap,risk,risk,fairness,True,-4.0,expertise,risk,7.52216495493379e-07,0.9998543456620705,0.00014490212143397873,1,1,0,0,0,7.52216495493379e-07,fairness,0.3333333333333333,1
swap-003-risk-to-fairness,2,swap,risk,risk,fairness,True,-3.0,fairness,risk,3.798157497059215e-08,0.9997276772684279,0.00027228474999732024,1,1,0,1,0,3.798157497059215e-08,fairness,0.41966561786679085,1
swap-003-risk-to-fairness,3,swap,risk,risk,fairness,True,-2.0,risk,risk,0.00012200079191833447,0.999754173350085,0.00012382585799665998,1,1,0,0,1,0.00012200079191833447,risk,0.20126933381386136,0
swap-003-risk-to-fairness,4,swap,risk,risk,fairness,True,-1.0,risk,risk,3.15860708133619e-05,0.9981064605593927,0.0018619533697939372,1,1,0,0,1,3.15860708133619e-05,risk,0.15576548347106817,0
swap-003-risk-to-fairness,5,swap,risk,risk,fairness,True,0.0,risk,risk,3.10496435707813e-08,0.9999995864961218,3.824542346611045e-07,1,1,0,0,1,3.10496435707813e-08,risk,0.1260487159376994,0
swap-003-risk-to-fairness,6,swap,fairness,risk,fairness,True,1.0,risk,fairness,0.9999925111042887,2.9724752798277656e-07,7.19164818337955e-06,1,0,1,0,1,0.9999925111042887,risk,0.1088783287794251,0
swap-003-risk-to-fairness,7,swap,fairness,risk,fairness,True,2.0,risk,fairness,0.9994503039001247,2.516429279462907e-06,0.0005471796705958593,1,0,1,0,1,0.9994503039001247,risk,0.09964114169285804,0
swap-003-risk-to-fairness,8,swap,fairness,risk,fairness,True,3.0,risk,fairness,0.9999976527059726,9.524027308098385e-07,1.3948912966105745e-06,1,0,1,0,1,0.9999976527059726,risk,0.09486162519968841,0
swap-003-risk-to-fairness,9,swap,fairness,risk,fairness,True,4.0,expertise,fairness,0.9999940735224387,2.0251308280254156e-06,3.901346733107961e-06,1,0,1,0,0,0.9999940735224387,risk,0.23620632578583717,0
swap-003-risk-to-fairness,10,swap,fairness,risk,fairness,True,5.0,expertise,fairness,0.9999905994705819,5.801119146632966e-06,3.599410271317092e-06,1,0,1,0,0,0.9999905994705819,risk,0.20872195500249252,0
