subset,family,n_rows,n_invalid,n_episodes,log_loss_mean,log_loss_sd,log_loss_median,log_loss_min,log_loss_max,log_loss_n_groups,log_loss_iqr_outliers,log_loss_ci_lo,log_loss_ci_hi,brier_mean,brier_sd,brier_median,brier_min,brier_max,brier_n_groups,brier_iqr_outliers,brier_ci_lo,brier_ci_hi,accuracy_mean,accuracy_sd,accuracy_median,accuracy_min,accuracy_max,accuracy_n_groups,accuracy_iqr_outliers,accuracy_ci_lo,accuracy_ci_hi
own_history,uniform,3420,420,180,1.0986122886681102,2.278129578503827e-16,1.09861228866811,1.09861228866811,1.09861228866811,20,0,1.0986122886681102,1.0986122886681102,0.6666666666666666,1.1390647892519134e-16,0.6666666666666667,0.6666666666666667,0.6666666666666667,20,0,0.6666666666666666,0.6666666666666666,0.33333333333333326,5.695323946259567e-17,0.3333333333333333,0.3333333333333333,0.3333333333333333,20,0,0.33333333333333326,0.33333333333333326
own_history,expertise,3420,420,180,2.3103872584482774,0.5122690182774869,2.402441168754459,1.2188908933892735,3.388733064892112,20,0,2.087923641875007,2.525179715829366,0.9011789473684214,0.20092147797987844,0.9372842105263159,0.4730736842105262,1.3241263157894736,20,0,0.813924561403509,0.9854245614035089,0.5403508771929825,0.10251095815299918,0.5219298245614035,0.32456140350877194,0.7587719298245614,20,0,0.49736842105263157,0.5848684210526315
own_history,marginal,3420,420,180,0.9661766555529476,0.10387742963193859,0.9835637784453137,0.7688666801613228,1.1528512456099118,20,0,0.9219203144905102,1.010247825039948,0.5838909588566248,0.06265996028229169,0.5974450570352388,0.4537778339359314,0.6822634316646834,20,0,0.5569932355842595,0.6102054874448399,0.5403508771929825,0.10251095815299918,0.5219298245614035,0.32456140350877194,0.7587719298245614,20,0,0.49736842105263157,0.5848684210526315
own_history,repeat_last,3420,420,180,0.8726816590311106,0.11127422702160705,0.8674361055115059,0.6438177139577452,1.1014417770300713,20,0,0.8252324085331271,0.9198813995025701,0.5165892006653413,0.07048374916506088,0.5184640939523223,0.3693141823555456,0.6494879590315017,20,0,0.48645973803731446,0.5465739481479088,0.6236842105263157,0.060916815427067804,0.611842105263158,0.5219298245614035,0.7456140350877193,20,0,0.5986842105263157,0.6502192982456141
own_history,win_stay_expertise,3420,420,180,0.8927521289460193,0.10909340987903247,0.8742767567475317,0.6805412369203677,1.083962283865394,20,0,0.846889764489823,0.9401172122018783,0.5328591431500145,0.0728043300676613,0.529484483224723,0.388764457474321,0.6665769751558337,20,0,0.5020077589702424,0.5643530251078326,0.6173245614035088,0.08783320167152321,0.6096491228070176,0.4780701754385965,0.7675438596491228,20,0,0.579813596491228,0.6552686403508772
own_history,history_frequency,3420,420,180,0.825458215223571,0.09930588566602587,0.8156856164398186,0.6326686676394908,1.025156881320123,20,0,0.7841225459093559,0.8683861307099459,0.4830003014916304,0.0689174742545086,0.48367320518196755,0.35356488521748647,0.6143502791127331,20,0,0.4539221971263409,0.5129200824745841,0.6526315789473685,0.06626635413320305,0.6710526315789473,0.5219298245614035,0.7675438596491228,20,0,0.6236787280701753,0.6804824561403509
own_history,reward_learning,3420,420,180,0.7337564877131781,0.0927350730277808,0.7150139739419576,0.5646278419102702,0.953980730592339,20,3,0.6954641239787933,0.7743810202325944,0.4263721280324682,0.06232341048289755,0.41147747130338,0.3023677719073027,0.5582927163713554,20,3,0.399760078950024,0.4535699752001919,0.6855263157894737,0.05663627050262792,0.6995614035087718,0.5789473684210527,0.7982456140350878,20,1,0.6605263157894736,0.7100877192982455
own_history,belief_static,3420,420,180,0.7547800720463079,0.09658815419804659,0.7337030978840718,0.5589316013245162,0.966923021188226,20,0,0.7130679386361165,0.7973635144108504,0.4355955540208255,0.06461784427929991,0.4321671257388605,0.2954542549748204,0.5631959479688959,20,0,0.40783465428520815,0.4636085903323337,0.6798245614035088,0.06298259760218887,0.6864035087719298,0.5307017543859649,0.8070175438596491,20,1,0.6526315789473683,0.707236842105263
own_history,belief_dynamic,3420,420,180,0.7367766272241105,0.09353034734026068,0.7168373907597965,0.5620137219048434,0.9646105804757132,20,0,0.6974773971643532,0.7776531482391174,0.42822326876020356,0.06248097024090339,0.42277506015718497,0.30182341791338785,0.5644067102931771,20,0,0.40097102245564176,0.4551953812296584,0.6739035087719298,0.06173690980262496,0.6842105263157894,0.5263157894736842,0.7850877192982455,20,2,0.6460526315789474,0.6991228070175439
own_history,simple_selected,3420,420,180,0.7337564877131781,0.0927350730277808,0.7150139739419576,0.5646278419102702,0.953980730592339,20,3,0.6954641239787933,0.7743810202325944,0.4263721280324682,0.06232341048289755,0.41147747130338,0.3023677719073027,0.5582927163713554,20,3,0.399760078950024,0.4535699752001919,0.6855263157894737,0.05663627050262792,0.6995614035087718,0.5789473684210527,0.7982456140350878,20,1,0.6605263157894736,0.7100877192982455
own_history,belief_selected,3420,420,180,0.7367766272241105,0.09353034734026068,0.7168373907597965,0.5620137219048434,0.9646105804757132,20,0,0.6974773971643532,0.7776531482391174,0.42822326876020356,0.06248097024090339,0.42277506015718497,0.30182341791338785,0.5644067102931771,20,0,0.40097102245564176,0.4551953812296584,0.6739035087719298,0.06173690980262496,0.6842105263157894,0.5263157894736842,0.7850877192982455,20,2,0.6460526315789474,0.6991228070175439
own_history_valid_only,uniform,3000,0,180,1.0986122886681098,2.334388162940501e-16,1.0986122886681096,1.0986122886681093,1.09861228866811,20,0,1.0986122886681098,1.0986122886681102,0.6666666666666667,1.59061741425188e-16,0.6666666666666667,0.6666666666666664,0.666666666666667,20,8,0.6666666666666665,0.6666666666666667,0.3333333333333333,8.253308499684178e-17,0.33333333333333337,0.3333333333333332,0.3333333333333335,20,0,0.3333333333333332,0.33333333333333337
own_history_valid_only,expertise,3000,0,180,2.203632925850063,0.5629282390677968,2.2941500567827253,0.7966366385659797,3.472960985270123,20,1,1.9591918723104846,2.440248721861384,0.8593079039886901,0.22079097067089343,0.8948104135697733,0.3074576779026217,1.3571620795107031,20,1,0.7634335567145266,0.9521130390871156,0.5617136544275392,0.11264845442392525,0.543600129131068,0.30770642201834864,0.8432698922265536,20,1,0.5143640957038526,0.6106291377306837
own_history_valid_only,marginal,3000,0,180,0.9340885628141413,0.10855616450609701,0.9209155276305705,0.7180861482382083,1.1229924708510615,20,0,0.8882748573411369,0.9806754315198966,0.5658360716796349,0.06575153865455678,0.5693533470887806,0.41963744938167447,0.6766960337644037,20,1,0.537564044386855,0.5935030730842002,0.5617136544275392,0.11264845442392525,0.543600129131068,0.30770642201834864,0.8432698922265536,20,1,0.5143640957038526,0.6106291377306837
own_history_valid_only,repeat_last,3000,0,180,0.8039271378955654,0.1107354102354772,0.826187582227866,0.5891042901134264,1.021105080002839,20,0,0.7560232005912372,0.8501469633184805,0.4740908991192728,0.06957339163425569,0.4920274593417404,0.34005877030390386,0.5839870887763574,20,0,0.44353946728583327,0.5026793497863966,0.665126846213496,0.06006180376779064,0.6499169163345313,0.5900452488687784,0.7840277777777775,20,0,0.6400562122112565,0.6914030766800077
own_history_valid_only,win_stay_expertise,3000,0,180,0.8426271484139738,0.11304805268868656,0.8277641072151407,0.6106441548302803,1.0331130610840726,20,0,0.7940247143892651,0.8916185580187147,0.5027150274962752,0.07525220230658775,0.5083482489558981,0.33953910651774133,0.6513483894371415,20,0,0.4703601369914674,0.5351398536105548,0.6533643823366038,0.0876897506764688,0.6357646099156106,0.5035779816513762,0.8218298555377206,20,0,0.6152533902757953,0.6905164219859207
own_history_valid_only,history_frequency,3000,0,180,0.7553259475147225,0.09720344757237626,0.7723768301752137,0.5887916439569842,0.9328534863418658,20,0,0.7139857558162382,0.796663523228586,0.43694722187412466,0.06710441644428759,0.45761049551988264,0.30745689102113855,0.5462261789831631,20,0,0.4081206556701404,0.4655762155718369,0.6963805464350572,0.06167590093152863,0.6965042379292856,0.5900452488687784,0.8009259259259256,20,0,0.669742448321346,0.7225129784401181
own_history_valid_only,reward_learning,3000,0,180,0.6337155849498861,0.08405692456381679,0.6305976677069548,0.46586492976566884,0.8240393489654699,20,0,0.5990118832732381,0.669796257279075,0.3663500846468551,0.055603602691226904,0.36571738265649384,0.23963208444525935,0.47338636237731435,20,0,0.3425433630967846,0.3900638114544216,0.7275977169778167,0.0500876844285642,0.7269848948608246,0.6364401430675364,0.8425925925925921,20,1,0.7058064753255067,0.7496678618875273
own_history_valid_only,belief_static,3000,0,180,0.6433907190886252,0.09078827156060539,0.6409095060312355,0.4426815910326295,0.8062456937614482,20,1,0.6034255870734073,0.6821984522940577,0.37134340949152456,0.059194145082776414,0.3686787475336273,0.22715542944230954,0.4610943438090417,20,1,0.34524881944780633,0.3961432729548712,0.7245359601955851,0.05213970202278828,0.7339881838988414,0.6253393665158372,0.8518518518518514,20,1,0.70233865644468,0.7480585102625945
own_history_valid_only,belief_dynamic,3000,0,180,0.633468814184658,0.08487321128115789,0.6238569215234518,0.45885483674173577,0.8213872528116712,20,0,0.597655182407791,0.670513013628377,0.36699030168269153,0.055549505803024986,0.3617422952195377,0.2385852548857581,0.47132847730670907,20,0,0.3430433940760389,0.3908314078842651,0.7183216902294023,0.04970973032916744,0.7211863211726961,0.6168587510050925,0.8287037037037033,20,3,0.6969516663740281,0.7398670710601946
own_history_valid_only,simple_selected,3000,0,180,0.6337155849498861,0.08405692456381679,0.6305976677069548,0.46586492976566884,0.8240393489654699,20,0,0.5990118832732381,0.669796257279075,0.3663500846468551,0.055603602691226904,0.36571738265649384,0.23963208444525935,0.47338636237731435,20,0,0.3425433630967846,0.3900638114544216,0.7275977169778167,0.0500876844285642,0.7269848948608246,0.6364401430675364,0.8425925925925921,20,1,0.7058064753255067,0.7496678618875273
own_history_valid_only,belief_selected,3000,0,180,0.633468814184658,0.08487321128115789,0.6238569215234518,0.45885483674173577,0.8213872528116712,20,0,0.597655182407791,0.670513013628377,0.36699030168269153,0.055549505803024986,0.3617422952195377,0.2385852548857581,0.47132847730670907,20,0,0.3430433940760389,0.3908314078842651,0.7183216902294023,0.04970973032916744,0.7211863211726961,0.6168587510050925,0.8287037037037033,20,3,0.6969516663740281,0.7398670710601946
own_round_1,uniform,180,0,180,1.09861228866811,2.278129578503827e-16,1.0986122886681098,1.0986122886681098,1.0986122886681098,20,0,1.09861228866811,1.09861228866811,0.6666666666666666,1.1390647892519134e-16,0.6666666666666667,0.6666666666666667,0.6666666666666667,20,0,0.6666666666666666,0.6666666666666666,0.3333333333333332,5.695323946259567e-17,0.33333333333333326,0.33333333333333326,0.33333333333333326,20,0,0.3333333333333332,0.3333333333333332
own_round_1,expertise,180,0,180,0.7630048613967579,1.83071646599012,0.01342302033214066,0.01342302033214066,5.0106352940962555,20,3,0.01342302033214066,1.5125867024613753,0.2942666666666667,0.7180411951237455,0.00026666666666666603,0.00026666666666666603,1.9602666666666666,20,3,0.00026666666666666603,0.5882666666666667,0.85,0.36634754853252327,1.0,0.0,1.0,20,3,0.7,1.0
own_round_1,marginal,180,0,180,0.6982046110680333,0.18151666626255814,0.6290169066923361,0.5965765521344522,1.1396967309142783,20,6,0.6261091129264161,0.7790886441912108,0.4060083230502414,0.15322289150179305,0.3479862428505219,0.3214791461974553,0.7803509972379812,20,3,0.34504684464533425,0.4739585430629968,0.85,0.36634754853252327,1.0,0.0,1.0,20,3,0.7,1.0
own_round_1,repeat_last,180,0,180,0.6982046110680333,0.18151666626255814,0.6290169066923361,0.5965765521344522,1.1396967309142783,20,6,0.6261091129264161,0.7790886441912108,0.4060083230502414,0.15322289150179305,0.3479862428505219,0.3214791461974553,0.7803509972379812,20,3,0.34504684464533425,0.4739585430629968,0.85,0.36634754853252327,1.0,0.0,1.0,20,3,0.7,1.0
own_round_1,win_stay_expertise,180,0,180,0.577960472645941,0.3538577464770842,0.43617621468301193,0.4159899056882147,1.4204565503012736,20,6,0.4343629461483539,0.7289118693443719,0.31720043655329266,0.2943652749660641,0.19925551917917608,0.1842184837740387,1.0183723720544329,20,3,0.19759388947174958,0.4417603788017326,0.85,0.36634754853252327,1.0,0.0,1.0,20,3,0.7,1.0
own_round_1,history_frequency,180,0,180,0.8621891932322479,0.09105269705371455,0.8261174215675058,0.8083795974949648,1.0868548213317248,20,6,0.8264537109774044,0.902939796937904,0.5104507454476898,0.07043385111308069,0.48401651477447455,0.4690671216332496,0.6806007245310868,20,6,0.4827606928041239,0.5418670522399123,0.85,0.36634754853252327,1.0,0.0,1.0,20,3,0.7,1.0
own_round_1,reward_learning,180,0,180,0.6982046110680333,0.18151666626255808,0.6290169066923361,0.5965765521344524,1.1396967309142783,20,6,0.6261091129264161,0.7790886441912108,0.4060083230502414,0.153222891501793,0.34798624285052193,0.32147914619745543,0.780350997237981,20,3,0.3450468446453343,0.4739585430629968,0.85,0.36634754853252327,1.0,0.0,1.0,20,3,0.7,1.0
own_round_1,belief_static,180,0,180,0.6982046110680333,0.18151666626255808,0.6290169066923361,0.5965765521344524,1.1396967309142783,20,6,0.6261091129264161,0.7790886441912108,0.4060083230502414,0.153222891501793,0.34798624285052193,0.32147914619745543,0.780350997237981,20,3,0.3450468446453343,0.4739585430629968,0.85,0.36634754853252327,1.0,0.0,1.0,20,3,0.7,1.0
own_round_1,belief_dynamic,180,0,180,0.6982046110680333,0.18151666626255808,0.6290169066923361,0.5965765521344524,1.1396967309142783,20,6,0.6261091129264161,0.7790886441912108,0.4060083230502414,0.153222891501793,0.34798624285052193,0.32147914619745543,0.780350997237981,20,3,0.3450468446453343,0.4739585430629968,0.85,0.36634754853252327,1.0,0.0,1.0,20,3,0.7,1.0
own_round_1,simple_selected,180,0,180,0.6982046110680333,0.18151666626255808,0.6290169066923361,0.5965765521344524,1.1396967309142783,20,6,0.6261091129264161,0.7790886441912108,0.4060083230502414,0.153222891501793,0.34798624285052193,0.32147914619745543,0.780350997237981,20,3,0.3450468446453343,0.4739585430629968,0.85,0.36634754853252327,1.0,0.0,1.0,20,3,0.7,1.0
own_round_1,belief_selected,180,0,180,0.6982046110680333,0.18151666626255808,0.6290169066923361,0.5965765521344524,1.1396967309142783,20,6,0.6261091129264161,0.7790886441912108,0.4060083230502414,0.153222891501793,0.34798624285052193,0.32147914619745543,0.780350997237981,20,3,0.3450468446453343,0.4739585430629968,0.85,0.36634754853252327,1.0,0.0,1.0,20,3,0.7,1.0
own_late,uniform,900,94,180,1.09861228866811,2.278129578503827e-16,1.0986122886681098,1.0986122886681098,1.0986122886681098,20,0,1.09861228866811,1.09861228866811,0.6666666666666666,1.1390647892519134e-16,0.6666666666666667,0.6666666666666667,0.6666666666666667,20,0,0.6666666666666666,0.6666666666666666,0.3333333333333333,5.695323946259567e-17,0.33333333333333337,0.33333333333333337,0.33333333333333337,20,0,0.3333333333333333,0.3333333333333333
own_late,expertise,900,94,180,2.274661574210403,0.7277229960066451,2.4703857215994973,0.5964311189379541,3.6780453544258247,20,0,1.9540071199772053,2.58282299775919,0.8871666666666667,0.2854265526524544,0.9639333333333333,0.22893333333333332,1.4376000000000002,20,1,0.7614000000000001,1.0080333333333333,0.5475,0.14562579216961957,0.5083333333333333,0.26666666666666666,0.8833333333333333,20,0,0.48583333333333334,0.6116666666666666
own_late,marginal,900,94,180,0.9843254544886779,0.14174601542636675,1.0114272533709636,0.725625912984825,1.2665641215592651,20,0,0.9241843510036997,1.0439509130864866,0.5905745424733885,0.08802824914898359,0.6086986395447367,0.40995550154416327,0.735312985027834,20,0,0.5522141693352369,0.6271507278583617,0.5475,0.14562579216961957,0.5083333333333333,0.26666666666666666,0.8833333333333333,20,0,0.48583333333333334,0.6116666666666666
own_late,repeat_last,900,94,180,0.8605096362875508,0.1494477532194938,0.8813719550221044,0.5329125583726007,1.0689513640757098,20,0,0.7941912539329716,0.923675822717528,0.5039414870705314,0.10051738943529571,0.4994453758087213,0.27246108422138215,0.6285628147799802,20,0,0.45852141659638096,0.5453220890693788,0.6299999999999999,0.1087676852595712,0.6166666666666667,0.48333333333333334,0.8333333333333333,20,0,0.5841666666666667,0.6766874999999998
own_late,win_stay_expertise,900,94,180,0.8889523955426037,0.14124022235926884,0.9063665118131252,0.5970965989447914,1.0807259891942729,20,0,0.8281259036409766,0.949150768201714,0.526976118930529,0.09695365412666222,0.5447792217577119,0.31083946304685034,0.6559538411124834,20,0,0.4848159832182427,0.5679524565802317,0.6174999999999999,0.12430802620956122,0.6083333333333334,0.38333333333333336,0.8666666666666667,20,0,0.5649791666666665,0.6708541666666664
own_late,history_frequency,900,94,180,0.7944207593042518,0.15201159580065382,0.8198102145785204,0.49621141135863384,0.9963616329398534,20,0,0.727017226583517,0.8585662332799762,0.4601804350746977,0.1075536994027927,0.4802122675414029,0.24555453165716765,0.5884097669308687,20,0,0.41291927246153554,0.5055333416207384,0.6724999999999999,0.10306345629461401,0.6333333333333333,0.5166666666666666,0.8666666666666667,20,0,0.6291666666666668,0.7166666666666667
own_late,reward_learning,900,94,180,0.6967794928050939,0.15572773648989038,0.7080253723084465,0.4098217288901979,0.9261707842693123,20,0,0.6287919351865967,0.7622307859239794,0.3988482327792322,0.1011128850429706,0.42028240695765257,0.21121766517677584,0.5343270871279869,20,0,0.35457714440427057,0.44140122632931533,0.7166666666666666,0.0952067617629132,0.7,0.5666666666666667,0.8666666666666666,20,0,0.6758333333333333,0.7583333333333333
own_late,belief_static,900,94,180,0.7510177081259055,0.17595722746717093,0.7586851286500891,0.3634910307631014,1.01792672784536,20,0,0.6737292851290078,0.8256557537426487,0.42834955382526607,0.1100009960612813,0.43100334411835317,0.1944897380055603,0.6221693210772314,20,0,0.3804226218360332,0.4754755856093125,0.6866666666666666,0.1035340438967494,0.6833333333333333,0.4166666666666667,0.8666666666666666,20,2,0.6399999999999999,0.7300000000000001
own_late,belief_dynamic,900,94,180,0.7065935894995881,0.15914818314412632,0.7200065201033432,0.40626382540021777,0.9688453500592868,20,0,0.6378375435957248,0.775434396002863,0.40522627867004585,0.10272196360292356,0.4168551139600343,0.20538347283934766,0.5870449155546913,20,0,0.36038896664871134,0.44944117395717176,0.6991666666666666,0.09152301343544197,0.6833333333333333,0.5333333333333333,0.8666666666666666,20,0,0.6599999999999999,0.7391666666666665
own_late,simple_selected,900,94,180,0.6967794928050939,0.15572773648989038,0.7080253723084465,0.4098217288901979,0.9261707842693123,20,0,0.6287919351865967,0.7622307859239794,0.3988482327792322,0.1011128850429706,0.42028240695765257,0.21121766517677584,0.5343270871279869,20,0,0.35457714440427057,0.44140122632931533,0.7166666666666666,0.0952067617629132,0.7,0.5666666666666667,0.8666666666666666,20,0,0.6758333333333333,0.7583333333333333
own_late,belief_selected,900,94,180,0.7065935894995881,0.15914818314412632,0.7200065201033432,0.40626382540021777,0.9688453500592868,20,0,0.6378375435957248,0.775434396002863,0.40522627867004585,0.10272196360292356,0.4168551139600343,0.20538347283934766,0.5870449155546913,20,0,0.36038896664871134,0.44944117395717176,0.6991666666666666,0.09152301343544197,0.6833333333333333,0.5333333333333333,0.8666666666666666,20,0,0.6599999999999999,0.7391666666666665
swap_post,uniform,1200,207,120,1.09861228866811,2.278129578503827e-16,1.0986122886681098,1.0986122886681098,1.0986122886681098,20,0,1.09861228866811,1.09861228866811,0.6666666666666666,1.1390647892519134e-16,0.6666666666666667,0.6666666666666667,0.6666666666666667,20,0,0.6666666666666666,0.6666666666666666,0.3333333333333333,5.695323946259567e-17,0.33333333333333337,0.33333333333333337,0.33333333333333337,20,0,0.3333333333333333,0.3333333333333333
swap_post,expertise,1200,207,120,2.1872103594195305,0.5813776543503143,2.137238236681889,1.1794392175437676,3.344897869508217,20,0,1.9456784328542647,2.4412353166692062,0.8528666666666668,0.2280271759735145,0.8332666666666666,0.4576,1.3069333333333333,20,0,0.7581333333333333,0.9525,0.5650000000000001,0.11634039590485433,0.575,0.33333333333333337,0.7666666666666666,20,0,0.5141666666666665,0.6133333333333333
swap_post,marginal,1200,207,120,0.9498353288686816,0.10543007729602293,0.9496974417465688,0.8028421861371424,1.2473263130463015,20,1,0.9080817364174044,0.9977616994734614,0.5716436187786094,0.06683626327137243,0.5714270654258975,0.47179710331918134,0.7432966482678698,20,1,0.5446058219279838,0.6012356260990391,0.5650000000000001,0.11634039590485433,0.575,0.33333333333333337,0.7666666666666666,20,0,0.5141666666666665,0.6133333333333333
swap_post,repeat_last,1200,207,120,0.9026085904470433,0.133006554859285,0.8940698283920385,0.6706615966480773,1.2359033261222927,20,1,0.8467569180789094,0.9604318856457222,0.5372786299146353,0.09433369320807364,0.528508383192983,0.3784221639660304,0.7864836487761261,20,1,0.49815966830961483,0.5787351961213328,0.5958333333333333,0.10483557161585655,0.5916666666666666,0.3666666666666667,0.8166666666666667,20,0,0.5516458333333332,0.6408333333333333
swap_post,win_stay_expertise,1200,207,120,0.9047045853798436,0.10560873851168075,0.9143075649786103,0.6979362450117916,1.1523040893139962,20,0,0.8599106987753637,0.9504864306313658,0.5387735660713651,0.07559340766545801,0.5394739227610181,0.3992221977844666,0.7184572112066707,20,0,0.5069065049791242,0.5714992792107114,0.6099999999999999,0.0967906041546987,0.625,0.35000000000000003,0.75,20,1,0.5666458333333333,0.6491666666666667
swap_post,history_frequency,1200,207,120,0.8466026239436806,0.13705651526187101,0.8623819874160727,0.6011210758904137,1.179143993689745,20,3,0.7880918140325968,0.9052660505781822,0.4994756050263159,0.09816288402942151,0.505645306247247,0.3249556496733888,0.7416793841680686,20,1,0.4569137343088399,0.5424867794096605,0.6308333333333334,0.09841952808651305,0.6416666666666666,0.3666666666666667,0.8,20,1,0.5866666666666667,0.6725000000000001
swap_post,reward_learning,1200,207,120,0.763397253235405,0.15091797341416513,0.7701427409305166,0.5206164431482334,1.1531584750359585,20,1,0.6994259247555323,0.8314567697253802,0.4426978092177952,0.10015652939622566,0.446146670145414,0.2836051220793985,0.6967501610179023,20,1,0.40020031448401666,0.487719578110119,0.6733333333333333,0.08742582486771953,0.675,0.48333333333333334,0.8166666666666667,20,4,0.6358124999999998,0.71
swap_post,belief_static,1200,207,120,0.816876456881519,0.16200119411581707,0.8120287434402709,0.5238656822308152,1.20009936220245,20,0,0.7488892964064766,0.8880202049894722,0.4684257515662627,0.10292964936950193,0.4741975611042089,0.2889652667677962,0.7111389853403622,20,0,0.42510529868399105,0.5134976325907186,0.6741666666666666,0.0957388932070693,0.6833333333333333,0.4166666666666667,0.8166666666666667,20,1,0.6299999999999999,0.7133333333333333
swap_post,belief_dynamic,1200,207,120,0.7662208506705798,0.14603777977830212,0.7729172722491657,0.5264070993958005,1.158851752743166,20,1,0.7054301590476025,0.8330671952165629,0.4434359097455044,0.0957256207652833,0.4371513789451418,0.2937141101708769,0.7026453966169611,20,1,0.40381299287074457,0.48699373527395357,0.665,0.08981787941155311,0.675,0.4166666666666667,0.7999999999999999,20,1,0.6233333333333333,0.7016666666666665
swap_post,simple_selected,1200,207,120,0.763397253235405,0.15091797341416513,0.7701427409305166,0.5206164431482334,1.1531584750359585,20,1,0.6994259247555323,0.8314567697253802,0.4426978092177952,0.10015652939622566,0.446146670145414,0.2836051220793985,0.6967501610179023,20,1,0.40020031448401666,0.487719578110119,0.6733333333333333,0.08742582486771953,0.675,0.48333333333333334,0.8166666666666667,20,4,0.6358124999999998,0.71
swap_post,belief_selected,1200,207,120,0.7662208506705798,0.14603777977830212,0.7729172722491657,0.5264070993958005,1.158851752743166,20,1,0.7054301590476025,0.8330671952165629,0.4434359097455044,0.0957256207652833,0.4371513789451418,0.2937141101708769,0.7026453966169611,20,1,0.40381299287074457,0.48699373527395357,0.665,0.08981787941155311,0.675,0.4166666666666667,0.7999999999999999,20,1,0.6233333333333333,0.7016666666666665
swap_late,uniform,600,63,120,1.09861228866811,2.278129578503827e-16,1.0986122886681098,1.0986122886681098,1.0986122886681098,20,0,1.09861228866811,1.09861228866811,0.6666666666666666,1.1390647892519134e-16,0.6666666666666667,0.6666666666666667,0.6666666666666667,20,0,0.6666666666666666,0.6666666666666666,0.3333333333333333,5.695323946259567e-17,0.33333333333333337,0.33333333333333337,0.33333333333333337,20,0,0.3333333333333333,0.3333333333333333
swap_late,expertise,600,63,120,2.003979242714846,0.6846181881606519,1.8457341873789828,1.1794392175437673,3.511471611967021,20,0,1.72913256765782,2.3038119791406935,0.781,0.2685200418320708,0.7189333333333333,0.4576,1.3722666666666665,20,0,0.6732,0.8986000000000001,0.6016666666666667,0.13700002134289332,0.6333333333333334,0.30000000000000004,0.7666666666666667,20,0,0.5416666666666666,0.6566666666666666
swap_late,marginal,600,63,120,0.9208860111076694,0.11786992604380353,0.8961499803967607,0.774937909664197,1.2789936142271996,20,3,0.8754420204168347,0.9745869862475213,0.5519447779607926,0.0753790980203504,0.5388949955452598,0.46640733786485183,0.7631542605351207,20,1,0.5225549693326728,0.5870049856905966,0.6016666666666667,0.13700002134289332,0.6333333333333334,0.30000000000000004,0.7666666666666667,20,0,0.5416666666666666,0.6566666666666666
swap_late,repeat_last,600,63,120,0.8626725416744531,0.16242719548124493,0.8261340372100338,0.5472673015040849,1.231571774706162,20,3,0.7960458743487492,0.9343605243321953,0.5106865890922545,0.11850348330155787,0.47714839667042164,0.281786390873661,0.8032697267242823,20,3,0.46256221977741474,0.5634177621692947,0.6166666666666667,0.13786169864475187,0.6500000000000001,0.3333333333333333,0.8333333333333334,20,1,0.555,0.675
swap_late,win_stay_expertise,600,63,120,0.8633308205738459,0.12050480258952333,0.8398800622331009,0.6535382948365145,1.059087305581594,20,0,0.8139415765758348,0.9148030278068048,0.5104038798492037,0.08686862271495426,0.49836108591890216,0.3632683247924987,0.6590160764403328,20,0,0.4742335886229205,0.5482884746486544,0.6449999999999999,0.10883487143267126,0.6666666666666667,0.43333333333333335,0.8333333333333334,20,0,0.5966666666666667,0.6900000000000001
swap_late,history_frequency,600,63,120,0.8112650563411767,0.1709003373578227,0.7604546014228074,0.49237073058031605,1.182662651693022,20,3,0.7407389022838358,0.8877870325406273,0.4758710603705989,0.12566744842620564,0.4398483262909838,0.25249447344114895,0.7557272108094722,20,3,0.4247211901957913,0.5323645155928586,0.6516666666666667,0.13177821168927506,0.6666666666666667,0.3333333333333333,0.8333333333333334,20,3,0.5916666666666667,0.7033333333333335
swap_late,reward_learning,600,63,120,0.7265348046624751,0.1848604020992911,0.6915502257372912,0.37060302683118246,1.117270947171203,20,1,0.6516514182518882,0.8081975477113041,0.4189445354828408,0.12690173119051623,0.3951443275397135,0.18167830221233594,0.6801224039897311,20,1,0.36611555823306813,0.47439174710962834,0.6966666666666668,0.10479721437304944,0.7166666666666668,0.5,0.8333333333333334,20,0,0.6500000000000001,0.74
swap_late,belief_static,600,63,120,0.7904535927950528,0.2218570637739568,0.7486534929299515,0.3555381625507983,1.219096836722925,20,3,0.6985969143581259,0.8865501455492187,0.4547307366807637,0.14228625612720908,0.42609339279935277,0.1778468764924245,0.71910620076336,20,0,0.3956310992169445,0.5162056420100272,0.6833333333333333,0.124487252453381,0.7333333333333334,0.3666666666666667,0.8666666666666667,20,1,0.6283333333333333,0.735
swap_late,belief_dynamic,600,63,120,0.7298415676829559,0.1829142216025334,0.6807135219321652,0.4158334185508241,1.123280892613666,20,0,0.6562794454119019,0.8097788031146752,0.4201873609111592,0.12184416164225223,0.3879576890410991,0.2103577133585246,0.6822456473635448,20,0,0.37024257868580973,0.4738352090680393,0.6883333333333332,0.11958749763517622,0.7333333333333334,0.4,0.8666666666666667,20,1,0.635,0.7366666666666667
swap_late,simple_selected,600,63,120,0.7265348046624751,0.1848604020992911,0.6915502257372912,0.37060302683118246,1.117270947171203,20,1,0.6516514182518882,0.8081975477113041,0.4189445354828408,0.12690173119051623,0.3951443275397135,0.18167830221233594,0.6801224039897311,20,1,0.36611555823306813,0.47439174710962834,0.6966666666666668,0.10479721437304944,0.7166666666666668,0.5,0.8333333333333334,20,0,0.6500000000000001,0.74
swap_late,belief_selected,600,63,120,0.7298415676829559,0.1829142216025334,0.6807135219321652,0.4158334185508241,1.123280892613666,20,0,0.6562794454119019,0.8097788031146752,0.4201873609111592,0.12184416164225223,0.3879576890410991,0.2103577133585246,0.6822456473635448,20,0,0.37024257868580973,0.4738352090680393,0.6883333333333332,0.11958749763517622,0.7333333333333334,0.4,0.8666666666666667,20,1,0.635,0.7366666666666667
condition:full_history,uniform,1140,148,60,1.09861228866811,2.278129578503827e-16,1.0986122886681098,1.0986122886681098,1.0986122886681098,20,0,1.09861228866811,1.09861228866811,0.6666666666666666,1.1390647892519134e-16,0.6666666666666667,0.6666666666666667,0.6666666666666667,20,0,0.6666666666666666,0.6666666666666666,0.33333333333333326,5.695323946259567e-17,0.3333333333333333,0.3333333333333333,0.3333333333333333,20,0,0.33333333333333326,0.33333333333333326
condition:full_history,expertise,1140,148,60,2.402441168754458,0.8262856303704922,2.468193961830302,0.8901269280100554,4.221601777186132,20,0,2.056143125221682,2.7575062513640143,0.9372842105263158,0.3240846589665227,0.9630736842105263,0.3441263157894737,1.6507929824561405,20,0,0.8014596491228069,1.0765473684210527,0.5219298245614035,0.16534931579924625,0.5087719298245614,0.15789473684210525,0.8245614035087718,20,0,0.45087719298245615,0.5912280701754385
condition:full_history,marginal,1140,148,60,0.9856207420477201,0.155237866017566,1.002157831518741,0.7336660945803499,1.2445755591988443,20,0,0.9187598955564408,1.0512778773761382,0.5964432013192984,0.09581542621508175,0.6074295280868254,0.42876515162775114,0.7417938980277431,20,0,0.5548736124632255,0.6370733288479439,0.5219298245614035,0.16534931579924625,0.5087719298245614,0.15789473684210525,0.8245614035087718,20,0,0.45087719298245615,0.5912280701754385
condition:full_history,repeat_last,1140,148,60,0.8718736796965494,0.1449423513202126,0.864315741398795,0.550358772246234,1.1090925854403961,20,0,0.8084057375214935,0.934094918321894,0.5162350997280994,0.09562381075097334,0.5153406437159571,0.3014559945805221,0.6916415982391759,20,0,0.47461419584157627,0.5573910369722309,0.6271929824561402,0.08440171433090729,0.631578947368421,0.47368421052631576,0.8070175438596491,20,1,0.5903508771929825,0.6640350877192982
condition:full_history,win_stay_expertise,1140,148,60,0.9019376350946908,0.15629010835520313,0.8820000423046572,0.6307898527781003,1.1707280248511338,20,0,0.8351683071008483,0.9702403640926839,0.5401474223673625,0.1092597996075059,0.5319818366035493,0.353476331765745,0.7751843556346869,20,0,0.4937777579923413,0.588321604962003,0.607017543859649,0.12884509860794796,0.6228070175438596,0.38596491228070173,0.8070175438596491,20,0,0.55,0.6614035087719299
condition:full_history,history_frequency,1140,148,60,0.820675653230898,0.1352602000095883,0.8171220238691419,0.5443326023844088,1.0708125646619155,20,0,0.7616824024845736,0.879497132986446,0.47976167146386234,0.09567427521956816,0.48288542859086797,0.29096799460520106,0.6668061185572625,20,0,0.4381555291256221,0.5213809020807822,0.6578947368421052,0.08622926546411844,0.6491228070175439,0.47368421052631576,0.8245614035087718,20,1,0.6201535087719297,0.6956140350877192
condition:full_history,reward_learning,1140,148,60,0.7323750438921697,0.11899870827062303,0.7302489906435851,0.5043955043242534,0.9320490624273963,20,1,0.6800557469576406,0.783797628413515,0.4255430983437127,0.08144604497340613,0.42143634673377006,0.26069395133523854,0.5667023637579744,20,0,0.3903479952003538,0.4605893634336482,0.6877192982456138,0.07712579969105751,0.6842105263157894,0.5438596491228069,0.8421052631578947,20,3,0.6543859649122807,0.7228070175438597
condition:full_history,belief_static,1140,148,60,0.749532519596735,0.12758028439900848,0.7580860667914286,0.5097258099736068,0.9391168484470465,20,0,0.6929732146330426,0.8031249992781564,0.4330675543057727,0.08644693884465997,0.43084267831371004,0.25587838594140655,0.5595476889791354,20,0,0.39535154856018495,0.46946797499589,0.675438596491228,0.08753443123665847,0.6842105263157894,0.5087719298245614,0.8596491228070176,20,0,0.637719298245614,0.7140350877192982
condition:full_history,belief_dynamic,1140,148,60,0.7402540150503142,0.12780716078084395,0.7408758334026841,0.5211585956274751,0.953369149019496,20,0,0.6831007920035358,0.7949069860902498,0.43134016936469355,0.08647012821543075,0.431202751447856,0.26870008541623447,0.5690651423100743,20,0,0.39341138994454933,0.4683294916127752,0.6701754385964912,0.08606002238543448,0.675438596491228,0.5087719298245614,0.8245614035087718,20,0,0.6333333333333333,0.7078947368421052
condition:full_history,simple_selected,1140,148,60,0.7323750438921697,0.11899870827062303,0.7302489906435851,0.5043955043242534,0.9320490624273963,20,1,0.6800557469576406,0.783797628413515,0.4255430983437127,0.08144604497340613,0.42143634673377006,0.26069395133523854,0.5667023637579744,20,0,0.3903479952003538,0.4605893634336482,0.6877192982456138,0.07712579969105751,0.6842105263157894,0.5438596491228069,0.8421052631578947,20,3,0.6543859649122807,0.7228070175438597
condition:full_history,belief_selected,1140,148,60,0.7402540150503142,0.12780716078084395,0.7408758334026841,0.5211585956274751,0.953369149019496,20,0,0.6831007920035358,0.7949069860902498,0.43134016936469355,0.08647012821543075,0.431202751447856,0.26870008541623447,0.5690651423100743,20,0,0.39341138994454933,0.4683294916127752,0.6701754385964912,0.08606002238543448,0.675438596491228,0.5087719298245614,0.8245614035087718,20,0,0.6333333333333333,0.7078947368421052
condition:no_history,uniform,1140,0,60,1.09861228866811,2.278129578503827e-16,1.0986122886681098,1.0986122886681098,1.0986122886681098,20,0,1.09861228866811,1.09861228866811,0.6666666666666666,1.1390647892519134e-16,0.6666666666666667,0.6666666666666667,0.6666666666666667,20,0,0.6666666666666666,0.6666666666666666,0.33333333333333326,5.695323946259567e-17,0.3333333333333333,0.3333333333333333,0.3333333333333333,20,0,0.33333333333333326,0.33333333333333326
condition:no_history,expertise,1140,0,60,1.0260160337001323,0.46170103302820636,0.9339621233939511,0.27643419263551516,1.8545012264557617,20,0,0.8287576544726013,1.2232744129276631,0.3974245614035088,0.18108776957230388,0.36131929824561404,0.10342456140350875,0.7223719298245614,20,0,0.32005614035087715,0.4747929824561403,0.7973684210526316,0.09239171916954278,0.8157894736842105,0.631578947368421,0.9473684210526315,20,0,0.7578947368421052,0.8368421052631578
condition:no_history,marginal,1140,0,60,0.7364006082247924,0.0632195605212343,0.7220120480627505,0.6533065458777312,0.877677184015007,20,0,0.7099913880364903,0.7634163735438425,0.43210003919712553,0.04583875646972364,0.42998716520020763,0.3630149933672441,0.5186927048641169,20,0,0.4123930003722723,0.4516039894545467,0.7973684210526316,0.09239171916954278,0.8157894736842105,0.631578947368421,0.9473684210526315,20,0,0.7578947368421052,0.8368421052631578
condition:no_history,repeat_last,1140,0,60,0.7364006082247924,0.0632195605212343,0.7220120480627505,0.6533065458777312,0.877677184015007,20,0,0.7099913880364903,0.7634163735438425,0.43210003919712553,0.04583875646972364,0.42998716520020763,0.3630149933672441,0.5186927048641169,20,0,0.4123930003722723,0.4516039894545467,0.7973684210526316,0.09239171916954278,0.8157894736842105,0.631578947368421,0.9473684210526315,20,0,0.7578947368421052,0.8368421052631578
condition:no_history,win_stay_expertise,1140,0,60,0.6411550877404748,0.10166429980847948,0.6283027034500661,0.486653302780947,0.8326171695135103,20,0,0.5976327544259242,0.6846847094105418,0.3625586973476664,0.07783720974101385,0.35101936883617735,0.23772638740178748,0.5058897908653012,20,0,0.32874736983931296,0.39625812659774595,0.7973684210526316,0.09239171916954278,0.8157894736842105,0.631578947368421,0.9473684210526315,20,0,0.7578947368421052,0.8368421052631578
condition:no_history,history_frequency,1140,0,60,0.8813391680707093,0.03295059945098851,0.871186959943321,0.8367122519396509,0.9531981817126194,20,0,0.8672288545355343,0.8954963750188173,0.5236119862376205,0.02310516452124633,0.5200836780956483,0.4912034327051635,0.5704959601737274,20,0,0.5138724188399936,0.5334600635575373,0.7973684210526316,0.09239171916954278,0.8157894736842105,0.631578947368421,0.9473684210526315,20,0,0.7578947368421052,0.8368421052631578
condition:no_history,reward_learning,1140,0,60,0.7364006082247925,0.06321956052123423,0.7220120480627505,0.6533065458777314,0.877677184015007,20,0,0.7099913880364905,0.7634163735438425,0.4321000391971256,0.045838756469723616,0.42998716520020774,0.3630149933672441,0.5186927048641169,20,0,0.41239300037227233,0.4516039894545467,0.7973684210526316,0.09239171916954278,0.8157894736842105,0.631578947368421,0.9473684210526315,20,0,0.7578947368421052,0.8368421052631578
condition:no_history,belief_static,1140,0,60,0.7364006082247925,0.06321956052123423,0.7220120480627505,0.6533065458777314,0.877677184015007,20,0,0.7099913880364905,0.7634163735438425,0.4321000391971256,0.045838756469723616,0.42998716520020774,0.3630149933672441,0.5186927048641169,20,0,0.41239300037227233,0.4516039894545467,0.7973684210526316,0.09239171916954278,0.8157894736842105,0.631578947368421,0.9473684210526315,20,0,0.7578947368421052,0.8368421052631578
condition:no_history,belief_dynamic,1140,0,60,0.7364006082247925,0.06321956052123423,0.7220120480627505,0.6533065458777314,0.877677184015007,20,0,0.7099913880364905,0.7634163735438425,0.4321000391971256,0.045838756469723616,0.42998716520020774,0.3630149933672441,0.5186927048641169,20,0,0.41239300037227233,0.4516039894545467,0.7973684210526316,0.09239171916954278,0.8157894736842105,0.631578947368421,0.9473684210526315,20,0,0.7578947368421052,0.8368421052631578
condition:no_history,simple_selected,1140,0,60,0.7364006082247925,0.06321956052123423,0.7220120480627505,0.6533065458777314,0.877677184015007,20,0,0.7099913880364905,0.7634163735438425,0.4321000391971256,0.045838756469723616,0.42998716520020774,0.3630149933672441,0.5186927048641169,20,0,0.41239300037227233,0.4516039894545467,0.7973684210526316,0.09239171916954278,0.8157894736842105,0.631578947368421,0.9473684210526315,20,0,0.7578947368421052,0.8368421052631578
condition:no_history,belief_selected,1140,0,60,0.7364006082247925,0.06321956052123423,0.7220120480627505,0.6533065458777314,0.877677184015007,20,0,0.7099913880364905,0.7634163735438425,0.4321000391971256,0.045838756469723616,0.42998716520020774,0.3630149933672441,0.5186927048641169,20,0,0.41239300037227233,0.4516039894545467,0.7973684210526316,0.09239171916954278,0.8157894736842105,0.631578947368421,0.9473684210526315,20,0,0.7578947368421052,0.8368421052631578
condition:random_target,uniform,1140,165,60,1.09861228866811,2.278129578503827e-16,1.0986122886681098,1.0986122886681098,1.0986122886681098,20,0,1.09861228866811,1.09861228866811,0.6666666666666666,1.1390647892519134e-16,0.6666666666666667,0.6666666666666667,0.6666666666666667,20,0,0.6666666666666666,0.6666666666666666,0.33333333333333326,5.695323946259567e-17,0.3333333333333333,0.3333333333333333,0.3333333333333333,20,0,0.33333333333333326,0.33333333333333326
condition:random_target,expertise,1140,165,60,2.4857280399838606,0.9802260369224851,2.5558643525980935,0.8901269280100554,4.221601777186132,20,0,2.0649101642984613,2.915312954746038,0.9699508771929825,0.3844629619707766,0.9974596491228072,0.3441263157894737,1.6507929824561405,20,0,0.8048982456140351,1.1384421052631577,0.5052631578947369,0.1961545724340697,0.49122807017543857,0.15789473684210525,0.8245614035087718,20,0,0.4192982456140351,0.5894736842105261
condition:random_target,marginal,1140,165,60,0.9946975445877568,0.1601500899965462,1.0024452721777628,0.7421871987146546,1.4026676870985513,20,0,0.9274710992369276,1.0666552911603688,0.6035652012808672,0.1059985697852043,0.6061109887044995,0.43599637316461637,0.8477199947591663,20,0,0.5580536395260631,0.650247057813883,0.5052631578947369,0.1961545724340697,0.49122807017543857,0.15789473684210525,0.8245614035087718,20,0,0.4192982456140351,0.5894736842105261
condition:random_target,repeat_last,1140,165,60,0.9338194842351889,0.1490296794159058,0.96916257387639,0.5710180978848101,1.1578777164844514,20,1,0.8684038414029016,0.9967980280008247,0.5628155193491674,0.10036867225626235,0.5777315271283386,0.3204929385285631,0.724784696949808,20,1,0.5182422542987121,0.6052389599119501,0.5763157894736841,0.11330828832870872,0.5701754385964912,0.3157894736842105,0.7894736842105263,20,1,0.525438596491228,0.6245614035087719
condition:random_target,win_stay_expertise,1140,165,60,0.9517757052847738,0.16162431093248297,1.0002982515307668,0.6392656921466218,1.2305058432948353,20,0,0.8806322932225854,1.0198351853514622,0.5765135809130284,0.1146264294281839,0.6086306236368065,0.3614845565308341,0.7607419796715041,20,0,0.5264996182996133,0.6249474988654814,0.5552631578947369,0.13327925714900912,0.5350877192982455,0.2807017543859649,0.7894736842105263,20,0,0.49734649122807,0.612280701754386
condition:random_target,history_frequency,1140,165,60,0.8945758673233591,0.14297152268873725,0.9422591167304252,0.575203264336963,1.0518950243690428,20,0,0.8310174555310803,0.9547129431207301,0.5326993976808735,0.09980087037416097,0.5544278012691306,0.315406297502707,0.668829795017539,20,0,0.48856541109790175,0.5745567272294325,0.606140350877193,0.09378389431733591,0.5964912280701754,0.43859649122807015,0.8070175438596491,20,0,0.5666666666666667,0.6464912280701754
condition:random_target,reward_learning,1140,165,60,0.8256438258778125,0.12124130497769436,0.8429820568844772,0.5784257590799997,0.9735586598848411,20,0,0.7725211420948519,0.8757796197473311,0.49150122061397383,0.0828859451325915,0.4954105768673588,0.33017875374154676,0.6053163446706875,20,0,0.45553345723960303,0.5263966482336391,0.6236842105263157,0.0958342445405482,0.6228070175438596,0.49122807017543857,0.7894736842105263,20,0,0.5841885964912281,0.6649122807017543
condition:random_target,belief_static,1140,165,60,0.8489234281321145,0.10970997875621129,0.8583546405874838,0.662188278584233,1.0249293397930612,20,0,0.8009497383416913,0.8942103818228897,0.5018528978616082,0.073719693781457,0.5021141626078474,0.38232158239105385,0.6212623853030946,20,0,0.4708615677106357,0.533073059766355,0.6157894736842107,0.07527629688566756,0.6228070175438596,0.5087719298245614,0.7368421052631579,20,0,0.584188596491228,0.6482456140350876
condition:random_target,belief_dynamic,1140,165,60,0.8297023579342332,0.11217794809478011,0.8549747208202343,0.6152133686323962,0.9834115911667346,20,0,0.7809682001954263,0.8759817174498962,0.4925646444483792,0.07535340210781302,0.4859604185099833,0.3577664863013508,0.6219678488560396,20,0,0.45993215335400806,0.5246402965732798,0.618421052631579,0.08087319699379726,0.6228070175438596,0.47368421052631576,0.7894736842105263,20,0,0.5833333333333333,0.6535087719298244
condition:random_target,simple_selected,1140,165,60,0.8256438258778125,0.12124130497769436,0.8429820568844772,0.5784257590799997,0.9735586598848411,20,0,0.7725211420948519,0.8757796197473311,0.49150122061397383,0.0828859451325915,0.4954105768673588,0.33017875374154676,0.6053163446706875,20,0,0.45553345723960303,0.5263966482336391,0.6236842105263157,0.0958342445405482,0.6228070175438596,0.49122807017543857,0.7894736842105263,20,0,0.5841885964912281,0.6649122807017543
condition:random_target,belief_selected,1140,165,60,0.8297023579342332,0.11217794809478011,0.8549747208202343,0.6152133686323962,0.9834115911667346,20,0,0.7809682001954263,0.8759817174498962,0.4925646444483792,0.07535340210781302,0.4859604185099833,0.3577664863013508,0.6219678488560396,20,0,0.45993215335400806,0.5246402965732798,0.618421052631579,0.08087319699379726,0.6228070175438596,0.47368421052631576,0.7894736842105263,20,0,0.5833333333333333,0.6535087719298244
condition:shuffled_history,uniform,1140,148,60,1.09861228866811,2.278129578503827e-16,1.0986122886681098,1.0986122886681098,1.0986122886681098,20,0,1.09861228866811,1.09861228866811,0.6666666666666666,1.1390647892519134e-16,0.6666666666666667,0.6666666666666667,0.6666666666666667,20,0,0.6666666666666666,0.6666666666666666,0.33333333333333326,5.695323946259567e-17,0.3333333333333333,0.3333333333333333,0.3333333333333333,20,0,0.33333333333333326,0.33333333333333326
condition:shuffled_history,expertise,1140,148,60,2.476961000907081,0.8427789197970381,2.3805235710625103,1.0654677095456384,4.396942558721714,20,0,2.1175123987591364,2.8364096030550265,0.9665122807017544,0.3305536351686644,0.9286877192982456,0.41289824561403504,1.7195649122807017,20,0,0.8255298245614036,1.1074947368421053,0.5070175438596491,0.16864981386156344,0.5263157894736842,0.12280701754385964,0.7894736842105263,20,0,0.4350877192982455,0.5789473684210525
condition:shuffled_history,marginal,1140,148,60,0.998943361046831,0.1546426734981837,1.0047247414768474,0.7578772643301681,1.2825252558330196,20,0,0.9338856034658745,1.064729096816914,0.6053494675324765,0.09630847086400729,0.6194677670333777,0.44283213727368415,0.7523865077008853,20,0,0.5646127632277222,0.6466402903459665,0.5070175438596491,0.16864981386156344,0.5263157894736842,0.12280701754385964,0.7894736842105263,20,0,0.4350877192982455,0.5789473684210525
condition:shuffled_history,repeat_last,1140,148,60,0.8826949163352147,0.14701874876690482,0.9204943389534417,0.5739397993066844,1.0939450098936598,20,0,0.8177301043474952,0.9448512774672977,0.5206488047875718,0.09709759462403726,0.547720506211863,0.3084894874034886,0.6710307337285015,20,0,0.47681533677021065,0.5612728258606522,0.6271929824561404,0.08797285606806407,0.631578947368421,0.49122807017543857,0.8070175438596491,20,0,0.5903508771929823,0.6666666666666666
condition:shuffled_history,win_stay_expertise,1140,148,60,0.9236849850469839,0.16198496488375896,0.9134912865249067,0.6547867044312157,1.1846179007205133,20,0,0.8549108438620798,0.9941690080463601,0.5537043150097021,0.1114321365140251,0.5397295394983023,0.36402657100019475,0.7821754780189609,20,0,0.5061186953810248,0.6015640532524986,0.5964912280701754,0.1252235531535711,0.5877192982456141,0.38596491228070173,0.8070175438596491,20,0,0.5429824561403509,0.6508771929824562
condition:shuffled_history,history_frequency,1140,148,60,0.8282555202257441,0.13361700570922397,0.8287698628534708,0.5580582429582299,1.0420659637655683,20,0,0.7697855587679063,0.8859914327167938,0.48278810850415377,0.09421904766051638,0.492396307415631,0.28125325378906074,0.6509676702589313,20,0,0.44095812040158117,0.5231681969345171,0.6570175438596492,0.08697281637254685,0.6666666666666666,0.5087719298245614,0.8245614035087718,20,0,0.6192982456140351,0.6956140350877192
condition:shuffled_history,reward_learning,1140,148,60,0.750758067302123,0.13268494267184913,0.7635808825516353,0.4606700432890858,1.0274384447679203,20,0,0.6937377369268584,0.8090383456098383,0.43754870700596504,0.08879828822725211,0.45987180955632456,0.23048027856539954,0.5969067667086552,20,0,0.39864765341471675,0.47546415063323777,0.6745614035087719,0.08316428399390463,0.675438596491228,0.5263157894736842,0.8596491228070176,20,1,0.6394736842105262,0.7114035087719298
condition:shuffled_history,belief_static,1140,148,60,0.7690428411467511,0.13993798284203796,0.7775257887759538,0.4494340793420061,1.0284157020565148,20,0,0.7077792899695686,0.8290160761526387,0.4442639110655696,0.09397284672162919,0.44051105258038126,0.22100337890601648,0.6055395742657044,20,0,0.40289532995738003,0.4840378423388647,0.6666666666666667,0.09248372318041673,0.675438596491228,0.49122807017543857,0.8771929824561403,20,0,0.6271929824561403,0.7078947368421051
condition:shuffled_history,belief_dynamic,1140,148,60,0.7593837709306345,0.1353872219843555,0.7613599175945731,0.47151292055209365,1.015440693138728,20,0,0.6995434322489302,0.8173108656242235,0.4422877076969615,0.09110836872495634,0.452159573450408,0.2350237128277371,0.5965724733667142,20,0,0.40232793255740823,0.48158529031640224,0.6596491228070175,0.0893477650331808,0.675438596491228,0.49122807017543857,0.8421052631578947,20,0,0.6210526315789473,0.6982456140350877
condition:shuffled_history,simple_selected,1140,148,60,0.750758067302123,0.13268494267184913,0.7635808825516353,0.4606700432890858,1.0274384447679203,20,0,0.6937377369268584,0.8090383456098383,0.43754870700596504,0.08879828822725211,0.45987180955632456,0.23048027856539954,0.5969067667086552,20,0,0.39864765341471675,0.47546415063323777,0.6745614035087719,0.08316428399390463,0.675438596491228,0.5263157894736842,0.8596491228070176,20,1,0.6394736842105262,0.7114035087719298
condition:shuffled_history,belief_selected,1140,148,60,0.7593837709306345,0.1353872219843555,0.7613599175945731,0.47151292055209365,1.015440693138728,20,0,0.6995434322489302,0.8173108656242235,0.4422877076969615,0.09110836872495634,0.452159573450408,0.2350237128277371,0.5965724733667142,20,0,0.40232793255740823,0.48158529031640224,0.6596491228070175,0.0893477650331808,0.675438596491228,0.49122807017543857,0.8421052631578947,20,0,0.6210526315789473,0.6982456140350877
condition:swap,uniform,2280,272,120,1.0986122886681098,2.278129578503827e-16,1.0986122886681096,1.0986122886681096,1.0986122886681096,20,0,1.0986122886681098,1.0986122886681098,0.6666666666666666,1.1390647892519134e-16,0.6666666666666667,0.6666666666666667,0.6666666666666667,20,0,0.6666666666666666,0.6666666666666666,0.33333333333333326,5.695323946259567e-17,0.3333333333333333,0.3333333333333333,0.3333333333333333,20,0,0.33333333333333326,0.33333333333333326
condition:swap,expertise,2280,272,120,2.218333348142096,0.4292834714587731,2.227100387218875,1.4599844680007,2.818875524901468,20,0,2.036417287298929,2.404632928523653,0.8650736842105264,0.16837299637572126,0.8685122807017545,0.5676350877192982,1.100617543859649,20,0,0.7937228070175439,0.9381438596491225,0.5587719298245613,0.0859045899876129,0.5570175438596492,0.43859649122807015,0.7105263157894737,20,0,0.5214912280701754,0.5951754385964911
condition:swap,marginal,2280,272,120,0.946732569058175,0.08233047184539131,0.9464540833782418,0.8040672657422956,1.1099890399925993,20,0,0.9121685191622811,0.9814996798603046,0.5713387163939512,0.05058529525344678,0.5637200332730113,0.4787905162441113,0.6645290611730791,20,0,0.5499004034820597,0.5926000339681647,0.5587719298245613,0.0859045899876129,0.5570175438596492,0.43859649122807015,0.7105263157894737,20,0,0.5214912280701754,0.5951754385964911
condition:swap,repeat_last,2280,272,120,0.873489638365672,0.10400346344454964,0.8589089293743736,0.6972737728270972,1.098389541922772,20,0,0.8299293499466194,0.9180969574205328,0.5169433016025831,0.0687325864671025,0.5164189885983468,0.40542774713126917,0.6597901075778401,20,1,0.488132110270981,0.5464345750555173,0.6201754385964912,0.06723406308046644,0.631578947368421,0.49999999999999994,0.7280701754385964,20,0,0.5921052631578947,0.6482456140350877
condition:swap,win_stay_expertise,2280,272,120,0.883566622797348,0.08372844351382006,0.8892695225251595,0.730292621062635,1.0806803601335997,20,0,0.8485208152129359,0.9204394125590333,0.5255708639326666,0.055247785037033294,0.5250127867662708,0.42405258318289685,0.649146874921338,20,0,0.5024778424259567,0.5499325641509003,0.6276315789473684,0.06827262115545486,0.6271929824561403,0.4649122807017544,0.7280701754385964,20,0,0.5982456140350877,0.6557127192982456
condition:swap,history_frequency,2280,272,120,0.8302407772162439,0.09188584181019394,0.8232483855627972,0.7111576878228796,1.0353485537379599,20,0,0.7919150432624017,0.8702035233036695,0.48623893151939823,0.06496833903443663,0.4844784432569682,0.39958049813117424,0.6249561129218713,20,0,0.45929420016858924,0.513950962092807,0.6473684210526317,0.07248060640546224,0.6535087719298245,0.49999999999999994,0.763157894736842,20,0,0.6166666666666666,0.6776315789473684
condition:swap,reward_learning,2280,272,120,0.7351379315341867,0.10404735990231491,0.719095436992853,0.5591375967002624,0.9759123987572816,20,0,0.6914354336584976,0.780187677035707,0.4272011577212237,0.06880102934661789,0.41208828382277923,0.31216147010956663,0.5700215849684322,20,0,0.39815805474028776,0.4569121714388049,0.6833333333333333,0.05962331743146115,0.6929824561403508,0.5614035087719298,0.763157894736842,20,0,0.6583333333333333,0.7078947368421052
condition:swap,belief_static,2280,272,120,0.760027624495881,0.11444875998232512,0.7086527148716029,0.5730168439117894,0.9947291939294056,20,0,0.7130571162574105,0.8088856650379801,0.43812355373587836,0.07194334559421688,0.4135320595273925,0.3207642806968455,0.5723688905114039,20,0,0.4084112467917242,0.4687995335737377,0.6842105263157895,0.060439604943160495,0.6929824561403508,0.5526315789473684,0.763157894736842,20,0,0.6578947368421051,0.7092105263157894
condition:swap,belief_dynamic,2280,272,120,0.7332992393979069,0.10488764670470167,0.7085561776776321,0.55251009434227,0.9758520119319305,20,0,0.689884276158965,0.778597417077345,0.42510636815571357,0.0680953646949195,0.4066328845289636,0.3130391834810954,0.5701497804549541,20,0,0.39681253940945455,0.4545550875640102,0.6776315789473684,0.059007123013481176,0.6842105263157894,0.5438596491228069,0.7543859649122806,20,1,0.6513157894736843,0.7017543859649121
condition:swap,simple_selected,2280,272,120,0.7351379315341867,0.10404735990231491,0.719095436992853,0.5591375967002624,0.9759123987572816,20,0,0.6914354336584976,0.780187677035707,0.4272011577212237,0.06880102934661789,0.41208828382277923,0.31216147010956663,0.5700215849684322,20,0,0.39815805474028776,0.4569121714388049,0.6833333333333333,0.05962331743146115,0.6929824561403508,0.5614035087719298,0.763157894736842,20,0,0.6583333333333333,0.7078947368421052
condition:swap,belief_selected,2280,272,120,0.7332992393979069,0.10488764670470167,0.7085561776776321,0.55251009434227,0.9758520119319305,20,0,0.689884276158965,0.778597417077345,0.42510636815571357,0.0680953646949195,0.4066328845289636,0.3130391834810954,0.5701497804549541,20,0,0.39681253940945455,0.4545550875640102,0.6776315789473684,0.059007123013481176,0.6842105263157894,0.5438596491228069,0.7543859649122806,20,1,0.6513157894736843,0.7017543859649121
stable_target:fairness,uniform,380,61,20,1.09861228866811,2.278129578503827e-16,1.0986122886681098,1.0986122886681098,1.0986122886681098,20,0,1.09861228866811,1.09861228866811,0.6666666666666666,1.1390647892519134e-16,0.6666666666666667,0.6666666666666667,0.6666666666666667,20,0,0.6666666666666666,0.6666666666666666,0.33333333333333326,5.695323946259567e-17,0.3333333333333333,0.3333333333333333,0.3333333333333333,20,0,0.33333333333333326,0.33333333333333326
stable_target:fairness,expertise,380,61,20,2.551480833059704,1.1264967421973027,2.906545915669259,0.5394453649388895,4.221601777186132,20,0,2.0649101642984617,3.024900943205778,0.9957403508771929,0.44183306486670476,1.1350035087719297,0.20658245614035084,1.6507929824561403,20,0,0.8048982456140351,1.1814245614035088,0.4921052631578947,0.22542503309525752,0.42105263157894735,0.15789473684210525,0.894736842105263,20,0,0.3973684210526315,0.5894736842105261
stable_target:fairness,marginal,380,61,20,1.1028172540085779,0.29710598465582255,1.0491288357119624,0.7221197641325712,1.759119906432393,20,0,0.9782208298075137,1.2296828072504118,0.6525675551941278,0.1658368979725923,0.6630356884541473,0.4039165901851377,0.9962613491767685,20,0,0.5824365208194794,0.7211499622485498,0.4921052631578947,0.22542503309525752,0.42105263157894735,0.15789473684210525,0.894736842105263,20,0,0.3973684210526315,0.5894736842105261
stable_target:fairness,repeat_last,380,61,20,1.0249358903505847,0.23938555437542117,1.05002029080797,0.584642880357493,1.4765955796350356,20,0,0.9236266825839917,1.1284359273396973,0.6144517080033057,0.1556650660647042,0.6275253961112364,0.3123357125623295,0.8907558254830796,20,0,0.5498369321082999,0.681772566150307,0.5157894736842105,0.1729650181595261,0.5263157894736842,0.21052631578947367,0.7894736842105263,20,0,0.4446710526315789,0.5894736842105261
stable_target:fairness,win_stay_expertise,380,61,20,1.0275461187458035,0.24071004123145362,1.0530263260193358,0.6044997309764324,1.3868854813188487,20,0,0.923730959852055,1.1283979237777748,0.6142740693860591,0.15780787170020835,0.6520552025572366,0.31583441977049675,0.8518357368501975,20,0,0.5460860307820085,0.6809630099448145,0.4973684210526314,0.2087703779515093,0.42105263157894735,0.15789473684210525,0.8421052631578947,20,0,0.41052631578947363,0.5868421052631578
stable_target:fairness,history_frequency,380,61,20,0.9657073334670636,0.21784522652300328,1.0040821291238902,0.523384262244481,1.3532837211825017,20,0,0.8729540807616005,1.0586737810654914,0.5780696671614,0.15131834289753035,0.6007267889913919,0.26292973249164664,0.840026843010975,20,0,0.5137021134185503,0.6434153387442384,0.5842105263157894,0.14974342638474633,0.6052631578947368,0.3157894736842105,0.8421052631578947,20,0,0.5184210526315789,0.644736842105263
stable_target:fairness,reward_learning,380,61,20,0.8947396837857522,0.18811950381692316,0.8719169613179197,0.4989030753916211,1.2730461015552894,20,0,0.8152701596136193,0.9755163374575719,0.5306737697573244,0.12998537985374464,0.5110219522777928,0.255743718022338,0.7788698013491622,20,0,0.47488594892335984,0.5869488196736057,0.605263157894737,0.12489972651075341,0.5789473684210527,0.3684210526315789,0.8421052631578947,20,0,0.5526315789473684,0.6605263157894736
stable_target:fairness,belief_static,380,61,20,0.9169619484174947,0.19179483698469846,0.8829199331510666,0.46148289076763405,1.195438334047654,20,1,0.8324077710858355,0.9980837813764817,0.5436359676971441,0.12963034638541235,0.5261432477789045,0.22629743464706814,0.7176336794249697,20,1,0.48549121517553734,0.5978773226627478,0.5763157894736842,0.15507641711448222,0.5789473684210527,0.3684210526315789,0.894736842105263,20,0,0.513157894736842,0.6448026315789465
stable_target:fairness,belief_dynamic,380,61,20,0.899199500289733,0.18204161125324894,0.9001269944033261,0.49677701329263724,1.2538552460812307,20,0,0.8194059344997676,0.9771002416937711,0.5337339375698249,0.12468576817307156,0.5377473791491438,0.25964782958592125,0.759446566302503,20,1,0.4780645098273544,0.5871654381547152,0.5789473684210525,0.12313634776117932,0.5789473684210527,0.3684210526315789,0.7894736842105263,20,0,0.5263157894736842,0.631578947368421
stable_target:fairness,simple_selected,380,61,20,0.8947396837857522,0.18811950381692316,0.8719169613179197,0.4989030753916211,1.2730461015552894,20,0,0.8152701596136193,0.9755163374575719,0.5306737697573244,0.12998537985374464,0.5110219522777928,0.255743718022338,0.7788698013491622,20,0,0.47488594892335984,0.5869488196736057,0.605263157894737,0.12489972651075341,0.5789473684210527,0.3684210526315789,0.8421052631578947,20,0,0.5526315789473684,0.6605263157894736
stable_target:fairness,belief_selected,380,61,20,0.899199500289733,0.18204161125324894,0.9001269944033261,0.49677701329263724,1.2538552460812307,20,0,0.8194059344997676,0.9771002416937711,0.5337339375698249,0.12468576817307156,0.5377473791491438,0.25964782958592125,0.759446566302503,20,1,0.4780645098273544,0.5871654381547152,0.5789473684210525,0.12313634776117932,0.5789473684210527,0.3684210526315789,0.7894736842105263,20,0,0.5263157894736842,0.631578947368421
stable_target:risk,uniform,380,50,20,1.09861228866811,2.278129578503827e-16,1.0986122886681098,1.0986122886681098,1.0986122886681098,20,0,1.09861228866811,1.09861228866811,0.6666666666666666,1.1390647892519134e-16,0.6666666666666667,0.6666666666666667,0.6666666666666667,20,0,0.6666666666666666,0.6666666666666666,0.33333333333333326,5.695323946259567e-17,0.3333333333333333,0.3333333333333333,0.3333333333333333,20,0,0.33333333333333326,0.33333333333333326
stable_target:risk,expertise,380,50,20,3.3273637913546588,1.198908304808233,3.6955794325793825,0.5394453649388896,4.74762412179288,20,0,2.7881908881327417,3.813934460115901,1.300056140350877,0.47023423234613193,1.444477192982456,0.20658245614035087,1.8571087719298245,20,0,1.088582456140351,1.490898245614035,0.3368421052631579,0.23991542466639385,0.2631578947368421,0.05263157894736842,0.894736842105263,20,0,0.23947368421052634,0.444736842105263
stable_target:risk,marginal,380,50,20,1.0227963160863571,0.1728836289866752,1.0301435363839098,0.6859179124057584,1.5104814353317995,20,4,0.9499756334666137,1.099924333031019,0.6499363509513193,0.11486187122730827,0.670676490898374,0.39615739616520645,0.8735027584756925,20,1,0.5994467567361449,0.6979271739537137,0.3368421052631579,0.23991542466639385,0.2631578947368421,0.05263157894736842,0.894736842105263,20,0,0.23947368421052634,0.444736842105263
stable_target:risk,repeat_last,380,50,20,0.8563650576063896,0.2508066822149084,0.8976265980413464,0.5321254431043085,1.5646010826021282,20,1,0.7541098308553404,0.970397217742243,0.5136237972334318,0.16106779248903022,0.5351165327169161,0.2908307376387116,0.9064724258461285,20,1,0.44707529720904843,0.5847381090644688,0.6526315789473685,0.15215801977859109,0.6578947368421052,0.3157894736842105,0.894736842105263,20,0,0.5842105263157895,0.7157894736842104
stable_target:risk,win_stay_expertise,380,50,20,0.9337097101696175,0.19317556206176675,0.9662101721847557,0.564536833782492,1.4002914003434581,20,1,0.8511584605705419,1.016392895508373,0.5847674847820932,0.13160245490037756,0.6133286215777258,0.30752846900100594,0.8078366671044244,20,0,0.5270092292431379,0.6387820174838347,0.5868421052631578,0.16403126091101577,0.5526315789473684,0.2631578947368421,0.8421052631578947,20,0,0.5157894736842106,0.6552631578947368
stable_target:risk,history_frequency,380,50,20,0.8227819352691869,0.21649725786438542,0.8316149193878022,0.5010725964033877,1.3801879602674871,20,1,0.7354160076743306,0.9200351348177962,0.4844257072612786,0.14853700194157432,0.49217607435811267,0.2543606914635326,0.8359961613014266,20,1,0.42367486494615486,0.5511096767310951,0.6552631578947368,0.14834952403048005,0.6578947368421052,0.3157894736842105,0.894736842105263,20,0,0.589407894736842,0.7157894736842105
stable_target:risk,reward_learning,380,50,20,0.7109274600044388,0.2376050474505023,0.6717263054720145,0.3259471927951688,1.3465649019595483,20,1,0.6134493351342829,0.8199723693250257,0.41123541215131326,0.14814834278170402,0.38758231512719754,0.15967841137530686,0.8024776484379073,20,0,0.3491993624986132,0.478931566042641,0.7078947368421052,0.12603269292165936,0.7368421052631579,0.3684210526315789,0.894736842105263,20,1,0.65,0.7578947368421052
stable_target:risk,belief_static,380,50,20,0.7348696553777065,0.2565298925511037,0.7189975441002403,0.37335622313293937,1.4525576875269255,20,1,0.6308325605892056,0.8517571015709026,0.42191226920259994,0.1577971963529939,0.3920239218406185,0.1862227364857829,0.8673925760668798,20,1,0.35749160464378527,0.4930918078305,0.7052631578947367,0.15500589042981539,0.7368421052631579,0.21052631578947367,0.9473684210526315,20,1,0.631578947368421,0.7657894736842105
stable_target:risk,belief_dynamic,380,50,20,0.7255922653217116,0.24834214916181316,0.6939735201086181,0.3668572216578586,1.4366149453161337,20,1,0.6261444669013788,0.8406687663504471,0.42199203378524264,0.15465466645876122,0.39860100525301484,0.17997898991259528,0.8482472251450044,20,1,0.3586375581167931,0.4920185988696718,0.6868421052631579,0.15126911239598054,0.6842105263157894,0.21052631578947367,0.9473684210526315,20,1,0.6183552631578947,0.7473684210526315
stable_target:risk,simple_selected,380,50,20,0.7109274600044388,0.2376050474505023,0.6717263054720145,0.3259471927951688,1.3465649019595483,20,1,0.6134493351342829,0.8199723693250257,0.41123541215131326,0.14814834278170402,0.38758231512719754,0.15967841137530686,0.8024776484379073,20,0,0.3491993624986132,0.478931566042641,0.7078947368421052,0.12603269292165936,0.7368421052631579,0.3684210526315789,0.894736842105263,20,1,0.65,0.7578947368421052
stable_target:risk,belief_selected,380,50,20,0.7255922653217116,0.24834214916181316,0.6939735201086181,0.3668572216578586,1.4366149453161337,20,1,0.6261444669013788,0.8406687663504471,0.42199203378524264,0.15465466645876122,0.39860100525301484,0.17997898991259528,0.8482472251450044,20,1,0.3586375581167931,0.4920185988696718,0.6868421052631579,0.15126911239598054,0.6842105263157894,0.21052631578947367,0.9473684210526315,20,1,0.6183552631578947,0.7473684210526315
stable_target:expertise,uniform,380,37,20,1.09861228866811,2.278129578503827e-16,1.0986122886681098,1.0986122886681098,1.0986122886681098,20,0,1.09861228866811,1.09861228866811,0.6666666666666666,1.1390647892519134e-16,0.6666666666666667,0.6666666666666667,0.6666666666666667,20,0,0.6666666666666666,0.6666666666666666,0.33333333333333326,5.695323946259567e-17,0.3333333333333333,0.3333333333333333,0.3333333333333333,20,0,0.33333333333333326,0.33333333333333326
stable_target:expertise,expertise,380,37,20,1.3284788818490127,1.1976929894377808,1.0654677095456384,0.01342302033214066,4.221601777186132,20,2,0.8550587717029389,1.8939529023012678,0.5160561403508772,0.4697575629561618,0.41289824561403504,0.00026666666666666603,1.6507929824561405,20,2,0.33037192982456143,0.7378456140350876,0.7368421052631577,0.23967222599804172,0.7894736842105263,0.15789473684210525,1.0,20,2,0.6236842105263157,0.8315789473684211
stable_target:expertise,marginal,380,37,20,0.8312486560482268,0.20630769840605626,0.7642519258272238,0.6249415490060917,1.3156780630133529,20,3,0.7479106375666886,0.9264399726082762,0.486825697812448,0.13556208520106489,0.4598391606337938,0.34563029625221986,0.8125283383459156,20,3,0.4319481637489694,0.549699628064453,0.7368421052631577,0.23967222599804172,0.7894736842105263,0.15789473684210525,1.0,20,2,0.6236842105263157,0.8315789473684211
stable_target:expertise,repeat_last,380,37,20,0.7343200911326738,0.2686877676659697,0.6635396673406833,0.40670758810867313,1.475820844652249,20,1,0.6266571308651891,0.8569938918294123,0.4206297939475611,0.17993299840886184,0.38295041771792193,0.19899627051680308,0.8910583504153446,20,1,0.347741719329852,0.5027013877197621,0.713157894736842,0.17866606535670168,0.7368421052631579,0.3157894736842105,1.0,20,1,0.6342105263157893,0.7894736842105262
stable_target:expertise,win_stay_expertise,380,37,20,0.7445570763686512,0.2792608583065372,0.6789226550993404,0.4375770847806506,1.4857860887923369,20,2,0.6323572432769224,0.8746579573416114,0.4214007129339349,0.1932516728876939,0.38154738298515756,0.2024197717335537,0.9181353044987823,20,2,0.3438741705454122,0.5127259494699441,0.7368421052631579,0.21190683101280086,0.8157894736842105,0.21052631578947367,1.0,20,2,0.6394736842105264,0.8236842105263158
stable_target:expertise,history_frequency,380,37,20,0.6735376909564437,0.2715892163962399,0.6603840679927733,0.2218263068267517,1.3336824357064914,20,1,0.5608374356980621,0.7930477392855827,0.3767896399689087,0.18878469123004424,0.3713445559297214,0.061355930942769143,0.829227074223271,20,2,0.2990927284249567,0.46047437688889314,0.7342105263157894,0.16509439660405456,0.763157894736842,0.3157894736842105,1.0,20,6,0.6605263157894735,0.8
stable_target:expertise,reward_learning,380,37,20,0.5914579878863179,0.2746246863315596,0.574612698802606,0.1327812839344751,1.1966558887412797,20,1,0.4746583923091696,0.71217721329537,0.3347201131225003,0.18525204269665677,0.3228020664713636,0.03071103626207869,0.7523006426310079,20,3,0.2581079169142134,0.418012032786871,0.75,0.17570386224567694,0.7894736842105263,0.3157894736842105,1.0,20,3,0.6710526315789472,0.8210526315789473
stable_target:expertise,belief_static,380,37,20,0.5967659549950036,0.2832925966318636,0.5911197583175797,0.10473924229802711,1.1859862155180265,20,1,0.4767435566087766,0.7206426313835319,0.3336544260175736,0.19046280872638066,0.3215335908331822,0.02564100527977355,0.7502223594467943,20,2,0.2545730465488773,0.418421756358545,0.7447368421052631,0.19112469356687972,0.7894736842105263,0.3157894736842105,1.0,20,1,0.6578947368421052,0.8211184210526308
stable_target:expertise,belief_dynamic,380,37,20,0.5959702795394981,0.2918915531400329,0.5769458816014343,0.11982260630424871,1.2419372322486524,20,2,0.4733373557494072,0.7269777485070289,0.338294536739013,0.1944187829056215,0.315718600595327,0.02912428138154506,0.775856190433222,20,3,0.2579477903307,0.4260133947101678,0.7447368421052631,0.187271754453354,0.7894736842105263,0.2631578947368421,1.0,20,1,0.6605263157894736,0.8210526315789473
stable_target:expertise,simple_selected,380,37,20,0.5914579878863179,0.2746246863315596,0.574612698802606,0.1327812839344751,1.1966558887412797,20,1,0.4746583923091696,0.71217721329537,0.3347201131225003,0.18525204269665677,0.3228020664713636,0.03071103626207869,0.7523006426310079,20,3,0.2581079169142134,0.418012032786871,0.75,0.17570386224567694,0.7894736842105263,0.3157894736842105,1.0,20,3,0.6710526315789472,0.8210526315789473
stable_target:expertise,belief_selected,380,37,20,0.5959702795394981,0.2918915531400329,0.5769458816014343,0.11982260630424871,1.2419372322486524,20,2,0.4733373557494072,0.7269777485070289,0.338294536739013,0.1944187829056215,0.315718600595327,0.02912428138154506,0.775856190433222,20,3,0.2579477903307,0.4260133947101678,0.7447368421052631,0.187271754453354,0.7894736842105263,0.2631578947368421,1.0,20,1,0.6605263157894736,0.8210526315789473
swap_post:fairness_to_risk,uniform,200,45,20,1.0986122886681102,2.278129578503827e-16,1.09861228866811,1.09861228866811,1.09861228866811,20,0,1.0986122886681102,1.0986122886681102,0.6666666666666666,1.1390647892519134e-16,0.6666666666666667,0.6666666666666667,0.6666666666666667,20,0,0.6666666666666666,0.6666666666666666,0.3333333333333333,5.695323946259567e-17,0.33333333333333337,0.33333333333333337,0.33333333333333337,20,0,0.3333333333333333,0.3333333333333333
swap_post:fairness_to_risk,expertise,200,45,20,2.936792200484149,1.3298199640698993,3.01175038459061,0.5131442477085522,5.0106352940962555,20,0,2.3371267276324548,3.4864855505982013,1.1468666666666667,0.521580230493934,1.1762666666666668,0.19626666666666667,1.9602666666666668,20,2,0.9116666666666667,1.3624666666666667,0.41500000000000015,0.26611236249690506,0.4,0.0,0.9,20,0,0.30500000000000005,0.535
swap_post:fairness_to_risk,marginal,200,45,20,1.105287417132593,0.2463066545345414,1.0769652515080674,0.6728141770530219,1.5127242040055406,20,0,0.9996467237084015,1.2084576401989628,0.6696288597424649,0.1494865574084799,0.6866008369333153,0.383603913373298,0.8890311724844215,20,0,0.603526442563443,0.7303963776255825,0.41500000000000015,0.26611236249690506,0.4,0.0,0.9,20,0,0.30500000000000005,0.535
swap_post:fairness_to_risk,repeat_last,200,45,20,1.0747408011979316,0.3106118575305007,1.0777237114449711,0.5298411806653291,1.6140477807033677,20,0,0.94396965108754,1.2084985232314636,0.6471104985938976,0.20009489271456107,0.6822211745683322,0.2951456442508059,1.0351848155101737,20,0,0.5611171121914013,0.7330528385286869,0.495,0.2282081229238369,0.45,0.1,1.0,20,0,0.4,0.595
swap_post:fairness_to_risk,win_stay_expertise,200,45,20,1.0900824188983385,0.2723801616254684,1.092110220657771,0.5824786112591303,1.5161045324998166,20,0,0.9727668475905299,1.2044157679667171,0.6579715369777176,0.17114393324218566,0.703307878348378,0.30229469892539385,0.9204867545845534,20,0,0.5816762915067594,0.7279258645022078,0.4750000000000001,0.20228952674713277,0.4,0.2,0.9,20,0,0.39,0.565
swap_post:fairness_to_risk,history_frequency,200,45,20,0.9893721391867544,0.2967522498736588,1.0681044929640828,0.3767407233934862,1.43044699027376,20,1,0.8612726964692959,1.1136261151905837,0.593059635568502,0.2090517451756949,0.6374458489502842,0.15777737833197014,0.8941649452413549,20,1,0.5015835192058266,0.6800905065329831,0.56,0.22337129816094384,0.5,0.2,1.0,20,0,0.465,0.655
swap_post:fairness_to_risk,reward_learning,200,45,20,0.8738957322055215,0.3341510995387626,0.932919633135234,0.11951225005511273,1.4188202171037112,20,0,0.7318276315465004,1.0156442560755063,0.5224919403594974,0.2262883426448695,0.571946013494856,0.020331159034044432,0.8730375482859825,20,0,0.4252739330628796,0.6182499410257586,0.5850000000000002,0.22307657406087456,0.6000000000000001,0.1,1.0,20,0,0.489875,0.675
swap_post:fairness_to_risk,belief_static,200,45,20,0.8822930141496655,0.3596384245597389,0.9314296236493359,0.06930863340700152,1.55808101598075,20,3,0.7284298820738709,1.033984178914128,0.5285856914352673,0.23702770523126987,0.5680114837970935,0.00729665933127026,0.9631463617530791,20,2,0.4265473541839675,0.6292396069059736,0.575,0.22448772091610103,0.6000000000000001,0.2,1.0,20,0,0.48,0.67
swap_post:fairness_to_risk,belief_dynamic,200,45,20,0.8696968825505674,0.3467833303287833,0.9195408183818548,0.1148397658801012,1.446279058168129,20,0,0.7234487091917522,1.0157987311014558,0.5231708749158458,0.23621941498111715,0.5563843501545241,0.020216574103327514,0.899618647105761,20,0,0.42241951078341516,0.6220536601280299,0.5650000000000002,0.2497893849668261,0.6000000000000001,0.1,1.0,20,0,0.45499999999999996,0.6699999999999999
swap_post:fairness_to_risk,simple_selected,200,45,20,0.8738957322055215,0.3341510995387626,0.932919633135234,0.11951225005511273,1.4188202171037112,20,0,0.7318276315465004,1.0156442560755063,0.5224919403594974,0.2262883426448695,0.571946013494856,0.020331159034044432,0.8730375482859825,20,0,0.4252739330628796,0.6182499410257586,0.5850000000000002,0.22307657406087456,0.6000000000000001,0.1,1.0,20,0,0.489875,0.675
swap_post:fairness_to_risk,belief_selected,200,45,20,0.8696968825505674,0.3467833303287833,0.9195408183818548,0.1148397658801012,1.446279058168129,20,0,0.7234487091917522,1.0157987311014558,0.5231708749158458,0.23621941498111715,0.5563843501545241,0.020216574103327514,0.899618647105761,20,0,0.42241951078341516,0.6220536601280299,0.5650000000000002,0.2497893849668261,0.6000000000000001,0.1,1.0,20,0,0.45499999999999996,0.6699999999999999
swap_late:fairness_to_risk,uniform,100,15,20,1.0986122886681102,2.278129578503827e-16,1.09861228866811,1.09861228866811,1.09861228866811,20,0,1.0986122886681102,1.0986122886681102,0.6666666666666666,1.1390647892519134e-16,0.6666666666666667,0.6666666666666667,0.6666666666666667,20,0,0.6666666666666666,0.6666666666666666,0.3333333333333333,5.695323946259567e-17,0.33333333333333337,0.33333333333333337,0.33333333333333337,20,0,0.3333333333333333,0.3333333333333333
swap_late:fairness_to_risk,expertise,100,15,20,2.861834016377687,1.6621390519138033,3.01175038459061,0.013423020332140661,5.0106352940962555,20,0,2.1622242980507105,3.5614437347046626,1.1174666666666668,0.6519219843541179,1.1762666666666668,0.00026666666666666603,1.9602666666666668,20,0,0.8430666666666667,1.3918666666666666,0.43000000000000005,0.33261325732352953,0.4,0.0,1.0,20,0,0.29000000000000004,0.5700000000000001
swap_late:fairness_to_risk,marginal,100,15,20,1.0411095666225385,0.2876609584857482,1.0496787386370332,0.6242438834874855,1.5796250461609564,20,0,0.920280400345931,1.161790480909795,0.6390830218454221,0.1807070118774385,0.6659918555532496,0.3404456730236689,0.9204276675556153,20,0,0.5617451045526577,0.7135530213088739,0.43000000000000005,0.33261325732352953,0.4,0.0,1.0,20,0,0.29000000000000004,0.5700000000000001
swap_late:fairness_to_risk,repeat_last,100,15,20,1.0179760646795946,0.39039701881861183,1.0314224997126493,0.2737849281948572,1.7650642519569524,20,0,0.8598736560597496,1.1852334835762683,0.6238814729914879,0.2560047872115268,0.63442210010609,0.08983483921247074,1.173438342344785,20,0,0.5194525822302157,0.7337851852590638,0.53,0.2921787484616764,0.6000000000000001,0.0,1.0,20,0,0.41,0.6500000000000001
swap_late:fairness_to_risk,win_stay_expertise,100,15,20,0.9972027481515868,0.3373237475521567,0.9675412344482479,0.4347753445853733,1.5332830486799962,20,0,0.8560391146657849,1.1388888645035808,0.6072418617997332,0.21455665146117622,0.648130316053745,0.1950099234598955,0.9133711298934662,20,0,0.5157579116411783,0.69342369900262,0.5400000000000001,0.25214866124653734,0.4,0.2,1.0,20,0,0.44000000000000006,0.65
swap_late:fairness_to_risk,history_frequency,100,15,20,0.9641458094106825,0.38704876701388535,0.9948197651505498,0.2228666616558671,1.634272605971932,20,0,0.8019525854817835,1.1273123876325302,0.5862399324150255,0.27137730342365457,0.5805440240447299,0.06057589941159638,1.0570806929816128,20,0,0.4711929142929969,0.698421063212815,0.5499999999999999,0.2665569949915916,0.6000000000000001,0.2,1.0,20,0,0.44000000000000006,0.66
swap_late:fairness_to_risk,reward_learning,100,15,20,0.8314695426254121,0.43594901812459996,0.8628500505590768,0.11226490311703577,1.433638781722275,20,0,0.6464131574592094,1.0137618366817975,0.5012474771898061,0.29628117544771143,0.5461069866057002,0.017833429083316532,0.925277945982389,20,0,0.37551046214495326,0.6257667816072746,0.6199999999999999,0.28209740758897633,0.6000000000000001,0.0,1.0,20,1,0.49974999999999997,0.74
swap_late:fairness_to_risk,belief_static,100,15,20,0.8501645245657701,0.4768060229569331,0.8903101353077156,0.06451738075690491,1.6614879709507118,20,0,0.6431841363844926,1.049599604710399,0.5091752834978461,0.30969991695311017,0.5546017597242984,0.0063253877045787305,1.0046495295921851,20,0,0.37438560947488964,0.6385725185795235,0.5999999999999999,0.26754242162397546,0.6000000000000001,0.2,1.0,20,0,0.48999999999999994,0.7100000000000001
swap_late:fairness_to_risk,belief_dynamic,100,15,20,0.8179884410647615,0.4448300270558361,0.8723274426612188,0.09891818453849771,1.483667487109082,20,0,0.6306013522245942,1.0056248602809195,0.4968489412943763,0.3016648928032214,0.5370314551804467,0.014763324140897774,0.9320375995531597,20,0,0.37024224554413626,0.6248306711874009,0.6000000000000001,0.30435436410107286,0.6000000000000001,0.0,1.0,20,0,0.47000000000000003,0.7200000000000001
swap_late:fairness_to_risk,simple_selected,100,15,20,0.8314695426254121,0.43594901812459996,0.8628500505590768,0.11226490311703577,1.433638781722275,20,0,0.6464131574592094,1.0137618366817975,0.5012474771898061,0.29628117544771143,0.5461069866057002,0.017833429083316532,0.925277945982389,20,0,0.37551046214495326,0.6257667816072746,0.6199999999999999,0.28209740758897633,0.6000000000000001,0.0,1.0,20,1,0.49974999999999997,0.74
swap_late:fairness_to_risk,belief_selected,100,15,20,0.8179884410647615,0.4448300270558361,0.8723274426612188,0.09891818453849771,1.483667487109082,20,0,0.6306013522245942,1.0056248602809195,0.4968489412943763,0.3016648928032214,0.5370314551804467,0.014763324140897774,0.9320375995531597,20,0,0.37024224554413626,0.6248306711874009,0.6000000000000001,0.30435436410107286,0.6000000000000001,0.0,1.0,20,0,0.47000000000000003,0.7200000000000001
swap_post:fairness_to_expertise,uniform,200,48,20,1.0986122886681102,2.278129578503827e-16,1.09861228866811,1.09861228866811,1.09861228866811,20,0,1.0986122886681102,1.0986122886681102,0.6666666666666666,1.1390647892519134e-16,0.6666666666666667,0.6666666666666667,0.6666666666666667,20,0,0.6666666666666666,0.6666666666666666,0.3333333333333333,5.695323946259567e-17,0.33333333333333337,0.33333333333333337,0.33333333333333337,20,0,0.3333333333333333,0.3333333333333333
swap_post:fairness_to_expertise,expertise,200,48,20,1.9623358071001458,1.4582777723208653,2.0123079298377866,0.013423020332140661,5.0106352940962555,20,0,1.3626703342484519,2.6119734026894807,0.7646666666666667,0.571963782438235,0.7842666666666667,0.00026666666666666603,1.9602666666666668,20,0,0.5294666666666668,1.0194666666666667,0.61,0.2918182563460383,0.6,0.0,1.0,20,0,0.4800000000000001,0.7300000000000001
swap_post:fairness_to_expertise,marginal,200,48,20,1.0199562427360003,0.34163322593743417,0.9350130650018311,0.6267518137815441,1.7793954578694509,20,0,0.8801303939923775,1.1699401943168224,0.5926564610568132,0.2054145779830684,0.5501273333301342,0.3404456730236689,1.0508438778513436,20,0,0.5084913333736969,0.6829095359357372,0.61,0.2918182563460383,0.6,0.0,1.0,20,0,0.4800000000000001,0.7300000000000001
swap_post:fairness_to_expertise,repeat_last,200,48,20,0.9853432232440913,0.38391172848417304,1.002614076548501,0.377156373110916,1.7769657410252742,20,0,0.8244148163631647,1.1485499123773408,0.5673663864635581,0.24151865583385793,0.5946987750019295,0.16879514589374128,1.008070050997578,20,0,0.4653819441837023,0.6679889801799961,0.55,0.2704771612111494,0.5,0.0,1.0,20,0,0.43499999999999994,0.6649999999999999
swap_post:fairness_to_expertise,win_stay_expertise,200,48,20,0.9755570127754751,0.3915341020545074,0.918426712584389,0.4347753445853733,1.8019792783442083,20,0,0.8089342070269291,1.1469300223284211,0.5545044344311678,0.24962234471423853,0.516305034451757,0.1950099234598955,1.0597818668518042,20,0,0.4491404738195398,0.6651187268012121,0.615,0.28520537383288885,0.6000000000000001,0.0,1.0,20,0,0.48999999999999994,0.7350000000000001
swap_post:fairness_to_expertise,history_frequency,200,48,20,0.9074320992595277,0.334349507214579,0.9579633901702864,0.23462812027866498,1.5007509098803207,20,0,0.7632332570765131,1.0473834336026508,0.5254678597944474,0.22456918211595717,0.564749722371726,0.06764750299308818,0.8895082540649946,20,0,0.4280224219434755,0.6176734881560039,0.6,0.22242680641174148,0.6000000000000001,0.2,1.0,20,0,0.5050000000000001,0.6950000000000001
swap_post:fairness_to_expertise,reward_learning,200,48,20,0.822857244936342,0.35877408317922693,0.8291992393704306,0.13822507665111358,1.4440868321484157,20,0,0.6679443166907827,0.9724149598894535,0.4709719430376794,0.23329054066183963,0.5046076552937675,0.03665529234976338,0.8544584889823263,20,0,0.3703595598367036,0.5679188565381998,0.6499999999999999,0.18778487131485552,0.65,0.4,1.0,20,0,0.5700000000000001,0.7300000000000001
swap_post:fairness_to_expertise,belief_static,200,48,20,0.8993066647097192,0.3227319594593792,0.9534006703810816,0.3338711583625434,1.4208192056792779,20,0,0.7614690958051147,1.037052191926108,0.5140577444457742,0.21036918554427395,0.5416201454537307,0.15355957912543516,0.8174816433834322,20,0,0.42434233217069756,0.6029483418729736,0.635,0.2084403234046921,0.6000000000000001,0.30000000000000004,1.0,20,0,0.55,0.7250000000000001
swap_post:fairness_to_expertise,belief_dynamic,200,48,20,0.8310105624973148,0.3506745272331037,0.8377747982845863,0.17421663222511635,1.4594308195093264,20,0,0.6818818047681615,0.9779996372334531,0.47104835764259717,0.22870013004707013,0.4895909919040483,0.05797450432186152,0.8455029373876474,20,0,0.37284263131518236,0.5660471507914291,0.635,0.20589982234597795,0.6000000000000001,0.2,1.0,20,0,0.545,0.725
swap_post:fairness_to_expertise,simple_selected,200,48,20,0.822857244936342,0.35877408317922693,0.8291992393704306,0.13822507665111358,1.4440868321484157,20,0,0.6679443166907827,0.9724149598894535,0.4709719430376794,0.23329054066183963,0.5046076552937675,0.03665529234976338,0.8544584889823263,20,0,0.3703595598367036,0.5679188565381998,0.6499999999999999,0.18778487131485552,0.65,0.4,1.0,20,0,0.5700000000000001,0.7300000000000001
swap_post:fairness_to_expertise,belief_selected,200,48,20,0.8310105624973148,0.3506745272331037,0.8377747982845863,0.17421663222511635,1.4594308195093264,20,0,0.6818818047681615,0.9779996372334531,0.47104835764259717,0.22870013004707013,0.4895909919040483,0.05797450432186152,0.8455029373876474,20,0,0.37284263131518236,0.5660471507914291,0.635,0.20589982234597795,0.6000000000000001,0.2,1.0,20,0,0.545,0.725
swap_late:fairness_to_expertise,uniform,100,12,20,1.0986122886681102,2.278129578503827e-16,1.09861228866811,1.09861228866811,1.09861228866811,20,0,1.0986122886681102,1.0986122886681102,0.6666666666666666,1.1390647892519134e-16,0.6666666666666667,0.6666666666666667,0.6666666666666667,20,0,0.6666666666666666,0.6666666666666666,0.3333333333333333,5.695323946259567e-17,0.33333333333333337,0.33333333333333337,0.33333333333333337,20,0,0.3333333333333333,0.3333333333333333
swap_late:fairness_to_expertise,expertise,100,12,20,1.6125309479366574,1.6973494829145686,1.0128654750849637,0.013423020332140661,5.0106352940962555,20,0,0.9129212296096816,2.362112789001275,0.6274666666666666,0.6657321731115221,0.3922666666666667,0.00026666666666666603,1.9602666666666668,20,0,0.35306666666666675,0.921466666666667,0.68,0.3396592719956745,0.8,0.0,1.0,20,0,0.53,0.82
swap_late:fairness_to_expertise,marginal,100,12,20,0.971785304962608,0.4065782792905064,0.8515556417814358,0.5965765521344522,1.8927318181763195,20,0,0.8098028197295442,1.1581584676857823,0.5583859791291024,0.24260130641084282,0.4983949703223929,0.3214791461974553,1.083273282075829,20,0,0.46080143086720077,0.6688854740440404,0.68,0.3396592719956745,0.8,0.0,1.0,20,0,0.53,0.82
swap_late:fairness_to_expertise,repeat_last,100,12,20,0.8872941754164181,0.4684257052423082,0.839509672010202,0.2729031748522969,1.7929839796989229,20,0,0.6962672673074828,1.0906755558685561,0.49752849914154285,0.29428101391808253,0.4898260577145034,0.08983483921247074,1.0572949250391988,20,0,0.37725286506176114,0.6250314597952406,0.62,0.3302311789927586,0.6000000000000001,0.0,1.0,20,0,0.48,0.76
swap_late:fairness_to_expertise,win_stay_expertise,100,12,20,0.8971977714943904,0.4881289213318126,0.7365696256457182,0.4159899056882148,1.9620133354525193,20,0,0.7012193470966107,1.1148034169430638,0.49772487603850646,0.3066991050124008,0.4048142851729031,0.1842184837740387,1.1753971119229982,20,0,0.3727649881001831,0.6343270987617714,0.6900000000000002,0.34012381646441014,0.8,0.0,1.0,20,0,0.54,0.8300000000000001
swap_late:fairness_to_expertise,history_frequency,100,12,20,0.8128216136959822,0.4000872188485412,0.7990698459787801,0.22394402618429576,1.5250860538915751,20,0,0.6453975708148066,0.9807748161142248,0.4553309331870762,0.26793218334751245,0.4692012229425141,0.06206938067938175,0.9439993967135434,20,0,0.34312723695908653,0.5672821449989357,0.67,0.26177531547010624,0.6000000000000001,0.2,1.0,20,0,0.5599999999999999,0.78
swap_late:fairness_to_expertise,reward_learning,100,12,20,0.710834521596232,0.4731446036603033,0.7768497211519081,0.05337010005411279,1.5812731869652525,20,0,0.516293498890129,0.9138953763822656,0.3847031765310275,0.2953899975560912,0.40078504934743875,0.0043220299918139415,0.9419547122564665,20,0,0.26294565275905385,0.51002495449563,0.7500000000000001,0.250263019536184,0.8,0.2,1.0,20,0,0.64,0.8500000000000002
swap_late:fairness_to_expertise,belief_static,100,12,20,0.7757696085177858,0.44566335266623475,0.823555127458538,0.07161645997385042,1.7330245979373866,20,0,0.5903993999010924,0.9672709289301241,0.4250582009686429,0.2770258143558108,0.3942825673860883,0.010385706975469563,0.9160890090395596,20,0,0.30918833037116367,0.543876054272366,0.7099999999999999,0.26337885460422134,0.8,0.2,1.0,20,0,0.5999999999999999,0.82
swap_late:fairness_to_expertise,belief_dynamic,100,12,20,0.7099140822967303,0.48808093331786884,0.8297497474588954,0.05297751600931834,1.5392281984913945,20,0,0.5047301790647768,0.9158763776742218,0.3780427659411646,0.3027104324164757,0.41340723297439685,0.00427323715215586,0.953055154895945,20,0,0.25336796720095905,0.5085073944970144,0.7300000000000001,0.2921787484616764,0.8,0.0,1.0,20,1,0.6,0.85
swap_late:fairness_to_expertise,simple_selected,100,12,20,0.710834521596232,0.4731446036603033,0.7768497211519081,0.05337010005411279,1.5812731869652525,20,0,0.516293498890129,0.9138953763822656,0.3847031765310275,0.2953899975560912,0.40078504934743875,0.0043220299918139415,0.9419547122564665,20,0,0.26294565275905385,0.51002495449563,0.7500000000000001,0.250263019536184,0.8,0.2,1.0,20,0,0.64,0.8500000000000002
swap_late:fairness_to_expertise,belief_selected,100,12,20,0.7099140822967303,0.48808093331786884,0.8297497474588954,0.05297751600931834,1.5392281984913945,20,0,0.5047301790647768,0.9158763776742218,0.3780427659411646,0.3027104324164757,0.41340723297439685,0.00427323715215586,0.953055154895945,20,0,0.25336796720095905,0.5085073944970144,0.7300000000000001,0.2921787484616764,0.8,0.0,1.0,20,1,0.6,0.85
swap_post:risk_to_fairness,uniform,200,30,20,1.0986122886681102,2.278129578503827e-16,1.09861228866811,1.09861228866811,1.09861228866811,20,0,1.0986122886681102,1.0986122886681102,0.6666666666666666,1.1390647892519134e-16,0.6666666666666667,0.6666666666666667,0.6666666666666667,20,0,0.6666666666666666,0.6666666666666666,0.3333333333333333,5.695323946259567e-17,0.33333333333333337,0.33333333333333337,0.33333333333333337,20,0,0.3333333333333333,0.3333333333333333
swap_post:risk_to_fairness,expertise,200,30,20,3.3115831210164566,1.2067599203966108,3.5114716119670213,1.0128654750849637,5.0106352940962555,20,0,2.7868758322712255,3.811304348392869,1.2938666666666667,0.47331378264540885,1.3722666666666667,0.39226666666666665,1.9602666666666668,20,0,1.0880666666666667,1.4898666666666671,0.33999999999999997,0.24148662379867797,0.30000000000000004,0.0,0.8,20,0,0.23999999999999994,0.445
swap_post:risk_to_fairness,marginal,200,30,20,1.0690211610635578,0.3162118850617455,1.024345305923764,0.729340797208091,2.1003523402738153,20,2,0.9472395245536696,1.2190065715960838,0.6680912365223115,0.17524476716992135,0.6552612338830579,0.4262090903292549,1.1725788680561138,20,1,0.5970078984490685,0.7487744365691882,0.33999999999999997,0.24148662379867797,0.30000000000000004,0.0,0.8,20,0,0.23999999999999994,0.445
swap_post:risk_to_fairness,repeat_last,200,30,20,0.9592033601103918,0.28456718095997824,0.9392808310159643,0.5461945224196135,1.8407885370189765,20,1,0.850180387984717,1.092057773239088,0.5851404890785636,0.17001089804020209,0.5824623501653733,0.30770451062539517,1.0386148155101735,20,1,0.5157214275932757,0.6596206168550236,0.555,0.2187885304412267,0.55,0.0,0.9,20,1,0.45987500000000003,0.645
swap_post:risk_to_fairness,win_stay_expertise,200,30,20,0.9946362801754931,0.25220824851411855,1.010901409219633,0.6319115857285533,1.7040297408028873,20,1,0.8936555988431156,1.1068744864146793,0.618023840852307,0.14975135590859526,0.6382851455665839,0.3573324864390851,0.9675686269752914,20,0,0.5545613972988854,0.683132049542971,0.5249999999999999,0.21490511982341368,0.55,0.0,0.8,20,0,0.43,0.6100000000000001
swap_post:risk_to_fairness,history_frequency,200,30,20,0.9018664793990823,0.2362033580090276,0.9212763778294462,0.5296988193809673,1.5078214565030534,20,0,0.8038928867813404,1.0051038427045775,0.5457944687560382,0.1635849940254731,0.5729716320356719,0.27807390435625556,0.9120483869941121,20,0,0.4768057971298418,0.6146647231401252,0.5900000000000001,0.18324559303956278,0.6000000000000001,0.2,0.9,20,0,0.5149999999999999,0.67
swap_post:risk_to_fairness,reward_learning,200,30,20,0.7878630703445282,0.28014519522298986,0.7718579674828905,0.3720923788287033,1.4086292107622693,20,1,0.6719071579776693,0.909848627152002,0.46140934615667356,0.18488603483504415,0.4653654032029787,0.19195977948624113,0.8670464062882653,20,0,0.3827333019396493,0.5398886677975172,0.6650000000000001,0.19808291724745766,0.7000000000000001,0.2,0.9,20,0,0.5799999999999998,0.7450000000000002
swap_post:risk_to_fairness,belief_static,200,30,20,0.8296170991029659,0.30028323879537777,0.816613005165306,0.37424214879947765,1.4971280105135856,20,1,0.7051909083406345,0.9563426603648512,0.47852766069239544,0.19400216633248,0.48699018481211054,0.16381753643146846,0.8216997880343738,20,0,0.39578584346772533,0.5579484088151975,0.68,0.1735086832348593,0.7000000000000001,0.4,0.9,20,0,0.6050000000000001,0.7550000000000001
swap_post:risk_to_fairness,belief_dynamic,200,30,20,0.7660279207100112,0.2725502736974474,0.7878758104210226,0.29066927853776536,1.3771969434805058,20,0,0.653726172356482,0.8830554787052526,0.44415986857197787,0.18466236973653408,0.4752194596790468,0.13963706585043995,0.8407008328883544,20,0,0.3672022435395926,0.5209550577970786,0.675,0.1970172314131031,0.7000000000000001,0.2,0.9,20,1,0.59,0.7550000000000001
swap_post:risk_to_fairness,simple_selected,200,30,20,0.7878630703445282,0.28014519522298986,0.7718579674828905,0.3720923788287033,1.4086292107622693,20,1,0.6719071579776693,0.909848627152002,0.46140934615667356,0.18488603483504415,0.4653654032029787,0.19195977948624113,0.8670464062882653,20,0,0.3827333019396493,0.5398886677975172,0.6650000000000001,0.19808291724745766,0.7000000000000001,0.2,0.9,20,0,0.5799999999999998,0.7450000000000002
swap_post:risk_to_fairness,belief_selected,200,30,20,0.7660279207100112,0.2725502736974474,0.7878758104210226,0.29066927853776536,1.3771969434805058,20,0,0.653726172356482,0.8830554787052526,0.44415986857197787,0.18466236973653408,0.4752194596790468,0.13963706585043995,0.8407008328883544,20,0,0.3672022435395926,0.5209550577970786,0.675,0.1970172314131031,0.7000000000000001,0.2,0.9,20,1,0.59,0.7550000000000001
swap_late:risk_to_fairness,uniform,100,10,20,1.0986122886681102,2.278129578503827e-16,1.09861228866811,1.09861228866811,1.09861228866811,20,0,1.0986122886681102,1.0986122886681102,0.6666666666666666,1.1390647892519134e-16,0.6666666666666667,0.6666666666666667,0.6666666666666667,20,0,0.6666666666666666,0.6666666666666666,0.3333333333333333,5.695323946259567e-17,0.33333333333333337,0.33333333333333337,0.33333333333333337,20,0,0.3333333333333333,0.3333333333333333
swap_late:risk_to_fairness,expertise,100,10,20,2.7618897709024046,1.5508740970239543,3.0117503845906097,0.013423020332140661,5.0106352940962555,20,0,2.062280052575429,3.4115273664917396,1.0782666666666667,0.608281790654714,1.1762666666666668,0.00026666666666666603,1.9602666666666668,20,0,0.803866666666667,1.3330666666666668,0.45,0.31034785237485407,0.4,0.0,1.0,20,0,0.32,0.59
swap_late:risk_to_fairness,marginal,100,10,20,1.0208183389496488,0.3472132782443292,0.9479968501104183,0.6242438834874855,2.1003523402738153,20,1,0.8827014876640178,1.1845564148745749,0.6258428246931769,0.20079554039367586,0.5909938846594184,0.3404456730236689,1.1725788680561138,20,1,0.5426725000529101,0.7160146529775631,0.45,0.31034785237485407,0.4,0.0,1.0,20,0,0.32,0.59
swap_late:risk_to_fairness,repeat_last,100,10,20,0.9063978286454863,0.2736941066808249,0.9369584879710943,0.479327002719358,1.378865405102732,20,0,0.7887780606094005,1.0243585580871255,0.5534914300013457,0.17852019795761767,0.5747106625376344,0.2648228019726022,0.8069464958222314,20,0,0.47526403124747485,0.628055750119022,0.56,0.22100250058123302,0.6000000000000001,0.0,0.8,20,0,0.4600000000000001,0.6500000000000001
swap_late:risk_to_fairness,win_stay_expertise,100,10,20,0.9296827793102972,0.3242042266121283,0.8778671121147819,0.43322220744744316,1.4863319998775866,20,0,0.7892831493580423,1.0717243204040823,0.567059949833687,0.21776055784171397,0.542111867726432,0.1950099234598955,0.9165511583996548,20,0,0.47256127966156986,0.6613156218843764,0.5800000000000001,0.2894641146743591,0.6000000000000001,0.0,1.0,20,0,0.45000000000000007,0.7000000000000001
swap_late:risk_to_fairness,history_frequency,100,10,20,0.8585137827642028,0.28181675827983865,0.8333105224895672,0.43071076445380296,1.4362804881484184,20,0,0.7385171046370755,0.9775847396862373,0.5202732293191161,0.1993476422656016,0.5206540267470718,0.21812669787907255,0.9253873944575282,20,0,0.43513701529519366,0.6054009535611554,0.6200000000000001,0.21423056934551907,0.6000000000000001,0.2,1.0,20,0,0.53,0.7100000000000001
swap_late:risk_to_fairness,reward_learning,100,10,20,0.7734679138654099,0.3608453131366704,0.7520354351814884,0.14052025762348058,1.4325094256388777,20,0,0.61820115479413,0.9277202147020245,0.4534057112206594,0.2365728017027133,0.47214754606298714,0.04992812871187769,0.8218331711145483,20,0,0.351850090442333,0.5507659756217401,0.6700000000000002,0.20799797569865153,0.6000000000000001,0.4,1.0,20,0,0.5800000000000002,0.76
swap_late:risk_to_fairness,belief_static,100,10,20,0.8444196430485915,0.39369133527391964,0.8492368866187696,0.07708706686837719,1.5865312797536666,20,0,0.6728029421159528,1.0096355139105628,0.502973041025265,0.25361797861140695,0.5186380156107051,0.016229106862060826,0.9625074907098619,20,2,0.39041186128238364,0.60794070844102,0.6300000000000001,0.22734161635370628,0.6000000000000001,0.2,1.0,20,0,0.5300000000000001,0.73
swap_late:risk_to_fairness,belief_dynamic,100,10,20,0.7327804192284383,0.33810434936500894,0.7607750891822769,0.10487150792628724,1.261574755965452,20,0,0.5858451121955867,0.8762858599545272,0.4262476983013199,0.2243929134291236,0.442065507262675,0.02829235262704674,0.7610431527444199,20,0,0.32986712905908633,0.5200895274717713,0.68,0.20925934551223874,0.6000000000000001,0.4,1.0,20,0,0.5900000000000001,0.77
swap_late:risk_to_fairness,simple_selected,100,10,20,0.7734679138654099,0.3608453131366704,0.7520354351814884,0.14052025762348058,1.4325094256388777,20,0,0.61820115479413,0.9277202147020245,0.4534057112206594,0.2365728017027133,0.47214754606298714,0.04992812871187769,0.8218331711145483,20,0,0.351850090442333,0.5507659756217401,0.6700000000000002,0.20799797569865153,0.6000000000000001,0.4,1.0,20,0,0.5800000000000002,0.76
swap_late:risk_to_fairness,belief_selected,100,10,20,0.7327804192284383,0.33810434936500894,0.7607750891822769,0.10487150792628724,1.261574755965452,20,0,0.5858451121955867,0.8762858599545272,0.4262476983013199,0.2243929134291236,0.442065507262675,0.02829235262704674,0.7610431527444199,20,0,0.32986712905908633,0.5200895274717713,0.68,0.20925934551223874,0.6000000000000001,0.4,1.0,20,0,0.5900000000000001,0.77
swap_post:risk_to_expertise,uniform,200,41,20,1.0986122886681102,2.278129578503827e-16,1.09861228866811,1.09861228866811,1.09861228866811,20,0,1.0986122886681102,1.0986122886681102,0.6666666666666666,1.1390647892519134e-16,0.6666666666666667,0.6666666666666667,0.6666666666666667,20,0,0.6666666666666666,0.6666666666666666,0.3333333333333333,5.695323946259567e-17,0.33333333333333337,0.33333333333333337,0.33333333333333337,20,0,0.3333333333333333,0.3333333333333333
swap_post:risk_to_expertise,expertise,200,41,20,2.4620570344765573,1.3937607000748347,2.262168543525993,0.013423020332140661,5.0106352940962555,20,0,1.8623915616248639,3.061722507328251,0.9606666666666668,0.5466589815463231,0.8822666666666668,0.00026666666666666603,1.9602666666666668,20,0,0.7254666666666667,1.1958666666666666,0.5099999999999999,0.27890764364608317,0.55,0.0,1.0,20,0,0.39,0.63
swap_post:risk_to_expertise,marginal,200,41,20,0.9012669613082842,0.15693348565417026,0.8745061840366039,0.6242438834874855,1.1670123614414099,20,0,0.8348593068807197,0.9703063869948644,0.5627251357556082,0.12352982530806822,0.5433112847786647,0.34238595061316657,0.7803509972379813,20,0,0.5102276685942966,0.616140772379646,0.5099999999999999,0.27890764364608317,0.55,0.0,1.0,20,0,0.39,0.63
swap_post:risk_to_expertise,repeat_last,200,41,20,0.8374163301229582,0.24902987386248326,0.7850220325815109,0.3761150887858275,1.5370731193503633,20,2,0.7360340323099814,0.9537909473235584,0.5140613399821781,0.18203574372433706,0.48160211447340195,0.17820809042802693,0.9567949202255602,20,1,0.4387724477099939,0.5954996354968332,0.6249999999999999,0.21244194253340937,0.7000000000000001,0.2,0.9,20,0,0.53,0.715
swap_post:risk_to_expertise,win_stay_expertise,200,41,20,0.896522310454284,0.2606557614400224,0.8299670202060521,0.43322220744744316,1.353614434308665,20,0,0.7875769070301758,1.0112241654421812,0.5655076279552642,0.20769938798632256,0.5205905410523655,0.19609126662479853,0.9210912042012019,20,0,0.4783898494698225,0.6561985474153519,0.56,0.27796251167151453,0.6000000000000001,0.1,1.0,20,0,0.43999999999999995,0.675
swap_post:risk_to_expertise,history_frequency,200,41,20,0.8266607450612963,0.22688786272731218,0.7970541248005918,0.4454349241553205,1.3498971880728887,20,2,0.7317950176763063,0.9325527883626178,0.4997813994518984,0.17320004648693857,0.4712390852395607,0.2163194756530668,0.8514670145511032,20,1,0.42735814859572707,0.5787703639166527,0.635,0.21830688201896456,0.7000000000000001,0.2,0.9,20,0,0.5350000000000003,0.7250000000000001
swap_post:risk_to_expertise,reward_learning,200,41,20,0.751434227485604,0.31353216516495197,0.6699781112382036,0.3021769514542584,1.6039099556556407,20,1,0.6261039153269323,0.8970490494325746,0.43530453357251514,0.19512720894448274,0.4000566581462741,0.15729294240952696,0.866455349410563,20,0,0.35464139640446835,0.5218623189734632,0.6900000000000001,0.1651155894963793,0.7000000000000001,0.4,1.0,20,0,0.62,0.76
swap_post:risk_to_expertise,belief_static,200,41,20,0.8623381577623942,0.35473810283005314,0.8028679994968498,0.3651372384625867,1.7780895224116393,20,0,0.7202123065452803,1.0252898932782968,0.4943841174255209,0.20858486941626556,0.43723855241412046,0.20074618804738734,0.8997882689913796,20,0,0.40682813090435593,0.5879473997734427,0.6900000000000002,0.1744163198544762,0.75,0.30000000000000004,1.0,20,1,0.6100000000000001,0.765
swap_post:risk_to_expertise,belief_dynamic,200,41,20,0.758281869270905,0.32403652807307404,0.7268558063433951,0.21498480087310817,1.5920197607642257,20,1,0.6258972724005566,0.9049790991467338,0.44165964234821004,0.20427987969741832,0.4193607948970137,0.11333491542538336,0.8679378063923283,20,0,0.35704271801672455,0.5317231942958753,0.6799999999999999,0.15423836644690753,0.7000000000000001,0.4,0.9,20,0,0.6100000000000001,0.745
swap_post:risk_to_expertise,simple_selected,200,41,20,0.751434227485604,0.31353216516495197,0.6699781112382036,0.3021769514542584,1.6039099556556407,20,1,0.6261039153269323,0.8970490494325746,0.43530453357251514,0.19512720894448274,0.4000566581462741,0.15729294240952696,0.866455349410563,20,0,0.35464139640446835,0.5218623189734632,0.6900000000000001,0.1651155894963793,0.7000000000000001,0.4,1.0,20,0,0.62,0.76
swap_post:risk_to_expertise,belief_selected,200,41,20,0.758281869270905,0.32403652807307404,0.7268558063433951,0.21498480087310817,1.5920197607642257,20,1,0.6258972724005566,0.9049790991467338,0.44165964234821004,0.20427987969741832,0.4193607948970137,0.11333491542538336,0.8679378063923283,20,0,0.35704271801672455,0.5317231942958753,0.6799999999999999,0.15423836644690753,0.7000000000000001,0.4,0.9,20,0,0.6100000000000001,0.745
swap_late:risk_to_expertise,uniform,100,11,20,1.0986122886681102,2.278129578503827e-16,1.09861228866811,1.09861228866811,1.09861228866811,20,0,1.0986122886681102,1.0986122886681102,0.6666666666666666,1.1390647892519134e-16,0.6666666666666667,0.6666666666666667,0.6666666666666667,20,0,0.6666666666666666,0.6666666666666666,0.3333333333333333,5.695323946259567e-17,0.33333333333333337,0.33333333333333337,0.33333333333333337,20,0,0.3333333333333333,0.3333333333333333
swap_late:risk_to_expertise,expertise,100,11,20,2.1122521753130696,1.712766234337078,2.012307929837787,0.013423020332140661,5.0106352940962555,20,0,1.412642456986093,2.861834016377687,0.8234666666666668,0.6717789109991158,0.7842666666666667,0.00026666666666666603,1.9602666666666668,20,0,0.5490666666666667,1.1174666666666666,0.58,0.34274434234648765,0.6000000000000001,0.0,1.0,20,0,0.43,0.72
swap_late:risk_to_expertise,marginal,100,11,20,0.8696238480094884,0.21146706917728172,0.8690939278687977,0.5965765521344522,1.2116913517759011,20,0,0.7806122952047183,0.9614464389034338,0.5337679068399457,0.15943935733622072,0.5461135059505172,0.3214791461974553,0.7803509972379813,20,0,0.46654522986936797,0.6036578465144807,0.58,0.34274434234648765,0.6000000000000001,0.0,1.0,20,0,0.43,0.72
swap_late:risk_to_expertise,repeat_last,100,11,20,0.8042495954388681,0.36622714675586615,0.7813298428531174,0.2729031748522969,1.5863785551981513,20,0,0.6502722694941971,0.9706337939015209,0.48269870012730404,0.25066446041157114,0.5041903388426754,0.08983483921247074,0.979077500767783,20,1,0.3757078951439324,0.5959005104145625,0.6499999999999999,0.2743413164194136,0.6000000000000001,0.2,1.0,20,4,0.52,0.77
swap_late:risk_to_expertise,win_stay_expertise,100,11,20,0.8693156536632574,0.3594710395757539,0.8964356538192859,0.4159899056882148,1.474000495157758,20,0,0.7158360430531726,1.0261058337166322,0.5393189795434352,0.2753435960680565,0.5425273168854099,0.1842184837740387,0.9630291074686581,20,0,0.4220770439031446,0.6594338993662271,0.58,0.3488326397089524,0.6000000000000001,0.0,1.0,20,0,0.43,0.73
swap_late:risk_to_expertise,history_frequency,100,11,20,0.774844237034682,0.3514487546986553,0.8154480098719317,0.2688236330114092,1.363736822796315,20,0,0.6248170485112424,0.935720085077646,0.45839785429459096,0.2549566984761338,0.4859524526029735,0.08641270389700265,0.854876613309859,20,0,0.3500867798210699,0.5755025381760174,0.67,0.28488224714229227,0.7000000000000001,0.2,1.0,20,4,0.5399999999999999,0.79
swap_late:risk_to_expertise,reward_learning,100,11,20,0.7076166838376052,0.42441375987790786,0.6617905552936706,0.06884981634306445,1.732663002610378,20,2,0.5313517375848124,0.9020726697009125,0.4031035809821228,0.2566442691171405,0.40837983654975835,0.0075491599149173395,0.9507071589320985,20,1,0.29400649710849397,0.5193266704065784,0.72,0.21908902300206642,0.7000000000000001,0.2,1.0,20,1,0.62,0.8100000000000002
swap_late:risk_to_expertise,belief_static,100,11,20,0.8267229418659776,0.49335316094286424,0.6937079386888538,0.05468574297613703,2.0155772541990546,20,1,0.625138319691265,1.051387139512064,0.47391566093087817,0.285713264664818,0.3979951306475664,0.0049271944384316315,1.0371847602325732,20,0,0.35674881100070144,0.6026732714218517,0.7300000000000001,0.253605578553951,0.8,0.2,1.0,20,0,0.6100000000000001,0.8300000000000001
swap_late:risk_to_expertise,belief_dynamic,100,11,20,0.7358247976196604,0.44546571182256944,0.6857604746850383,0.04556537014737251,1.7144879054513278,20,2,0.5472493972831444,0.9373115089087833,0.4228269248544315,0.2692268593333677,0.4077905391416997,0.0030957301571327817,0.9593167499670572,20,1,0.30897019390702196,0.5428364424734289,0.7100000000000001,0.21980852911951393,0.7000000000000001,0.4,1.0,20,0,0.62,0.8
swap_late:risk_to_expertise,simple_selected,100,11,20,0.7076166838376052,0.42441375987790786,0.6617905552936706,0.06884981634306445,1.732663002610378,20,2,0.5313517375848124,0.9020726697009125,0.4031035809821228,0.2566442691171405,0.40837983654975835,0.0075491599149173395,0.9507071589320985,20,1,0.29400649710849397,0.5193266704065784,0.72,0.21908902300206642,0.7000000000000001,0.2,1.0,20,1,0.62,0.8100000000000002
swap_late:risk_to_expertise,belief_selected,100,11,20,0.7358247976196604,0.44546571182256944,0.6857604746850383,0.04556537014737251,1.7144879054513278,20,2,0.5472493972831444,0.9373115089087833,0.4228269248544315,0.2692268593333677,0.4077905391416997,0.0030957301571327817,0.9593167499670572,20,1,0.30897019390702196,0.5428364424734289,0.7100000000000001,0.21980852911951393,0.7000000000000001,0.4,1.0,20,0,0.62,0.8
swap_post:expertise_to_fairness,uniform,200,22,20,1.0986122886681102,2.278129578503827e-16,1.09861228866811,1.09861228866811,1.09861228866811,20,0,1.0986122886681102,1.0986122886681102,0.6666666666666666,1.1390647892519134e-16,0.6666666666666667,0.6666666666666667,0.6666666666666667,20,0,0.6666666666666666,0.6666666666666666,0.3333333333333333,5.695323946259567e-17,0.33333333333333337,0.33333333333333337,0.33333333333333337,20,0,0.3333333333333333,0.3333333333333333
swap_post:expertise_to_fairness,expertise,200,22,20,1.1377957819290665,0.971095519185193,1.2627260887731695,0.013423020332140661,3.5114716119670213,20,0,0.7380188000279375,1.587544886567837,0.44126666666666675,0.38088180235923724,0.49026666666666674,0.00026666666666666603,1.3722666666666667,20,0,0.2844666666666667,0.6176666666666667,0.7750000000000001,0.19432745018328426,0.75,0.30000000000000004,1.0,20,0,0.685,0.8550000000000001
swap_post:expertise_to_fairness,marginal,200,22,20,0.7918019355951499,0.15637955681822363,0.7952479425663876,0.5965765521344522,1.135402142705517,20,0,0.7275987050011988,0.861314711004435,0.4608126494467365,0.10457392507772234,0.46902903234965154,0.3214791461974553,0.7017160518405396,20,0,0.41795927209967526,0.5070286896172261,0.7750000000000001,0.19432745018328426,0.75,0.30000000000000004,1.0,20,0,0.685,0.8550000000000001
swap_post:expertise_to_fairness,repeat_last,200,22,20,0.8067501737649595,0.40145354380500897,0.7777255234096465,0.2737849281948572,1.6711560521457465,20,0,0.64025999751835,0.9821398558650829,0.4736911865730871,0.28413023178837404,0.4637890858080335,0.08983483921247074,1.0833150133252318,20,0,0.3555668026620835,0.599848057596931,0.6500000000000001,0.2856202852887397,0.6500000000000001,0.1,1.0,20,0,0.525,0.77
swap_post:expertise_to_fairness,win_stay_expertise,200,22,20,0.7308035736593502,0.2574052929532415,0.7341968951438584,0.4159899056882148,1.2522041197701106,20,0,0.6255899698058827,0.845591082793438,0.4124461957948043,0.17848030798306974,0.42847715262073893,0.1842184837740387,0.7776877166374849,20,0,0.3389530970136709,0.49255073461054993,0.76,0.19841477024816365,0.75,0.30000000000000004,1.0,20,0,0.67,0.8400000000000001
swap_post:expertise_to_fairness,history_frequency,200,22,20,0.7238819841375732,0.4150949845147557,0.7804055590191384,0.19363037343660666,1.572121309457849,20,0,0.5507170592407775,0.9066108476269946,0.4155010997311632,0.2899236655793369,0.4578764623924797,0.04722656987901461,1.0094448434128251,20,0,0.29393871575371167,0.54387822403791,0.6799999999999999,0.26477398504742633,0.6500000000000001,0.1,1.0,20,0,0.56,0.79
swap_post:expertise_to_fairness,reward_learning,200,22,20,0.6686763607514294,0.40769534923206674,0.718752064847455,0.06375611166070667,1.463627115125856,20,0,0.4986555424572313,0.8469578740885725,0.38728949752218467,0.2712338207234939,0.4098270144792159,0.006316347822415367,0.9399291670259695,20,0,0.27267775768545877,0.5053605669931063,0.7150000000000001,0.26212692787233716,0.75,0.1,1.0,20,0,0.5999999999999999,0.82
swap_post:expertise_to_fairness,belief_static,200,22,20,0.7188318225887429,0.45490643463415203,0.8110579874296651,0.03316849330137547,1.478840764116533,20,0,0.5230726507748007,0.9144037619823134,0.41073638639828014,0.2808909338772543,0.4668730219669312,0.001633538636291117,0.9110101889201629,20,0,0.28959515326887536,0.5318360556558291,0.72,0.22849622823099172,0.7000000000000001,0.2,1.0,20,0,0.6199999999999999,0.8150000000000001
swap_post:expertise_to_fairness,belief_dynamic,200,22,20,0.6872206541494911,0.41289177171533803,0.7392815659885001,0.0563925639127239,1.4463488566000113,20,0,0.5127906048016785,0.8651176989780645,0.3981015085424351,0.2679883728342253,0.4057926993682167,0.004943376621784393,0.9105041989638738,20,0,0.2850099820033606,0.5152936573235406,0.6950000000000001,0.2645253942640032,0.7000000000000001,0.1,1.0,20,0,0.5799999999999998,0.805
swap_post:expertise_to_fairness,simple_selected,200,22,20,0.6686763607514294,0.40769534923206674,0.718752064847455,0.06375611166070667,1.463627115125856,20,0,0.4986555424572313,0.8469578740885725,0.38728949752218467,0.2712338207234939,0.4098270144792159,0.006316347822415367,0.9399291670259695,20,0,0.27267775768545877,0.5053605669931063,0.7150000000000001,0.26212692787233716,0.75,0.1,1.0,20,0,0.5999999999999999,0.82
swap_post:expertise_to_fairness,belief_selected,200,22,20,0.6872206541494911,0.41289177171533803,0.7392815659885001,0.0563925639127239,1.4463488566000113,20,0,0.5127906048016785,0.8651176989780645,0.3981015085424351,0.2679883728342253,0.4057926993682167,0.004943376621784393,0.9105041989638738,20,0,0.2850099820033606,0.5152936573235406,0.6950000000000001,0.2645253942640032,0.7000000000000001,0.1,1.0,20,0,0.5799999999999998,0.805
swap_late:expertise_to_fairness,uniform,100,7,20,1.0986122886681102,2.278129578503827e-16,1.09861228866811,1.09861228866811,1.09861228866811,20,0,1.0986122886681102,1.0986122886681102,0.6666666666666666,1.1390647892519134e-16,0.6666666666666667,0.6666666666666667,0.6666666666666667,20,0,0.6666666666666666,0.6666666666666666,0.3333333333333333,5.695323946259567e-17,0.33333333333333337,0.33333333333333337,0.33333333333333337,20,0,0.3333333333333333,0.3333333333333333
swap_late:expertise_to_fairness,expertise,100,7,20,1.1627818432978874,1.1360743155801138,1.0128654750849637,0.013423020332140661,3.0117503845906097,20,0,0.7130327386591168,1.6625030706742987,0.45106666666666684,0.4455895680532644,0.39226666666666665,0.00026666666666666603,1.1762666666666668,20,0,0.27466666666666667,0.6470666666666667,0.77,0.22734161635370626,0.8,0.4,1.0,20,0,0.67,0.8600000000000001
swap_late:expertise_to_fairness,marginal,100,7,20,0.8083811660640704,0.20061567509450334,0.7194300081291638,0.5965765521344522,1.281137911384504,20,0,0.7273438534063443,0.8973419634749176,0.46963318613895993,0.12947166942233,0.4264506459173346,0.3214791461974553,0.7477642446116238,20,0,0.4161643108110026,0.5270705351279159,0.77,0.22734161635370626,0.8,0.4,1.0,20,0,0.67,0.8600000000000001
swap_late:expertise_to_fairness,repeat_last,100,7,20,0.817233558221816,0.49949458522066026,0.645339509713093,0.2729031748522969,1.76219989227015,20,0,0.6146759660354512,1.0374154529747794,0.47086496532445626,0.34325935394516366,0.38054950973627155,0.08983483921247074,1.1728548654610478,20,0,0.33157816344915003,0.6205928998011115,0.65,0.35466811765960937,0.7000000000000001,0.0,1.0,20,0,0.49000000000000005,0.7999999999999999
swap_late:expertise_to_fairness,win_stay_expertise,100,7,20,0.742015711956004,0.31757058686442036,0.6668298961954325,0.4159899056882148,1.4630666360370923,20,0,0.6122409984290503,0.8818129187248248,0.41549342354672103,0.21388627088823742,0.39423757654897695,0.1842184837740387,0.8604250619277368,20,0,0.32720334713497334,0.5091735822900517,0.77,0.217884566251321,0.8,0.4,1.0,20,0,0.6700000000000002,0.8600000000000001
swap_late:expertise_to_fairness,history_frequency,100,7,20,0.7221812916073527,0.5026855610974673,0.6655602164206652,0.18941904358213246,1.6036724302088614,20,0,0.5157218197908061,0.9376982833037502,0.4103250879978392,0.3487034851716107,0.38378284731385365,0.04536030604932638,1.0501490627324315,20,0,0.26726493839315774,0.562879597745368,0.69,0.3210181172129501,0.8,0.0,1.0,20,0,0.5400000000000001,0.82
swap_late:expertise_to_fairness,reward_learning,100,7,20,0.6812179376969529,0.46933316699896377,0.64256083935493,0.07037559348562428,1.3727261722173894,20,0,0.48451396918167944,0.8822661501252607,0.3938573767811003,0.320313080121418,0.38871354648262435,0.0073042286108244685,0.9119220182041698,20,0,0.2606568910731916,0.5317587417209163,0.6900000000000001,0.3210181172129501,0.7000000000000001,0.0,1.0,20,0,0.5499999999999999,0.82
swap_late:expertise_to_fairness,belief_static,100,7,20,0.7391039576034629,0.5445219849293281,0.8440559916783448,0.03346445112993609,1.4204386529600308,20,0,0.5042648303297855,0.9667563997878751,0.4295539944371473,0.34257942062291175,0.5421382778675284,0.0016629332207857255,0.869474502351582,20,0,0.28125376932953755,0.5756349250709926,0.68,0.29307803882601857,0.6000000000000001,0.2,1.0,20,0,0.55,0.8
swap_late:expertise_to_fairness,belief_dynamic,100,7,20,0.7112390450126973,0.47006579934759235,0.6755320428643983,0.058561746468679135,1.386363312051321,20,0,0.510490991984537,0.9109345131151548,0.4104937113889484,0.31341657040175414,0.3731327780918088,0.005093490126190851,0.8801647043764464,20,0,0.27837632686527264,0.544360873209611,0.67,0.3326132573235294,0.7000000000000001,0.0,1.0,20,0,0.52,0.8099999999999999
swap_late:expertise_to_fairness,simple_selected,100,7,20,0.6812179376969529,0.46933316699896377,0.64256083935493,0.07037559348562428,1.3727261722173894,20,0,0.48451396918167944,0.8822661501252607,0.3938573767811003,0.320313080121418,0.38871354648262435,0.0073042286108244685,0.9119220182041698,20,0,0.2606568910731916,0.5317587417209163,0.6900000000000001,0.3210181172129501,0.7000000000000001,0.0,1.0,20,0,0.5499999999999999,0.82
swap_late:expertise_to_fairness,belief_selected,100,7,20,0.7112390450126973,0.47006579934759235,0.6755320428643983,0.058561746468679135,1.386363312051321,20,0,0.510490991984537,0.9109345131151548,0.4104937113889484,0.31341657040175414,0.3731327780918088,0.005093490126190851,0.8801647043764464,20,0,0.27837632686527264,0.544360873209611,0.67,0.3326132573235294,0.7000000000000001,0.0,1.0,20,0,0.52,0.8099999999999999
swap_post:expertise_to_risk,uniform,200,21,20,1.0986122886681102,2.278129578503827e-16,1.09861228866811,1.09861228866811,1.09861228866811,20,0,1.0986122886681102,1.0986122886681102,0.6666666666666666,1.1390647892519134e-16,0.6666666666666667,0.6666666666666667,0.6666666666666667,20,0,0.6666666666666666,0.6666666666666666,0.3333333333333333,5.695323946259567e-17,0.33333333333333337,0.33333333333333337,0.33333333333333337,20,0,0.3333333333333333,0.3333333333333333
swap_post:expertise_to_risk,expertise,200,21,20,1.312698211510811,0.9509227039878688,1.012865475084964,0.013423020332140661,3.5114716119670217,20,0,0.937907290978502,1.7374612547807609,0.5098666666666667,0.37296964741750344,0.3922666666666667,0.00026666666666666603,1.3722666666666667,20,0,0.36286666666666667,0.6764666666666667,0.74,0.19029063643750174,0.8,0.30000000000000004,1.0,20,0,0.655,0.8150000000000001
swap_post:expertise_to_risk,marginal,200,21,20,0.8116782553765052,0.12194664182165853,0.8114841864929494,0.5965765521344522,1.0404445168287209,20,0,0.7620033572051194,0.8638370292153061,0.4759473701477222,0.08638764668679759,0.48078413657617625,0.3214791461974553,0.6245168668900436,20,0,0.43998462322342746,0.5135140611409095,0.74,0.19029063643750174,0.8,0.30000000000000004,1.0,20,0,0.655,0.8150000000000001
swap_post:expertise_to_risk,repeat_last,200,21,20,0.752197654241929,0.25555749996785837,0.753837401180999,0.2737849281948572,1.1931730199840618,20,0,0.6441830893977598,0.8609144485707322,0.4363018787965264,0.19039005645070628,0.42737274356324534,0.08983483921247074,0.8367803419123072,20,0,0.3570757442984146,0.5182481165021652,0.7000000000000001,0.2,0.75,0.30000000000000004,1.0,20,2,0.615,0.785
swap_post:expertise_to_risk,win_stay_expertise,200,21,20,0.7406259163161202,0.1885045378024894,0.7176478784294302,0.4159899056882148,1.1363677906407947,20,0,0.6613243963340228,0.822061734286999,0.4241877604169291,0.14630129571085793,0.42151775907998223,0.1842184837740387,0.7388464666952188,20,0,0.3633555751991215,0.48750623301324103,0.725,0.1996707816698066,0.75,0.30000000000000004,1.0,20,0,0.635,0.805
swap_post:expertise_to_risk,history_frequency,200,21,20,0.7304022966178498,0.312369540608208,0.6963822000717921,0.20043617648955156,1.3087757113334382,20,0,0.5996510774897356,0.8633117662586869,0.4172491668558461,0.2244180347123361,0.38616639317205126,0.05007055078765223,0.8484335884499795,20,0,0.32281570207392346,0.5130800346828933,0.7200000000000001,0.20672890969882066,0.8,0.30000000000000004,1.0,20,0,0.6300000000000001,0.805
swap_post:expertise_to_risk,reward_learning,200,21,20,0.6756568836890046,0.3100857809941624,0.6512483782755871,0.1530149739139584,1.2880320960810465,20,0,0.5464659874640067,0.808417713212789,0.37871959465822136,0.21261798246062882,0.3515650208193021,0.03406944988566883,0.8138904265205862,20,0,0.29139823296043005,0.4694000935034093,0.735,0.19808291724745766,0.8,0.30000000000000004,1.0,20,0,0.649875,0.8150000000000002
swap_post:expertise_to_risk,belief_static,200,21,20,0.7088719829756266,0.3315203738804528,0.6936498041093246,0.04544171937883671,1.3178744331029226,20,0,0.5697397172765921,0.8502220881712163,0.38426290900033844,0.2134103503795207,0.37051074333660866,0.0030956908151140794,0.8118752915698193,20,0,0.29541838256804986,0.47451981866358495,0.745,0.20124611797498107,0.8,0.30000000000000004,1.0,20,0,0.655,0.825
swap_post:expertise_to_risk,belief_dynamic,200,21,20,0.6850872148451888,0.31275462177944036,0.6652301089284367,0.13266983953014472,1.294688741893631,20,0,0.5562826340437375,0.8192000465152756,0.3824752064519601,0.20878918053576126,0.353290259483468,0.02862864386043434,0.8046330395944905,20,0,0.2956175674393213,0.4719722549286467,0.74,0.1984147702481637,0.8,0.30000000000000004,1.0,20,0,0.6500000000000001,0.8200000000000001
swap_post:expertise_to_risk,simple_selected,200,21,20,0.6756568836890046,0.3100857809941624,0.6512483782755871,0.1530149739139584,1.2880320960810465,20,0,0.5464659874640067,0.808417713212789,0.37871959465822136,0.21261798246062882,0.3515650208193021,0.03406944988566883,0.8138904265205862,20,0,0.29139823296043005,0.4694000935034093,0.735,0.19808291724745766,0.8,0.30000000000000004,1.0,20,0,0.649875,0.8150000000000002
swap_post:expertise_to_risk,belief_selected,200,21,20,0.6850872148451888,0.31275462177944036,0.6652301089284367,0.13266983953014472,1.294688741893631,20,0,0.5562826340437375,0.8192000465152756,0.3824752064519601,0.20878918053576126,0.353290259483468,0.02862864386043434,0.8046330395944905,20,0,0.2956175674393213,0.4719722549286467,0.74,0.1984147702481637,0.8,0.30000000000000004,1.0,20,0,0.6500000000000001,0.8200000000000001
swap_late:expertise_to_risk,uniform,100,8,20,1.0986122886681102,2.278129578503827e-16,1.09861228866811,1.09861228866811,1.09861228866811,20,0,1.0986122886681102,1.0986122886681102,0.6666666666666666,1.1390647892519134e-16,0.6666666666666667,0.6666666666666667,0.6666666666666667,20,0,0.6666666666666666,0.6666666666666666,0.3333333333333333,5.695323946259567e-17,0.33333333333333337,0.33333333333333337,0.33333333333333337,20,0,0.3333333333333333,0.3333333333333333
swap_late:expertise_to_risk,expertise,100,8,20,1.512586702461375,1.4319020033017478,1.0128654750849637,0.013423020332140661,5.0106352940962555,20,0,0.9616440492788818,2.1622242980507105,0.5882666666666667,0.5616187131385212,0.3922666666666667,0.00026666666666666603,1.9602666666666668,20,0,0.3721766666666668,0.8430666666666669,0.7,0.28654015976455155,0.8,0.0,1.0,20,1,0.57,0.8102499999999965
swap_late:expertise_to_risk,marginal,100,8,20,0.8135978420376635,0.15573542075680377,0.8220401544967753,0.5965765521344522,1.077109112977964,20,0,0.7481179576306405,0.8802464540870598,0.4849557491181494,0.11891459503676395,0.5038887367952343,0.3214791461974553,0.7303754165721936,20,0,0.43603619797083887,0.5382855568402006,0.7,0.28654015976455155,0.8,0.0,1.0,20,1,0.57,0.8102499999999965
swap_late:expertise_to_risk,repeat_last,100,8,20,0.7428840276445359,0.34975114607886115,0.7664070565453766,0.2729031748522969,1.3105486470030576,20,0,0.5925093838401635,0.8886809531022984,0.4356544669673917,0.26013984883017116,0.4819002919789284,0.08983483921247074,0.9351538796998209,20,0,0.3232368845246518,0.5452289218149816,0.6900000000000001,0.27890764364608317,0.6000000000000001,0.2,1.0,20,0,0.5700000000000001,0.8099999999999999
swap_late:expertise_to_risk,win_stay_expertise,100,8,20,0.7445702588675389,0.23123588522738464,0.8024643098339649,0.4159899056882148,1.0882251540193246,20,0,0.6441150612191734,0.8403979319510942,0.4355841883331394,0.18522672035172497,0.46436917946967105,0.1842184837740387,0.7506472169113075,20,0,0.3558920983642695,0.5149440468538365,0.71,0.25526044491233285,0.7000000000000001,0.2,1.0,20,0,0.5999999999999999,0.82
swap_late:expertise_to_risk,history_frequency,100,8,20,0.7350836035341582,0.3849538973018227,0.7933383197619019,0.1960804926494591,1.3077492103092823,20,0,0.5689038536378125,0.8991091053300968,0.4246593250099461,0.2796255352945223,0.42641567512347844,0.04810124069671358,0.8865512704397729,20,0,0.3049727153010845,0.5455340749746693,0.71,0.2789076436460832,0.8,0.2,1.0,20,0,0.5900000000000001,0.8300000000000001
swap_late:expertise_to_risk,reward_learning,100,8,20,0.654602228353238,0.38338448722562096,0.6743472671328375,0.049002154169055054,1.3248734122017352,20,0,0.4930462434857673,0.8188960830988334,0.37734989019232873,0.2654438281265016,0.4004486847021729,0.0037922141846923837,0.7908302700434489,20,0,0.2649292080643642,0.4936279904380388,0.7299999999999999,0.253605578553951,0.8,0.2,1.0,20,0,0.62,0.8400000000000001
swap_late:expertise_to_risk,belief_static,100,8,20,0.7065408811687297,0.44750095125795725,0.7824332050866647,0.03510568885700148,1.5074293539425123,20,0,0.5120180179453032,0.8986463261868708,0.3877082392248033,0.26952056421146076,0.3841401699980449,0.001838497644477749,0.7620934918410512,20,0,0.2721591969920586,0.5039884249146851,0.75,0.2417044737516849,0.8,0.2,1.0,20,0,0.6400000000000001,0.85
swap_late:expertise_to_risk,belief_dynamic,100,8,20,0.6713026208754487,0.38915954519605395,0.6801189704178259,0.05727105890556976,1.3744161163260715,20,0,0.5061067731950648,0.8353060973902922,0.38666412368671477,0.2596675188940308,0.38854716290939595,0.005473673240156926,0.788072056379419,20,0,0.2763494358902727,0.4970426683729134,0.74,0.2521486612465374,0.8,0.2,1.0,20,0,0.63,0.85
swap_late:expertise_to_risk,simple_selected,100,8,20,0.654602228353238,0.38338448722562096,0.6743472671328375,0.049002154169055054,1.3248734122017352,20,0,0.4930462434857673,0.8188960830988334,0.37734989019232873,0.2654438281265016,0.4004486847021729,0.0037922141846923837,0.7908302700434489,20,0,0.2649292080643642,0.4936279904380388,0.7299999999999999,0.253605578553951,0.8,0.2,1.0,20,0,0.62,0.8400000000000001
swap_late:expertise_to_risk,belief_selected,100,8,20,0.6713026208754487,0.38915954519605395,0.6801189704178259,0.05727105890556976,1.3744161163260715,20,0,0.5061067731950648,0.8353060973902922,0.38666412368671477,0.2596675188940308,0.38854716290939595,0.005473673240156926,0.788072056379419,20,0,0.2763494358902727,0.4970426683729134,0.74,0.2521486612465374,0.8,0.2,1.0,20,0,0.63,0.85
own_round:1,uniform,180,0,180,1.09861228866811,2.278129578503827e-16,1.0986122886681098,1.0986122886681098,1.0986122886681098,20,0,1.09861228866811,1.09861228866811,0.6666666666666666,1.1390647892519134e-16,0.6666666666666667,0.6666666666666667,0.6666666666666667,20,0,0.6666666666666666,0.6666666666666666,0.3333333333333332,5.695323946259567e-17,0.33333333333333326,0.33333333333333326,0.33333333333333326,20,0,0.3333333333333332,0.3333333333333332
own_round:1,expertise,180,0,180,0.7630048613967579,1.83071646599012,0.01342302033214066,0.01342302033214066,5.0106352940962555,20,3,0.01342302033214066,1.5125867024613753,0.2942666666666667,0.7180411951237455,0.00026666666666666603,0.00026666666666666603,1.9602666666666666,20,3,0.00026666666666666603,0.5882666666666667,0.85,0.36634754853252327,1.0,0.0,1.0,20,3,0.7,1.0
own_round:1,marginal,180,0,180,0.6982046110680333,0.18151666626255814,0.6290169066923361,0.5965765521344522,1.1396967309142783,20,6,0.6261091129264161,0.7790886441912108,0.4060083230502414,0.15322289150179305,0.3479862428505219,0.3214791461974553,0.7803509972379812,20,3,0.34504684464533425,0.4739585430629968,0.85,0.36634754853252327,1.0,0.0,1.0,20,3,0.7,1.0
own_round:1,repeat_last,180,0,180,0.6982046110680333,0.18151666626255814,0.6290169066923361,0.5965765521344522,1.1396967309142783,20,6,0.6261091129264161,0.7790886441912108,0.4060083230502414,0.15322289150179305,0.3479862428505219,0.3214791461974553,0.7803509972379812,20,3,0.34504684464533425,0.4739585430629968,0.85,0.36634754853252327,1.0,0.0,1.0,20,3,0.7,1.0
own_round:1,win_stay_expertise,180,0,180,0.577960472645941,0.3538577464770842,0.43617621468301193,0.4159899056882147,1.4204565503012736,20,6,0.4343629461483539,0.7289118693443719,0.31720043655329266,0.2943652749660641,0.19925551917917608,0.1842184837740387,1.0183723720544329,20,3,0.19759388947174958,0.4417603788017326,0.85,0.36634754853252327,1.0,0.0,1.0,20,3,0.7,1.0
own_round:1,history_frequency,180,0,180,0.8621891932322479,0.09105269705371455,0.8261174215675058,0.8083795974949648,1.0868548213317248,20,6,0.8264537109774044,0.902939796937904,0.5104507454476898,0.07043385111308069,0.48401651477447455,0.4690671216332496,0.6806007245310868,20,6,0.4827606928041239,0.5418670522399123,0.85,0.36634754853252327,1.0,0.0,1.0,20,3,0.7,1.0
own_round:1,reward_learning,180,0,180,0.6982046110680333,0.18151666626255808,0.6290169066923361,0.5965765521344524,1.1396967309142783,20,6,0.6261091129264161,0.7790886441912108,0.4060083230502414,0.153222891501793,0.34798624285052193,0.32147914619745543,0.780350997237981,20,3,0.3450468446453343,0.4739585430629968,0.85,0.36634754853252327,1.0,0.0,1.0,20,3,0.7,1.0
own_round:1,belief_static,180,0,180,0.6982046110680333,0.18151666626255808,0.6290169066923361,0.5965765521344524,1.1396967309142783,20,6,0.6261091129264161,0.7790886441912108,0.4060083230502414,0.153222891501793,0.34798624285052193,0.32147914619745543,0.780350997237981,20,3,0.3450468446453343,0.4739585430629968,0.85,0.36634754853252327,1.0,0.0,1.0,20,3,0.7,1.0
own_round:1,belief_dynamic,180,0,180,0.6982046110680333,0.18151666626255808,0.6290169066923361,0.5965765521344524,1.1396967309142783,20,6,0.6261091129264161,0.7790886441912108,0.4060083230502414,0.153222891501793,0.34798624285052193,0.32147914619745543,0.780350997237981,20,3,0.3450468446453343,0.4739585430629968,0.85,0.36634754853252327,1.0,0.0,1.0,20,3,0.7,1.0
own_round:1,simple_selected,180,0,180,0.6982046110680333,0.18151666626255808,0.6290169066923361,0.5965765521344524,1.1396967309142783,20,6,0.6261091129264161,0.7790886441912108,0.4060083230502414,0.153222891501793,0.34798624285052193,0.32147914619745543,0.780350997237981,20,3,0.3450468446453343,0.4739585430629968,0.85,0.36634754853252327,1.0,0.0,1.0,20,3,0.7,1.0
own_round:1,belief_selected,180,0,180,0.6982046110680333,0.18151666626255808,0.6290169066923361,0.5965765521344524,1.1396967309142783,20,6,0.6261091129264161,0.7790886441912108,0.4060083230502414,0.153222891501793,0.34798624285052193,0.32147914619745543,0.780350997237981,20,3,0.3450468446453343,0.4739585430629968,0.85,0.36634754853252327,1.0,0.0,1.0,20,3,0.7,1.0
own_round:2,uniform,180,0,180,1.09861228866811,2.278129578503827e-16,1.0986122886681098,1.0986122886681098,1.0986122886681098,20,0,1.09861228866811,1.09861228866811,0.6666666666666666,1.1390647892519134e-16,0.6666666666666667,0.6666666666666667,0.6666666666666667,20,0,0.6666666666666666,0.6666666666666666,0.3333333333333332,5.695323946259567e-17,0.33333333333333326,0.33333333333333326,0.33333333333333326,20,0,0.3333333333333332,0.3333333333333332
own_round:2,expertise,180,0,180,1.7416255983422304,1.8783330072343472,1.0545089106996646,0.01342302033214066,5.0106352940962555,20,0,0.9295786038555617,2.5744943106362497,0.6780999999999999,0.7367172920605655,0.40859999999999996,0.00026666666666666603,1.9602666666666666,20,0,0.3596,1.0047666666666668,0.6541666666666666,0.37587616941865587,0.7916666666666666,0.0,1.0,20,0,0.4875,0.8166666666666667
own_round:2,marginal,180,0,180,0.8245124403917078,0.25196770176630734,0.7309816046285369,0.5965765521344522,1.5690893364836453,20,1,0.7230443290370931,0.942246436688336,0.5000323281615959,0.17736682439925744,0.43465800145718786,0.3214791461974553,0.8850059808086272,20,0,0.42514662612035814,0.5797024880028429,0.6541666666666666,0.37587616941865587,0.7916666666666666,0.0,1.0,20,0,0.4875,0.8166666666666667
own_round:2,repeat_last,180,0,180,0.6974253860385136,0.44136826377471866,0.4375770847806506,0.2729031748522969,1.6892113975539202,20,0,0.5090200844740587,0.8973359523325609,0.40610857836753766,0.3215401585036529,0.2024197717335537,0.08983483921247074,0.9335302763990843,20,0,0.26489512432535167,0.550469432836322,0.7708333333333333,0.29847933308807456,1.0,0.3333333333333333,1.0,20,0,0.6333333333333334,0.9
own_round:2,win_stay_expertise,180,0,180,0.7473380775143809,0.37322926852259675,0.534009701281984,0.4159899056882147,1.6892113975539202,20,0,0.5879785893591123,0.9174340590412504,0.4435066913451876,0.27542234238060553,0.2805855499227318,0.1842184837740387,0.9335302763990843,20,0,0.32353111126904865,0.5642358277594689,0.725,0.31657431709728767,1.0,0.3333333333333333,1.0,20,0,0.5875,0.8626041666666653
own_round:2,history_frequency,180,0,180,0.6836430828202538,0.45810881769829254,0.3815240952151334,0.3135116287169838,1.6091010167048676,20,0,0.48920980478783344,0.8951669510895642,0.3826022086236916,0.333848317535681,0.1564716107517875,0.11042817013374792,0.9453627803257767,20,0,0.23875365770302667,0.5362288412948923,0.7708333333333333,0.29847933308807456,1.0,0.3333333333333333,1.0,20,0,0.6333333333333334,0.9
own_round:2,reward_learning,180,0,180,0.6153035559497477,0.38889156038574973,0.45190036455400545,0.2578346438992557,1.6693533425562066,20,0,0.4536633570114067,0.795075877504822,0.3517691585927165,0.27820887155960305,0.22540868095181787,0.08653244348681642,0.9162178930619844,20,0,0.23196520360936496,0.4802736509693131,0.7708333333333333,0.29847933308807456,1.0,0.3333333333333333,1.0,20,0,0.6333333333333334,0.9
own_round:2,belief_static,180,0,180,0.59378832499166,0.3416743506738258,0.4339876959362102,0.2486033096217208,1.5713091785292996,20,0,0.45123721221045326,0.7528244370020383,0.33927742886476864,0.24166489770081226,0.209536435579483,0.08728622979879463,0.8667814480554036,20,0,0.23459824068415822,0.4501788542618244,0.725,0.31657431709728767,1.0,0.3333333333333333,1.0,20,0,0.5875,0.8626041666666653
own_round:2,belief_dynamic,180,0,180,0.5962812760955111,0.34832452331589636,0.43574253187747153,0.24930628486819145,1.5850936094876318,20,0,0.4509578292440688,0.7581827951866652,0.34066142804666205,0.2469490346509471,0.2110182520019086,0.0866940256125979,0.8737902614460422,20,0,0.23384106249710254,0.454294294688744,0.725,0.31657431709728767,1.0,0.3333333333333333,1.0,20,0,0.5875,0.8626041666666653
own_round:2,simple_selected,180,0,180,0.6153035559497477,0.38889156038574973,0.45190036455400545,0.2578346438992557,1.6693533425562066,20,0,0.4536633570114067,0.795075877504822,0.3517691585927165,0.27820887155960305,0.22540868095181787,0.08653244348681642,0.9162178930619844,20,0,0.23196520360936496,0.4802736509693131,0.7708333333333333,0.29847933308807456,1.0,0.3333333333333333,1.0,20,0,0.6333333333333334,0.9
own_round:2,belief_selected,180,0,180,0.5962812760955111,0.34832452331589636,0.43574253187747153,0.24930628486819145,1.5850936094876318,20,0,0.4509578292440688,0.7581827951866652,0.34066142804666205,0.2469490346509471,0.2110182520019086,0.0866940256125979,0.8737902614460422,20,0,0.23384106249710254,0.454294294688744,0.725,0.31657431709728767,1.0,0.3333333333333333,1.0,20,0,0.5875,0.8626041666666653
own_round:3,uniform,180,0,180,1.09861228866811,2.278129578503827e-16,1.0986122886681098,1.0986122886681098,1.0986122886681098,20,0,1.09861228866811,1.09861228866811,0.6666666666666666,1.1390647892519134e-16,0.6666666666666667,0.6666666666666667,0.6666666666666667,20,0,0.6666666666666666,0.6666666666666666,0.3333333333333332,5.695323946259567e-17,0.33333333333333326,0.33333333333333326,0.33333333333333326,20,0,0.3333333333333332,0.3333333333333332
own_round:3,expertise,180,0,180,1.9498427764157351,1.3596773883422104,2.0955948010671883,0.01342302033214066,5.0106352940962555,20,0,1.3876563956172723,2.5328508750215484,0.7597666666666665,0.5332908700200891,0.8169333333333332,0.00026666666666666603,1.9602666666666666,20,0,0.5392666666666666,0.9884333333333333,0.6125,0.27208717858167814,0.5833333333333333,0.0,1.0,20,0,0.4958333333333333,0.725
own_round:3,marginal,180,0,180,0.8632705009806163,0.22498100540315374,0.8436223636407907,0.6242438834874853,1.5628950085745874,20,1,0.7757962433037272,0.966374043261314,0.5241879506515558,0.14153779377355336,0.5294690978491283,0.3404456730236689,0.8838693924758076,20,1,0.4664702556349565,0.5865032154498956,0.6125,0.27208717858167814,0.5833333333333333,0.0,1.0,20,0,0.4958333333333333,0.725
own_round:3,repeat_last,180,0,180,0.8195407303372733,0.3904209221920227,0.815869086969264,0.2729031748522969,1.8716593947232316,20,1,0.6594386079736709,0.9925322828491727,0.49672857391792097,0.26611863769251365,0.49302280332496967,0.09030649130425913,1.0108518132522122,20,0,0.3828469331166661,0.6124306283001478,0.6375,0.2652856234105122,0.6666666666666666,0.16666666666666666,1.0,20,0,0.5208333333333333,0.7541666666666667
own_round:3,win_stay_expertise,180,0,180,0.810684731133877,0.29406711245145656,0.751485459877839,0.4332222074474431,1.677891086420867,20,1,0.6929243737895366,0.9431814899520318,0.4860207825965566,0.19132681182835823,0.46627152867169164,0.19609126662479848,0.9262232154509203,20,0,0.4056683031678655,0.5698614746325613,0.6708333333333333,0.24553766043126352,0.7083333333333333,0.3333333333333333,1.0,20,0,0.5625,0.7791666666666666
own_round:3,history_frequency,180,0,180,0.8485921312517126,0.37367700579585084,0.8658640214929242,0.28438568817431614,1.6539138016237005,20,0,0.6924433702620771,1.010073244076615,0.5075239939008379,0.2658499115219148,0.5164706203398273,0.09331657076198274,0.966502906266625,20,0,0.3945206782798284,0.622235132150691,0.6166666666666666,0.2722550403896021,0.625,0.16666666666666666,1.0,20,0,0.4958333333333334,0.7333333333333333
own_round:3,reward_learning,180,0,180,0.7339066863347897,0.3566476837934303,0.6488895424836847,0.22306524517425286,1.6087259403643506,20,0,0.5875507291191269,0.8955335907044562,0.43852598854984876,0.24869368339321066,0.39785523741396334,0.06730024407206214,0.9116007698837095,20,0,0.33446550584092094,0.5520649933908148,0.6249999999999999,0.2763853991962833,0.625,0.16666666666666666,1.0,20,0,0.5041666666666667,0.7458333333333333
own_round:3,belief_static,180,0,180,0.7250595278639534,0.37288085695130013,0.6444271629131,0.214134808465772,1.5334454709809555,20,0,0.571057242058508,0.8976659198021703,0.4326726270053868,0.26101071614492444,0.3925352066653437,0.06936989682097469,0.9900189375851249,20,0,0.3251543085390388,0.5539442912516476,0.6375,0.26802695814488076,0.625,0.16666666666666666,1.0,20,0,0.5166666666666667,0.7541666666666667
own_round:3,belief_dynamic,180,0,180,0.7267461241544392,0.36684586206069897,0.649006709630386,0.21618519281694815,1.5454371402696019,20,0,0.57603972035862,0.8964789729381505,0.4344240221396446,0.25736285842716106,0.3964049481120533,0.06929796964068635,0.9684117579474358,20,0,0.3281492478097387,0.5525922245391339,0.6375,0.26802695814488076,0.625,0.16666666666666666,1.0,20,0,0.5166666666666667,0.7541666666666667
own_round:3,simple_selected,180,0,180,0.7339066863347897,0.3566476837934303,0.6488895424836847,0.22306524517425286,1.6087259403643506,20,0,0.5875507291191269,0.8955335907044562,0.43852598854984876,0.24869368339321066,0.39785523741396334,0.06730024407206214,0.9116007698837095,20,0,0.33446550584092094,0.5520649933908148,0.6249999999999999,0.2763853991962833,0.625,0.16666666666666666,1.0,20,0,0.5041666666666667,0.7458333333333333
own_round:3,belief_selected,180,0,180,0.7267461241544392,0.36684586206069897,0.649006709630386,0.21618519281694815,1.5454371402696019,20,0,0.57603972035862,0.8964789729381505,0.4344240221396446,0.25736285842716106,0.3964049481120533,0.06929796964068635,0.9684117579474358,20,0,0.3281492478097387,0.5525922245391339,0.6375,0.26802695814488076,0.625,0.16666666666666666,1.0,20,0,0.5166666666666667,0.7541666666666667
own_round:4,uniform,180,0,180,1.09861228866811,2.278129578503827e-16,1.0986122886681098,1.0986122886681098,1.0986122886681098,20,0,1.09861228866811,1.09861228866811,0.6666666666666666,1.1390647892519134e-16,0.6666666666666667,0.6666666666666667,0.6666666666666667,20,0,0.6666666666666666,0.6666666666666666,0.3333333333333332,5.695323946259567e-17,0.33333333333333326,0.33333333333333326,0.33333333333333326,20,0,0.3333333333333332,0.3333333333333332
own_round:4,expertise,180,0,180,2.1164165188745385,1.607032280725309,1.679160444920179,0.01342302033214066,5.0106352940962555,20,0,1.4709432668466742,2.8243549243244552,0.8250999999999997,0.6303080793182022,0.6536,0.00026666666666666603,1.9602666666666666,20,0,0.5719333333333332,1.1027666666666662,0.5791666666666667,0.3215857547541848,0.6666666666666666,0.0,1.0,20,0,0.4375,0.7083333333333333
own_round:4,marginal,180,0,180,0.8740653105484351,0.2240771431253006,0.7874186526803086,0.6267518137815441,1.5102157669448362,20,1,0.786387307901846,0.9768968371816608,0.5367241865040566,0.1535299888120509,0.4814489133672997,0.3404456730236689,0.8788098279406583,20,0,0.4744718960119579,0.6051930732674297,0.5791666666666667,0.3215857547541848,0.6666666666666666,0.0,1.0,20,0,0.4375,0.7083333333333333
own_round:4,repeat_last,180,0,180,0.7599444147572915,0.3653654787144998,0.7072111703967106,0.27378492819485717,1.9107359413138414,20,1,0.6159001148031095,0.9267198609754352,0.45139969128511703,0.2385538798956949,0.4153026555415129,0.08983483921247074,1.034611091523317,20,0,0.35260218685345945,0.5561240004584844,0.6791666666666666,0.22985343664862026,0.625,0.25,1.0,20,0,0.5833333333333333,0.7791666666666666
own_round:4,win_stay_expertise,180,0,180,0.8168560535441165,0.3114203844680887,0.7869941042151541,0.43477534458537326,1.667560856520916,20,1,0.6928549881590641,0.9604624210383315,0.5010788261913905,0.227039034132363,0.49497686800422835,0.19500992345989548,0.953286173525127,20,0,0.40871721546703,0.6015822361304424,0.6375,0.27208717858167814,0.5833333333333333,0.16666666666666666,1.0,20,0,0.5208333333333333,0.7501041666666652
own_round:4,history_frequency,180,0,180,0.7701100344437559,0.3623202811163863,0.7384639271836777,0.2647158451033089,1.6775443014393003,20,1,0.6189386562900571,0.9298886359248594,0.4525203606910062,0.2518970100099317,0.44431379562453605,0.08252233001907555,0.9771157534118721,20,0,0.34667245129086477,0.5608803084095628,0.6708333333333333,0.23643768265185178,0.625,0.25,1.0,20,0,0.5708333333333333,0.7708333333333333
own_round:4,reward_learning,180,0,180,0.7297201433851305,0.3315257240400438,0.6506136749796716,0.24285842835529542,1.5989602331057151,20,1,0.592887058490799,0.8778577099695234,0.43789317768773967,0.23042643926543152,0.3928997203869132,0.07798092308049859,0.9177294443535458,20,0,0.33895881345423223,0.539189501918254,0.7,0.23939494881986928,0.6666666666666666,0.25,1.0,20,0,0.5958333333333334,0.8041666666666666
own_round:4,belief_static,180,0,180,0.7482183246593156,0.3302310676681898,0.6880523042686914,0.23871424778038397,1.510352391784573,20,0,0.6084747503816639,0.8938297359714759,0.4472637784830777,0.22826598434714923,0.40972550176287187,0.08138664533975949,0.8666583537602983,20,0,0.3487906948348752,0.5473482478412,0.6666666666666665,0.23878346647045964,0.625,0.25,1.0,20,0,0.5666666666666667,0.7708333333333333
own_round:4,belief_dynamic,180,0,180,0.7379768929241964,0.3271079632364665,0.6712188036535855,0.24540668253373654,1.5280556136659147,20,0,0.5997146367814484,0.882350899319157,0.4415260789643007,0.22714183520652328,0.39917378111942076,0.08365028368335789,0.8739941825679973,20,0,0.34401685637198876,0.5411541446245847,0.6666666666666665,0.23878346647045964,0.625,0.25,1.0,20,0,0.5666666666666667,0.7708333333333333
own_round:4,simple_selected,180,0,180,0.7297201433851305,0.3315257240400438,0.6506136749796716,0.24285842835529542,1.5989602331057151,20,1,0.592887058490799,0.8778577099695234,0.43789317768773967,0.23042643926543152,0.3928997203869132,0.07798092308049859,0.9177294443535458,20,0,0.33895881345423223,0.539189501918254,0.7,0.23939494881986928,0.6666666666666666,0.25,1.0,20,0,0.5958333333333334,0.8041666666666666
own_round:4,belief_selected,180,0,180,0.7379768929241964,0.3271079632364665,0.6712188036535855,0.24540668253373654,1.5280556136659147,20,0,0.5997146367814484,0.882350899319157,0.4415260789643007,0.22714183520652328,0.39917378111942076,0.08365028368335789,0.8739941825679973,20,0,0.34401685637198876,0.5411541446245847,0.6666666666666665,0.23878346647045964,0.625,0.25,1.0,20,0,0.5666666666666667,0.7708333333333333
own_round:5,uniform,180,2,180,1.09861228866811,2.278129578503827e-16,1.0986122886681098,1.0986122886681098,1.0986122886681098,20,0,1.09861228866811,1.09861228866811,0.6666666666666666,1.1390647892519134e-16,0.6666666666666667,0.6666666666666667,0.6666666666666667,20,0,0.6666666666666666,0.6666666666666666,0.3333333333333332,5.695323946259567e-17,0.33333333333333326,0.33333333333333326,0.33333333333333326,20,0,0.3333333333333332,0.3333333333333332
own_round:5,expertise,180,2,180,2.657781181865651,1.444309820686205,2.3038119791406935,0.01342302033214066,5.0106352940962555,20,0,2.0534308225073032,3.2616109982788153,1.0374333333333334,0.566485290890524,0.8985999999999998,0.00026666666666666603,1.9602666666666666,20,0,0.8003958333333331,1.2742666666666667,0.4708333333333333,0.2890231075972061,0.5416666666666666,0.0,1.0,20,0,0.35,0.5917708333333319
own_round:5,marginal,180,2,180,0.9857452729464393,0.21688925681534074,1.043603854943076,0.6242438834874853,1.4229645291255837,20,0,0.8930585360974557,1.0823384944359604,0.6067491043572877,0.14304423463114088,0.6088674364989581,0.34238595061316657,0.8500268417691476,20,0,0.5453005987060859,0.6677894426867581,0.4708333333333333,0.2890231075972061,0.5416666666666666,0.0,1.0,20,0,0.35,0.5917708333333319
own_round:5,repeat_last,180,2,180,0.9136988070145197,0.3344860589942493,0.8708699880402243,0.41004155532390996,1.5558135442882177,20,0,0.7758347715344812,1.0611260965879603,0.5488262328491001,0.23011026573471835,0.513592930424276,0.1892547340262174,1.0851752919324413,20,1,0.4536823450181257,0.6520210705720638,0.6291666666666667,0.22372935560941373,0.6666666666666666,0.16666666666666666,1.0,20,0,0.5333333333333333,0.725
own_round:5,win_stay_expertise,180,2,180,0.9568224706539985,0.29817630329136574,0.9570857566457268,0.47276919162593545,1.5376243942063144,20,0,0.8285282412806321,1.0864595618276416,0.5837331267458813,0.2079628401507104,0.5865218836956658,0.2306130994104867,0.9286314272673688,20,0,0.49302539080906055,0.6731339624720549,0.5750000000000001,0.23242303637173595,0.5833333333333333,0.08333333333333333,0.9166666666666665,20,0,0.4708333333333333,0.6749999999999999
own_round:5,history_frequency,180,2,180,0.8716911784681611,0.36273576048656697,0.8492184924704536,0.28898770714709676,1.590452511151863,20,1,0.7195099373311047,1.0321691984003338,0.5137511077192152,0.2549985512941283,0.49206175787120965,0.09991845903667472,1.0796681763288065,20,1,0.40715870254321496,0.6272486980424617,0.6291666666666667,0.22372935560941373,0.6666666666666666,0.16666666666666666,1.0,20,0,0.5333333333333333,0.725
own_round:5,reward_learning,180,2,180,0.7550944813219658,0.27364739632842505,0.7015501444571819,0.35542040303709876,1.4688736533504059,20,3,0.6443946374489707,0.8813846854732498,0.445081117810105,0.1821308157090899,0.40425161464935266,0.15229007598901573,0.8257584995978888,20,2,0.37052290872574906,0.5276078449238145,0.6458333333333333,0.20390020205399703,0.6666666666666666,0.16666666666666666,1.0,20,1,0.5541666666666666,0.7291666666666666
own_round:5,belief_static,180,2,180,0.7297518328656105,0.23255356365745167,0.6817472712271402,0.4146617481972512,1.3839963771200672,20,4,0.6383874665115248,0.8388106514574512,0.43237879606606,0.1568388052865992,0.40471086701905074,0.1950176366051779,0.7972825569268123,20,3,0.36946341003185834,0.5036333038613707,0.6833333333333333,0.159035837661889,0.6666666666666666,0.3333333333333333,1.0,20,0,0.6125,0.75
own_round:5,belief_dynamic,180,2,180,0.736039973575367,0.24000492878987753,0.6988845269521048,0.39731781276789696,1.386326192367483,20,5,0.6409373973050387,0.8468264570634807,0.4354163005436291,0.16302620053485467,0.40975333898542576,0.18237474699636172,0.7898388988611608,20,4,0.36931581834857385,0.5088921007837363,0.6583333333333333,0.20214493092683575,0.6666666666666666,0.16666666666666666,1.0,20,1,0.5666666666666667,0.7416666666666666
own_round:5,simple_selected,180,2,180,0.7550944813219658,0.27364739632842505,0.7015501444571819,0.35542040303709876,1.4688736533504059,20,3,0.6443946374489707,0.8813846854732498,0.445081117810105,0.1821308157090899,0.40425161464935266,0.15229007598901573,0.8257584995978888,20,2,0.37052290872574906,0.5276078449238145,0.6458333333333333,0.20390020205399703,0.6666666666666666,0.16666666666666666,1.0,20,1,0.5541666666666666,0.7291666666666666
own_round:5,belief_selected,180,2,180,0.736039973575367,0.24000492878987753,0.6988845269521048,0.39731781276789696,1.386326192367483,20,5,0.6409373973050387,0.8468264570634807,0.4354163005436291,0.16302620053485467,0.40975333898542576,0.18237474699636172,0.7898388988611608,20,4,0.36931581834857385,0.5088921007837363,0.6583333333333333,0.20214493092683575,0.6666666666666666,0.16666666666666666,1.0,20,1,0.5666666666666667,0.7416666666666666
own_round:6,uniform,180,11,180,1.09861228866811,2.278129578503827e-16,1.0986122886681098,1.0986122886681098,1.0986122886681098,20,0,1.09861228866811,1.09861228866811,0.6666666666666666,1.1390647892519134e-16,0.6666666666666667,0.6666666666666667,0.6666666666666667,20,0,0.6666666666666666,0.6666666666666666,0.3333333333333332,5.695323946259567e-17,0.33333333333333326,0.33333333333333326,0.33333333333333326,20,0,0.3333333333333332,0.3333333333333332
own_round:6,expertise,180,11,180,2.2205251079112913,1.0732463716275493,2.512029157214198,0.01342302033214066,3.7613322256552264,20,0,1.7416255983422304,2.6577811818656514,0.8659333333333332,0.420947274830393,0.9802666666666666,0.00026666666666666603,1.4702666666666666,20,0,0.6780999999999999,1.0374333333333332,0.5583333333333333,0.21476901777060872,0.5,0.25,1.0,20,0,0.4708333333333333,0.6541666666666666
own_round:6,marginal,180,11,180,0.9822828040062823,0.24173371025575185,0.9627460759581173,0.639895418220793,1.5373477285335215,20,0,0.8797192504411392,1.088715042953362,0.587043554886678,0.14342716449564974,0.5820735009739246,0.35683762905850214,0.8910437683223185,20,0,0.525249214409615,0.6487572684806986,0.5583333333333333,0.21476901777060872,0.5,0.25,1.0,20,0,0.4708333333333333,0.6541666666666666
own_round:6,repeat_last,180,11,180,0.8713571482568719,0.2474476403640736,0.8989640994865709,0.311771716638593,1.199372987313787,20,0,0.7621621465371026,0.9718174267352537,0.5128090748991184,0.16601585407456637,0.5350193890998874,0.11717192847862626,0.7561136362186773,20,2,0.43895395719876046,0.5822310591749668,0.6041666666666666,0.20920868732870815,0.5833333333333333,0.25,1.0,20,0,0.5125,0.6958333333333333
own_round:6,win_stay_expertise,180,11,180,0.8547463891715598,0.24493077609724526,0.902049985400281,0.48293090807161365,1.27846664882807,20,0,0.7497899877370875,0.9586274739039051,0.4997281787151218,0.16115809440243464,0.5495601239619435,0.23939626218330454,0.7637845891044512,20,0,0.429699345556475,0.568447973113797,0.6458333333333333,0.22274700462671868,0.6666666666666666,0.25,1.0,20,0,0.55,0.7416666666666665
own_round:6,history_frequency,180,11,180,0.8374610472486586,0.2618843784746416,0.8542449830052063,0.33829072781679953,1.3568939252413694,20,0,0.7242708639510325,0.9517788403479799,0.4903349867095481,0.19441737263623454,0.484197073193268,0.13116073810162848,0.9372263283817913,20,0,0.40825641562570053,0.5759498958359658,0.6416666666666666,0.20430312303504158,0.6666666666666666,0.16666666666666666,1.0,20,0,0.55,0.7291666666666665
own_round:6,reward_learning,180,11,180,0.7111936325308055,0.24971550466468334,0.6967191263303076,0.29844307222942723,1.109196873201801,20,0,0.6036727289152493,0.8205567794072299,0.4115732500694911,0.17808014175928152,0.38893832939500245,0.11226666327133544,0.7408295402469404,20,0,0.3366107797841259,0.4901375158892593,0.675,0.18906510528145515,0.6666666666666666,0.25,1.0,20,0,0.5916666666666666,0.7541666666666667
own_round:6,belief_static,180,11,180,0.6950427682333324,0.25168191289258246,0.6491566842468524,0.35063985114401347,1.2170079361050505,20,0,0.5907756533117783,0.8080500862473885,0.4000841377364188,0.17249910553449327,0.37582744419806663,0.15631224030943516,0.7571588805432465,20,0,0.3287653749426344,0.477546541130306,0.7166666666666667,0.15150318932045292,0.7083333333333333,0.5,1.0,20,0,0.6541666666666666,0.7833333333333333
own_round:6,belief_dynamic,180,11,180,0.7034470898731994,0.2503751247098523,0.6663718829619387,0.3348674014912584,1.1938251570304903,20,0,0.5987113391942189,0.8157253988049956,0.40492685254830424,0.17308162723301362,0.38193746219310876,0.14091022283517976,0.7488876421645044,20,0,0.3326155165831595,0.4819028057798306,0.7083333333333333,0.16334407411873747,0.7083333333333333,0.41666666666666663,1.0,20,0,0.6375,0.7791666666666667
own_round:6,simple_selected,180,11,180,0.7111936325308055,0.24971550466468334,0.6967191263303076,0.29844307222942723,1.109196873201801,20,0,0.6036727289152493,0.8205567794072299,0.4115732500694911,0.17808014175928152,0.38893832939500245,0.11226666327133544,0.7408295402469404,20,0,0.3366107797841259,0.4901375158892593,0.675,0.18906510528145515,0.6666666666666666,0.25,1.0,20,0,0.5916666666666666,0.7541666666666667
own_round:6,belief_selected,180,11,180,0.7034470898731994,0.2503751247098523,0.6663718829619387,0.3348674014912584,1.1938251570304903,20,0,0.5987113391942189,0.8157253988049956,0.40492685254830424,0.17308162723301362,0.38193746219310876,0.14091022283517976,0.7488876421645044,20,0,0.3326155165831595,0.4819028057798306,0.7083333333333333,0.16334407411873747,0.7083333333333333,0.41666666666666663,1.0,20,0,0.6375,0.7791666666666667
own_round:7,uniform,180,24,180,1.09861228866811,2.278129578503827e-16,1.0986122886681098,1.0986122886681098,1.0986122886681098,20,0,1.09861228866811,1.09861228866811,0.6666666666666666,1.1390647892519134e-16,0.6666666666666667,0.6666666666666667,0.6666666666666667,20,0,0.6666666666666666,0.6666666666666666,0.3333333333333332,5.695323946259567e-17,0.33333333333333326,0.33333333333333326,0.33333333333333326,20,0,0.3333333333333332,0.3333333333333332
own_round:7,expertise,180,24,180,2.2621685435259926,1.1416522980101027,2.0955948010671888,0.01342302033214066,4.177766581802237,20,0,1.762447316149581,2.7410680530950535,0.8822666666666666,0.4477773569571252,0.8169333333333333,0.00026666666666666603,1.6336,20,0,0.6862666666666666,1.0701,0.55,0.22845783518220675,0.5833333333333333,0.16666666666666666,1.0,20,0,0.4541666666666666,0.6499999999999999
own_round:7,marginal,180,24,180,0.9466390402842698,0.1892221271511189,0.9403780628834382,0.6242438834874853,1.4157836304898725,20,0,0.8669133601856539,1.0279465516017607,0.572953147803801,0.12218891075340026,0.5785564220238517,0.34238595061316657,0.8206029139959219,20,0,0.5196848588393453,0.6249586756072383,0.55,0.22845783518220675,0.5833333333333333,0.16666666666666666,1.0,20,0,0.4541666666666666,0.6499999999999999
own_round:7,repeat_last,180,24,180,0.8558692093232783,0.23803585241054806,0.8721929835372766,0.35891310313023905,1.2713321356263798,20,0,0.7564342203973693,0.9586185084471063,0.5088219296704768,0.16769718398917874,0.5156844019186374,0.16355782390739898,0.8490518543255967,20,0,0.43840345846729856,0.5823341310138382,0.6291666666666667,0.20137502472947164,0.6666666666666666,0.16666666666666666,0.9166666666666665,20,1,0.5375,0.7084374999999985
own_round:7,win_stay_expertise,180,24,180,0.8712896218449648,0.23911608504752488,0.8876885325401926,0.47276919162593545,1.3284691782755855,20,0,0.7695898519361833,0.9737632104961822,0.5248288211713104,0.1719569291634017,0.5396810915498097,0.2306130994104867,0.7835515823275179,20,0,0.4531084154648081,0.5972886343860798,0.6,0.22064498753952191,0.5833333333333333,0.16666666666666666,0.9166666666666666,20,0,0.5083333333333333,0.6916666666666667
own_round:7,history_frequency,180,24,180,0.8284468800307275,0.2620889725324426,0.799303014569328,0.29582837376699667,1.3716505640984504,20,0,0.720193210759377,0.9405775676157799,0.48393634660126744,0.18367255955917217,0.4672366773466659,0.11618029987767886,0.8794527537607688,20,0,0.4069889867938001,0.5633144971624756,0.6583333333333333,0.19477832654386384,0.6666666666666666,0.3333333333333333,1.0,20,0,0.575,0.7375
own_round:7,reward_learning,180,24,180,0.7019171789041878,0.2429438369469825,0.6473514539401066,0.33324841054363646,1.093196995277574,20,0,0.6043152894640972,0.8093792913638757,0.4113009145776039,0.16699504563311954,0.366266504676264,0.15505581822251507,0.7323311256583545,20,0,0.3443093249127476,0.4841723082867955,0.6708333333333334,0.17200868671114714,0.6666666666666666,0.3333333333333333,0.9166666666666665,20,0,0.5958333333333333,0.7416666666666666
own_round:7,belief_static,180,24,180,0.7021868073561102,0.25481120980943023,0.6144857366912788,0.34722464102947764,1.13096320695805,20,0,0.6001760115200359,0.8144332471480834,0.41362454111077096,0.1742098964897939,0.3653551656732504,0.16113467482138488,0.7445091586755626,20,0,0.34395423518698454,0.4905014921456223,0.6708333333333334,0.1958543288483943,0.6666666666666666,0.25,1.0,20,0,0.5833333333333334,0.75
own_round:7,belief_dynamic,180,24,180,0.6963410552631015,0.24040350839149555,0.6385675546522507,0.34286268327304126,1.0843838159412174,20,0,0.5991959708232885,0.8008953726922151,0.40784411015354066,0.1642263371091546,0.3822437635846788,0.1736986628823598,0.7238463324097568,20,0,0.3413525430205773,0.4800259116579003,0.6708333333333334,0.18030797240355376,0.6666666666666666,0.25,0.9166666666666665,20,0,0.5875000000000001,0.7416666666666667
own_round:7,simple_selected,180,24,180,0.7019171789041878,0.2429438369469825,0.6473514539401066,0.33324841054363646,1.093196995277574,20,0,0.6043152894640972,0.8093792913638757,0.4113009145776039,0.16699504563311954,0.366266504676264,0.15505581822251507,0.7323311256583545,20,0,0.3443093249127476,0.4841723082867955,0.6708333333333334,0.17200868671114714,0.6666666666666666,0.3333333333333333,0.9166666666666665,20,0,0.5958333333333333,0.7416666666666666
own_round:7,belief_selected,180,24,180,0.6963410552631015,0.24040350839149555,0.6385675546522507,0.34286268327304126,1.0843838159412174,20,0,0.5991959708232885,0.8008953726922151,0.40784411015354066,0.1642263371091546,0.3822437635846788,0.1736986628823598,0.7238463324097568,20,0,0.3413525430205773,0.4800259116579003,0.6708333333333334,0.18030797240355376,0.6666666666666666,0.25,0.9166666666666665,20,0,0.5875000000000001,0.7416666666666667
own_round:8,uniform,180,33,180,1.09861228866811,2.278129578503827e-16,1.0986122886681098,1.0986122886681098,1.0986122886681098,20,0,1.09861228866811,1.09861228866811,0.6666666666666666,1.1390647892519134e-16,0.6666666666666667,0.6666666666666667,0.6666666666666667,20,0,0.6666666666666666,0.6666666666666666,0.3333333333333332,5.695323946259567e-17,0.33333333333333326,0.33333333333333326,0.33333333333333326,20,0,0.3333333333333332,0.3333333333333332
own_round:8,expertise,180,33,180,2.199703390103941,1.0189325923272168,2.303811979140693,0.01342302033214066,3.7613322256552264,20,1,1.762447316149581,2.636959464058301,0.8577666666666663,0.3996443960258341,0.8985999999999998,0.00026666666666666603,1.4702666666666664,20,1,0.6862666666666666,1.0292666666666666,0.5625,0.20390020205399703,0.5416666666666666,0.25,1.0,20,1,0.475,0.65
own_round:8,marginal,180,33,180,0.9732820025069941,0.2003419836660022,0.9461234862418426,0.6242438834874853,1.3511365740950492,20,0,0.8866809756381313,1.0597624146687128,0.5826806943536368,0.1223720453706395,0.5693672684964692,0.34238595061316657,0.7879494412580121,20,0,0.5298197141221462,0.6348283906656698,0.5625,0.20390020205399703,0.5416666666666666,0.25,1.0,20,1,0.475,0.65
own_round:8,repeat_last,180,33,180,0.8751214099049418,0.32657773916156063,0.8135393925640229,0.2729031748522969,1.6358821324063104,20,2,0.7388355368337596,1.0170839524977344,0.5107737395235252,0.22452086423479797,0.4767583345636104,0.09030649130425913,1.0776399432940365,20,2,0.41832885445729695,0.6079141433918409,0.6208333333333333,0.22697315450400093,0.6666666666666666,0.16666666666666666,1.0,20,0,0.5249999999999999,0.7166666666666666
own_round:8,win_stay_expertise,180,33,180,0.8601256732685465,0.23922013127126177,0.8249786833056465,0.4332222074474431,1.3709746911349878,20,0,0.7610336471932971,0.9639931039110234,0.49969630981908314,0.1566708212384464,0.49070127586293594,0.19609126662479848,0.8441471264276462,20,1,0.4349866962676658,0.5664129386438,0.6708333333333333,0.19017343576986406,0.6666666666666666,0.25,1.0,20,1,0.5916666666666666,0.75
own_round:8,history_frequency,180,33,180,0.798778158768578,0.30244038731361667,0.7220286431556551,0.2291186681428134,1.5264728245786834,20,3,0.6727601342425457,0.9295989097622546,0.46266431047425005,0.21072955741854976,0.4272233191356617,0.06410798551976657,0.9878803478333452,20,3,0.3765451979138196,0.55436170688839,0.6541666666666666,0.2234023852401629,0.6666666666666666,0.16666666666666666,1.0,20,1,0.5541666666666666,0.7458333333333333
own_round:8,reward_learning,180,33,180,0.7387659039179987,0.34329869849493305,0.6431656095806678,0.34213129834993217,1.668073925569798,20,2,0.5998726488576492,0.8936973203726996,0.4253089419117827,0.21301514121796186,0.38461308398790683,0.1660516247586655,0.9195624306178963,20,2,0.3386808375987643,0.5208356856225362,0.6958333333333333,0.19360197609063504,0.75,0.25,0.9166666666666666,20,2,0.6083333333333334,0.775
own_round:8,belief_static,180,33,180,0.759644934671048,0.3764515119014325,0.6751077779333954,0.3234367515218255,1.8525460726262228,20,2,0.6111459401732513,0.9286872379513982,0.43546091655448116,0.21823297218793952,0.38279516227453386,0.1519033606228149,0.9956016902424922,20,2,0.3470948714365455,0.5327578877126486,0.6833333333333332,0.21047148408759578,0.75,0.25,0.9166666666666666,20,0,0.5916666666666666,0.7708333333333333
own_round:8,belief_dynamic,180,33,180,0.7549290644588291,0.3633062834760281,0.6564298869840739,0.346585262606823,1.8026039742188669,20,2,0.6099506975923997,0.9175500329298121,0.43271925418078616,0.21749079042564226,0.38435397045274866,0.15834289340280047,0.97482167068635,20,2,0.3446112661891134,0.5301596158830155,0.6791666666666666,0.20101169556616838,0.75,0.25,0.9166666666666666,20,0,0.5916666666666666,0.7625
own_round:8,simple_selected,180,33,180,0.7387659039179987,0.34329869849493305,0.6431656095806678,0.34213129834993217,1.668073925569798,20,2,0.5998726488576492,0.8936973203726996,0.4253089419117827,0.21301514121796186,0.38461308398790683,0.1660516247586655,0.9195624306178963,20,2,0.3386808375987643,0.5208356856225362,0.6958333333333333,0.19360197609063504,0.75,0.25,0.9166666666666666,20,2,0.6083333333333334,0.775
own_round:8,belief_selected,180,33,180,0.7549290644588291,0.3633062834760281,0.6564298869840739,0.346585262606823,1.8026039742188669,20,2,0.6099506975923997,0.9175500329298121,0.43271925418078616,0.21749079042564226,0.38435397045274866,0.15834289340280047,0.97482167068635,20,2,0.3446112661891134,0.5301596158830155,0.6791666666666666,0.20101169556616838,0.75,0.25,0.9166666666666666,20,0,0.5916666666666666,0.7625
own_round:9,uniform,180,20,180,1.09861228866811,2.278129578503827e-16,1.0986122886681098,1.0986122886681098,1.0986122886681098,20,0,1.09861228866811,1.09861228866811,0.6666666666666666,1.1390647892519134e-16,0.6666666666666667,0.6666666666666667,0.6666666666666667,20,0,0.6666666666666666,0.6666666666666666,0.3333333333333332,5.695323946259567e-17,0.33333333333333326,0.33333333333333326,0.33333333333333326,20,0,0.3333333333333332,0.3333333333333332
own_round:9,expertise,180,20,180,2.5744943106362497,1.1644104102419288,2.9284635133612076,0.42985737647915023,4.594200937949246,20,0,2.074773083259838,3.0533938202053106,1.0047666666666664,0.4567035136882621,1.1435999999999997,0.1636,1.796933333333333,20,0,0.8087666666666667,1.1925999999999999,0.4875,0.2330119967797256,0.41666666666666663,0.08333333333333333,0.9166666666666665,20,0,0.39166666666666666,0.5874999999999998
own_round:9,marginal,180,20,180,0.9812429296077129,0.2233842120751558,0.9259696821089722,0.6763298927838906,1.5056061205833977,20,1,0.8908852270807253,1.079080294168264,0.6016326384938339,0.14017552490642915,0.5905889734982948,0.3879657780179764,0.8970815558360096,20,0,0.5439837712691851,0.6621291138007422,0.4875,0.2330119967797256,0.41666666666666663,0.08333333333333333,0.9166666666666665,20,0,0.39166666666666666,0.5874999999999998
own_round:9,repeat_last,180,20,180,0.8704620628852803,0.29019831635746085,0.7888069290965105,0.4967197209799362,1.4286379438186665,20,0,0.7471271936662546,0.9957157991261348,0.5185663093482787,0.20015834231812576,0.45349179731846834,0.264996198285125,0.8810330338380307,20,0,0.4328602908518002,0.6026003278741662,0.6208333333333333,0.20497289793748072,0.625,0.16666666666666666,0.9166666666666666,20,0,0.5291666666666666,0.7041666666666667
own_round:9,win_stay_expertise,180,20,180,0.8956811272342151,0.2677503765798427,0.8551208369187813,0.46339609535653215,1.3906099399290417,20,0,0.7824403461061831,1.0104669505368111,0.5417078307322813,0.18641258806270386,0.5293054565337671,0.2219090405695769,0.8629231033888616,20,0,0.463598083678895,0.6213947958451396,0.6125,0.23457532861603678,0.625,0.16666666666666666,1.0,20,0,0.5125,0.7124999999999999
own_round:9,history_frequency,180,20,180,0.8382358141260792,0.3134267619304965,0.752730226809763,0.33968726392409365,1.4769105739297177,20,0,0.7069912417847247,0.9719010714230105,0.4921845272627938,0.2180170598181062,0.45770894038861243,0.13948182732294684,0.9648962650909775,20,0,0.4018352196748707,0.5861391932943515,0.6708333333333333,0.17826937695586956,0.6666666666666666,0.3333333333333333,1.0,20,0,0.5958333333333333,0.7458333333333333
own_round:9,reward_learning,180,20,180,0.6687117176745023,0.2861209037712279,0.6139791612993454,0.2777135971116913,1.3128823561064822,20,0,0.5516826638860544,0.7915750326807817,0.38745638219491507,0.19886562157195614,0.3530693987331726,0.10637035681090598,0.7806729935046572,20,0,0.3074310464805692,0.4731438405594154,0.7124999999999999,0.1958543288483943,0.75,0.3333333333333333,1.0,20,0,0.6250000000000001,0.7916666666666666
own_round:9,belief_static,180,20,180,0.6712747870886788,0.29604909679028635,0.6176826455476696,0.2569997367339146,1.4281451556166838,20,1,0.5541892999172355,0.8032221785471256,0.3830695495367221,0.19165681513675628,0.33632131618689276,0.10441999664805243,0.8384533153193099,20,0,0.3053410205424256,0.4664179477337035,0.7208333333333332,0.19918510888703292,0.75,0.3333333333333333,1.0,20,0,0.6333333333333333,0.7999999999999999
own_round:9,belief_dynamic,180,20,180,0.6733970073530677,0.2871681486786763,0.6259283343773218,0.2891542943144307,1.3287700809144498,20,0,0.5586848070653695,0.7986170262826031,0.38686635157007637,0.19153277746428846,0.3506973251008306,0.12487718404004272,0.7846656407255173,20,0,0.31007913369730883,0.46954896431425225,0.7124999999999999,0.20137502472947164,0.75,0.3333333333333333,1.0,20,0,0.625,0.7958333333333333
own_round:9,simple_selected,180,20,180,0.6687117176745023,0.2861209037712279,0.6139791612993454,0.2777135971116913,1.3128823561064822,20,0,0.5516826638860544,0.7915750326807817,0.38745638219491507,0.19886562157195614,0.3530693987331726,0.10637035681090598,0.7806729935046572,20,0,0.3074310464805692,0.4731438405594154,0.7124999999999999,0.1958543288483943,0.75,0.3333333333333333,1.0,20,0,0.6250000000000001,0.7916666666666666
own_round:9,belief_selected,180,20,180,0.6733970073530677,0.2871681486786763,0.6259283343773218,0.2891542943144307,1.3287700809144498,20,0,0.5586848070653695,0.7986170262826031,0.38686635157007637,0.19153277746428846,0.3506973251008306,0.12487718404004272,0.7846656407255173,20,0,0.31007913369730883,0.46954896431425225,0.7124999999999999,0.20137502472947164,0.75,0.3333333333333333,1.0,20,0,0.625,0.7958333333333333
own_round:10,uniform,180,14,180,1.09861228866811,2.278129578503827e-16,1.0986122886681098,1.0986122886681098,1.0986122886681098,20,0,1.09861228866811,1.09861228866811,0.6666666666666666,1.1390647892519134e-16,0.6666666666666667,0.6666666666666667,0.6666666666666667,20,0,0.6666666666666666,0.6666666666666666,0.3333333333333332,5.695323946259567e-17,0.33333333333333326,0.33333333333333326,0.33333333333333326,20,0,0.3333333333333332,0.3333333333333332
own_round:10,expertise,180,14,180,2.678602899673002,0.9301948273137434,2.720246335287703,0.8462917326261598,4.177766581802236,20,0,2.2829902613333424,3.074215538012661,1.0455999999999999,0.36483978699620817,1.0619333333333332,0.3269333333333333,1.6336,20,0,0.890433333333333,1.2007666666666665,0.4666666666666666,0.18614274846745318,0.4583333333333333,0.16666666666666666,0.8333333333333333,20,0,0.3875,0.5458333333333334
own_round:10,marginal,180,14,180,0.9899337827358984,0.16671936429927758,1.0170170769479228,0.6863990422279773,1.2307363165459755,20,0,0.917321104298927,1.0567121760202145,0.6090456998300879,0.10368198854348713,0.6491417154328756,0.39795778803754295,0.768275422210599,20,0,0.5629078810766815,0.6506907467795606,0.4666666666666666,0.18614274846745318,0.4583333333333333,0.16666666666666666,0.8333333333333333,20,0,0.3875,0.5458333333333334
own_round:10,repeat_last,180,14,180,0.7966627050435744,0.17641665216550653,0.8147937460035087,0.5523349791049711,1.0807456062930456,20,0,0.7227350179801307,0.8728102395743026,0.4694392558501955,0.12564590772546136,0.4964902351215076,0.2582786344221854,0.6666119677555187,20,0,0.41622563451961564,0.5240718566699243,0.6791666666666667,0.1628398380786995,0.6666666666666666,0.25,0.9166666666666666,20,1,0.6041666666666667,0.7458333333333332
own_round:10,win_stay_expertise,180,14,180,0.855411647671923,0.19190910682577125,0.8715309075408066,0.5523349791049711,1.2190878938744316,20,0,0.7728254342827332,0.9364124695611667,0.5118852890313869,0.13308884622337253,0.520502599370523,0.29379296450463804,0.7387079244914536,20,0,0.4554789533987788,0.5689111551956497,0.675,0.18116742926613646,0.7083333333333333,0.25,0.9166666666666666,20,0,0.5958333333333333,0.75
own_round:10,history_frequency,180,14,180,0.7271301868079453,0.20628109926747054,0.7120999740829956,0.3260813926153813,1.1213846755116141,20,3,0.6413498985871026,0.8162738925177868,0.4167995371359542,0.14531609749758337,0.4261717878167263,0.13017907144525015,0.6918186714684482,20,0,0.35635912192374847,0.47953391005105034,0.7416666666666667,0.14784020138716947,0.75,0.5,1.0,20,0,0.6791666666666666,0.8041666666666666
own_round:10,reward_learning,180,14,180,0.5975591548975772,0.21974131200855956,0.581711998180067,0.18919272543002227,1.017745704827064,20,0,0.5084220104516316,0.6910683283538294,0.34308285192358084,0.15540955256839772,0.318872692205078,0.05940694944813012,0.6338880734857126,20,0,0.28034533589963084,0.40932770731783136,0.7541666666666667,0.13646272759765507,0.75,0.5833333333333333,1.0,20,0,0.6958333333333333,0.8125
own_round:10,belief_static,180,14,180,0.596313121875046,0.27064978222794916,0.6023560225340706,0.16859626385490437,1.2144841979898806,20,2,0.49024563817442907,0.7169941842893334,0.3413530285326278,0.1801560565036881,0.34684928925553954,0.054309412314031774,0.723296207007438,20,2,0.2711265329006222,0.4219314071837567,0.7666666666666667,0.13944333775567927,0.75,0.5833333333333333,1.0,20,0,0.7083333333333333,0.825
own_round:10,belief_dynamic,180,14,180,0.6033254768913896,0.236155354791954,0.6001690468488902,0.19456507543582766,1.0964327281380752,20,0,0.5092206092186103,0.7072727362961061,0.3472704408730002,0.16442728922110622,0.3563662115240026,0.06880949777361285,0.6908592573367602,20,0,0.2825637694453165,0.4194442911102871,0.7458333333333333,0.14171825686017092,0.75,0.5833333333333333,1.0,20,0,0.6875,0.8041666666666666
own_round:10,simple_selected,180,14,180,0.5975591548975772,0.21974131200855956,0.581711998180067,0.18919272543002227,1.017745704827064,20,0,0.5084220104516316,0.6910683283538294,0.34308285192358084,0.15540955256839772,0.318872692205078,0.05940694944813012,0.6338880734857126,20,0,0.28034533589963084,0.40932770731783136,0.7541666666666667,0.13646272759765507,0.75,0.5833333333333333,1.0,20,0,0.6958333333333333,0.8125
own_round:10,belief_selected,180,14,180,0.6033254768913896,0.236155354791954,0.6001690468488902,0.19456507543582766,1.0964327281380752,20,0,0.5092206092186103,0.7072727362961061,0.3472704408730002,0.16442728922110622,0.3563662115240026,0.06880949777361285,0.6908592573367602,20,0,0.2825637694453165,0.4194442911102871,0.7458333333333333,0.14171825686017092,0.75,0.5833333333333333,1.0,20,0,0.6875,0.8041666666666666
own_round:11,uniform,180,36,180,1.09861228866811,2.278129578503827e-16,1.0986122886681098,1.0986122886681098,1.0986122886681098,20,0,1.09861228866811,1.09861228866811,0.6666666666666666,1.1390647892519134e-16,0.6666666666666667,0.6666666666666667,0.6666666666666667,20,0,0.6666666666666666,0.6666666666666666,0.3333333333333332,5.695323946259567e-17,0.33333333333333326,0.33333333333333326,0.33333333333333326,20,0,0.3333333333333332,0.3333333333333332
own_round:11,expertise,180,36,180,2.636959464058301,1.002906737080538,2.512029157214198,1.2627260887731693,4.177766581802237,20,0,2.1997033901039407,3.0742155380126603,1.0292666666666666,0.3933587562405482,0.9802666666666666,0.4902666666666666,1.6336,20,0,0.8577666666666666,1.2007666666666665,0.475,0.2006932429798716,0.5,0.16666666666666666,0.75,20,0,0.3875,0.5625
own_round:11,marginal,180,36,180,1.042521793886894,0.22554472528628766,0.9872706749162372,0.7390239321489296,1.437645124969006,20,0,0.9472343599053034,1.1409948830480416,0.6297977991364043,0.13059039190662652,0.615039397068509,0.44670263585458037,0.8500268417691476,20,0,0.5740406684071494,0.6858874244938031,0.475,0.2006932429798716,0.5,0.16666666666666666,0.75,20,0,0.3875,0.5625
own_round:11,repeat_last,180,36,180,0.9535709692421703,0.29298750691237796,0.9583821380389792,0.4230331317986762,1.4026613385027071,20,0,0.8287053169679388,1.0743493908765798,0.5608586209241276,0.17793057113552238,0.5651346493911522,0.2071086953259618,0.8353042594004416,20,0,0.48327514659113635,0.6325408246183245,0.5833333333333333,0.1911797782254681,0.5833333333333333,0.25,0.9166666666666666,20,0,0.5041666666666667,0.6625000000000001
own_round:11,win_stay_expertise,180,36,180,1.002632890032579,0.2867851326450006,1.019272743905955,0.5601844803919298,1.5451900773419218,20,1,0.8776733675121052,1.124174781246365,0.5965486410188824,0.1801218574286074,0.62082709612784,0.3037147999708182,0.9305896502581569,20,0,0.5170028089355002,0.6714017674051215,0.5708333333333333,0.22176030208075417,0.5416666666666666,0.25,0.9166666666666666,20,0,0.47916666666666663,0.6666666666666666
own_round:11,history_frequency,180,36,180,0.8960522680596146,0.299278118233946,0.9374968655358071,0.4266956330647547,1.5262140393079417,20,0,0.7657490476471636,1.0233026712158033,0.5240879498291774,0.19255425393144746,0.5422402928936104,0.21123982566467964,0.9055025693461205,20,0,0.4411302920082116,0.6043628486081993,0.625,0.16556654463313045,0.625,0.3333333333333333,0.9166666666666666,20,0,0.5541666666666667,0.6958333333333333
own_round:11,reward_learning,180,36,180,0.8474914851762112,0.4100662985053435,0.7564470202213593,0.3232171956970664,1.6811335175026363,20,0,0.6747109861633492,1.0203010403102797,0.4876921629948483,0.2420579559203682,0.4579257490558825,0.15053880999238486,0.9612595974033085,20,0,0.384783643962715,0.5900938239500317,0.6416666666666666,0.18157047187610087,0.6666666666666666,0.3333333333333333,0.9166666666666666,20,2,0.5666666666666667,0.7208333333333332
own_round:11,belief_static,180,36,180,0.9057115458874774,0.4836327356214574,0.7599382487148103,0.3418954232264325,1.9336652167311952,20,0,0.7019577370061029,1.117554627737978,0.509082918685135,0.26691087194239455,0.45017570463948814,0.16752692079530018,0.9915428460340217,20,0,0.3974374341324397,0.6251868699031394,0.65,0.19794263449218716,0.6666666666666666,0.3333333333333333,1.0,20,0,0.5666666666666667,0.7374999999999999
own_round:11,belief_dynamic,180,36,180,0.8543934416154448,0.4294883738316322,0.7539210985913691,0.3210161887594093,1.8131202309234027,20,0,0.675717385917227,1.038109612816675,0.4902238553940747,0.2448712551912547,0.44337363835113897,0.1647823141032827,0.9716392576865076,20,0,0.3865354598139513,0.5942712896672279,0.6291666666666667,0.18232377536768893,0.6666666666666666,0.3333333333333333,0.9166666666666666,20,0,0.5541666666666666,0.7083333333333333
own_round:11,simple_selected,180,36,180,0.8474914851762112,0.4100662985053435,0.7564470202213593,0.3232171956970664,1.6811335175026363,20,0,0.6747109861633492,1.0203010403102797,0.4876921629948483,0.2420579559203682,0.4579257490558825,0.15053880999238486,0.9612595974033085,20,0,0.384783643962715,0.5900938239500317,0.6416666666666666,0.18157047187610087,0.6666666666666666,0.3333333333333333,0.9166666666666666,20,2,0.5666666666666667,0.7208333333333332
own_round:11,belief_selected,180,36,180,0.8543934416154448,0.4294883738316322,0.7539210985913691,0.3210161887594093,1.8131202309234027,20,0,0.675717385917227,1.038109612816675,0.4902238553940747,0.2448712551912547,0.44337363835113897,0.1647823141032827,0.9716392576865076,20,0,0.3865354598139513,0.5942712896672279,0.6291666666666667,0.18232377536768893,0.6666666666666666,0.3333333333333333,0.9166666666666666,20,0,0.5541666666666666,0.7083333333333333
own_round:12,uniform,180,44,180,1.09861228866811,2.278129578503827e-16,1.0986122886681098,1.0986122886681098,1.0986122886681098,20,0,1.09861228866811,1.09861228866811,0.6666666666666666,1.1390647892519134e-16,0.6666666666666667,0.6666666666666667,0.6666666666666667,20,0,0.6666666666666666,0.6666666666666666,0.3333333333333332,5.695323946259567e-17,0.33333333333333326,0.33333333333333326,0.33333333333333326,20,0,0.3333333333333332,0.3333333333333332
own_round:12,expertise,180,44,180,2.4495640037921467,0.7909945314785294,2.512029157214198,0.42985737647915023,3.761332225655227,20,2,2.0955948010671888,2.761889770902404,0.9557666666666664,0.31024283075534187,0.9802666666666666,0.1636,1.4702666666666666,20,2,0.8169333333333333,1.0782666666666665,0.5125,0.1582871585486438,0.5,0.25,0.9166666666666666,20,1,0.4499999999999999,0.5833333333333333
own_round:12,marginal,180,44,180,1.0043550853712688,0.18179585493197872,0.9985060678133948,0.6763298927838906,1.3152225965797821,20,0,0.9255122411566937,1.0815237366817356,0.6057808221374995,0.10559766550729163,0.5988382410954182,0.3879657780179764,0.7944391681032604,20,1,0.5595669720249613,0.6493741810719679,0.5125,0.1582871585486438,0.5,0.25,0.9166666666666666,20,1,0.4499999999999999,0.5833333333333333
own_round:12,repeat_last,180,44,180,0.9411641515064584,0.2702753005596022,0.909440834974147,0.5437384092963592,1.4176663659459199,20,0,0.8266903608326359,1.061322968121627,0.5591929071599802,0.17515593438989774,0.5369473652576051,0.29513823094453884,0.854403346658565,20,0,0.48375631497388477,0.6355239132507373,0.5708333333333333,0.19360197609063506,0.5833333333333333,0.25,0.8333333333333333,20,0,0.4916666666666666,0.6541666666666667
own_round:12,win_stay_expertise,180,44,180,0.9559498707899385,0.2384824971402651,0.9281455013725632,0.5632233423016971,1.4885984363640707,20,0,0.8568025039149442,1.0610832201627958,0.5695019413794153,0.14771625622600965,0.5737146695220842,0.309191181382655,0.9261924078795515,20,0,0.5075467448868632,0.6336152843045408,0.5708333333333334,0.16726864969141897,0.5833333333333333,0.16666666666666666,0.8333333333333333,20,2,0.4958333333333333,0.6376041666666652
own_round:12,history_frequency,180,44,180,0.8737659048866921,0.24009666347764289,0.8451708563576374,0.5084098228008216,1.3399339417525582,20,0,0.7719490673639436,0.9767160800074376,0.5178856579874893,0.164315173809371,0.49453340466554885,0.2710575676734397,0.8246264985330396,20,0,0.44773104955865217,0.5882663135937539,0.6,0.18257418583505536,0.5833333333333333,0.3333333333333333,0.8333333333333333,20,0,0.525,0.6791666666666667
own_round:12,reward_learning,180,44,180,0.7605752611518926,0.30793909794601,0.7011720835227351,0.33685530883459713,1.5484686380868284,20,1,0.6290326272917492,0.8994232672810875,0.4369522781626808,0.1893416256634362,0.4135556747487201,0.15652100199070584,0.9074947029654642,20,0,0.3559386448147762,0.5219803759039645,0.6833333333333333,0.1445905693623827,0.7083333333333333,0.41666666666666663,0.9166666666666666,20,0,0.6208333333333333,0.7458333333333333
own_round:12,belief_static,180,44,180,0.767542754015844,0.31988963665094444,0.7572376593752587,0.28251500005252406,1.6618488545988406,20,4,0.6349761299751908,0.9110797383309064,0.4353307191049226,0.1839159948976724,0.44560548205799155,0.13586632645270133,0.9177096391306645,20,1,0.35630513764025684,0.5161556091538466,0.6875,0.14528405328992883,0.6666666666666666,0.41666666666666663,1.0,20,0,0.625,0.7541666666666667
own_round:12,belief_dynamic,180,44,180,0.7683174206920678,0.3041483961962793,0.7371454157698709,0.3462629036331728,1.5433120311209307,20,1,0.6369478167886459,0.9066418228215805,0.440808292934879,0.182431958716858,0.42859710301407383,0.18061818371154914,0.8729000819979269,20,0,0.3614089545883512,0.5228532001725532,0.6583333333333333,0.1729094006082765,0.6666666666666666,0.3333333333333333,0.9166666666666666,20,0,0.5791666666666668,0.7333333333333333
own_round:12,simple_selected,180,44,180,0.7605752611518926,0.30793909794601,0.7011720835227351,0.33685530883459713,1.5484686380868284,20,1,0.6290326272917492,0.8994232672810875,0.4369522781626808,0.1893416256634362,0.4135556747487201,0.15652100199070584,0.9074947029654642,20,0,0.3559386448147762,0.5219803759039645,0.6833333333333333,0.1445905693623827,0.7083333333333333,0.41666666666666663,0.9166666666666666,20,0,0.6208333333333333,0.7458333333333333
own_round:12,belief_selected,180,44,180,0.7683174206920678,0.3041483961962793,0.7371454157698709,0.3462629036331728,1.5433120311209307,20,1,0.6369478167886459,0.9066418228215805,0.440808292934879,0.182431958716858,0.42859710301407383,0.18061818371154914,0.8729000819979269,20,0,0.3614089545883512,0.5228532001725532,0.6583333333333333,0.1729094006082765,0.6666666666666666,0.3333333333333333,0.9166666666666666,20,0,0.5791666666666668,0.7333333333333333
own_round:13,uniform,180,52,180,1.09861228866811,2.278129578503827e-16,1.0986122886681098,1.0986122886681098,1.0986122886681098,20,0,1.09861228866811,1.09861228866811,0.6666666666666666,1.1390647892519134e-16,0.6666666666666667,0.6666666666666667,0.6666666666666667,20,0,0.6666666666666666,0.6666666666666666,0.3333333333333332,5.695323946259567e-17,0.33333333333333326,0.33333333333333326,0.33333333333333326,20,0,0.3333333333333332,0.3333333333333332
own_round:13,expertise,180,52,180,2.2205251079112913,1.131211361229897,2.303811979140693,0.01342302033214066,4.594200937949246,20,2,1.7416255983422304,2.6994246174803527,0.8659333333333332,0.443682226518772,0.8985999999999998,0.00026666666666666603,1.796933333333333,20,2,0.6780999999999999,1.0537666666666667,0.5583333333333333,0.22636848291774084,0.5416666666666666,0.08333333333333333,1.0,20,2,0.4624999999999999,0.6541666666666666
own_round:13,marginal,180,52,180,0.9804976686215836,0.200746919054844,0.9989599047076887,0.6267518137815441,1.3625080604443047,20,0,0.8951145524110826,1.0657175664464364,0.586379398260172,0.12807704475664927,0.6113834218183096,0.3404456730236689,0.8107450770322153,20,0,0.5310084339372575,0.6405035933599229,0.5583333333333333,0.22636848291774084,0.5416666666666666,0.08333333333333333,1.0,20,2,0.4624999999999999,0.6541666666666666
own_round:13,repeat_last,180,52,180,0.8909459177326502,0.21695721757473233,0.9004224653918982,0.5523349791049711,1.236472709142645,20,0,0.7981891973054216,0.9831462741830667,0.5206638143683591,0.13820968328856162,0.5490805787935672,0.2882642660105722,0.720331728617147,20,0,0.46105681301746604,0.5795802137056716,0.6208333333333332,0.1492549723916283,0.5833333333333333,0.41666666666666663,0.9166666666666665,20,0,0.5583333333333332,0.6833333333333333
own_round:13,win_stay_expertise,180,52,180,0.9305266506059784,0.2413650068872426,1.0049370338287256,0.5536524018688151,1.4083427393182952,20,0,0.8252755790892314,1.0334124819157209,0.553513237130602,0.16182579690472787,0.5893376964719377,0.2978111385475187,0.8235142406652398,20,0,0.4832920267337865,0.6214012726151185,0.5666666666666667,0.18056117849993822,0.5,0.25,0.9166666666666666,20,0,0.4916666666666666,0.6458333333333333
own_round:13,history_frequency,180,52,180,0.8283176168903295,0.24288131994943776,0.8369863848937698,0.3649952810918252,1.189701017899412,20,0,0.7253563719326636,0.930777319365306,0.4832444010419842,0.16589666652749918,0.5001046060774919,0.15587190222058245,0.7512317474980154,20,0,0.41298550322944927,0.5519398344357485,0.6375,0.1605796335574667,0.5833333333333333,0.41666666666666663,0.9166666666666665,20,0,0.5666666666666667,0.7083333333333333
own_round:13,reward_learning,180,52,180,0.8352576102711522,0.3494612985183951,0.8198606728540653,0.27256625369698756,1.6030488005931254,20,1,0.6901789553762935,0.9906532596934587,0.48173159193420767,0.21339971266483518,0.4868797031469512,0.11635713077291379,0.8956804984239507,20,0,0.3931514034469754,0.5760495577023476,0.675,0.15270466086630227,0.7083333333333333,0.41666666666666663,0.9166666666666665,20,0,0.6083333333333333,0.7375
own_round:13,belief_static,180,52,180,0.8755021182291907,0.36927209278453815,0.8867969929007016,0.32123069200905174,1.7221803053557823,20,0,0.7222541387636634,1.04026475489008,0.5025369830519305,0.21537874786312372,0.5110903440307918,0.1703922564210248,0.924754724612428,20,0,0.41338199310601564,0.5978375383586373,0.6749999999999999,0.17078251276599327,0.7083333333333333,0.41666666666666663,0.9166666666666665,20,0,0.5999999999999999,0.7458333333333333
own_round:13,belief_dynamic,180,52,180,0.832847004862483,0.3271680995801329,0.8488648805889855,0.2889016587778152,1.6143703300886,20,0,0.6973313518536975,0.9792235981642036,0.4828021802332999,0.20325783189706223,0.4964817881191551,0.12624964999186947,0.8951561281728775,20,0,0.3973762129762811,0.5735534083978713,0.6583333333333332,0.16199595692016366,0.625,0.41666666666666663,0.9166666666666665,20,0,0.5874999999999999,0.725
own_round:13,simple_selected,180,52,180,0.8352576102711522,0.3494612985183951,0.8198606728540653,0.27256625369698756,1.6030488005931254,20,1,0.6901789553762935,0.9906532596934587,0.48173159193420767,0.21339971266483518,0.4868797031469512,0.11635713077291379,0.8956804984239507,20,0,0.3931514034469754,0.5760495577023476,0.675,0.15270466086630227,0.7083333333333333,0.41666666666666663,0.9166666666666665,20,0,0.6083333333333333,0.7375
own_round:13,belief_selected,180,52,180,0.832847004862483,0.3271680995801329,0.8488648805889855,0.2889016587778152,1.6143703300886,20,0,0.6973313518536975,0.9792235981642036,0.4828021802332999,0.20325783189706223,0.4964817881191551,0.12624964999186947,0.8951561281728775,20,0,0.3973762129762811,0.5735534083978713,0.6583333333333332,0.16199595692016366,0.625,0.41666666666666663,0.9166666666666665,20,0,0.5874999999999999,0.725
own_round:14,uniform,180,56,180,1.09861228866811,2.278129578503827e-16,1.0986122886681098,1.0986122886681098,1.0986122886681098,20,0,1.09861228866811,1.09861228866811,0.6666666666666666,1.1390647892519134e-16,0.6666666666666667,0.6666666666666667,0.6666666666666667,20,0,0.6666666666666666,0.6666666666666666,0.3333333333333332,5.695323946259567e-17,0.33333333333333326,0.33333333333333326,0.33333333333333326,20,0,0.3333333333333332,0.3333333333333332
own_round:14,expertise,180,56,180,2.282990261333343,0.7699443371891571,2.3038119791406935,0.42985737647915023,3.344897869508217,20,0,1.949842776415735,2.6161377462509505,0.8904333333333332,0.3019865513445631,0.8985999999999998,0.16360000000000002,1.3069333333333333,20,0,0.7597666666666665,1.0211,0.5458333333333332,0.15407477109416484,0.5416666666666666,0.3333333333333333,0.9166666666666665,20,0,0.47916666666666663,0.6125
own_round:14,marginal,180,56,180,1.007970269476281,0.20336379276062255,0.9876735531183436,0.7313102872747401,1.4050140601123342,20,0,0.9226108994378738,1.0984247241869236,0.6005927973109204,0.11343336020857428,0.5835408393606287,0.4227165994856653,0.8143677495404298,20,0,0.5518887181373356,0.6506684528339384,0.5458333333333332,0.15407477109416484,0.5416666666666666,0.3333333333333333,0.9166666666666665,20,0,0.47916666666666663,0.6125
own_round:14,repeat_last,180,56,180,0.9748904321385258,0.24513242646302105,0.937837081054494,0.6122603197746936,1.4443299421049165,20,0,0.8730754820789529,1.0819545472507452,0.5787915123192537,0.14439785626657586,0.5464976035714599,0.35541788046840356,0.8406968981372067,20,0,0.5188678856092592,0.6411026712269818,0.5583333333333332,0.1646811556946807,0.5833333333333333,0.25,0.8333333333333333,20,0,0.4875,0.6291666666666667
own_round:14,win_stay_expertise,180,56,180,0.9602363854105989,0.20723185298963434,0.9403765223564191,0.6466438665430332,1.4241263099992878,20,0,0.8706270883701969,1.0495269334559685,0.5690370485124933,0.12515899683218257,0.5871955612390316,0.37074833848362687,0.7721175606163577,20,0,0.5138694407674385,0.6227022324503428,0.5625,0.17072900108905195,0.5833333333333333,0.16666666666666666,0.8333333333333333,20,0,0.48749999999999993,0.6333333333333333
own_round:14,history_frequency,180,56,180,0.9299447180690186,0.22554855074041189,0.9343802400719761,0.4799917851624369,1.2664698857222918,20,0,0.8334481425912411,1.023866639177146,0.5544230191549054,0.15107901893523284,0.5631467313898639,0.23509822651924273,0.8002707520377432,20,0,0.4890507629574838,0.6186112137853825,0.5833333333333334,0.16445906367765503,0.5833333333333333,0.25,0.8333333333333333,20,0,0.5125,0.6541666666666666
own_round:14,reward_learning,180,56,180,0.7743675407321342,0.25178863995954254,0.7412696470453175,0.27493417985086355,1.153519276026961,20,0,0.6647709697543615,0.8807174536125643,0.45558463731045346,0.17009488268055842,0.4425918639092688,0.12036508950953215,0.7386849618569111,20,2,0.38253742791941847,0.5276546490706169,0.6499999999999999,0.1543710120350487,0.6666666666666666,0.41666666666666663,1.0,20,5,0.5874999999999998,0.7167708333333318
own_round:14,belief_static,180,56,180,0.7851681052550104,0.2748557698763554,0.8670568457869203,0.2538956625027399,1.1540578792081535,20,0,0.6666839978258076,0.8987088018032183,0.4558476692088419,0.16845170406960439,0.47846124048957606,0.11376400461387771,0.7156925470202642,20,0,0.38315377851252125,0.526074149295706,0.6333333333333333,0.17605156076213477,0.625,0.3333333333333333,1.0,20,0,0.5583333333333333,0.7124999999999999
own_round:14,belief_dynamic,180,56,180,0.7657149785232834,0.24550186569482,0.7402840488721527,0.2565165411752124,1.2339691124996013,20,3,0.6582205775331775,0.869582947572925,0.4500970779172421,0.16035222721594208,0.45524490697559694,0.11141679105922905,0.7260170571518333,20,4,0.3791887191454859,0.5176092307431215,0.6375,0.15596099002429012,0.625,0.41666666666666663,1.0,20,1,0.5749999999999998,0.7083333333333333
own_round:14,simple_selected,180,56,180,0.7743675407321342,0.25178863995954254,0.7412696470453175,0.27493417985086355,1.153519276026961,20,0,0.6647709697543615,0.8807174536125643,0.45558463731045346,0.17009488268055842,0.4425918639092688,0.12036508950953215,0.7386849618569111,20,2,0.38253742791941847,0.5276546490706169,0.6499999999999999,0.1543710120350487,0.6666666666666666,0.41666666666666663,1.0,20,5,0.5874999999999998,0.7167708333333318
own_round:14,belief_selected,180,56,180,0.7657149785232834,0.24550186569482,0.7402840488721527,0.2565165411752124,1.2339691124996013,20,3,0.6582205775331775,0.869582947572925,0.4500970779172421,0.16035222721594208,0.45524490697559694,0.11141679105922905,0.7260170571518333,20,4,0.3791887191454859,0.5176092307431215,0.6375,0.15596099002429012,0.625,0.41666666666666663,1.0,20,1,0.5749999999999998,0.7083333333333333
own_round:15,uniform,180,34,180,1.09861228866811,2.278129578503827e-16,1.0986122886681098,1.0986122886681098,1.0986122886681098,20,0,1.09861228866811,1.09861228866811,0.6666666666666666,1.1390647892519134e-16,0.6666666666666667,0.6666666666666667,0.6666666666666667,20,0,0.6666666666666666,0.6666666666666666,0.3333333333333332,5.695323946259567e-17,0.33333333333333326,0.33333333333333326,0.33333333333333326,20,0,0.3333333333333332,0.3333333333333332
own_round:15,expertise,180,34,180,2.532850875021549,0.9598931956017441,2.512029157214198,0.8462917326261598,5.0106352940962555,20,0,2.137238236681889,2.9492852311685587,0.9884333333333333,0.37648804179420503,0.9802666666666664,0.3269333333333333,1.9602666666666666,20,0,0.8332666666666666,1.1517666666666666,0.4958333333333333,0.19208573560928824,0.5,0.0,0.8333333333333333,20,0,0.4124999999999999,0.575
own_round:15,marginal,180,34,180,0.9794102816982386,0.1958078037843591,0.9487327075482486,0.7051943727633794,1.3952127106331993,20,3,0.8993032548778714,1.067700028434817,0.5974553840213987,0.11525253505806014,0.5814737709275817,0.4110825552133856,0.8119916461224764,20,0,0.5497936410776533,0.6481154442380194,0.4958333333333333,0.19208573560928824,0.5,0.0,0.8333333333333333,20,0,0.4124999999999999,0.575
own_round:15,repeat_last,180,34,180,1.0577499959719996,0.3061353042519353,1.0355910290839125,0.5167397380993433,1.7987260627767019,20,1,0.9257107655847535,1.19119840451159,0.6525071368058363,0.19467547234628238,0.6633218988145153,0.27083054565793796,1.0346055874398719,20,1,0.5685859573297593,0.7350500056137014,0.4958333333333333,0.20674835680347176,0.5,0.16666666666666666,1.0,20,1,0.4125,0.5916666666666666
own_round:15,win_stay_expertise,180,34,180,0.9992268833846728,0.2427987235525691,0.9665822259775476,0.5749114648059714,1.5140288269901252,20,1,0.8950778633520525,1.105808449038124,0.608656400808039,0.15112210972462864,0.5731761983973431,0.3186903542103293,0.8626843640143566,20,0,0.5415125494744772,0.6741677002561753,0.5583333333333332,0.1855527541196937,0.5416666666666666,0.16666666666666666,0.9166666666666665,20,1,0.47916666666666663,0.6416666666666665
own_round:15,history_frequency,180,34,180,0.9794332708550625,0.3140099829274807,0.9541946697120228,0.3912018188719957,1.5868005754888592,20,0,0.8437266555012685,1.1140208939772893,0.5941451458353675,0.2139786908260038,0.5815777092782997,0.17126628584589443,1.062604814719114,20,1,0.5019013728014508,0.686120211260989,0.5375,0.20674835680347176,0.5,0.25,1.0,20,0,0.4541666666666666,0.6333333333333333
own_round:15,reward_learning,180,34,180,0.9876114502768212,0.3117998192921394,0.9605258975055107,0.21888342106734016,1.544381077126363,20,1,0.8442948043552323,1.1169971431866705,0.5928768150007608,0.20144187077174655,0.6049822755001188,0.06920429702830147,0.985820475709335,20,1,0.5004646320874815,0.6749782932423072,0.5416666666666667,0.18237388496747187,0.5,0.25,1.0,20,0,0.4666666666666667,0.625
own_round:15,belief_static,180,34,180,1.0305278752580453,0.3322179055374901,1.0862421749021596,0.32743519065802507,1.5704729599782463,20,0,0.8785313434308257,1.1666345371799227,0.6065846633282095,0.20036412412554327,0.6567515229508761,0.1581851793587387,0.9048019343527262,20,1,0.5145202214955676,0.6865645891295263,0.5666666666666667,0.16578715305161335,0.5833333333333333,0.25,1.0,20,2,0.4999999999999999,0.6416666666666666
own_round:15,belief_dynamic,180,34,180,1.01603116347778,0.31523131067387505,1.0270129643654686,0.2634502773277607,1.634430060526634,20,1,0.8739180418290495,1.1479405172914807,0.6145244675941988,0.19553336023431622,0.6392641216747572,0.10393713894860264,0.9579469193205246,20,1,0.525343135231504,0.6929119147197322,0.5208333333333333,0.18510902429971637,0.5,0.16666666666666666,1.0,20,1,0.4458333333333333,0.6041666666666667
own_round:15,simple_selected,180,34,180,0.9876114502768212,0.3117998192921394,0.9605258975055107,0.21888342106734016,1.544381077126363,20,1,0.8442948043552323,1.1169971431866705,0.5928768150007608,0.20144187077174655,0.6049822755001188,0.06920429702830147,0.985820475709335,20,1,0.5004646320874815,0.6749782932423072,0.5416666666666667,0.18237388496747187,0.5,0.25,1.0,20,0,0.4666666666666667,0.625
own_round:15,belief_selected,180,34,180,1.01603116347778,0.31523131067387505,1.0270129643654686,0.2634502773277607,1.634430060526634,20,1,0.8739180418290495,1.1479405172914807,0.6145244675941988,0.19553336023431622,0.6392641216747572,0.10393713894860264,0.9579469193205246,20,1,0.525343135231504,0.6929119147197322,0.5208333333333333,0.18510902429971637,0.5,0.16666666666666666,1.0,20,1,0.4458333333333333,0.6041666666666667
own_round:16,uniform,180,43,180,1.09861228866811,2.278129578503827e-16,1.0986122886681098,1.0986122886681098,1.0986122886681098,20,0,1.09861228866811,1.09861228866811,0.6666666666666666,1.1390647892519134e-16,0.6666666666666667,0.6666666666666667,0.6666666666666667,20,0,0.6666666666666666,0.6666666666666666,0.3333333333333332,5.695323946259567e-17,0.33333333333333326,0.33333333333333326,0.33333333333333326,20,0,0.3333333333333332,0.3333333333333332
own_round:16,expertise,180,43,180,2.2829902613333433,0.9972025232757948,2.0955948010671888,0.42985737647915023,4.594200937949246,20,0,1.8665559051863334,2.720246335287703,0.890433333333333,0.39112145703354956,0.8169333333333333,0.1636,1.796933333333333,20,0,0.7270999999999999,1.0619333333333332,0.5458333333333333,0.19955176379262732,0.5833333333333333,0.08333333333333333,0.9166666666666666,20,0,0.4583333333333333,0.6291666666666667
own_round:16,marginal,180,43,180,1.0196936534677712,0.1780079382780261,1.0349932540704672,0.6414877971812147,1.4045111128331191,20,1,0.9433669368865956,1.0958976542400602,0.6061989948282627,0.11507420298748543,0.612888579469726,0.3597184671174991,0.8362151144256404,20,2,0.5566400085122428,0.6558245605076133,0.5458333333333333,0.19955176379262732,0.5833333333333333,0.08333333333333333,0.9166666666666666,20,0,0.4583333333333333,0.6291666666666667
own_round:16,repeat_last,180,43,180,0.9978736088860017,0.2206743506415519,0.9674594948554621,0.5690547784506154,1.43335836423217,20,0,0.90697910420893,1.095335739751978,0.5811767151190892,0.12707601546427574,0.5704953534465452,0.28739239856968446,0.8480120131426832,20,0,0.5277522715787585,0.6353552480101612,0.5541666666666666,0.15596099002429012,0.5416666666666666,0.3333333333333333,0.8333333333333333,20,0,0.49156249999999996,0.6208333333333333
own_round:16,win_stay_expertise,180,43,180,0.97574820682117,0.20388809734176933,0.9742487765040179,0.6346113322974472,1.3491668870508535,20,0,0.8887980070310487,1.064462288958667,0.5755958216162719,0.129545138424316,0.605557066382252,0.35363279638018363,0.829431272428657,20,0,0.5210088169076472,0.6327964031375192,0.5541666666666667,0.13858885721813724,0.5416666666666666,0.3333333333333333,0.8333333333333333,20,0,0.49583333333333324,0.6125
own_round:16,history_frequency,180,43,180,0.8823869204393453,0.1804620206971771,0.8672309682345589,0.5355483538254606,1.2152272297043991,20,0,0.8094706772435719,0.9613191884999632,0.5156986025477523,0.1126704865994156,0.5311940287601453,0.2731986770083014,0.7098915101765995,20,0,0.4688744002378244,0.563472250525178,0.5833333333333333,0.13245323570650439,0.5833333333333333,0.3333333333333333,0.8333333333333333,20,0,0.5250000000000001,0.6416666666666666
own_round:16,reward_learning,180,43,180,0.7889805616556168,0.26744142666471826,0.7820150757989061,0.47632481830908124,1.3408752889249018,20,0,0.6828726280929877,0.9058797716057934,0.4539373849530556,0.1564393974421633,0.4647967443284805,0.24703500364747746,0.7646542069489375,20,0,0.39097066784779255,0.5209090228322989,0.6708333333333333,0.14171825686017092,0.6666666666666666,0.41666666666666663,0.9166666666666665,20,0,0.6083333333333334,0.7291666666666666
own_round:16,belief_static,180,43,180,0.778604790373772,0.3351900617078282,0.7689932109600686,0.32873796852114046,1.3831520767274985,20,0,0.641639419264088,0.9231400229540582,0.44186887727882374,0.19539536696808277,0.4495200805048941,0.15759177264187896,0.7934185778100511,20,0,0.36141098377766145,0.5259267527673743,0.6625,0.19955176379262735,0.6666666666666666,0.25,0.9166666666666666,20,0,0.575,0.7416666666666667
own_round:16,belief_dynamic,180,43,180,0.8005525066194281,0.29060266060408235,0.7662271430686426,0.45816289534021926,1.3876108491886283,20,0,0.6839004123843968,0.9280186057128159,0.4563998208300338,0.1698640288390507,0.4722381718123838,0.24121159048045415,0.8168019340924872,20,0,0.38821819237225463,0.5304768144776578,0.6708333333333333,0.1417182568601709,0.6666666666666666,0.41666666666666663,0.9166666666666665,20,0,0.6083333333333333,0.7291666666666667
own_round:16,simple_selected,180,43,180,0.7889805616556168,0.26744142666471826,0.7820150757989061,0.47632481830908124,1.3408752889249018,20,0,0.6828726280929877,0.9058797716057934,0.4539373849530556,0.1564393974421633,0.4647967443284805,0.24703500364747746,0.7646542069489375,20,0,0.39097066784779255,0.5209090228322989,0.6708333333333333,0.14171825686017092,0.6666666666666666,0.41666666666666663,0.9166666666666665,20,0,0.6083333333333334,0.7291666666666666
own_round:16,belief_selected,180,43,180,0.8005525066194281,0.29060266060408235,0.7662271430686426,0.45816289534021926,1.3876108491886283,20,0,0.6839004123843968,0.9280186057128159,0.4563998208300338,0.1698640288390507,0.4722381718123838,0.24121159048045415,0.8168019340924872,20,0,0.38821819237225463,0.5304768144776578,0.6708333333333333,0.1417182568601709,0.6666666666666666,0.41666666666666663,0.9166666666666665,20,0,0.6083333333333333,0.7291666666666667
own_round:17,uniform,180,34,180,1.09861228866811,2.278129578503827e-16,1.0986122886681098,1.0986122886681098,1.0986122886681098,20,0,1.09861228866811,1.09861228866811,0.6666666666666666,1.1390647892519134e-16,0.6666666666666667,0.6666666666666667,0.6666666666666667,20,0,0.6666666666666666,0.6666666666666666,0.3333333333333332,5.695323946259567e-17,0.33333333333333326,0.33333333333333326,0.33333333333333326,20,0,0.3333333333333332,0.3333333333333332
own_round:17,expertise,180,34,180,2.407920568177446,0.842403088262255,2.3038119791406935,0.8462917326261598,3.7613322256552264,20,0,2.0539513654524875,2.761889770902404,0.9394333333333332,0.33040622702031686,0.8985999999999998,0.3269333333333333,1.4702666666666664,20,0,0.8005999999999999,1.0782666666666667,0.5208333333333333,0.16857460562261065,0.5416666666666666,0.25,0.8333333333333333,20,0,0.4499999999999999,0.5916666666666667
own_round:17,marginal,180,34,180,1.0022130154517415,0.20312081834522755,0.9691102486929105,0.7491988419100857,1.56006765335823,20,1,0.9201847929057811,1.0909952718281037,0.6029721328348343,0.11519192036939782,0.5819800167912514,0.4435524347314579,0.8934094631638171,20,0,0.5555853410952132,0.6535935853706321,0.5208333333333333,0.16857460562261065,0.5416666666666666,0.25,0.8333333333333333,20,0,0.4499999999999999,0.5916666666666667
own_round:17,repeat_last,180,34,180,0.8598732267889906,0.22431314405596928,0.8828081672805865,0.46529910387708623,1.4307919744535043,20,1,0.7676069332004871,0.9586839233662965,0.5031125530731784,0.155033577525533,0.5126855224317564,0.2190642888291191,0.7986885217335538,20,0,0.4381058339677602,0.5698331593566277,0.6291666666666667,0.17826937695586959,0.5833333333333333,0.3333333333333333,0.9166666666666666,20,0,0.5541666666666666,0.7041666666666667
own_round:17,win_stay_expertise,180,34,180,0.8971990201460146,0.19800636909993902,0.8636758129354922,0.6042990852210381,1.391023818649426,20,2,0.8177237494709284,0.9843002021329164,0.5333998910188823,0.12405816856396475,0.5280713981992142,0.3369244725016765,0.801904976007785,20,0,0.48346233759683543,0.5869817342126881,0.6083333333333333,0.16018081887929683,0.625,0.3333333333333333,0.8333333333333333,20,0,0.5375,0.675
own_round:17,history_frequency,180,34,180,0.791733972949124,0.2505489127541358,0.7740598006656064,0.43152353595125376,1.3557626193680676,20,0,0.6874547384178689,0.9008909550571956,0.45648338476321193,0.17545921458281394,0.42051232538210104,0.20151950378648337,0.7656716297926203,20,0,0.3831146296917601,0.5326570528835144,0.6833333333333333,0.16578715305161332,0.6666666666666666,0.3333333333333333,0.9166666666666666,20,0,0.6125,0.7541666666666667
own_round:17,reward_learning,180,34,180,0.6834699009840064,0.2764064963673369,0.7212306762325564,0.2603446622564366,1.391437741658062,20,0,0.5669233334696965,0.8031494244523972,0.3861149116710631,0.16922863421978757,0.3993842382863022,0.11032984338092391,0.7437254343258286,20,0,0.3131913322546489,0.45658686255684516,0.7291666666666666,0.1375299010550452,0.75,0.5,1.0,20,3,0.6708333333333333,0.7876041666666651
own_round:17,belief_static,180,34,180,0.7491154419020633,0.3078527174992577,0.8477373926006697,0.2066810528383772,1.423371433223156,20,0,0.6155109950048356,0.8782613919728975,0.4211586532252943,0.1751667708221136,0.49312249100894745,0.08763470165961966,0.6819857147913304,20,0,0.3432426947973728,0.49251752366611323,0.7041666666666667,0.15407477109416484,0.6666666666666666,0.41666666666666663,1.0,20,0,0.6375,0.7708333333333333
own_round:17,belief_dynamic,180,34,180,0.7275520945135625,0.26378585330181137,0.7699718848537487,0.3170501735505584,1.333116341731775,20,0,0.6157011282197916,0.8388335248055081,0.4142114746934647,0.16056804441397227,0.44558887294334515,0.14995207285891063,0.6969693023461914,20,0,0.3446414081613313,0.48098406965320006,0.6958333333333333,0.14376668476779594,0.6666666666666666,0.41666666666666663,0.9166666666666666,20,0,0.6333333333333333,0.7583333333333332
own_round:17,simple_selected,180,34,180,0.6834699009840064,0.2764064963673369,0.7212306762325564,0.2603446622564366,1.391437741658062,20,0,0.5669233334696965,0.8031494244523972,0.3861149116710631,0.16922863421978757,0.3993842382863022,0.11032984338092391,0.7437254343258286,20,0,0.3131913322546489,0.45658686255684516,0.7291666666666666,0.1375299010550452,0.75,0.5,1.0,20,3,0.6708333333333333,0.7876041666666651
own_round:17,belief_selected,180,34,180,0.7275520945135625,0.26378585330181137,0.7699718848537487,0.3170501735505584,1.333116341731775,20,0,0.6157011282197916,0.8388335248055081,0.4142114746934647,0.16056804441397227,0.44558887294334515,0.14995207285891063,0.6969693023461914,20,0,0.3446414081613313,0.48098406965320006,0.6958333333333333,0.14376668476779594,0.6666666666666666,0.41666666666666663,0.9166666666666666,20,0,0.6333333333333333,0.7583333333333332
own_round:18,uniform,180,12,180,1.09861228866811,2.278129578503827e-16,1.0986122886681098,1.0986122886681098,1.0986122886681098,20,0,1.09861228866811,1.09861228866811,0.6666666666666666,1.1390647892519134e-16,0.6666666666666667,0.6666666666666667,0.6666666666666667,20,0,0.6666666666666666,0.6666666666666666,0.3333333333333332,5.695323946259567e-17,0.33333333333333326,0.33333333333333326,0.33333333333333326,20,0,0.3333333333333332,0.3333333333333332
own_round:18,expertise,180,12,180,2.1997033901039407,1.0454602200970995,2.303811979140693,0.42985737647915023,4.177766581802237,20,0,1.761926773204397,2.6583017248108285,0.8577666666666666,0.41004902716426794,0.8985999999999998,0.1636,1.6336,20,0,0.6860624999999999,1.0376374999999973,0.5625,0.20920868732870815,0.5416666666666666,0.16666666666666666,0.9166666666666666,20,0,0.4707291666666666,0.6501041666666652
own_round:18,marginal,180,12,180,0.9470924123937046,0.17366026298015028,0.9611967473870743,0.6647191281254323,1.2287140457058254,20,0,0.8736537504571485,1.0206737540041255,0.5717813697826255,0.11322710545266831,0.577054107528391,0.3767342529132761,0.730036101290555,20,0,0.5236989930730839,0.6197959324513779,0.5625,0.20920868732870815,0.5416666666666666,0.16666666666666666,0.9166666666666666,20,0,0.4707291666666666,0.6501041666666652
own_round:18,repeat_last,180,12,180,0.7836975629795946,0.23441454895053446,0.7782116453556072,0.34975850508232875,1.1698931221530797,20,0,0.6836030623124617,0.882217134151889,0.4568767276692901,0.16104445725198424,0.4331452233983229,0.14450901774478175,0.7072391218263475,20,0,0.3879678749732403,0.5258658492814263,0.6708333333333332,0.16551134658371075,0.6666666666666666,0.41666666666666663,1.0,20,0,0.5999999999999999,0.7416666666666666
own_round:18,win_stay_expertise,180,12,180,0.8234816977070366,0.1912391402644409,0.8549681379043579,0.5130294286264123,1.1086543563897844,20,0,0.7399952752826217,0.9054151762353027,0.4853279045502806,0.14213961026588748,0.50334979962854,0.26268582668321394,0.750582519462246,20,0,0.42373340518972635,0.547853147270958,0.6833333333333332,0.1923234361526625,0.6666666666666666,0.25,0.9166666666666666,20,0,0.5999999999999999,0.7625
own_round:18,history_frequency,180,12,180,0.732282407102802,0.2503570902071696,0.7075839615697798,0.3544039734021701,1.1246925344208276,20,0,0.6282012527697246,0.8417957773637007,0.41943379192282937,0.17802452658154103,0.3791787044582594,0.14713307461801195,0.6863717099862269,20,0,0.34533407224779444,0.49708804328040235,0.7083333333333331,0.17832062587943964,0.7083333333333333,0.41666666666666663,1.0,20,0,0.6291666666666667,0.7833333333333332
own_round:18,reward_learning,180,12,180,0.6229120287580696,0.2667500281791508,0.5646674885970665,0.21349361207659856,1.1130892221349802,20,0,0.5115970850007306,0.7390508454780204,0.35208849769492323,0.17600296010315902,0.30456619549269587,0.07263966520569443,0.6438162389751254,20,0,0.27907326981155917,0.4291256557507052,0.7541666666666667,0.16103421233967533,0.7916666666666666,0.41666666666666663,1.0,20,0,0.6833333333333333,0.8208333333333332
own_round:18,belief_static,180,12,180,0.6770434547738973,0.297247521242473,0.6342776514378442,0.15536310342728774,1.3472245065332433,20,1,0.5515985046803968,0.8094547551888899,0.38861967763794547,0.18198247040093135,0.37735902220406825,0.049105769828283304,0.7797957839363943,20,1,0.31142761323799695,0.4683431322562691,0.7083333333333333,0.13652967031818755,0.75,0.41666666666666663,1.0,20,3,0.6499999999999999,0.7666666666666667
own_round:18,belief_dynamic,180,12,180,0.6289708680740531,0.2473947361059551,0.5918916395669132,0.23267204376821057,1.100353713012097,20,0,0.5254770932794013,0.7366108001356328,0.35318094034449793,0.15910391306161492,0.31595632635044035,0.09513399760838226,0.6343821650362582,20,0,0.28606247069190543,0.4226448733505779,0.7249999999999999,0.1407477940163462,0.75,0.41666666666666663,0.9166666666666666,20,1,0.6624999999999999,0.7833333333333332
own_round:18,simple_selected,180,12,180,0.6229120287580696,0.2667500281791508,0.5646674885970665,0.21349361207659856,1.1130892221349802,20,0,0.5115970850007306,0.7390508454780204,0.35208849769492323,0.17600296010315902,0.30456619549269587,0.07263966520569443,0.6438162389751254,20,0,0.27907326981155917,0.4291256557507052,0.7541666666666667,0.16103421233967533,0.7916666666666666,0.41666666666666663,1.0,20,0,0.6833333333333333,0.8208333333333332
own_round:18,belief_selected,180,12,180,0.6289708680740531,0.2473947361059551,0.5918916395669132,0.23267204376821057,1.100353713012097,20,0,0.5254770932794013,0.7366108001356328,0.35318094034449793,0.15910391306161492,0.31595632635044035,0.09513399760838226,0.6343821650362582,20,0,0.28606247069190543,0.4226448733505779,0.7249999999999999,0.1407477940163462,0.75,0.41666666666666663,0.9166666666666666,20,1,0.6624999999999999,0.7833333333333332
own_round:19,uniform,180,5,180,1.09861228866811,2.278129578503827e-16,1.0986122886681098,1.0986122886681098,1.0986122886681098,20,0,1.09861228866811,1.09861228866811,0.6666666666666666,1.1390647892519134e-16,0.6666666666666667,0.6666666666666667,0.6666666666666667,20,0,0.6666666666666666,0.6666666666666666,0.3333333333333332,5.695323946259567e-17,0.33333333333333326,0.33333333333333326,0.33333333333333326,20,0,0.3333333333333332,0.3333333333333332
own_round:19,expertise,180,5,180,2.303811979140694,1.0155679185531172,2.512029157214198,0.01342302033214066,3.7613322256552264,20,0,1.8457341873789825,2.720246335287703,0.8985999999999998,0.3983247081206678,0.9802666666666665,0.00026666666666666603,1.4702666666666664,20,0,0.7189333333333332,1.0619333333333332,0.5416666666666666,0.2032268918982999,0.5,0.25,1.0,20,0,0.4583333333333333,0.6333333333333333
own_round:19,marginal,180,5,180,0.9886692727040682,0.2205882034714543,1.0019956672601544,0.6242438834874853,1.3952127106331997,20,0,0.8923587593592346,1.0845529092188508,0.5929650590852907,0.1309938591722351,0.6172320458974201,0.34238595061316657,0.8119916461224764,20,0,0.5344825838384655,0.6481736869013192,0.5416666666666666,0.2032268918982999,0.5,0.25,1.0,20,0,0.4583333333333333,0.6333333333333333
own_round:19,repeat_last,180,5,180,0.8980583425249528,0.28689018990385534,0.9328416714295792,0.35891310313023905,1.5712756810313178,20,1,0.7736261983359428,1.0232673294251582,0.5293360702669536,0.18068919451408574,0.5346130491047132,0.16355782390739898,0.8715300035350001,20,0,0.4509509820481033,0.6066475885911512,0.6041666666666666,0.17908759985284473,0.625,0.3333333333333333,0.9166666666666666,20,0,0.5291666666666666,0.6833333333333332
own_round:19,win_stay_expertise,180,5,180,0.9029253796783099,0.251467921593081,0.9280419645081062,0.4727691916259354,1.399798251847571,20,0,0.7931899504668527,1.0097423783269706,0.5368059271520512,0.16001919967721967,0.561410925381552,0.2306130994104867,0.7806725371614907,20,0,0.4647004872880121,0.6041959673923292,0.6041666666666666,0.18312388354648387,0.5416666666666666,0.3333333333333333,0.9166666666666666,20,0,0.525,0.6833333333333333
own_round:19,history_frequency,180,5,180,0.856471623984097,0.3177729385528998,0.8570043973243928,0.32047210203351495,1.4255861113243622,20,0,0.7204190468580091,0.9944684003419616,0.5040095219869573,0.2135841031911379,0.5196309386987772,0.13087553475582808,0.9048083696049227,20,0,0.4120890308259882,0.5969306607211889,0.6499999999999999,0.1865350413124218,0.6666666666666666,0.3333333333333333,1.0,20,0,0.5708333333333332,0.7291666666666666
own_round:19,reward_learning,180,5,180,0.7700343791533997,0.3644654033328843,0.6245640764414038,0.2793524512404282,1.5303846370056584,20,0,0.6207116839266363,0.9320561047449443,0.44713032640132644,0.22406698614236015,0.35434513518455735,0.11569312361395792,0.8979002271909202,20,0,0.35529749227795937,0.5459396540374423,0.6708333333333333,0.2049728979374807,0.6666666666666666,0.25,1.0,20,0,0.5791666666666666,0.7583333333333332
own_round:19,belief_static,180,5,180,0.8278936715464331,0.43345973563855683,0.7306041975617887,0.2426759930818904,1.8947160687665978,20,0,0.6489190237171761,1.025985154320112,0.47190200813433786,0.24156010219835758,0.4218090438419472,0.11549591462591319,1.0500188144235283,20,0,0.3727724984461368,0.5802167032969364,0.6458333333333333,0.1984497667963368,0.6666666666666666,0.16666666666666666,0.9166666666666665,20,0,0.5541666666666667,0.7291666666666666
own_round:19,belief_dynamic,180,5,180,0.7388183678132171,0.3434166571815171,0.6190257399689032,0.25691225973677656,1.4502898089916463,20,0,0.5968894356792075,0.8943045589840618,0.4343740185260783,0.22236939549496593,0.37351470023793776,0.10063073942066786,0.9308061153903312,20,0,0.3417168449142413,0.532538054625179,0.6708333333333333,0.20137502472947164,0.6666666666666666,0.25,1.0,20,0,0.5833333333333333,0.7541666666666667
own_round:19,simple_selected,180,5,180,0.7700343791533997,0.3644654033328843,0.6245640764414038,0.2793524512404282,1.5303846370056584,20,0,0.6207116839266363,0.9320561047449443,0.44713032640132644,0.22406698614236015,0.35434513518455735,0.11569312361395792,0.8979002271909202,20,0,0.35529749227795937,0.5459396540374423,0.6708333333333333,0.2049728979374807,0.6666666666666666,0.25,1.0,20,0,0.5791666666666666,0.7583333333333332
own_round:19,belief_selected,180,5,180,0.7388183678132171,0.3434166571815171,0.6190257399689032,0.25691225973677656,1.4502898089916463,20,0,0.5968894356792075,0.8943045589840618,0.4343740185260783,0.22236939549496593,0.37351470023793776,0.10063073942066786,0.9308061153903312,20,0,0.3417168449142413,0.532538054625179,0.6708333333333333,0.20137502472947164,0.6666666666666666,0.25,1.0,20,0,0.5833333333333333,0.7541666666666667
own_round:20,uniform,180,0,180,1.09861228866811,2.278129578503827e-16,1.0986122886681098,1.0986122886681098,1.0986122886681098,20,0,1.09861228866811,1.09861228866811,0.6666666666666666,1.1390647892519134e-16,0.6666666666666667,0.6666666666666667,0.6666666666666667,20,0,0.6666666666666666,0.6666666666666666,0.3333333333333332,5.695323946259567e-17,0.33333333333333326,0.33333333333333326,0.33333333333333326,20,0,0.3333333333333332,0.3333333333333332
own_round:20,expertise,180,0,180,2.1788816722965896,1.205428022220809,2.3038119791406935,0.42985737647915023,4.594200937949246,20,0,1.679160444920179,2.6994246174803527,0.8495999999999999,0.47279138730145315,0.8985999999999998,0.1636,1.796933333333333,20,0,0.6535999999999998,1.0537666666666665,0.5666666666666667,0.24122009556196589,0.5416666666666666,0.08333333333333333,0.9166666666666666,20,0,0.4625,0.6666666666666667
own_round:20,marginal,180,0,180,0.9639589184261036,0.21564583151784586,0.9876081204586771,0.6671959771183953,1.3685795855492366,20,0,0.8712581536616326,1.0582123504300989,0.5789551558359294,0.1375375163729864,0.6010630370831129,0.37618043023432973,0.8065147431306428,20,0,0.5195063156577069,0.6383792929016673,0.5666666666666667,0.24122009556196589,0.5416666666666666,0.08333333333333333,0.9166666666666666,20,0,0.4625,0.6666666666666667
own_round:20,repeat_last,180,0,180,0.7630454402582145,0.1981460680918165,0.739345295981206,0.4587329325362004,1.1432869032214834,20,0,0.6800238951472248,0.8489103996016115,0.4492053692241459,0.13480358043105162,0.462491784717032,0.2447705046012988,0.6992652171165994,20,0,0.3915028714093889,0.5075981214246658,0.6916666666666667,0.1354546168145415,0.6666666666666666,0.41666666666666663,0.9166666666666665,20,0,0.6333333333333333,0.75
own_round:20,win_stay_expertise,180,0,180,0.8454076733604866,0.22088439202786328,0.8257840318520803,0.5378208766101729,1.3100127618194493,20,0,0.753872046397802,0.9409239077507037,0.5037510503151583,0.15576340412231052,0.506505603970822,0.27936518560426105,0.8535824224834214,20,0,0.4405403633729319,0.5725727295314962,0.6375,0.18785298158415925,0.625,0.3333333333333333,1.0,20,0,0.5541666666666667,0.7208333333333333
own_round:20,history_frequency,180,0,180,0.7092288720458909,0.19105297514958988,0.691728606618017,0.4562034786725308,1.0796211893729395,20,0,0.6278647070994338,0.7896346380192524,0.40527687415273794,0.12741819444551566,0.4105274943437006,0.21950636748310554,0.62603991332156,20,0,0.3497110952017353,0.4589499660509617,0.7375,0.1090730481125443,0.75,0.5,0.9166666666666666,20,0,0.6915625,0.7833333333333334
own_round:20,reward_learning,180,0,180,0.6185005934743768,0.23102634358528434,0.6069296705538496,0.25225093048344815,1.100115788573078,20,0,0.5197915350461064,0.719446356844519,0.35497004317579284,0.14732095926658606,0.3534342102590667,0.08642676869464552,0.5894185320284466,20,0,0.2898155738785668,0.41815704871138165,0.7583333333333333,0.13217700342313005,0.75,0.5,1.0,20,0,0.7,0.8166666666666667
own_round:20,belief_static,180,0,180,0.722431182033362,0.2557142421998627,0.7167637400542883,0.21649846866489722,1.1202460784115353,20,1,0.6094444403965983,0.830341917208636,0.4181985528499288,0.15918601118535458,0.43460025795993606,0.09514331587853833,0.6642555685891641,20,0,0.3467170830001467,0.4851304528791429,0.7125,0.16551134658371075,0.6666666666666666,0.3333333333333333,1.0,20,1,0.6375000000000001,0.7833333333333333
own_round:20,belief_dynamic,180,0,180,0.63707411047768,0.2082649694445331,0.6431953341225629,0.3089861899212798,1.122444348174223,20,0,0.5496964523471023,0.7272464992072208,0.36796513895615446,0.13336255533271135,0.367558098239549,0.13015574094736637,0.5974844512345464,20,0,0.31025884176976115,0.42452183296918716,0.7333333333333334,0.14459056936238274,0.75,0.41666666666666663,1.0,20,0,0.6708333333333333,0.7958333333333333
own_round:20,simple_selected,180,0,180,0.6185005934743768,0.23102634358528434,0.6069296705538496,0.25225093048344815,1.100115788573078,20,0,0.5197915350461064,0.719446356844519,0.35497004317579284,0.14732095926658606,0.3534342102590667,0.08642676869464552,0.5894185320284466,20,0,0.2898155738785668,0.41815704871138165,0.7583333333333333,0.13217700342313005,0.75,0.5,1.0,20,0,0.7,0.8166666666666667
own_round:20,belief_selected,180,0,180,0.63707411047768,0.2082649694445331,0.6431953341225629,0.3089861899212798,1.122444348174223,20,0,0.5496964523471023,0.7272464992072208,0.36796513895615446,0.13336255533271135,0.367558098239549,0.13015574094736637,0.5974844512345464,20,0,0.31025884176976115,0.42452183296918716,0.7333333333333334,0.14459056936238274,0.75,0.41666666666666663,1.0,20,0,0.6708333333333333,0.7958333333333333
