subset,family,n_rows,n_invalid,n_episodes,log_loss_mean,log_loss_sd,log_loss_median,log_loss_min,log_loss_max,log_loss_n_groups,log_loss_iqr_outliers,log_loss_ci_lo,log_loss_ci_hi,brier_mean,brier_sd,brier_median,brier_min,brier_max,brier_n_groups,brier_iqr_outliers,brier_ci_lo,brier_ci_hi,accuracy_mean,accuracy_sd,accuracy_median,accuracy_min,accuracy_max,accuracy_n_groups,accuracy_iqr_outliers,accuracy_ci_lo,accuracy_ci_hi
own_history,uniform,3420,0,180,1.0986122886681102,2.278129578503827e-16,1.09861228866811,1.09861228866811,1.09861228866811,20,0,1.0986122886681102,1.0986122886681102,0.6666666666666666,1.1390647892519134e-16,0.6666666666666667,0.6666666666666667,0.6666666666666667,20,0,0.6666666666666666,0.6666666666666666,0.33333333333333326,5.695323946259567e-17,0.3333333333333333,0.3333333333333333,0.3333333333333333,20,0,0.33333333333333326,0.33333333333333326
own_history,expertise,3420,0,180,0.33341994663457947,0.4324521778278833,0.14492860648382785,0.013423020332140656,1.4380668703087522,20,2,0.17013384382956792,0.5317742057467078,0.12577543859649123,0.1696158222040462,0.051845614035087716,0.00026666666666666603,0.5590385964912281,20,2,0.061731578947368436,0.20357368421052632,0.9359649122807016,0.08653868479798277,0.9736842105263157,0.7149122807017543,1.0,20,2,0.8962719298245613,0.9686403508771928
own_history,marginal,3420,0,180,0.2533474121254346,0.24393182092895094,0.1520138034341737,0.05867234838516064,0.8962211420253069,20,2,0.16252494650946867,0.36695784708474,0.1219997438644351,0.1520370777416639,0.05692296237203065,0.005792539149928397,0.5149910557041837,20,2,0.06457257940012723,0.1918783341063502,0.9359649122807016,0.08653868479798277,0.9736842105263157,0.7149122807017543,1.0,20,2,0.8962719298245613,0.9686403508771928
own_history,repeat_last,3420,0,180,0.21484216056398905,0.19623617077662003,0.15095224900621163,0.04716661974250533,0.782570612130113,20,1,0.14020484116017487,0.3056449035326671,0.10868138517190495,0.12523556187617413,0.06692412441537847,0.0037023521947993077,0.45442467305719614,20,2,0.06114428436945761,0.16548760300775547,0.9243421052631579,0.08441220991199148,0.9473684210526315,0.7149122807017543,1.0,20,2,0.8857401315789473,0.957236842105263
own_history,win_stay_expertise,3420,0,180,0.23650832982061668,0.2270248365398945,0.14111197685520085,0.04716661974250533,0.8260903677615323,20,2,0.14965264255414334,0.3400824737894104,0.11619627603137513,0.13940080504598823,0.05679628362941063,0.0037023521947993077,0.4689402204140878,20,1,0.062853539773088,0.1794306656475229,0.9293859649122806,0.08778736970965563,0.9692982456140351,0.7149122807017543,1.0,20,1,0.8892543859649121,0.9633771929824559
own_history,history_frequency,3420,0,180,0.19685331515166554,0.19718626512886106,0.12989778324808599,0.02529194242278557,0.8273849106039233,20,1,0.12258216060378985,0.2880183989643155,0.09658792935193601,0.11701262963538302,0.05373252897274766,0.00109394930820518,0.46359166086146775,20,1,0.05252585103090413,0.15103958608868326,0.9421052631578947,0.0741406301136292,0.9736842105263157,0.7236842105263157,1.0,20,1,0.9083333333333332,0.9699561403508771
own_history,reward_learning,3420,0,180,0.21549558691652573,0.22357912991800089,0.129473687977761,0.030729087905942594,0.8543131529965476,20,2,0.13184825855487778,0.31920359290177147,0.11176532735381442,0.13544267731060367,0.0582126609686269,0.0016695575270980977,0.4651769866771909,20,2,0.06060318353810384,0.17385474695230274,0.932017543859649,0.08777122193618882,0.9714912280701753,0.7149122807017543,1.0,20,2,0.8921052631578947,0.9655701754385964
own_history,belief_static,3420,0,180,0.2150577399861795,0.20682703266919802,0.13605483514142738,0.03646297223048356,0.8223996645130887,20,2,0.1375607863643682,0.31034778903986737,0.10960781882347648,0.12503430575612692,0.06168186409436863,0.002848766287739237,0.44654923655095835,20,1,0.06183989990652388,0.1663145755330303,0.9344298245614034,0.07914557810294331,0.9671052631578947,0.7236842105263157,1.0,20,1,0.8984649122807017,0.9651315789473683
own_history,belief_dynamic,3420,0,180,0.2118494434842763,0.21209950148338938,0.1283308769483228,0.033911140407702045,0.8246193485288973,20,2,0.1324862787986574,0.3101822550495286,0.1087553091498755,0.12931889880782826,0.05761514983298789,0.002265536303527443,0.4502710474717222,20,2,0.059687937974320995,0.16777149818314707,0.9348684210526313,0.0846565380760262,0.9714912280701754,0.7236842105263157,1.0,20,0,0.8967105263157894,0.9673245614035085
own_history,simple_selected,3420,0,180,0.21271399239760394,0.22986307095994724,0.12989778324808599,0.030729087905942594,0.8543131529965476,20,2,0.12674416822990492,0.31831968233809965,0.10528984769411243,0.13593383254246252,0.05373252897274766,0.0016695575270980977,0.4651769866771909,20,2,0.0544895279682109,0.16834763599967445,0.9368421052631577,0.08629264604266046,0.9736842105263157,0.7149122807017543,1.0,20,2,0.8969298245614035,0.9690844298245613
own_history,belief_selected,3420,0,180,0.2118494434842763,0.21209950148338938,0.1283308769483228,0.033911140407702045,0.8246193485288973,20,2,0.1324862787986574,0.3101822550495286,0.1087553091498755,0.12931889880782826,0.05761514983298789,0.002265536303527443,0.4502710474717222,20,2,0.059687937974320995,0.16777149818314707,0.9348684210526313,0.0846565380760262,0.9714912280701754,0.7236842105263157,1.0,20,0,0.8967105263157894,0.9673245614035085
own_history_valid_only,uniform,3420,0,180,1.0986122886681102,2.278129578503827e-16,1.09861228866811,1.09861228866811,1.09861228866811,20,0,1.0986122886681102,1.0986122886681102,0.6666666666666666,1.1390647892519134e-16,0.6666666666666667,0.6666666666666667,0.6666666666666667,20,0,0.6666666666666666,0.6666666666666666,0.33333333333333326,5.695323946259567e-17,0.3333333333333333,0.3333333333333333,0.3333333333333333,20,0,0.33333333333333326,0.33333333333333326
own_history_valid_only,expertise,3420,0,180,0.33341994663457947,0.4324521778278833,0.14492860648382785,0.013423020332140656,1.4380668703087522,20,2,0.17013384382956792,0.5317742057467078,0.12577543859649123,0.1696158222040462,0.051845614035087716,0.00026666666666666603,0.5590385964912281,20,2,0.061731578947368436,0.20357368421052632,0.9359649122807016,0.08653868479798277,0.9736842105263157,0.7149122807017543,1.0,20,2,0.8962719298245613,0.9686403508771928
own_history_valid_only,marginal,3420,0,180,0.2533474121254346,0.24393182092895094,0.1520138034341737,0.05867234838516064,0.8962211420253069,20,2,0.16252494650946867,0.36695784708474,0.1219997438644351,0.1520370777416639,0.05692296237203065,0.005792539149928397,0.5149910557041837,20,2,0.06457257940012723,0.1918783341063502,0.9359649122807016,0.08653868479798277,0.9736842105263157,0.7149122807017543,1.0,20,2,0.8962719298245613,0.9686403508771928
own_history_valid_only,repeat_last,3420,0,180,0.21484216056398905,0.19623617077662003,0.15095224900621163,0.04716661974250533,0.782570612130113,20,1,0.14020484116017487,0.3056449035326671,0.10868138517190495,0.12523556187617413,0.06692412441537847,0.0037023521947993077,0.45442467305719614,20,2,0.06114428436945761,0.16548760300775547,0.9243421052631579,0.08441220991199148,0.9473684210526315,0.7149122807017543,1.0,20,2,0.8857401315789473,0.957236842105263
own_history_valid_only,win_stay_expertise,3420,0,180,0.23650832982061668,0.2270248365398945,0.14111197685520085,0.04716661974250533,0.8260903677615323,20,2,0.14965264255414334,0.3400824737894104,0.11619627603137513,0.13940080504598823,0.05679628362941063,0.0037023521947993077,0.4689402204140878,20,1,0.062853539773088,0.1794306656475229,0.9293859649122806,0.08778736970965563,0.9692982456140351,0.7149122807017543,1.0,20,1,0.8892543859649121,0.9633771929824559
own_history_valid_only,history_frequency,3420,0,180,0.19685331515166554,0.19718626512886106,0.12989778324808599,0.02529194242278557,0.8273849106039233,20,1,0.12258216060378985,0.2880183989643155,0.09658792935193601,0.11701262963538302,0.05373252897274766,0.00109394930820518,0.46359166086146775,20,1,0.05252585103090413,0.15103958608868326,0.9421052631578947,0.0741406301136292,0.9736842105263157,0.7236842105263157,1.0,20,1,0.9083333333333332,0.9699561403508771
own_history_valid_only,reward_learning,3420,0,180,0.21549558691652573,0.22357912991800089,0.129473687977761,0.030729087905942594,0.8543131529965476,20,2,0.13184825855487778,0.31920359290177147,0.11176532735381442,0.13544267731060367,0.0582126609686269,0.0016695575270980977,0.4651769866771909,20,2,0.06060318353810384,0.17385474695230274,0.932017543859649,0.08777122193618882,0.9714912280701753,0.7149122807017543,1.0,20,2,0.8921052631578947,0.9655701754385964
own_history_valid_only,belief_static,3420,0,180,0.2150577399861795,0.20682703266919802,0.13605483514142738,0.03646297223048356,0.8223996645130887,20,2,0.1375607863643682,0.31034778903986737,0.10960781882347648,0.12503430575612692,0.06168186409436863,0.002848766287739237,0.44654923655095835,20,1,0.06183989990652388,0.1663145755330303,0.9344298245614034,0.07914557810294331,0.9671052631578947,0.7236842105263157,1.0,20,1,0.8984649122807017,0.9651315789473683
own_history_valid_only,belief_dynamic,3420,0,180,0.2118494434842763,0.21209950148338938,0.1283308769483228,0.033911140407702045,0.8246193485288973,20,2,0.1324862787986574,0.3101822550495286,0.1087553091498755,0.12931889880782826,0.05761514983298789,0.002265536303527443,0.4502710474717222,20,2,0.059687937974320995,0.16777149818314707,0.9348684210526313,0.0846565380760262,0.9714912280701754,0.7236842105263157,1.0,20,0,0.8967105263157894,0.9673245614035085
own_history_valid_only,simple_selected,3420,0,180,0.21271399239760394,0.22986307095994724,0.12989778324808599,0.030729087905942594,0.8543131529965476,20,2,0.12674416822990492,0.31831968233809965,0.10528984769411243,0.13593383254246252,0.05373252897274766,0.0016695575270980977,0.4651769866771909,20,2,0.0544895279682109,0.16834763599967445,0.9368421052631577,0.08629264604266046,0.9736842105263157,0.7149122807017543,1.0,20,2,0.8969298245614035,0.9690844298245613
own_history_valid_only,belief_selected,3420,0,180,0.2118494434842763,0.21209950148338938,0.1283308769483228,0.033911140407702045,0.8246193485288973,20,2,0.1324862787986574,0.3101822550495286,0.1087553091498755,0.12931889880782826,0.05761514983298789,0.002265536303527443,0.4502710474717222,20,2,0.059687937974320995,0.16777149818314707,0.9348684210526313,0.0846565380760262,0.9714912280701754,0.7236842105263157,1.0,20,0,0.8967105263157894,0.9673245614035085
own_round_1,uniform,180,0,180,1.09861228866811,2.278129578503827e-16,1.0986122886681098,1.0986122886681098,1.0986122886681098,20,0,1.09861228866811,1.09861228866811,0.6666666666666666,1.1390647892519134e-16,0.6666666666666667,0.6666666666666667,0.6666666666666667,20,0,0.6666666666666666,0.6666666666666666,0.3333333333333332,5.695323946259567e-17,0.33333333333333326,0.33333333333333326,0.33333333333333326,20,0,0.3333333333333332,0.3333333333333332
own_round_1,expertise,180,0,180,0.2632836340203465,1.117410634213285,0.01342302033214066,0.01342302033214066,5.0106352940962555,20,1,0.01342302033214066,0.7630048613967579,0.09826666666666665,0.43826932358995874,0.00026666666666666603,0.00026666666666666603,1.9602666666666666,20,1,0.00026666666666666603,0.2942666666666667,0.95,0.22360679774997902,1.0,0.0,1.0,20,1,0.85,1.0
own_round_1,marginal,180,0,180,0.22679148031212332,0.6520071005635961,0.08461655692839075,0.05867234838516064,2.9965358091536736,20,4,0.0774787066667036,0.5207526643315531,0.10030843316710034,0.3981681077080881,0.01212474320262228,0.005792539149928398,1.7919042587556238,20,4,0.010412743568593794,0.2789663503626924,0.95,0.22360679774997902,1.0,0.0,1.0,20,1,0.85,1.0
own_round_1,repeat_last,180,0,180,0.22679148031212332,0.6520071005635961,0.08461655692839075,0.05867234838516064,2.9965358091536736,20,4,0.0774787066667036,0.5207526643315531,0.10030843316710034,0.3981681077080881,0.01212474320262228,0.005792539149928398,1.7919042587556238,20,4,0.010412743568593794,0.2789663503626924,0.95,0.22360679774997902,1.0,0.0,1.0,20,1,0.85,1.0
own_round_1,win_stay_expertise,180,0,180,0.21537425423720405,0.7121535598701132,0.04993663162695544,0.04655730835550155,3.240698563505183,20,1,0.052930454709475966,0.5359159030629919,0.09685354580424657,0.4087183311848253,0.004172210413894943,0.0036096182349631524,1.833286141899071,20,1,0.0048257740066109285,0.28005340134809875,0.95,0.22360679774997902,1.0,0.0,1.0,20,1,0.85,1.0
own_round_1,history_frequency,180,0,180,0.33448818737927555,0.32882470752388593,0.2674260596528152,0.22256507480532828,1.7296107072086073,20,4,0.25503960774919454,0.48545867578343094,0.15785428999010603,0.273294168545693,0.10088493900335921,0.07176140471060671,1.3179803569883517,20,4,0.09283617544631428,0.28266051705037554,0.95,0.22360679774997902,1.0,0.0,1.0,20,1,0.85,1.0
own_round_1,reward_learning,180,0,180,0.22679148031212337,0.6520071005635961,0.08461655692839075,0.05867234838516064,2.9965358091536736,20,4,0.07747870666670366,0.5207526643315532,0.10030843316710036,0.398168107708088,0.01212474320262228,0.005792539149928398,1.7919042587556238,20,4,0.0104127435685938,0.2789663503626924,0.95,0.22360679774997902,1.0,0.0,1.0,20,1,0.85,1.0
own_round_1,belief_static,180,0,180,0.22679148031212337,0.6520071005635961,0.08461655692839075,0.05867234838516064,2.9965358091536736,20,4,0.07747870666670366,0.5207526643315532,0.10030843316710036,0.398168107708088,0.01212474320262228,0.005792539149928398,1.7919042587556238,20,4,0.0104127435685938,0.2789663503626924,0.95,0.22360679774997902,1.0,0.0,1.0,20,1,0.85,1.0
own_round_1,belief_dynamic,180,0,180,0.22679148031212337,0.6520071005635961,0.08461655692839075,0.05867234838516064,2.9965358091536736,20,4,0.07747870666670366,0.5207526643315532,0.10030843316710036,0.398168107708088,0.01212474320262228,0.005792539149928398,1.7919042587556238,20,4,0.0104127435685938,0.2789663503626924,0.95,0.22360679774997902,1.0,0.0,1.0,20,1,0.85,1.0
own_round_1,simple_selected,180,0,180,0.3732505335135037,0.6221825406846689,0.2674260596528152,0.05867234838516064,2.9965358091536736,20,4,0.2061150313421614,0.6673028047541825,0.1716551552443679,0.38296999014197125,0.10088493900335921,0.005792539149928398,1.7919042587556238,20,4,0.07327392736510868,0.35045065903743244,0.95,0.22360679774997902,1.0,0.0,1.0,20,1,0.85,1.0
own_round_1,belief_selected,180,0,180,0.22679148031212337,0.6520071005635961,0.08461655692839075,0.05867234838516064,2.9965358091536736,20,4,0.07747870666670366,0.5207526643315532,0.10030843316710036,0.398168107708088,0.01212474320262228,0.005792539149928398,1.7919042587556238,20,4,0.0104127435685938,0.2789663503626924,0.95,0.22360679774997902,1.0,0.0,1.0,20,1,0.85,1.0
own_late,uniform,900,0,180,1.09861228866811,2.278129578503827e-16,1.0986122886681098,1.0986122886681098,1.0986122886681098,20,0,1.09861228866811,1.09861228866811,0.6666666666666666,1.1390647892519134e-16,0.6666666666666667,0.6666666666666667,0.6666666666666667,20,0,0.6666666666666666,0.6666666666666666,0.3333333333333333,5.695323946259567e-17,0.33333333333333337,0.33333333333333337,0.33333333333333337,20,0,0.3333333333333333,0.3333333333333333
own_late,expertise,900,0,180,0.20914716772123518,0.4144790997601402,0.01342302033214066,0.01342302033214066,1.679160444920179,20,3,0.0633951430697818,0.40903565867179986,0.07703333333333334,0.16256644525487732,0.00026666666666666603,0.00026666666666666603,0.6536,20,3,0.01986666666666667,0.15543333333333334,0.9608333333333332,0.08294206390554965,1.0,0.6666666666666666,1.0,20,3,0.9208333333333332,0.9899999999999999
own_late,marginal,900,0,180,0.18991680115167928,0.2357469830158565,0.08768770917106689,0.05867234838516064,1.0379601686413316,20,3,0.10826945983907085,0.3056474178254006,0.07980500125764435,0.14617900372104994,0.013015512683013245,0.005792539149928397,0.6011631123518268,20,3,0.0289358009504912,0.15091890524502166,0.9608333333333332,0.08294206390554965,1.0,0.6666666666666666,1.0,20,3,0.9208333333333332,0.9899999999999999
own_late,repeat_last,900,0,180,0.13813444259242857,0.16458373632481438,0.05517939654610722,0.04655730835550155,0.6689066246469959,20,2,0.0781620707987468,0.21645321303493675,0.062277413711902284,0.11029900604630605,0.008757964992999972,0.0036096182349631524,0.43343754021962594,20,2,0.02274526460656426,0.11513192639429065,0.9566666666666667,0.08189995323064166,0.9916666666666667,0.6666666666666666,1.0,20,2,0.9174999999999999,0.9858333333333332
own_late,win_stay_expertise,900,0,180,0.16129071430977185,0.19689813128375655,0.06994341040710969,0.04655730835550155,0.8143175371288245,20,3,0.09035402052322439,0.2556110506956183,0.07008596525477596,0.12439671234611317,0.009190075932526283,0.0036096182349631524,0.4908339111579246,20,2,0.025797412404775677,0.12940068026158696,0.9583333333333333,0.08333333333333334,1.0,0.6666666666666666,1.0,20,3,0.9183333333333333,0.9875
own_late,history_frequency,900,0,180,0.11130505598298424,0.16182437109378994,0.024371149731446305,0.020111468682555013,0.6717707356210569,20,2,0.053562536004807204,0.18760376332968218,0.05070363968524917,0.10170423400070544,0.0010736080556337972,0.0006097482197825646,0.42569118278033435,20,2,0.01584162858201448,0.09990024384504453,0.9683333333333332,0.0754905981520661,1.0,0.6666666666666666,1.0,20,2,0.9308333333333334,0.9916666666666668
own_late,reward_learning,900,0,180,0.1527644096288793,0.18165579872232454,0.07864978470385002,0.031365809927061145,0.7100024217028023,20,2,0.0862311702203328,0.23863377143086736,0.07195004819115043,0.11706814911422599,0.018376762268302427,0.001793227355216373,0.45732569774957904,20,2,0.0294548242243422,0.1274938621856775,0.9558333333333332,0.08329385029566123,1.0,0.6666666666666666,1.0,20,4,0.916645833333333,0.9858333333333332
own_late,belief_static,900,0,180,0.15077792060200915,0.15532614818490859,0.08368541014914127,0.04229330165321968,0.631499684996914,20,2,0.09388452447529252,0.2230993245098117,0.06482409944983672,0.09704471531235681,0.01680066485019291,0.003503441945190612,0.3884583539115193,20,2,0.02947070656471493,0.10983337323038234,0.9625,0.06815766894676865,1.0,0.7166666666666666,1.0,20,4,0.9299999999999999,0.9866666666666666
own_late,belief_dynamic,900,0,180,0.14678660328775336,0.16775676266958653,0.06786809174616731,0.03655079167081757,0.6514557741680492,20,2,0.0853137759413588,0.22679377094198214,0.06580791241234693,0.106947795990954,0.011647737413731884,0.00277027826871853,0.40903609915322237,20,2,0.026913556457018744,0.11589870402112795,0.9583333333333333,0.08262859904486436,1.0,0.6666666666666666,1.0,20,3,0.9183333333333333,0.9875
own_late,simple_selected,900,0,180,0.1242948924410618,0.19175452308366017,0.028213164410018168,0.021744375910366195,0.7100024217028023,20,2,0.05473981821509097,0.21661038389292944,0.0583488459642005,0.11885613540266624,0.0015292038971809812,0.0007200775665404666,0.45732569774957904,20,2,0.016350821175821876,0.11639334445116026,0.9641666666666666,0.0815197389363908,1.0,0.6666666666666666,1.0,20,2,0.9241666666666667,0.9916666666666668
own_late,belief_selected,900,0,180,0.14678660328775336,0.16775676266958653,0.06786809174616731,0.03655079167081757,0.6514557741680492,20,2,0.0853137759413588,0.22679377094198214,0.06580791241234693,0.106947795990954,0.011647737413731884,0.00277027826871853,0.40903609915322237,20,2,0.026913556457018744,0.11589870402112795,0.9583333333333333,0.08262859904486436,1.0,0.6666666666666666,1.0,20,3,0.9183333333333333,0.9875
swap_post,uniform,1200,0,120,1.09861228866811,2.278129578503827e-16,1.0986122886681098,1.0986122886681098,1.0986122886681098,20,0,1.09861228866811,1.09861228866811,0.6666666666666666,1.1390647892519134e-16,0.6666666666666667,0.6666666666666667,0.6666666666666667,20,0,0.6666666666666666,0.6666666666666666,0.3333333333333333,5.695323946259567e-17,0.33333333333333337,0.33333333333333337,0.33333333333333337,20,0,0.3333333333333333,0.3333333333333333
swap_post,expertise,1200,0,120,0.3257487874423979,0.507604180917489,0.0967098915615426,0.01342302033214066,1.8457341873789825,20,4,0.13835332717624355,0.5631163704461932,0.12276666666666665,0.19909184162970808,0.03293333333333334,0.00026666666666666603,0.7189333333333333,20,4,0.04926666666666667,0.21586666666666665,0.9374999999999998,0.10157747021923882,0.9833333333333333,0.6333333333333333,1.0,20,4,0.89,0.975
swap_post,marginal,1200,0,120,0.2510523080451093,0.2855424694633275,0.1290891866372706,0.05867234838516064,1.1358889506669487,20,4,0.1462643249136971,0.3851327534590609,0.11978678292978744,0.17830639016097632,0.041020349505159946,0.005792539149928397,0.6607001696720167,20,4,0.05399240896704412,0.2032302384685611,0.9374999999999998,0.10157747021923882,0.9833333333333333,0.6333333333333333,1.0,20,4,0.89,0.975
swap_post,repeat_last,1200,0,120,0.1859133036607651,0.18706793048501,0.11795576656844539,0.04655730835550155,0.7803049238928745,20,2,0.11652754968438067,0.27316802532009765,0.09368033567247182,0.1262380602869404,0.04736240300642977,0.0036096182349631524,0.49712036606847587,20,2,0.047430275460259824,0.1529032411797006,0.9324999999999999,0.09263444473238448,0.9666666666666666,0.6333333333333333,1.0,20,2,0.8891458333333332,0.9666666666666666
swap_post,win_stay_expertise,1200,0,120,0.22161313197094407,0.24013047625990538,0.12008768938513005,0.04655730835550155,0.892675866315306,20,4,0.13120971709669785,0.33245089373006126,0.10764187124236266,0.15129113706201675,0.048710464338685006,0.0036096182349631524,0.5408801031988154,20,4,0.05082453789167298,0.17808454800466172,0.9358333333333333,0.09841952808651305,0.9666666666666666,0.6333333333333333,1.0,20,4,0.8899999999999999,0.9716666666666667
swap_post,history_frequency,1200,0,120,0.15868797458533765,0.18895914285286416,0.09560920447094064,0.020667161353826267,0.8271534572996742,20,1,0.09000207729672145,0.24837073023704112,0.07579498738658261,0.1154752130334028,0.034463985030875624,0.0006459782738921112,0.5043391184767984,20,1,0.03574307155473722,0.1310443881455741,0.9524999999999999,0.08434040605526662,0.9833333333333333,0.6333333333333333,1.0,20,2,0.9116666666666665,0.9808333333333333
swap_post,reward_learning,1200,0,120,0.19107977057552952,0.1981799435200413,0.1095526039740897,0.0325162589121984,0.7630717755107262,20,2,0.11717261467014535,0.28450399138840515,0.10364597959818052,0.13348688748057286,0.047995621828734764,0.0019297057721540827,0.49042223452594624,20,3,0.05334152356715289,0.16656719334090203,0.9299999999999999,0.09846779388586169,0.9666666666666666,0.6333333333333333,1.0,20,4,0.8849791666666664,0.9666666666666666
swap_post,belief_static,1200,0,120,0.18001611363245804,0.16460601734163274,0.13466962081741474,0.04029664561578521,0.6637786882035906,20,3,0.11779930109361382,0.25525798359061175,0.09176371997846063,0.11133117975464138,0.05371068678376272,0.0029922341604755763,0.4131278716777596,20,3,0.049566298824384195,0.1428566810105487,0.9416666666666667,0.08120078356433509,0.9666666666666666,0.6833333333333333,1.0,20,3,0.9033333333333333,0.9716666666666665
swap_post,belief_dynamic,1200,0,120,0.18476137390744013,0.1842807764771832,0.11656493019307418,0.03983881846985575,0.7028042913816377,20,4,0.11499764894275827,0.2694769633319896,0.09765896977439031,0.12559528940449163,0.04834643863405685,0.003098112533524218,0.43943366614064905,20,4,0.049864708788247204,0.15460850478635127,0.9341666666666665,0.09755415350202717,0.9666666666666666,0.6333333333333333,1.0,20,4,0.8891666666666665,0.9708333333333332
swap_post,simple_selected,1200,0,120,0.16941388494159526,0.2037910335767499,0.09560920447094064,0.022601717993617664,0.7630717755107262,20,2,0.09341264340661302,0.2647764900738718,0.08683309821913118,0.13264920245955694,0.03656897740012564,0.0007809029834311222,0.49042223452594624,20,2,0.03830572614293581,0.14967062739511147,0.9441666666666665,0.09555547055619776,0.9833333333333333,0.6333333333333333,1.0,20,3,0.8983333333333332,0.9791666666666666
swap_post,belief_selected,1200,0,120,0.18476137390744013,0.1842807764771832,0.11656493019307418,0.03983881846985575,0.7028042913816377,20,4,0.11499764894275827,0.2694769633319896,0.09765896977439031,0.12559528940449163,0.04834643863405685,0.003098112533524218,0.43943366614064905,20,4,0.049864708788247204,0.15460850478635127,0.9341666666666665,0.09755415350202717,0.9666666666666666,0.6333333333333333,1.0,20,4,0.8891666666666665,0.9708333333333332
swap_late,uniform,600,0,120,1.09861228866811,2.278129578503827e-16,1.0986122886681098,1.0986122886681098,1.0986122886681098,20,0,1.09861228866811,1.09861228866811,0.6666666666666666,1.1390647892519134e-16,0.6666666666666667,0.6666666666666667,0.6666666666666667,20,0,0.6666666666666666,0.6666666666666666,0.3333333333333333,5.695323946259567e-17,0.33333333333333337,0.33333333333333337,0.33333333333333337,20,0,0.3333333333333333,0.3333333333333333
swap_late,expertise,600,0,120,0.28826969538916697,0.5275142784299159,0.013423020332140663,0.013423020332140663,2.012307929837786,20,3,0.09670989156154257,0.5381303090773727,0.10806666666666667,0.20690095378794793,0.00026666666666666603,0.00026666666666666603,0.7842666666666667,20,3,0.03293333333333333,0.20606666666666668,0.9450000000000001,0.10556171111629996,1.0,0.6000000000000001,1.0,20,3,0.8949999999999999,0.9833333333333334
swap_late,marginal,600,0,120,0.23292702424795078,0.29806999566259257,0.08768770917106689,0.05867234838516063,1.233817732692566,20,3,0.12664535311633243,0.3761259868564812,0.10729258796812262,0.18561863011936144,0.013015512683013245,0.005792539149928399,0.7202372269922066,20,3,0.04040774764704042,0.19565858225343868,0.9450000000000001,0.10556171111629996,1.0,0.6000000000000001,1.0,20,3,0.8949999999999999,0.9833333333333334
swap_late,repeat_last,600,0,120,0.1590413576987913,0.17269833376680982,0.06119729856375959,0.04655730835550155,0.6835689338747923,20,2,0.09428278642008918,0.2395550764497902,0.07803647294885008,0.12270138032567955,0.01347522129091892,0.0036096182349631524,0.47358999001882274,20,2,0.03287215203481206,0.13650377464132896,0.9433333333333331,0.09917790736823154,0.9833333333333334,0.6000000000000001,1.0,20,2,0.8950000000000001,0.9783333333333333
swap_late,win_stay_expertise,600,0,120,0.1958077888913457,0.23102233630387412,0.07247295805402532,0.04655730835550155,0.862019816416018,20,3,0.10987100524303546,0.30379155144345366,0.0924345070127168,0.14885621747666913,0.010686351489298827,0.0036096182349631524,0.5446229947650805,20,3,0.03750395090157379,0.16207199177202933,0.9433333333333334,0.10322291780527187,1.0,0.6000000000000001,1.0,20,2,0.8933333333333333,0.9800416666666661
swap_late,history_frequency,600,0,120,0.13026926992440999,0.1654260477677949,0.026192507630305742,0.020111468682555013,0.6581816642317849,20,1,0.0685995972998233,0.20689711088413856,0.059849420751143176,0.1064125357039917,0.0013676450741816578,0.0006097482197825647,0.45258152469267243,20,1,0.022808608575227256,0.11108822917315163,0.96,0.08957338786082332,1.0,0.6000000000000001,1.0,20,2,0.9150000000000003,0.9883333333333333
swap_late,reward_learning,600,0,120,0.17624757043358394,0.1855714837711982,0.09932882358578807,0.03255874835581561,0.7022207926484427,20,2,0.10675777977715044,0.26365737325525895,0.0925295057834177,0.1290910883031039,0.030262641294014587,0.0019929227142524825,0.46924081610119983,20,2,0.04375001317268102,0.1532185501047959,0.9383333333333332,0.10444786606315226,1.0,0.6000000000000001,1.0,20,3,0.8899583333333333,0.9766666666666668
swap_late,belief_static,600,0,120,0.1574932729847666,0.14301192521229572,0.09266598821696663,0.03998154365480029,0.5368841668605615,20,2,0.10270694314174107,0.22159098846427783,0.0748359378857462,0.09797113904634187,0.01862288392356578,0.0029506095778186144,0.3315415589259104,20,2,0.037742387003304165,0.11952880774061411,0.9516666666666665,0.0783417315393577,1.0,0.7000000000000001,1.0,20,2,0.915,0.9800000000000001
swap_late,belief_dynamic,600,0,120,0.16417789533937316,0.16662833879316072,0.07112777306919844,0.039831309201822415,0.587684116816982,20,3,0.10129090136131179,0.23982781866869401,0.08247874531403825,0.11642444205419449,0.01598263848453583,0.003223056550626188,0.3742670869821616,20,3,0.03832760267367889,0.13536458175793234,0.9400000000000001,0.10462967275611937,1.0,0.6000000000000001,1.0,20,3,0.8916666666666666,0.9783333333333333
swap_late,simple_selected,600,0,120,0.1454957057486426,0.19812738396722038,0.030004288158243297,0.021898323714699693,0.7022207926484427,20,2,0.0714322543658443,0.23987623394027804,0.07329050316862457,0.1300316843293413,0.0018673806460027635,0.0007299231761255321,0.46924081610119983,20,2,0.0261646062637676,0.1364754894311937,0.9516666666666668,0.0993987774525639,1.0,0.6000000000000001,1.0,20,3,0.9033333333333333,0.9866666666666666
swap_late,belief_selected,600,0,120,0.16417789533937316,0.16662833879316072,0.07112777306919844,0.039831309201822415,0.587684116816982,20,3,0.10129090136131179,0.23982781866869401,0.08247874531403825,0.11642444205419449,0.01598263848453583,0.003223056550626188,0.3742670869821616,20,3,0.03832760267367889,0.13536458175793234,0.9400000000000001,0.10462967275611937,1.0,0.6000000000000001,1.0,20,3,0.8916666666666666,0.9783333333333333
condition:elicited_full_history,uniform,1140,0,60,1.09861228866811,2.278129578503827e-16,1.0986122886681098,1.0986122886681098,1.0986122886681098,20,0,1.09861228866811,1.09861228866811,0.6666666666666666,1.1390647892519134e-16,0.6666666666666667,0.6666666666666667,0.6666666666666667,20,0,0.6666666666666666,0.6666666666666666,0.33333333333333326,5.695323946259567e-17,0.3333333333333333,0.3333333333333333,0.3333333333333333,20,0,0.33333333333333326,0.33333333333333326
condition:elicited_full_history,expertise,1140,0,60,0.3071188294042422,0.42692111877089883,0.10109341109993215,0.013423020332140663,1.4161492726168041,20,2,0.1449286064838279,0.5087607281701624,0.115459649122807,0.16744643752359037,0.03465263157894736,0.00026666666666666603,0.5504421052631578,20,2,0.05184561403508771,0.1945473684210526,0.9412280701754385,0.08543185587938285,0.9824561403508771,0.7192982456140351,1.0,20,2,0.9008771929824562,0.9736842105263157
condition:elicited_full_history,marginal,1140,0,60,0.2394467075566701,0.2397310749752672,0.13103390024945055,0.05867234838516064,0.8833357759693046,20,2,0.1498249963193018,0.3532418640113818,0.11294612268113732,0.14982481537840706,0.04242450341990654,0.005792539149928398,0.5071572323725797,20,2,0.05667173390897026,0.18390691222747857,0.9412280701754385,0.08543185587938285,0.9824561403508771,0.7192982456140351,1.0,20,2,0.9008771929824562,0.9736842105263157
condition:elicited_full_history,repeat_last,1140,0,60,0.2136675628080575,0.21479665225935712,0.11734592433925567,0.04655730835550154,0.7953226363605936,20,2,0.13212490771825136,0.3140707928615522,0.10668579635731645,0.13396871273034586,0.04604420736763013,0.0036096182349631516,0.453302044744904,20,2,0.05574874545562132,0.16944722619608635,0.9263157894736842,0.08828992607491437,0.9649122807017543,0.7192982456140351,1.0,20,1,0.8850877192982456,0.9605263157894735
condition:elicited_full_history,win_stay_expertise,1140,0,60,0.23122091531194924,0.24290185131680372,0.11686381385699149,0.04655730835550154,0.8336347767774979,20,2,0.13853255053922647,0.3463616965592167,0.11199457028494442,0.1466676288856366,0.040030598481354734,0.0036096182349631516,0.4683682194917381,20,2,0.056202530126553886,0.18009872759761877,0.9324561403508772,0.0914754441402699,0.9824561403508771,0.7192982456140351,1.0,20,1,0.8903508771929823,0.9684210526315787
condition:elicited_full_history,history_frequency,1140,0,60,0.19964512270536428,0.2196518317434751,0.09981278460234895,0.025291942422785568,0.8470841914467215,20,1,0.11577556296980182,0.30104680175639403,0.09890628843666711,0.1313843003537668,0.036187257565110376,0.00109394930820518,0.46444646335866613,20,2,0.04924467582144105,0.1603669519265841,0.9412280701754385,0.08351416449452558,0.9824561403508771,0.7368421052631579,1.0,20,3,0.9035087719298245,0.9728070175438596
condition:elicited_full_history,reward_learning,1140,0,60,0.22030261007539848,0.2530879031600327,0.10861227294513552,0.028949819480470824,0.9331889099649511,20,2,0.12526629374710194,0.33974717734561044,0.10974731092836601,0.14579124296132492,0.04180251547422239,0.0014294235702812942,0.48244991645951374,20,2,0.054661543586913275,0.1791613114589496,0.9377192982456138,0.08881586072064902,0.9824561403508771,0.7192982456140351,1.0,20,3,0.8964912280701753,0.9719298245614034
condition:elicited_full_history,belief_static,1140,0,60,0.22471708809806873,0.2428032857218883,0.11609131739496698,0.03132022502842763,0.9118182531907815,20,2,0.13380592028661142,0.3390038231873314,0.11181464212968431,0.14315938800438305,0.04491385972732817,0.002050560517446407,0.484912252353901,20,2,0.0573644317040604,0.1788296169284261,0.9350877192982457,0.09019587956486516,0.9824561403508771,0.7192982456140351,1.0,20,2,0.8929824561403509,0.9692982456140351
condition:elicited_full_history,belief_dynamic,1140,0,60,0.2163858255202351,0.2428055675445578,0.11051973577822688,0.030439721200895452,0.8992771044974708,20,2,0.12554711485783202,0.33042905174327547,0.10780653900526267,0.14250045835176295,0.04061091375174021,0.0017858859311202816,0.479718292718848,20,2,0.05388340682020811,0.1751741311062483,0.93859649122807,0.08679102557761662,0.9824561403508771,0.7192982456140351,1.0,20,2,0.8982236842105262,0.9719298245614034
condition:elicited_full_history,simple_selected,1140,0,60,0.21836050174968621,0.26181638109238026,0.1016001202952313,0.027768788657799352,0.9331889099649511,20,2,0.11943584626444112,0.34214008192771966,0.10519686205356191,0.14643762610407893,0.036960623704744296,0.0013601650416862254,0.48244991645951374,20,2,0.04984792497629782,0.17480486548255408,0.9394736842105262,0.08789916923191732,0.9824561403508771,0.7192982456140351,1.0,20,3,0.8991228070175439,0.9728070175438596
condition:elicited_full_history,belief_selected,1140,0,60,0.2163858255202351,0.2428055675445578,0.11051973577822688,0.030439721200895452,0.8992771044974708,20,2,0.12554711485783202,0.33042905174327547,0.10780653900526267,0.14250045835176295,0.04061091375174021,0.0017858859311202816,0.479718292718848,20,2,0.05388340682020811,0.1751741311062483,0.93859649122807,0.08679102557761662,0.9824561403508771,0.7192982456140351,1.0,20,2,0.8982236842105262,0.9719298245614034
condition:elicited_swap,uniform,2280,0,120,1.0986122886681098,2.278129578503827e-16,1.0986122886681096,1.0986122886681096,1.0986122886681096,20,0,1.0986122886681098,1.0986122886681098,0.6666666666666666,1.1390647892519134e-16,0.6666666666666667,0.6666666666666667,0.6666666666666667,20,0,0.6666666666666666,0.6666666666666666,0.33333333333333326,5.695323946259567e-17,0.3333333333333333,0.3333333333333333,0.3333333333333333,20,0,0.33333333333333326,0.33333333333333326
condition:elicited_swap,expertise,2280,0,120,0.359721063864917,0.4643221215464885,0.1449286064838279,0.013423020332140663,1.4599844680007,20,4,0.18438028232933407,0.5745135212460062,0.13609122807017543,0.1821158094502183,0.05184561403508771,0.00026666666666666603,0.5676350877192982,20,4,0.06731929824561401,0.22033684210526316,0.9307017543859647,0.09291622931133586,0.9736842105263157,0.7105263157894737,1.0,20,4,0.8877192982456139,0.9657894736842104
condition:elicited_swap,marginal,2280,0,120,0.26724811669419907,0.2599976625856919,0.1529736648556227,0.05867234838516064,0.9091065080813092,20,4,0.16952897509793882,0.3877081077111149,0.1310533650477329,0.16281321271834456,0.057208681781634255,0.005792539149928398,0.5228248790357876,20,4,0.06964554496096134,0.20694948192667034,0.9307017543859647,0.09291622931133586,0.9736842105263157,0.7105263157894737,1.0,20,4,0.8877192982456139,0.9657894736842104
condition:elicited_swap,repeat_last,2280,0,120,0.21601675831992062,0.18661177799472778,0.15117787577166014,0.04716661974250533,0.7698185878996321,20,2,0.14518501131065548,0.3024664788145261,0.11067697398649345,0.12196281033771142,0.06700940704731859,0.0037023521947993103,0.45554730136948846,20,2,0.06433655952815193,0.16719279303706694,0.9223684210526315,0.08467836151029895,0.9473684210526315,0.7105263157894737,1.0,20,2,0.8833333333333334,0.9548245614035086
condition:elicited_swap,win_stay_expertise,2280,0,120,0.24179574432928402,0.22611070207233597,0.14500883608843987,0.04716661974250533,0.8185459587455661,20,4,0.15451462355587686,0.34499802127765994,0.12039798177780585,0.14155515923092277,0.05942708770696489,0.0037023521947993103,0.47290147980572145,20,4,0.06616540047879459,0.18548583626894455,0.9263157894736842,0.09046488069768405,0.9649122807017543,0.7105263157894737,1.0,20,2,0.8846491228070177,0.9609649122807017
condition:elicited_swap,history_frequency,2280,0,120,0.19406150759796678,0.18575375194779406,0.1338438053214957,0.025291942422785568,0.8076856297611248,20,1,0.12509239481835507,0.28005413265798323,0.09426957026720492,0.11078428011640072,0.053806553704091466,0.00109394930820518,0.46273685836426925,20,1,0.053235294068387916,0.14573683280967611,0.9429824561403507,0.0731424926934896,0.9736842105263157,0.7105263157894737,1.0,20,2,0.9087719298245615,0.9701754385964911
condition:elicited_swap,reward_learning,2280,0,120,0.21068856375765294,0.2014095852123145,0.14275197351963495,0.03250835633141437,0.7754373960281444,20,2,0.13529764855159226,0.3046066790963931,0.11378334377926276,0.1304580751012957,0.0642501227789757,0.0019096914839149015,0.4479040568948681,20,2,0.06482830293264054,0.17474509384164438,0.9263157894736841,0.09131148966773167,0.9649122807017543,0.7017543859649122,1.0,20,2,0.8846381578947365,0.9609758771929823
condition:elicited_swap,belief_static,2280,0,120,0.20539839187429024,0.18217445468507643,0.1465790947853264,0.0416057194325395,0.7329810758353962,20,3,0.13644198230140275,0.2887970396349993,0.10740099551726867,0.11509528256354215,0.0647274331363565,0.003259475920299861,0.4081862207480155,20,3,0.06302115488949663,0.15885253248316492,0.9337719298245613,0.07532335676096284,0.9649122807017543,0.7280701754385965,1.0,20,2,0.8995614035087719,0.9627192982456139
condition:elicited_swap,belief_dynamic,2280,0,120,0.2073130614483175,0.19331532013367586,0.13709966352347763,0.03738255961450865,0.7499615925603238,20,3,0.133613856966898,0.2954768104858135,0.10970407929448836,0.12428618304549288,0.06026256006223054,0.002745186675934605,0.4208238022245965,20,4,0.06194049074778358,0.16593685183158485,0.9311403508771928,0.08699027623588552,0.969298245614035,0.7105263157894737,1.0,20,2,0.8912280701754385,0.9644736842105261
condition:elicited_swap,simple_selected,2280,0,120,0.2070674830455217,0.20619448421965378,0.1338438053214957,0.02844120793596841,0.7754373960281444,20,2,0.1297269478954974,0.3030246055222985,0.10538283333466292,0.13037352972889227,0.053806553704091466,0.00143780263724725,0.4479040568948681,20,2,0.056646600890673644,0.16724297096754911,0.9342105263157892,0.0900205977736285,0.9736842105263157,0.7017543859649122,1.0,20,3,0.8921052631578947,0.9679824561403508
condition:elicited_swap,belief_selected,2280,0,120,0.2073130614483175,0.19331532013367586,0.13709966352347763,0.03738255961450865,0.7499615925603238,20,3,0.133613856966898,0.2954768104858135,0.10970407929448836,0.12428618304549288,0.06026256006223054,0.002745186675934605,0.4208238022245965,20,4,0.06194049074778358,0.16593685183158485,0.9311403508771928,0.08699027623588552,0.969298245614035,0.7105263157894737,1.0,20,2,0.8912280701754385,0.9644736842105261
stable_target:fairness,uniform,380,0,20,1.09861228866811,2.278129578503827e-16,1.0986122886681098,1.0986122886681098,1.0986122886681098,20,0,1.09861228866811,1.09861228866811,0.6666666666666666,1.1390647892519134e-16,0.6666666666666667,0.6666666666666667,0.6666666666666667,20,0,0.6666666666666666,0.6666666666666666,0.33333333333333326,5.695323946259567e-17,0.3333333333333333,0.3333333333333333,0.3333333333333333,20,0,0.33333333333333326,0.33333333333333326
stable_target:fairness,expertise,380,0,20,0.46054201324787725,0.6560034672808691,0.27643419263551505,0.01342302033214066,2.3805235710625103,20,2,0.21068139955967152,0.7630048613967577,0.17563508771929826,0.257296813789743,0.10342456140350877,0.00026666666666666603,0.9286877192982456,20,2,0.07763508771929824,0.2942666666666666,0.9105263157894736,0.13127388458660358,0.9473684210526315,0.5263157894736842,1.0,20,2,0.85,0.9605263157894737
stable_target:fairness,marginal,380,0,20,0.32089058022453393,0.36390602698300517,0.21468248788041547,0.05867234838516063,1.4502918824334037,20,3,0.1826646506436742,0.4902178963821797,0.1657396892920787,0.22917454213693678,0.10026009780907641,0.005792539149928398,0.8518454589631526,20,2,0.07843721934142549,0.2720374403309296,0.9105263157894736,0.13127388458660358,0.9473684210526315,0.5263157894736842,1.0,20,2,0.85,0.9605263157894737
stable_target:fairness,repeat_last,380,0,20,0.2944070723791458,0.3234994881444056,0.24164460696075155,0.04655730835550155,1.2050366696645165,20,1,0.16901509988428173,0.4432773604830698,0.15815276336409959,0.20439661315917643,0.11907094169150542,0.0036096182349631524,0.7321586616431188,20,1,0.07871047314030909,0.2521448247096332,0.8868421052631579,0.14416280019850145,0.9210526315789473,0.5263157894736842,1.0,20,1,0.8210526315789475,0.9421052631578949
stable_target:fairness,win_stay_expertise,380,0,20,0.3218647753228295,0.36927838566819343,0.21350017799922416,0.04655730835550155,1.3668416278458637,20,1,0.1776553518748723,0.48869701368854895,0.1678188755442592,0.22554198099906178,0.09991352484306912,0.0036096182349631524,0.7927370901898416,20,1,0.07988589114444027,0.2692488400034239,0.8973684210526317,0.14335146600252693,0.9473684210526315,0.5263157894736842,1.0,20,1,0.8342105263157894,0.9526315789473683
stable_target:fairness,history_frequency,380,0,20,0.28167052968284406,0.3336025802032875,0.23270929079451386,0.025291942422785568,1.2505736450577007,20,1,0.15248451935971863,0.4340483785751344,0.14793243162273834,0.20454795073988893,0.10416066176527668,0.00109394930820518,0.7622640044104689,20,1,0.06962103086136603,0.24210221912259844,0.913157894736842,0.13146809735096113,0.9473684210526315,0.5263157894736842,1.0,20,2,0.8526315789473683,0.963157894736842
stable_target:fairness,reward_learning,380,0,20,0.31184751082829626,0.3841307285453703,0.19514707550928845,0.029395006642840088,1.5664490643235913,20,1,0.16575936681324088,0.49171073065626647,0.16601420651182736,0.22758858024340195,0.10106591564002468,0.0014700579767050216,0.8466367234048859,20,1,0.07782037158153511,0.2713119647573676,0.9052631578947367,0.13830456533300764,0.9473684210526315,0.5263157894736842,1.0,20,3,0.8421052631578947,0.9578947368421054
stable_target:fairness,belief_static,380,0,20,0.31822645389514637,0.373709389621505,0.20622707504302357,0.021395381272768056,1.510251333230647,20,2,0.17573971211151315,0.49114015826601676,0.1678895422424421,0.22627729005700442,0.1018883622016038,0.0007465003608303159,0.83474877337571,20,1,0.08056707851999463,0.2718802775973857,0.9026315789473683,0.14005913815626586,0.9473684210526315,0.5263157894736842,1.0,20,1,0.8394736842105264,0.9578947368421051
stable_target:fairness,belief_dynamic,380,0,20,0.30545175427159266,0.364793154519835,0.19531211108582894,0.028222812490353435,1.4796903204620682,20,1,0.16735322540299485,0.4756192215152695,0.16272207899883664,0.22221805410508796,0.09972556345628039,0.0014992615250124426,0.8263713614243611,20,1,0.07700061912562352,0.2650114327529347,0.9052631578947367,0.13617994493299532,0.9473684210526315,0.5263157894736842,1.0,20,1,0.844736842105263,0.9578947368421051
stable_target:fairness,simple_selected,380,0,20,0.3106972698926186,0.39649963242941744,0.23270929079451386,0.027768788657799352,1.5664490643235913,20,1,0.16008377432223747,0.49560381951893845,0.15884703221095003,0.2251878813147016,0.10416066176527668,0.0013601650416862254,0.8466367234048859,20,1,0.07247112609805513,0.26261086591499094,0.9078947368421051,0.1364740415539836,0.9473684210526315,0.5263157894736842,1.0,20,2,0.8473026315789474,0.9605263157894737
stable_target:fairness,belief_selected,380,0,20,0.30545175427159266,0.364793154519835,0.19531211108582894,0.028222812490353435,1.4796903204620682,20,1,0.16735322540299485,0.4756192215152695,0.16272207899883664,0.22221805410508796,0.09972556345628039,0.0014992615250124426,0.8263713614243611,20,1,0.07700061912562352,0.2650114327529347,0.9052631578947367,0.13617994493299532,0.9473684210526315,0.5263157894736842,1.0,20,1,0.844736842105263,0.9578947368421051
stable_target:risk,uniform,380,0,20,1.09861228866811,2.278129578503827e-16,1.0986122886681098,1.0986122886681098,1.0986122886681098,20,0,1.09861228866811,1.09861228866811,0.6666666666666666,1.1390647892519134e-16,0.6666666666666667,0.6666666666666667,0.6666666666666667,20,0,0.6666666666666666,0.6666666666666666,0.33333333333333326,5.695323946259567e-17,0.3333333333333333,0.3333333333333333,0.3333333333333333,20,0,0.33333333333333326,0.33333333333333326
stable_target:risk,expertise,380,0,20,0.25013307540517765,0.30648360652604323,0.01342302033214066,0.01342302033214066,0.802456537242264,20,0,0.13177804786865915,0.3816386615568649,0.09310877192982456,0.12020859548929384,0.00026666666666666603,0.00026666666666666603,0.309740350877193,20,0,0.046687719298245604,0.14468771929824562,0.9526315789473683,0.06133091606596627,1.0,0.8421052631578947,1.0,20,0,0.9263157894736841,0.9763157894736842
stable_target:risk,marginal,380,0,20,0.20472859826254536,0.16065070512168272,0.08783417880557154,0.05867234838516063,0.5225455264012417,20,0,0.14052583152630072,0.2766635346148503,0.09230889434194324,0.10490528531645724,0.013058684663977024,0.005792539149928398,0.28781017908766976,20,0,0.05117038647471022,0.1380249724822833,0.9526315789473683,0.06133091606596627,1.0,0.8421052631578947,1.0,20,0,0.9263157894736841,0.9763157894736842
stable_target:risk,repeat_last,380,0,20,0.1951920557427202,0.19396022017911818,0.049936631626955434,0.04655730835550155,0.6573840964951834,20,1,0.11734939491981435,0.28361354652099113,0.09385087715899207,0.11784135204480348,0.004172210413894942,0.0036096182349631524,0.3811953902144369,20,0,0.04638997036172052,0.14711461625805808,0.9342105263157896,0.0885235522508299,1.0,0.6842105263157894,1.0,20,1,0.894736842105263,0.968421052631579
stable_target:risk,win_stay_expertise,380,0,20,0.20520629264621074,0.19393573571956094,0.06849033778755348,0.04655730835550155,0.61928976091711,20,0,0.1277003612326475,0.29415609764666845,0.09637848844562548,0.11810992799306824,0.007942250151657114,0.0036096182349631524,0.3512499414336679,20,0,0.049226437577727024,0.15008896738747113,0.9394736842105262,0.08238145180262385,1.0,0.7368421052631579,1.0,20,0,0.9026315789473683,0.9710526315789474
stable_target:risk,history_frequency,380,0,20,0.18943957468825112,0.213254233307678,0.028469899501643747,0.025291942422785568,0.6542790068699483,20,0,0.10332723891413227,0.28600997185172855,0.0878801560562171,0.11113315293102997,0.0014411658590690272,0.00109394930820518,0.31481182121988727,20,0,0.04280953392957254,0.13839053624193182,0.9447368421052632,0.0753569529646124,1.0,0.7894736842105263,1.0,20,0,0.9105263157894736,0.9736842105263157
stable_target:risk,reward_learning,380,0,20,0.1975498826864604,0.1725427980375093,0.10547073062436606,0.02932745441424135,0.5580247695758335,20,0,0.12897383739635718,0.2747684574542506,0.094164040649914,0.10839632162680338,0.02125814588798096,0.001473540629706463,0.3299084441113364,20,0,0.05060228702564285,0.14333621230882854,0.9473684210526315,0.07040590042736197,1.0,0.7894736842105263,1.0,20,0,0.9157894736842105,0.976315789473684
stable_target:risk,belief_static,380,0,20,0.21253565733879057,0.1760785175380992,0.10478155498027866,0.02741914011532833,0.5548576069736968,20,0,0.14139676179402164,0.29050118247589996,0.10237296309696034,0.11581269640081167,0.018856922561455793,0.0013188504906278535,0.3389300723846269,20,0,0.05588062961333872,0.15417476205653458,0.9421052631578947,0.0761747670195682,1.0,0.7894736842105263,1.0,20,0,0.9078947368421053,0.9736842105263157
stable_target:risk,belief_dynamic,380,0,20,0.19838572903845772,0.1702161628821322,0.09023312286427049,0.028562070819127636,0.5583315808002227,20,0,0.13077143633956942,0.2751236007001253,0.09418914364838873,0.10917493512466313,0.014017060712771968,0.0014328845445769438,0.32566444879396234,20,0,0.050139886853096234,0.14377440977762274,0.9499999999999998,0.06496716005117087,1.0,0.8421052631578947,1.0,20,0,0.9210526315789472,0.976315789473684
stable_target:risk,simple_selected,380,0,20,0.18791741930115466,0.2043611181097147,0.03198352766005332,0.027768788657799352,0.6542790068699483,20,0,0.10497375181570343,0.28054118256000854,0.08706408116383768,0.10914839261630331,0.0017731527142301811,0.0013601650416862254,0.31070391092627403,20,0,0.04254224031604291,0.13651114689946622,0.9499999999999998,0.06717380129271919,1.0,0.7894736842105263,1.0,20,0,0.9210526315789472,0.9763157894736842
stable_target:risk,belief_selected,380,0,20,0.19838572903845772,0.1702161628821322,0.09023312286427049,0.028562070819127636,0.5583315808002227,20,0,0.13077143633956942,0.2751236007001253,0.09418914364838873,0.10917493512466313,0.014017060712771968,0.0014328845445769438,0.32566444879396234,20,0,0.050139886853096234,0.14377440977762274,0.9499999999999998,0.06496716005117087,1.0,0.8421052631578947,1.0,20,0,0.9210526315789472,0.976315789473684
stable_target:expertise,uniform,380,0,20,1.09861228866811,2.278129578503827e-16,1.0986122886681098,1.0986122886681098,1.0986122886681098,20,0,1.09861228866811,1.09861228866811,0.6666666666666666,1.1390647892519134e-16,0.6666666666666667,0.6666666666666667,0.6666666666666667,20,0,0.6666666666666666,0.6666666666666666,0.33333333333333326,5.695323946259567e-17,0.3333333333333333,0.3333333333333333,0.3333333333333333,20,0,0.33333333333333326,0.33333333333333326
stable_target:expertise,expertise,380,0,20,0.21068139955967152,0.552191610925244,0.01342302033214066,0.01342302033214066,2.3805235710625103,20,4,0.026573578947309384,0.48684313047821465,0.07763508771929824,0.21657986455681363,0.00026666666666666603,0.00026666666666666603,0.9286877192982456,20,4,0.005424561403508771,0.18595087719298245,0.9605263157894737,0.11049993089633349,1.0,0.5263157894736842,1.0,20,4,0.9052631578947368,0.9973684210526315
stable_target:expertise,marginal,380,0,20,0.19272094418293115,0.31734899667841554,0.08754123953656223,0.05867234838516063,1.450291882433404,20,6,0.09101432287698115,0.35038942741379464,0.08078978440939008,0.1955634561404789,0.012972340702049466,0.005792539149928398,0.8518454589631526,20,6,0.01663913967759523,0.1783353250309562,0.9605263157894737,0.11049993089633349,1.0,0.5263157894736842,1.0,20,4,0.9052631578947368,0.9973684210526315
stable_target:expertise,repeat_last,380,0,20,0.15140356030230642,0.26437222207386296,0.049795598255059845,0.04655730835550155,1.1163227677520706,20,4,0.0591782396074268,0.281719073922672,0.06805374854885775,0.16789777336157946,0.004147940962295852,0.0036096182349631524,0.6976115007507455,20,4,0.010305923687758397,0.1500782323858819,0.9578947368421051,0.11145239255829796,1.0,0.5263157894736842,1.0,20,4,0.9026315789473685,0.9947368421052631
stable_target:expertise,win_stay_expertise,380,0,20,0.16659167796680746,0.2927529597182194,0.0663373877328346,0.04655730835550155,1.2781277259334176,20,4,0.06737152495951909,0.31179906073168995,0.0717863468649487,0.1786677059641351,0.0074453505998503654,0.0036096182349631524,0.7581899292974683,20,4,0.010836383861078294,0.16108361412450378,0.9605263157894737,0.11049993089633349,1.0,0.5263157894736842,1.0,20,4,0.9052631578947368,0.9973684210526315
stable_target:expertise,history_frequency,380,0,20,0.12782526374499759,0.2316671605648142,0.028441207935968413,0.025291942422785568,0.8539840765300585,20,6,0.03925006877472368,0.23859118425948256,0.060906277631045905,0.14830741774790657,0.0014378026372472497,0.00109394930820518,0.5881586310185899,20,6,0.006517319900711626,0.13401416445096043,0.9657894736842104,0.08917989897451734,1.0,0.631578947368421,1.0,20,4,0.9210526315789475,0.9973684210526315
stable_target:expertise,reward_learning,380,0,20,0.1515104367114388,0.3302244499307607,0.027846162635188937,0.019920960658743624,1.3854724025916705,20,4,0.038993184959480454,0.3120804707649191,0.06906368562335669,0.1834238337263519,0.0014003720279019338,0.0006358910980690774,0.7746237105009445,20,4,0.006711570681349275,0.1610298240702921,0.9605263157894737,0.11049993089633349,1.0,0.5263157894736842,1.0,20,4,0.9052631578947368,0.9973684210526315
stable_target:expertise,belief_static,380,0,20,0.1433891530602692,0.3054466046208751,0.028115926337526,0.01687319528160013,1.2589981878210939,20,4,0.037956343296292556,0.2915198191390313,0.06518142104965041,0.16992716713680214,0.0015279608666509885,0.0004433489543969724,0.7097497187431308,20,4,0.00689920530326406,0.14845310617188603,0.9605263157894737,0.11049993089633349,1.0,0.5263157894736842,1.0,20,4,0.9052631578947368,0.9973684210526315
stable_target:expertise,belief_dynamic,380,0,20,0.14531999325065478,0.3123265116111604,0.02786817316532761,0.018161136271785186,1.305276598339238,20,4,0.039084743335362576,0.2975205141360664,0.06650839436856265,0.17375254255391467,0.0015674757015640755,0.0005150173722094704,0.7285771323744615,20,4,0.007129906789747047,0.15210979121457857,0.9605263157894737,0.11049993089633349,1.0,0.5263157894736842,1.0,20,4,0.9052631578947368,0.9973684210526315
stable_target:expertise,simple_selected,380,0,20,0.15646681605528542,0.3324140000796683,0.028441207935968413,0.024575805037435443,1.3854724025916705,20,5,0.0393463436697536,0.31758432597501013,0.06967947278589799,0.18385023025109737,0.0014378026372472497,0.0009933243046466617,0.7746237105009445,20,6,0.0065246198386657885,0.1611839576100943,0.9605263157894737,0.11049993089633349,1.0,0.5263157894736842,1.0,20,4,0.9052631578947368,0.9973684210526315
stable_target:expertise,belief_selected,380,0,20,0.14531999325065478,0.3123265116111604,0.02786817316532761,0.018161136271785186,1.305276598339238,20,4,0.039084743335362576,0.2975205141360664,0.06650839436856265,0.17375254255391467,0.0015674757015640755,0.0005150173722094704,0.7285771323744615,20,4,0.007129906789747047,0.15210979121457857,0.9605263157894737,0.11049993089633349,1.0,0.5263157894736842,1.0,20,4,0.9052631578947368,0.9973684210526315
swap_post:fairness_to_risk,uniform,200,0,20,1.0986122886681102,2.278129578503827e-16,1.09861228866811,1.09861228866811,1.09861228866811,20,0,1.0986122886681102,1.0986122886681102,0.6666666666666666,1.1390647892519134e-16,0.6666666666666667,0.6666666666666667,0.6666666666666667,20,0,0.6666666666666666,0.6666666666666666,0.3333333333333333,5.695323946259567e-17,0.33333333333333337,0.33333333333333337,0.33333333333333337,20,0,0.3333333333333333,0.3333333333333333
swap_post:fairness_to_risk,expertise,200,0,20,0.36322787949562885,0.8440159245164508,0.013423020332140661,0.013423020332140661,3.5114716119670217,20,5,0.08838120443860237,0.7879909227655786,0.13746666666666665,0.33103881152644643,0.00026666666666666603,0.00026666666666666603,1.3722666666666667,20,5,0.029666666666666657,0.30406666666666665,0.9299999999999999,0.1688973528196155,1.0,0.30000000000000004,1.0,20,5,0.8450000000000001,0.985
swap_post:fairness_to_risk,marginal,200,0,20,0.27320011518331827,0.4797566328268094,0.08754123953656225,0.058672348385160646,2.11517677092312,20,5,0.1172326866801934,0.5116142886790335,0.1332022995416896,0.29768499494846823,0.012972340702049466,0.005792539149928398,1.256070742873915,20,5,0.03618904036735911,0.2821642601142396,0.9299999999999999,0.1688973528196155,1.0,0.30000000000000004,1.0,20,5,0.8450000000000001,0.985
swap_post:fairness_to_risk,repeat_last,200,0,20,0.20907090030922143,0.31181246385043493,0.04979559825505986,0.04655730835550155,1.0932000582380863,20,5,0.09451252307458013,0.34896724153242503,0.11114082106860182,0.21700854166508374,0.004147940962295852,0.0036096182349631524,0.7934921879012616,20,5,0.032935220374003225,0.21051106976793216,0.9099999999999999,0.1889026482776665,1.0,0.30000000000000004,1.0,20,5,0.825,0.9800000000000001
swap_post:fairness_to_risk,win_stay_expertise,200,0,20,0.22468310050804594,0.3391962895687061,0.0663373877328346,0.04655730835550155,1.2914398785944687,20,5,0.10041998655738642,0.3809063750995843,0.11631625993349082,0.23009359106032287,0.007445350599850366,0.0036096182349631524,0.8753119907490163,20,5,0.03420216772420009,0.22419823782274106,0.9199999999999999,0.1765159900316175,1.0,0.30000000000000004,1.0,20,5,0.835,0.985
swap_post:fairness_to_risk,history_frequency,200,0,20,0.18995681322921226,0.3347336594077575,0.024217794420952767,0.020667161353826267,1.209789502593535,20,5,0.06505244704840897,0.3443222309328471,0.10170302418223909,0.21685845273165635,0.0009100829282483358,0.0006459782738921114,0.850728311242183,20,5,0.020833122481457998,0.20565368482933055,0.9299999999999999,0.1688973528196155,1.0,0.30000000000000004,1.0,20,5,0.8450000000000001,0.985
swap_post:fairness_to_risk,reward_learning,200,0,20,0.22559963420367093,0.2767390619541697,0.09253201711957039,0.02259421084560695,0.990342736036083,20,3,0.12086046848038874,0.3507476740281515,0.11409228259866333,0.19581537249309933,0.015398908255889989,0.0008535807046111668,0.6999757758935266,20,3,0.0412669595149466,0.2045118594657185,0.925,0.17434086394791456,1.0,0.30000000000000004,1.0,20,5,0.8400000000000001,0.985
swap_post:fairness_to_risk,belief_static,200,0,20,0.21558634779671762,0.2642092249286478,0.09041449219944109,0.02211871025781612,0.8846829254683044,20,3,0.11539817396347817,0.3335753349146885,0.10703261780751208,0.18537247704991786,0.014525533880873043,0.0008924156459454173,0.6061515457559016,20,5,0.03673013247562978,0.19104254405491233,0.925,0.16503588126605423,1.0,0.4,1.0,20,5,0.8499999999999999,0.985
swap_post:fairness_to_risk,belief_dynamic,200,0,20,0.21543894056102716,0.2759681268288291,0.08026414059012477,0.023184843312443346,0.9009733048032293,20,5,0.11159513177682612,0.3397457379216581,0.10749051048816942,0.19146919799175033,0.011286005933578522,0.0010194052352555313,0.6289773420438711,20,5,0.034255508658659485,0.19491451541157684,0.9299999999999999,0.1688973528196155,1.0,0.30000000000000004,1.0,20,5,0.8450000000000001,0.985
swap_post:fairness_to_risk,simple_selected,200,0,20,0.18304453187406558,0.30252675472257856,0.026418551250226012,0.02218822573652352,0.990342736036083,20,5,0.06798739228556747,0.3189844913215441,0.09444301919299739,0.19041999823889239,0.001090386580610208,0.0007508803586437746,0.6999757758935266,20,5,0.02114564944000888,0.18344848476010964,0.9299999999999999,0.1688973528196155,1.0,0.30000000000000004,1.0,20,5,0.8450000000000001,0.985
swap_post:fairness_to_risk,belief_selected,200,0,20,0.21543894056102716,0.2759681268288291,0.08026414059012477,0.023184843312443346,0.9009733048032293,20,5,0.11159513177682612,0.3397457379216581,0.10749051048816942,0.19146919799175033,0.011286005933578522,0.0010194052352555313,0.6289773420438711,20,5,0.034255508658659485,0.19491451541157684,0.9299999999999999,0.1688973528196155,1.0,0.30000000000000004,1.0,20,5,0.8450000000000001,0.985
swap_late:fairness_to_risk,uniform,100,0,20,1.0986122886681102,2.278129578503827e-16,1.09861228866811,1.09861228866811,1.09861228866811,20,0,1.0986122886681102,1.0986122886681102,0.6666666666666666,1.1390647892519134e-16,0.6666666666666667,0.6666666666666667,0.6666666666666667,20,0,0.6666666666666666,0.6666666666666666,0.3333333333333333,5.695323946259567e-17,0.33333333333333337,0.33333333333333337,0.33333333333333337,20,0,0.3333333333333333,0.3333333333333333
swap_late:fairness_to_risk,expertise,100,0,20,0.2632836340203465,1.117410634213285,0.013423020332140661,0.013423020332140661,5.0106352940962555,20,1,0.013423020332140661,0.7630048613967579,0.09826666666666667,0.4382693235899588,0.00026666666666666603,0.00026666666666666603,1.9602666666666668,20,1,0.00026666666666666603,0.2942666666666667,0.95,0.22360679774997902,1.0,0.0,1.0,20,1,0.85,1.0
swap_late:fairness_to_risk,marginal,100,0,20,0.22679148031212332,0.6520071005635962,0.08461655692839073,0.058672348385160646,2.9965358091536745,20,4,0.07757944176852505,0.5204315922585663,0.10030843316710034,0.3981681077080881,0.012124743202622284,0.005792539149928398,1.791904258755624,20,4,0.010428763045235804,0.27887757830932913,0.95,0.22360679774997902,1.0,0.0,1.0,20,1,0.85,1.0
swap_late:fairness_to_risk,repeat_last,100,0,20,0.1161466725131209,0.27076480501047545,0.049090977842507065,0.04655730835550155,1.258300359941361,20,2,0.048159368269635565,0.2441438673015609,0.060138261375283074,0.22618891565372598,0.004028573969281479,0.0036096182349631524,1.0150881134215246,20,2,0.0038728266603267046,0.16688048759238386,0.9400000000000001,0.22571523745873392,1.0,0.0,1.0,20,2,0.8300000000000001,1.0
swap_late:fairness_to_risk,win_stay_expertise,100,0,20,0.1391137832709498,0.35723127558586004,0.04993663162695544,0.04655730835550155,1.6547800006541253,20,2,0.0538581212697751,0.3019607768025811,0.06592115533327177,0.2620715337332357,0.004172210413894943,0.0036096182349631524,1.1787277191170338,20,2,0.005018912691490846,0.18490870156975228,0.95,0.22360679774997902,1.0,0.0,1.0,20,1,0.85,1.0
swap_late:fairness_to_risk,history_frequency,100,0,20,0.09563084815588255,0.2892035323003739,0.023083497257116115,0.020111468682555013,1.3200548807901282,20,4,0.024458501899487613,0.2299480394664871,0.055170233871660035,0.23484131969284197,0.0008182368138738272,0.0006097482197825647,1.0525635857689564,20,4,0.0010242492012417673,0.16157578955757823,0.95,0.22360679774997902,1.0,0.0,1.0,20,1,0.85,1.0
swap_late:fairness_to_risk,reward_learning,100,0,20,0.1426238070782147,0.22178371695107635,0.08362744198308286,0.018611146030975773,1.05112507372536,20,1,0.0767431930642689,0.2501049076111829,0.06247250638268561,0.18275018130429885,0.012407886844043453,0.0005251431933139088,0.8307857234072566,20,2,0.013891345274087455,0.14876740700020666,0.95,0.22360679774997902,1.0,0.0,1.0,20,1,0.85,1.0
swap_late:fairness_to_risk,belief_static,100,0,20,0.13107464526938659,0.1803989943189098,0.08002280323408933,0.025510705757043693,0.8454403978083709,20,2,0.07350306605684279,0.21935722085076426,0.05278595980865368,0.14377422441206594,0.01097751100282249,0.0010216778383937536,0.6405839735820659,20,2,0.010867349849929318,0.12310170173410992,0.95,0.18209309360006523,1.0,0.2,1.0,20,2,0.86,1.0
swap_late:fairness_to_risk,belief_dynamic,100,0,20,0.12292186427293683,0.1891327292559276,0.08021240801809831,0.01715111067032043,0.9084835673685617,20,2,0.06912257004124062,0.21350325718951807,0.04962715198632188,0.15475589207362095,0.010979811312915533,0.000441463627795852,0.7007488028209672,20,2,0.009336249876180355,0.12273238680488718,0.95,0.22360679774997902,1.0,0.0,1.0,20,1,0.85,1.0
swap_late:fairness_to_risk,simple_selected,100,0,20,0.08528649608866948,0.22864697194392203,0.02477835122886788,0.021516376600523482,1.05112507372536,20,2,0.02728366614739244,0.19160221559950769,0.04447703697556675,0.18517773288552708,0.0009476359455506607,0.0007032301641760429,0.8307857234072566,20,2,0.001421551401567897,0.12864098824859393,0.95,0.22360679774997902,1.0,0.0,1.0,20,1,0.85,1.0
swap_late:fairness_to_risk,belief_selected,100,0,20,0.12292186427293683,0.1891327292559276,0.08021240801809831,0.01715111067032043,0.9084835673685617,20,2,0.06912257004124062,0.21350325718951807,0.04962715198632188,0.15475589207362095,0.010979811312915533,0.000441463627795852,0.7007488028209672,20,2,0.009336249876180355,0.12273238680488718,0.95,0.22360679774997902,1.0,0.0,1.0,20,1,0.85,1.0
swap_post:fairness_to_expertise,uniform,200,0,20,1.0986122886681102,2.278129578503827e-16,1.09861228866811,1.09861228866811,1.09861228866811,20,0,1.0986122886681102,1.0986122886681102,0.6666666666666666,1.1390647892519134e-16,0.6666666666666667,0.6666666666666667,0.6666666666666667,20,0,0.6666666666666666,0.6666666666666666,0.3333333333333333,5.695323946259567e-17,0.33333333333333337,0.33333333333333337,0.33333333333333337,20,0,0.3333333333333333,0.3333333333333333
swap_post:fairness_to_expertise,expertise,200,0,20,0.5131442477085523,1.2558611348575979,0.013423020332140661,0.013423020332140661,5.0106352940962555,20,2,0.08838120443860238,1.112809720560246,0.19626666666666664,0.4925721961510339,0.00026666666666666603,0.00026666666666666603,1.9602666666666668,20,2,0.029666666666666664,0.43146666666666667,0.9,0.2513123449750173,1.0,0.0,1.0,20,2,0.78,0.985
swap_post:fairness_to_expertise,marginal,200,0,20,0.3382475364678409,0.6427588906170042,0.08754123953656225,0.058672348385160646,2.650406630538762,20,2,0.1207978922989935,0.6473149073019917,0.18155826887356255,0.42723530115923364,0.012972340702049466,0.005792539149928398,1.7145270454115575,20,2,0.03707781574663184,0.3861450503737293,0.9,0.2513123449750173,1.0,0.0,1.0,20,2,0.78,0.985
swap_post:fairness_to_expertise,repeat_last,200,0,20,0.1891364259116944,0.236234288947664,0.04979559825505986,0.04655730835550155,0.8017768497923337,20,0,0.09725917155883486,0.29686310460745374,0.09498952479258868,0.15847821267490741,0.004147940962295852,0.0036096182349631524,0.5150108718174501,20,1,0.03556112808227208,0.16783725332136445,0.9550000000000001,0.0887041208323017,1.0,0.7,1.0,20,5,0.9100000000000001,0.99
swap_post:fairness_to_expertise,win_stay_expertise,200,0,20,0.3105451130822228,0.5879143134052802,0.06741386276019404,0.04655730835550155,2.206984853204122,20,2,0.10285968800384045,0.5938062053981265,0.1587125841394054,0.35520902340369825,0.0076938003757537395,0.0036096182349631524,1.2764009873477782,20,2,0.03295729611910127,0.3290379347727674,0.9199999999999999,0.18238190122579825,1.0,0.4,1.0,20,2,0.8300000000000001,0.985
swap_post:fairness_to_expertise,history_frequency,200,0,20,0.16157303038169962,0.22807234243288807,0.02261936657990918,0.020667161353826267,0.765385611634529,20,0,0.0658919894648375,0.2637606370056799,0.07850449159572774,0.14107662272475435,0.0007821986877669823,0.0006459782738921114,0.5421371166963065,20,1,0.022376938665188754,0.1461287372364391,0.9549999999999998,0.11459310165698643,1.0,0.5,1.0,20,5,0.8949999999999999,0.99
swap_post:fairness_to_expertise,reward_learning,200,0,20,0.20629929239095315,0.3314571121000265,0.046454693533817884,0.01988049021586305,1.1120690275768779,20,2,0.08360392940757143,0.3632848702279877,0.12100984626040867,0.24468755077432328,0.004099077544152249,0.0006218579385830632,0.8482086026774573,20,2,0.031527353991495685,0.23774650040765374,0.9,0.23395906074624076,1.0,0.1,1.0,20,2,0.789875,0.985
swap_post:fairness_to_expertise,belief_static,200,0,20,0.24721058973613697,0.4205641469723717,0.06482844473023762,0.014821255952119576,1.6170599351373536,20,2,0.09606460614888113,0.44675988053665094,0.14801426447403632,0.32400330987429743,0.0071079011786687515,0.0003259240969567085,1.2636439273863176,20,2,0.034208993746558114,0.3038284501983772,0.9,0.2513123449750173,1.0,0.0,1.0,20,2,0.78,0.985
swap_post:fairness_to_expertise,belief_dynamic,200,0,20,0.25230345400105114,0.46852116460455645,0.05415590252974359,0.01583551784981591,1.7998563616300183,20,2,0.08479956874330515,0.47405091056027665,0.1532585528382266,0.3497287257100773,0.005814132659166892,0.0003768581602121685,1.3653902993017883,20,2,0.03150879039352166,0.3219694432308192,0.9,0.2513123449750173,1.0,0.0,1.0,20,2,0.78,0.985
swap_post:fairness_to_expertise,simple_selected,200,0,20,0.1582425583844889,0.22414483871849078,0.02261936657990918,0.020725853023810983,0.765385611634529,20,0,0.06557486766995876,0.2588839647016898,0.07844359886648167,0.1410295537534084,0.0007821986877669823,0.0006928239544349774,0.5421371166963065,20,1,0.0226209894504139,0.14604078806113518,0.9549999999999998,0.11459310165698643,1.0,0.5,1.0,20,5,0.8949999999999999,0.99
swap_post:fairness_to_expertise,belief_selected,200,0,20,0.25230345400105114,0.46852116460455645,0.05415590252974359,0.01583551784981591,1.7998563616300183,20,2,0.08479956874330515,0.47405091056027665,0.1532585528382266,0.3497287257100773,0.005814132659166892,0.0003768581602121685,1.3653902993017883,20,2,0.03150879039352166,0.3219694432308192,0.9,0.2513123449750173,1.0,0.0,1.0,20,2,0.78,0.985
swap_late:fairness_to_expertise,uniform,100,0,20,1.0986122886681102,2.278129578503827e-16,1.09861228866811,1.09861228866811,1.09861228866811,20,0,1.0986122886681102,1.0986122886681102,0.6666666666666666,1.1390647892519134e-16,0.6666666666666667,0.6666666666666667,0.6666666666666667,20,0,0.6666666666666666,0.6666666666666666,0.3333333333333333,5.695323946259567e-17,0.33333333333333337,0.33333333333333337,0.33333333333333337,20,0,0.3333333333333333,0.3333333333333333
swap_late:fairness_to_expertise,expertise,100,0,20,0.36322787949562885,1.1814443123527008,0.013423020332140661,0.013423020332140661,5.0106352940962555,20,2,0.013423020332140661,0.9628933523473225,0.13746666666666668,0.46338452828361837,0.00026666666666666603,0.00026666666666666603,1.9602666666666668,20,2,0.00026666666666666603,0.37266666666666665,0.93,0.23642067769572364,1.0,0.0,1.0,20,2,0.8099999999999999,1.0
swap_late:fairness_to_expertise,marginal,100,0,20,0.25872877607679584,0.6067123594092474,0.08607889823247648,0.058672348385160646,2.650406630538762,20,6,0.07760994535482495,0.5673254913769804,0.12996604543435117,0.4024478881295707,0.012548541952335875,0.005792539149928398,1.7145270454115575,20,6,0.01045414140481072,0.334418061658188,0.93,0.23642067769572364,1.0,0.0,1.0,20,2,0.8099999999999999,1.0
swap_late:fairness_to_expertise,repeat_last,100,0,20,0.12259981001106224,0.23346846938647742,0.049090977842507065,0.04655730835550155,0.9421308567899049,20,2,0.048192648449503,0.24111701362790983,0.05384388130956567,0.15509379139358057,0.004028573969281479,0.0036096182349631524,0.5682389331537042,20,2,0.0038790632011704543,0.1319559358613634,0.9800000000000001,0.08944271909999155,1.0,0.6000000000000001,1.0,20,1,0.9399999999999998,1.0
swap_late:fairness_to_expertise,win_stay_expertise,100,0,20,0.24575796958112525,0.6368058914695057,0.04993663162695544,0.04655730835550155,2.7301668217465327,20,2,0.05391908084425967,0.5701372680650079,0.11813001130260363,0.37323225167658336,0.004172210413894943,0.0036096182349631524,1.555870582090385,20,2,0.005023549389482652,0.3085223571090159,0.9400000000000001,0.19574419397183718,1.0,0.2,1.0,20,2,0.8400000000000001,1.0
swap_late:fairness_to_expertise,history_frequency,100,0,20,0.07663152441911153,0.1779915116393053,0.021914626195596157,0.020111468682555013,0.7763352039896101,20,3,0.0230685536944597,0.16717184259647913,0.0350393055438745,0.12211528994962767,0.0007310746351985257,0.0006097482197825647,0.5342173799622525,20,3,0.0008302931609803279,0.09583136395146045,0.9800000000000001,0.08944271909999155,1.0,0.6000000000000001,1.0,20,1,0.9399999999999998,1.0
swap_late:fairness_to_expertise,reward_learning,100,0,20,0.14175543294188775,0.33939911313729004,0.03134576078066309,0.01636032301326943,1.1957885071737206,20,2,0.029478103893311413,0.309051139968204,0.07869783420231982,0.23725059767112874,0.0017162091648958821,0.0004011393253965308,0.8442050191960875,20,2,0.0017170527257986247,0.19718119535040105,0.93,0.23642067769572364,1.0,0.0,1.0,20,2,0.8099999999999999,1.0
swap_late:fairness_to_expertise,belief_static,100,0,20,0.18746907758507075,0.4228478414030547,0.05940836946564314,0.014563469149549889,1.679659056685555,20,2,0.04867032047222041,0.39686536472294903,0.1041108331980265,0.3180763094214577,0.005963186947323772,0.0003141600861479595,1.305463476548643,20,2,0.005553363827381897,0.26610598209024,0.93,0.23642067769572364,1.0,0.0,1.0,20,2,0.8099999999999999,1.0
swap_late:fairness_to_expertise,belief_dynamic,100,0,20,0.18710315918143208,0.4804053554076213,0.03994118693552747,0.01497242466784565,1.9222171705036417,20,2,0.03319037001013257,0.4279017244877391,0.10859035985012308,0.3474586189182184,0.0029518473934324703,0.0003324029989435599,1.4366180540653104,20,2,0.0024766215413667535,0.28592386471573333,0.93,0.23642067769572364,1.0,0.0,1.0,20,2,0.8099999999999999,1.0
swap_late:fairness_to_expertise,simple_selected,100,0,20,0.0757823775662605,0.17821762155037132,0.021906474955147925,0.017840776882741303,0.7763352039896101,20,3,0.022402211965165356,0.16638368496741945,0.03496027199386522,0.12213782183351267,0.0007304989056620289,0.0004783643543246057,0.5342173799622525,20,4,0.0007870471312801195,0.09575608073519469,0.9800000000000001,0.08944271909999155,1.0,0.6000000000000001,1.0,20,1,0.9399999999999998,1.0
swap_late:fairness_to_expertise,belief_selected,100,0,20,0.18710315918143208,0.4804053554076213,0.03994118693552747,0.01497242466784565,1.9222171705036417,20,2,0.03319037001013257,0.4279017244877391,0.10859035985012308,0.3474586189182184,0.0029518473934324703,0.0003324029989435599,1.4366180540653104,20,2,0.0024766215413667535,0.28592386471573333,0.93,0.23642067769572364,1.0,0.0,1.0,20,2,0.8099999999999999,1.0
swap_post:risk_to_fairness,uniform,200,0,20,1.0986122886681102,2.278129578503827e-16,1.09861228866811,1.09861228866811,1.09861228866811,20,0,1.0986122886681102,1.0986122886681102,0.6666666666666666,1.1390647892519134e-16,0.6666666666666667,0.6666666666666667,0.6666666666666667,20,0,0.6666666666666666,0.6666666666666666,0.3333333333333333,5.695323946259567e-17,0.33333333333333337,0.33333333333333337,0.33333333333333337,20,0,0.3333333333333333,0.3333333333333333
swap_post:risk_to_fairness,expertise,200,0,20,0.288269695389167,0.5951554052775814,0.013423020332140661,0.013423020332140661,2.512029157214198,20,1,0.08838120443860238,0.5631163704461934,0.10806666666666667,0.23343106725090118,0.00026666666666666603,0.00026666666666666603,0.9802666666666667,20,1,0.029666666666666664,0.2158666666666667,0.945,0.11909748329127609,1.0,0.5,1.0,20,1,0.8899999999999999,0.985
swap_post:risk_to_fairness,marginal,200,0,20,0.23042592949124865,0.33785439954377994,0.08754123953656225,0.058672348385160646,1.5276040787694174,20,1,0.11871006115410723,0.39043072138031626,0.10666823601485502,0.20978161551818067,0.012972340702049466,0.005792539149928398,0.8988483989527761,20,1,0.036586365395416175,0.20545673440903406,0.945,0.11909748329127609,1.0,0.5,1.0,20,1,0.8899999999999999,0.985
swap_post:risk_to_fairness,repeat_last,200,0,20,0.24765745975078018,0.3815280388286493,0.04979559825505986,0.04655730835550155,1.5347429914356672,20,1,0.10974045850500691,0.424432978630116,0.1261904223829501,0.23036212306507545,0.004147940962295852,0.0036096182349631524,0.8852150356559165,20,2,0.04147887938054243,0.23198531227348032,0.905,0.1637552731171861,1.0,0.5,1.0,20,2,0.8300000000000001,0.9650000000000001
swap_post:risk_to_fairness,win_stay_expertise,200,0,20,0.23962712966811361,0.38046517086933224,0.06741386276019404,0.04655730835550155,1.6439325916238445,20,1,0.10712524753607615,0.4215299162251902,0.11431148638475037,0.2223364895188792,0.0076938003757537395,0.0036096182349631524,0.918494247046935,20,1,0.035136342904951476,0.21911998080268022,0.9349999999999999,0.13088765773505315,1.0,0.5,1.0,20,2,0.875,0.985
swap_post:risk_to_fairness,history_frequency,200,0,20,0.22813303022263884,0.39974096854870994,0.025984200959500804,0.020667161353826267,1.6482502427198207,20,1,0.08795730611125677,0.41577425055903766,0.11240522167755698,0.22940355180598584,0.0010525016388902423,0.0006459782738921114,0.906339026325178,20,2,0.030932767125584574,0.21929996602646623,0.9299999999999999,0.15252264715358452,1.0,0.5,1.0,20,2,0.86,0.985
swap_post:risk_to_fairness,reward_learning,200,0,20,0.2593656845065353,0.35353063873511564,0.07807525785950463,0.029333821780098305,1.3923236174411289,20,2,0.12812813433809908,0.42167714993015704,0.1453868428345075,0.24077826650201742,0.011719939164939155,0.0015355831252489036,0.8390815814502055,20,2,0.054568060936529925,0.2552572119537113,0.9099999999999999,0.17441631985447617,1.0,0.4,1.0,20,3,0.8300000000000001,0.975
swap_post:risk_to_fairness,belief_static,200,0,20,0.24648330295722368,0.3226480776519554,0.089072972025341,0.03803735101846879,1.3581618204366146,20,1,0.12907307111107244,0.39850417072027117,0.12645442538702212,0.21147302989212985,0.014887653184679965,0.0028379963152028696,0.8350574850725203,20,1,0.04836266510859667,0.22545792573647316,0.925,0.13327849749579576,1.0,0.5,1.0,20,2,0.865,0.975
swap_post:risk_to_fairness,belief_dynamic,200,0,20,0.23745565327128954,0.34173228282950086,0.0827760334007195,0.03756756214104637,1.4473291585462187,20,1,0.11523189443326201,0.39971986978339097,0.12413919522708805,0.22219867814154337,0.012159993232956167,0.0026839271292074937,0.8589416928510865,20,2,0.04259224063451384,0.2273364998675047,0.9199999999999999,0.16091841672756188,1.0,0.5,1.0,20,3,0.85,0.9800000000000001
swap_post:risk_to_fairness,simple_selected,200,0,20,0.21102686406845855,0.35021258325661475,0.027743000718551777,0.02218822573652352,1.3923236174411289,20,1,0.08340413413538252,0.3724933310026271,0.11014731450565399,0.21775578427550185,0.0013013096171498495,0.0007508803586437746,0.8390815814502055,20,2,0.03184798457609359,0.2099033395714564,0.9299999999999999,0.15252264715358452,1.0,0.5,1.0,20,2,0.86,0.985
swap_post:risk_to_fairness,belief_selected,200,0,20,0.23745565327128954,0.34173228282950086,0.0827760334007195,0.03756756214104637,1.4473291585462187,20,1,0.11523189443326201,0.39971986978339097,0.12413919522708805,0.22219867814154337,0.012159993232956167,0.0026839271292074937,0.8589416928510865,20,2,0.04259224063451384,0.2273364998675047,0.9199999999999999,0.16091841672756188,1.0,0.5,1.0,20,3,0.85,0.9800000000000001
swap_late:risk_to_fairness,uniform,100,0,20,1.0986122886681102,2.278129578503827e-16,1.09861228866811,1.09861228866811,1.09861228866811,20,0,1.0986122886681102,1.0986122886681102,0.6666666666666666,1.1390647892519134e-16,0.6666666666666667,0.6666666666666667,0.6666666666666667,20,0,0.6666666666666666,0.6666666666666666,0.3333333333333333,5.695323946259567e-17,0.33333333333333337,0.33333333333333337,0.33333333333333337,20,0,0.3333333333333333,0.3333333333333333
swap_late:risk_to_fairness,expertise,100,0,20,0.2632836340203465,0.5498128876494691,0.013423020332140661,0.013423020332140661,2.0123079298377866,20,4,0.0633951430697818,0.5131442477085522,0.09826666666666667,0.21564688485431088,0.00026666666666666603,0.00026666666666666603,0.7842666666666668,20,4,0.01986666666666667,0.19626666666666667,0.95,0.11002392084403614,1.0,0.6000000000000001,1.0,20,4,0.9,0.99
swap_late:risk_to_fairness,marginal,100,0,20,0.21848300997403208,0.30673575760499316,0.08754123953656223,0.058672348385160646,1.2338177326925661,20,6,0.10705626561626076,0.3628076916553064,0.09839780885165675,0.19253720635840235,0.012972340702049466,0.005792539149928398,0.7202372269922065,20,6,0.028371474308040677,0.18714983411988587,0.95,0.11002392084403614,1.0,0.6000000000000001,1.0,20,4,0.9,0.99
swap_late:risk_to_fairness,repeat_last,100,0,20,0.23805764877806163,0.3934800899989825,0.04979559825505986,0.04655730835550155,1.4433130241385168,20,5,0.09045325385164213,0.4206073427832476,0.117158804639248,0.23015612307998715,0.004147940962295852,0.0036096182349631524,0.8002566566854893,20,5,0.029504965288747582,0.2247596576161624,0.9199999999999999,0.15078740698501036,1.0,0.6000000000000001,1.0,20,5,0.85,0.9800000000000001
swap_late:risk_to_fairness,win_stay_expertise,100,0,20,0.22805464746618856,0.36136803654443095,0.0663373877328346,0.04655730835550155,1.3245793972475768,20,4,0.09290918861168816,0.3965906702302872,0.10589058413940537,0.21148192680891614,0.007445350599850366,0.0036096182349631524,0.735535868076508,20,5,0.026293417805588328,0.20502467417696635,0.9400000000000001,0.13138933706635722,1.0,0.6000000000000001,1.0,20,4,0.8800000000000001,0.99
swap_late:risk_to_fairness,history_frequency,100,0,20,0.22999292423860007,0.4129930351015684,0.02439905236604207,0.020111468682555013,1.442436172930909,20,5,0.07427381655348005,0.4243747692936656,0.10488716382357366,0.21215570099863384,0.0009171143948236921,0.0006097482197825647,0.7760930998110711,20,5,0.027294456099946966,0.20200927303121863,0.9400000000000001,0.11424811411549585,1.0,0.6000000000000001,1.0,20,5,0.89,0.9800000000000001
swap_late:risk_to_fairness,reward_learning,100,0,20,0.282599645394731,0.38647434482917437,0.0788564865079246,0.024181213626659318,1.503586018216372,20,1,0.13638778531749404,0.4636517484016304,0.1514154543076638,0.23958476670693837,0.011545214158660735,0.0009340504829249555,0.7772471693939665,20,3,0.059593441165865624,0.2580516716625616,0.9199999999999999,0.15078740698501036,1.0,0.6000000000000001,1.0,20,5,0.8500000000000002,0.9800000000000001
swap_late:risk_to_fairness,belief_static,100,0,20,0.24836474411884474,0.3580797382428398,0.08856639536319136,0.03093413433169561,1.4456727178945648,20,4,0.11565812019884711,0.41716133096269,0.1202729390011787,0.21868295242796018,0.013459261140620732,0.0018543271357721334,0.7679082533893652,20,4,0.03688557058894737,0.22267962905514782,0.93,0.1490319640741189,1.0,0.6000000000000001,1.0,20,4,0.8600000000000001,0.99
swap_late:risk_to_fairness,belief_dynamic,100,0,20,0.24566457069175945,0.36792663555966343,0.08024671055899438,0.02849400589432797,1.494617847355254,20,4,0.10997144284944817,0.4207243383070081,0.11951133302550787,0.21505163541327635,0.011184897205270182,0.0015055896416700687,0.7654986218438923,20,5,0.03858923656001368,0.22201638180390793,0.93,0.13416407864998736,1.0,0.6000000000000001,1.0,20,5,0.8699999999999999,0.9800000000000001
swap_late:risk_to_fairness,simple_selected,100,0,20,0.22364717527699537,0.4076036012941316,0.02439905236604207,0.021516376600523482,1.503586018216372,20,5,0.06901824367459805,0.41680570492403335,0.10706104346985264,0.21515432641826227,0.0009314401400116055,0.0007032301641760429,0.7772471693939665,20,5,0.027363227709144705,0.20925878235641585,0.9400000000000001,0.11424811411549585,1.0,0.6000000000000001,1.0,20,5,0.89,0.9800000000000001
swap_late:risk_to_fairness,belief_selected,100,0,20,0.24566457069175945,0.36792663555966343,0.08024671055899438,0.02849400589432797,1.494617847355254,20,4,0.10997144284944817,0.4207243383070081,0.11951133302550787,0.21505163541327635,0.011184897205270182,0.0015055896416700687,0.7654986218438923,20,5,0.03858923656001368,0.22201638180390793,0.93,0.13416407864998736,1.0,0.6000000000000001,1.0,20,5,0.8699999999999999,0.9800000000000001
swap_post:risk_to_expertise,uniform,200,0,20,1.0986122886681102,2.278129578503827e-16,1.09861228866811,1.09861228866811,1.09861228866811,20,0,1.0986122886681102,1.0986122886681102,0.6666666666666666,1.1390647892519134e-16,0.6666666666666667,0.6666666666666667,0.6666666666666667,20,0,0.6666666666666666,0.6666666666666666,0.3333333333333333,5.695323946259567e-17,0.33333333333333337,0.33333333333333337,0.33333333333333337,20,0,0.3333333333333333,0.3333333333333333
swap_post:risk_to_expertise,expertise,200,0,20,0.6130884931838345,1.455571408517932,0.013423020332140661,0.013423020332140661,5.0106352940962555,20,5,0.08838120443860238,1.3126982115108108,0.23546666666666666,0.570902296000767,0.00026666666666666603,0.00026666666666666603,1.9602666666666668,20,5,0.029666666666666664,0.5098666666666667,0.8799999999999999,0.2912766816330444,1.0,0.0,1.0,20,5,0.74,0.985
swap_post:risk_to_expertise,marginal,200,0,20,0.4227634267527355,0.8470319790320346,0.08754123953656225,0.058672348385160646,2.9965358091536745,20,5,0.11897415153654942,0.8340307744688774,0.22314118234563263,0.5180960632016539,0.012972340702049466,0.005792539149928398,1.7919042587556238,20,5,0.03666294307622304,0.47314399972780197,0.8799999999999999,0.2912766816330444,1.0,0.0,1.0,20,5,0.74,0.985
swap_post:risk_to_expertise,repeat_last,200,0,20,0.2658475913713052,0.4398969707454348,0.04979559825505986,0.04655730835550155,1.563350033356975,20,5,0.09674478628074389,0.47985111982670275,0.15903917977615933,0.3282792986420555,0.004147940962295852,0.0036096182349631524,1.0937693401466069,20,4,0.034942677341610294,0.31793434321887026,0.865,0.292493814599467,1.0,0.0,1.0,20,2,0.725,0.975
swap_post:risk_to_expertise,win_stay_expertise,200,0,20,0.344801231963778,0.6389971208276599,0.0663373877328346,0.04655730835550155,2.249499461723272,20,5,0.10432089198342855,0.6524946506444136,0.18762604580424655,0.4141601600489902,0.007445350599850366,0.0036096182349631524,1.4241871276602978,20,5,0.032974763667572314,0.3878553124253524,0.875,0.2935714743061999,1.0,0.0,1.0,20,5,0.7300000000000001,0.985
swap_post:risk_to_expertise,history_frequency,200,0,20,0.20019066159655347,0.4028179812954967,0.022610542286763423,0.020667161353826267,1.6109558241414952,20,5,0.054690020741451156,0.39093139274560557,0.10245422719195081,0.2561254782704581,0.0007815508355990523,0.0006459782738921114,1.0720172536631385,20,5,0.01451157899575371,0.22490437982192985,0.9299999999999999,0.20545200489600846,1.0,0.1,1.0,20,4,0.8300000000000001,0.9949999999999999
swap_post:risk_to_expertise,reward_learning,200,0,20,0.28677434837081106,0.5538837804225322,0.05261848140164925,0.01856050797320767,1.9262605460540294,20,4,0.07961542117095695,0.5526807142510085,0.17740863978093496,0.4018249121821174,0.005817152766226502,0.0005253140809819449,1.4105855903301243,20,5,0.0294326968548626,0.37111129108791646,0.8799999999999999,0.2912766816330444,1.0,0.0,1.0,20,5,0.74,0.985
swap_post:risk_to_expertise,belief_static,200,0,20,0.20460394823507153,0.31423524815069553,0.07113193060970352,0.01585861510319702,1.3248341944400401,20,4,0.08951333719658766,0.35742850911718765,0.10556064044481595,0.20857042120221417,0.008581497397279519,0.0003749715526138019,0.8406622450209036,20,5,0.027626154503071543,0.20596865227961889,0.9349999999999999,0.16944180805158293,1.0,0.30000000000000004,1.0,20,4,0.8550000000000001,0.9949999999999999
swap_post:risk_to_expertise,belief_dynamic,200,0,20,0.23335825839861943,0.39866447844246705,0.053929169075682196,0.01695992016676101,1.4418023402044864,20,5,0.08080827086394263,0.4306610686759272,0.13744720887224027,0.28548822643507904,0.005411653884269691,0.0004317074669829956,0.9549798764799746,20,5,0.02935534403708588,0.27821588930221985,0.89,0.2613728935327537,1.0,0.1,1.0,20,5,0.76,0.985
swap_post:risk_to_expertise,simple_selected,200,0,20,0.29629605488149985,0.5723050319214316,0.024217794420952767,0.02218822573652352,1.9262605460540294,20,5,0.07710649213262864,0.5706230335004561,0.17791362329772925,0.40477749801813345,0.0009100829282483358,0.0007508803586437746,1.4105855903301243,20,5,0.028224729207826295,0.37207296164002285,0.8799999999999999,0.2912766816330444,1.0,0.0,1.0,20,5,0.74,0.985
swap_post:risk_to_expertise,belief_selected,200,0,20,0.23335825839861943,0.39866447844246705,0.053929169075682196,0.01695992016676101,1.4418023402044864,20,5,0.08080827086394263,0.4306610686759272,0.13744720887224027,0.28548822643507904,0.005411653884269691,0.0004317074669829956,0.9549798764799746,20,5,0.02935534403708588,0.27821588930221985,0.89,0.2613728935327537,1.0,0.1,1.0,20,5,0.76,0.985
swap_late:risk_to_expertise,uniform,100,0,20,1.0986122886681102,2.278129578503827e-16,1.09861228866811,1.09861228866811,1.09861228866811,20,0,1.0986122886681102,1.0986122886681102,0.6666666666666666,1.1390647892519134e-16,0.6666666666666667,0.6666666666666667,0.6666666666666667,20,0,0.6666666666666666,0.6666666666666666,0.3333333333333333,5.695323946259567e-17,0.33333333333333337,0.33333333333333337,0.33333333333333337,20,0,0.3333333333333333,0.3333333333333333
swap_late:risk_to_expertise,expertise,100,0,20,0.5631163704461933,1.5372547413333864,0.013423020332140661,0.013423020332140661,5.0106352940962555,20,3,0.013423020332140661,1.3126982115108106,0.2158666666666667,0.6029400249479301,0.00026666666666666603,0.00026666666666666603,1.9602666666666668,20,3,0.00026666666666666603,0.5098666666666667,0.89,0.30762246170812757,1.0,0.0,1.0,20,3,0.74,1.0
swap_late:risk_to_expertise,marginal,100,0,20,0.39938044752880864,0.895565546730677,0.08754123953656223,0.058672348385160646,2.9965358091536745,20,5,0.08300290123770081,0.8369561118711979,0.2066486303193457,0.5474284460080749,0.012972340702049466,0.005792539149928398,1.791904258755624,20,5,0.011777821267620513,0.47380272654488315,0.89,0.30762246170812757,1.0,0.0,1.0,20,3,0.74,1.0
swap_late:risk_to_expertise,repeat_last,100,0,20,0.20154979192121525,0.388494480136339,0.04979559825505986,0.04655730835550155,1.258300359941361,20,3,0.048685384409466126,0.3833702367638768,0.12336414746509686,0.3156919569534851,0.004147940962295852,0.0036096182349631524,1.0150881134215246,20,3,0.003961472724382289,0.2750590513383441,0.89,0.30762246170812757,1.0,0.0,1.0,20,3,0.74,1.0
swap_late:risk_to_expertise,win_stay_expertise,100,0,20,0.288174874030843,0.6192082402277874,0.0663373877328346,0.04655730835550155,2.05125964136689,20,3,0.057690370038304906,0.5878615160835683,0.1575581591667876,0.41325957331035396,0.007445350599850366,0.0036096182349631524,1.3423673248125432,20,3,0.005771827384284474,0.35817542563885435,0.89,0.30762246170812757,1.0,0.0,1.0,20,3,0.74,1.0
swap_late:risk_to_expertise,history_frequency,100,0,20,0.12303717664720229,0.293221105166695,0.021906474955147925,0.020111468682555013,1.11348930715213,20,4,0.023127151683472336,0.26592640545407986,0.06567090436698128,0.21066901856482012,0.0007304989056620289,0.0006097482197825647,0.8840793743417394,20,4,0.000836260353622325,0.17161920130782463,0.9400000000000001,0.22571523745873392,1.0,0.0,1.0,20,2,0.8300000000000001,1.0
swap_late:risk_to_expertise,reward_learning,100,0,20,0.24994180290116857,0.563444887767932,0.031040845490722335,0.017251783384671173,2.0927492061776687,20,4,0.038551311117900215,0.5247098096450662,0.15761932446810142,0.4197743092086962,0.0016697231289074205,0.0004473045109664789,1.5098847525645545,20,4,0.004488241701163032,0.36488601117268066,0.89,0.30762246170812757,1.0,0.0,1.0,20,3,0.74,1.0
swap_late:risk_to_expertise,belief_static,100,0,20,0.1431101609390815,0.2110083972154759,0.06634241722312087,0.015355825260308445,0.7614914768282903,20,3,0.061790405324681184,0.24363695306322183,0.06810620128625508,0.1526124918856945,0.007483130015328296,0.00035011381520350993,0.5596964437966822,20,3,0.008903355257562995,0.14046909610871458,0.96,0.13917047478769184,1.0,0.4,1.0,20,2,0.89,1.0
swap_late:risk_to_expertise,belief_dynamic,100,0,20,0.1861337651131986,0.37708702446008047,0.04071569206761094,0.016284726388290326,1.3734283664977145,20,3,0.0394254239326784,0.36851611031828285,0.11346354570986292,0.2917011869963531,0.002999112694484013,0.00039579939400111706,1.0712984902525493,20,3,0.003618317280646415,0.25546419344180127,0.89,0.30762246170812757,1.0,0.0,1.0,20,3,0.74,1.0
swap_late:risk_to_expertise,simple_selected,100,0,20,0.24159398544419347,0.5708672996063227,0.023083497257116115,0.021516376600523482,2.0927492061776687,20,3,0.02397739362701268,0.51656742554742,0.15500907111864265,0.42091669541601145,0.0008182368138738272,0.0007032301641760429,1.5098847525645545,20,3,0.0009219112917787414,0.36223437013923626,0.89,0.30762246170812757,1.0,0.0,1.0,20,3,0.74,1.0
swap_late:risk_to_expertise,belief_selected,100,0,20,0.1861337651131986,0.37708702446008047,0.04071569206761094,0.016284726388290326,1.3734283664977145,20,3,0.0394254239326784,0.36851611031828285,0.11346354570986292,0.2917011869963531,0.002999112694484013,0.00039579939400111706,1.0712984902525493,20,3,0.003618317280646415,0.25546419344180127,0.89,0.30762246170812757,1.0,0.0,1.0,20,3,0.74,1.0
swap_post:expertise_to_fairness,uniform,200,0,20,1.0986122886681102,2.278129578503827e-16,1.09861228866811,1.09861228866811,1.09861228866811,20,0,1.0986122886681102,1.0986122886681102,0.6666666666666666,1.1390647892519134e-16,0.6666666666666667,0.6666666666666667,0.6666666666666667,20,0,0.6666666666666666,0.6666666666666666,0.3333333333333333,5.695323946259567e-17,0.33333333333333337,0.33333333333333337,0.33333333333333337,20,0,0.3333333333333333,0.3333333333333333
swap_post:expertise_to_fairness,expertise,200,0,20,0.0633951430697818,0.1538109484096864,0.013423020332140661,0.013423020332140661,0.5131442477085522,20,2,0.013423020332140661,0.13835332717624355,0.01986666666666667,0.060327527102607054,0.00026666666666666603,0.00026666666666666603,0.1962666666666667,20,2,0.00026666666666666603,0.04926666666666667,0.99,0.030779350562554614,1.0,0.9,1.0,20,2,0.975,1.0
swap_post:expertise_to_fairness,marginal,200,0,20,0.10696412692705,0.08168216423182796,0.08461655692839075,0.058672348385160646,0.35245869446201206,20,5,0.07877441104633909,0.1469596370610879,0.028321905237198918,0.05282760592130807,0.012124743202622284,0.005792539149928398,0.18440371111049794,20,5,0.010712281789259998,0.05414489667686977,0.99,0.030779350562554614,1.0,0.9,1.0,20,2,0.975,1.0
swap_post:expertise_to_fairness,repeat_last,200,0,20,0.08505616952443931,0.11316458989984471,0.04838635742995427,0.04655730835550155,0.4346533593768332,20,2,0.048070450893875724,0.13954483505689305,0.02580426192292819,0.06771810205666907,0.0039092069762671055,0.0036096182349631524,0.24295355762090484,20,2,0.003858233593533495,0.05771533849114969,0.985,0.04893604849295929,1.0,0.8,1.0,20,2,0.96,1.0
swap_post:expertise_to_fairness,win_stay_expertise,200,0,20,0.09090115315537736,0.10691650185747154,0.05813700967989502,0.04655730835550155,0.4346533593768332,20,2,0.05457053032006389,0.14240431405740217,0.02646134262790483,0.06508460833820516,0.0058087805068726545,0.0036096182349631524,0.24295355762090484,20,2,0.005153054223540582,0.05693915864114253,0.985,0.04893604849295929,1.0,0.8,1.0,20,2,0.96,1.0
swap_post:expertise_to_fairness,history_frequency,200,0,20,0.06518024592765422,0.13193422609415772,0.02251274230510231,0.020667161353826267,0.4515056903168707,20,5,0.022190704954753802,0.12947457369319415,0.020167912032207448,0.05973327705321134,0.0007744033286413471,0.0006459782738921114,0.1948429277845104,20,5,0.0007519665387476077,0.04927813384296052,0.99,0.030779350562554614,1.0,0.9,1.0,20,2,0.975,1.0
swap_post:expertise_to_fairness,reward_learning,200,0,20,0.06912936725515764,0.10489647129186648,0.03463721959083563,0.01790391640973523,0.38231398524740473,20,2,0.0329778265494632,0.11975453188774449,0.024107061272506017,0.06678574272500921,0.0022583978168540823,0.00048694120866437073,0.24532691227962689,20,2,0.0022631126313745384,0.055430341268919735,0.985,0.04893604849295929,1.0,0.8,1.0,20,2,0.96,1.0
swap_post:expertise_to_fairness,belief_static,200,0,20,0.06724220802452961,0.10810403372960728,0.02526885035237928,0.01516947409286537,0.38680954314442934,20,2,0.02866363860315582,0.11821994012935359,0.023805428775764144,0.06507713813362233,0.0010533860793753961,0.00034143353672177215,0.23571845636083322,20,3,0.0020965508421444097,0.05514360344215739,0.985,0.04893604849295929,1.0,0.8,1.0,20,2,0.96,1.0
swap_post:expertise_to_fairness,belief_dynamic,200,0,20,0.07152653223111258,0.10076079016548205,0.03679312709835769,0.017233479204898962,0.3807170242354509,20,2,0.03601533082227795,0.11948083565684549,0.023881312048066396,0.06293583206770319,0.0029475754898868798,0.00044845078293668015,0.22703568397065194,20,2,0.00301072786592542,0.054039460943729155,0.985,0.04893604849295929,1.0,0.8,1.0,20,2,0.96,1.0
swap_post:expertise_to_fairness,simple_selected,200,0,20,0.06260720601197595,0.11897037405995037,0.022601717993617668,0.02218822573652352,0.45040631979918705,20,5,0.023363091483077737,0.11938804837463066,0.020095969668043685,0.05889630894664456,0.0007809029834311223,0.0007508803586437746,0.1948429277845104,20,5,0.0008709966948923334,0.04878034237664204,0.99,0.030779350562554614,1.0,0.9,1.0,20,2,0.975,1.0
swap_post:expertise_to_fairness,belief_selected,200,0,20,0.07152653223111258,0.10076079016548205,0.03679312709835769,0.017233479204898962,0.3807170242354509,20,2,0.03601533082227795,0.11948083565684549,0.023881312048066396,0.06293583206770319,0.0029475754898868798,0.00044845078293668015,0.22703568397065194,20,2,0.00301072786592542,0.054039460943729155,0.985,0.04893604849295929,1.0,0.8,1.0,20,2,0.96,1.0
swap_late:expertise_to_fairness,uniform,100,0,20,1.0986122886681102,2.278129578503827e-16,1.09861228866811,1.09861228866811,1.09861228866811,20,0,1.0986122886681102,1.0986122886681102,0.6666666666666666,1.1390647892519134e-16,0.6666666666666667,0.6666666666666667,0.6666666666666667,20,0,0.6666666666666666,0.6666666666666666,0.3333333333333333,5.695323946259567e-17,0.33333333333333337,0.33333333333333337,0.33333333333333337,20,0,0.3333333333333333,0.3333333333333333
swap_late:expertise_to_fairness,expertise,100,0,20,0.113367265807423,0.3076218968193728,0.013423020332140661,0.013423020332140661,1.0128654750849637,20,2,0.013423020332140661,0.2632836340203465,0.039466666666666664,0.12065505420521411,0.00026666666666666603,0.00026666666666666603,0.3922666666666667,20,2,0.00026666666666666603,0.09826666666666667,0.9800000000000001,0.061558701125109236,1.0,0.8,1.0,20,2,0.95,1.0
swap_late:expertise_to_fairness,marginal,100,0,20,0.13402994658040226,0.16495862175246978,0.08461655692839073,0.058672348385160646,0.6462450405388633,20,5,0.07877441104633907,0.21496224208385165,0.04564096328758226,0.10612855011222763,0.012124743202622284,0.005792539149928398,0.36301488307106744,20,5,0.010712281789259998,0.09751865699072801,0.9800000000000001,0.061558701125109236,1.0,0.8,1.0,20,2,0.95,1.0
swap_late:expertise_to_fairness,repeat_last,100,0,20,0.12174383596688336,0.2262308169434114,0.04838635742995427,0.04655730835550155,0.8193700871267111,20,2,0.048070450893875724,0.2303719979967313,0.04770025808941231,0.13541848567097056,0.0039092069762671055,0.0036096182349631524,0.48173490482791476,20,2,0.003858233593533495,0.11146425963025156,0.97,0.09787209698591857,1.0,0.6000000000000001,1.0,20,2,0.9200000000000002,1.0
swap_late:expertise_to_fairness,win_stay_expertise,100,0,20,0.12610464926168466,0.21556940231951668,0.05813700967989502,0.04655730835550155,0.8193700871267111,20,2,0.05457053032006389,0.22965202152549824,0.047548328936776685,0.13060374891356724,0.0058087805068726545,0.0036096182349631524,0.48173490482791476,20,2,0.005153054223540582,0.1082610502074076,0.97,0.09787209698591857,1.0,0.6000000000000001,1.0,20,2,0.9200000000000002,1.0
swap_late:expertise_to_fairness,history_frequency,100,0,20,0.10722423462569781,0.26352612221313615,0.02181613512294738,0.020111468682555013,0.8780774239852535,20,4,0.021498004270905775,0.23565184518929214,0.03951545793769935,0.11944058881012405,0.0007241458641918032,0.0006097482197825647,0.3888525328286854,20,4,0.0007026293578378784,0.09772402092231672,0.9800000000000001,0.061558701125109236,1.0,0.8,1.0,20,2,0.95,1.0
swap_late:expertise_to_fairness,reward_learning,100,0,20,0.10848124152837305,0.2053226766120111,0.0404779208241945,0.018498518064821175,0.7088911717048189,20,2,0.038701566896729274,0.20849465706172612,0.046394174951219294,0.13275663680896427,0.002983797386676695,0.0005180506305739903,0.48383587100359615,20,2,0.003049505114005934,0.10874573434969402,0.97,0.09787209698591857,1.0,0.6000000000000001,1.0,20,2,0.9200000000000002,1.0
swap_late:expertise_to_fairness,belief_static,100,0,20,0.10639414631858483,0.20906900755208502,0.027633272409102044,0.015195898587607773,0.7182533213469624,20,2,0.03363871781447778,0.2071168695609649,0.04559739845563261,0.12898510325486817,0.0012535272814402322,0.0003426558857767296,0.46255172817098855,20,2,0.0029006359714543015,0.107114440314341,0.97,0.09787209698591857,1.0,0.6000000000000001,1.0,20,2,0.9200000000000002,1.0
swap_late:expertise_to_fairness,belief_dynamic,100,0,20,0.11235325218923783,0.19493442518477921,0.05181944315347471,0.017422731178724345,0.6924637871864213,20,2,0.045120069165127515,0.20662715666730225,0.045532581259622486,0.12479489220266553,0.005100381352420663,0.0004562457745841241,0.44507000097035476,20,2,0.004388067568028477,0.10525276022328248,0.97,0.09787209698591857,1.0,0.6000000000000001,1.0,20,2,0.9200000000000002,1.0
swap_late:expertise_to_fairness,simple_selected,100,0,20,0.10073254707921261,0.2384365920948881,0.021898323714699693,0.021516376600523482,0.8774885326341518,20,5,0.022868343795475417,0.21355319884341029,0.03921278641041657,0.11785292861197075,0.0007299231761255322,0.0007032301641760429,0.3888525328286854,20,5,0.0008340009352480155,0.09656172531477535,0.9800000000000001,0.061558701125109236,1.0,0.8,1.0,20,2,0.95,1.0
swap_late:expertise_to_fairness,belief_selected,100,0,20,0.11235325218923783,0.19493442518477921,0.05181944315347471,0.017422731178724345,0.6924637871864213,20,2,0.045120069165127515,0.20662715666730225,0.045532581259622486,0.12479489220266553,0.005100381352420663,0.0004562457745841241,0.44507000097035476,20,2,0.004388067568028477,0.10525276022328248,0.97,0.09787209698591857,1.0,0.6000000000000001,1.0,20,2,0.9200000000000002,1.0
swap_post:expertise_to_risk,uniform,200,0,20,1.0986122886681102,2.278129578503827e-16,1.09861228866811,1.09861228866811,1.09861228866811,20,0,1.0986122886681102,1.0986122886681102,0.6666666666666666,1.1390647892519134e-16,0.6666666666666667,0.6666666666666667,0.6666666666666667,20,0,0.6666666666666666,0.6666666666666666,0.3333333333333333,5.695323946259567e-17,0.33333333333333337,0.33333333333333337,0.33333333333333337,20,0,0.3333333333333333,0.3333333333333333
swap_post:expertise_to_risk,expertise,200,0,20,0.11336726580742298,0.2614283424484014,0.013423020332140661,0.013423020332140661,1.012865475084964,20,3,0.013423020332140661,0.2382975726515259,0.039466666666666664,0.10253707930099702,0.00026666666666666603,0.00026666666666666603,0.39226666666666665,20,3,0.00026666666666666603,0.08846666666666667,0.9799999999999999,0.05231483637805968,1.0,0.8,1.0,20,3,0.9549999999999998,1.0
swap_post:expertise_to_risk,marginal,200,0,20,0.1347127134484627,0.1441578518370516,0.08754123953656225,0.058672348385160646,0.6462450405388633,20,6,0.08265360922187977,0.20481939986359066,0.04582880556578599,0.09111506956232315,0.012972340702049466,0.005792539149928398,0.3630148830710675,20,6,0.011682764665152693,0.08969488216142475,0.9799999999999999,0.05231483637805968,1.0,0.8,1.0,20,3,0.9549999999999998,1.0
swap_post:expertise_to_risk,repeat_last,200,0,20,0.11871127509715003,0.18344841641428522,0.04979559825505986,0.04655730835550155,0.745239821940511,20,3,0.048739324466778935,0.20761824962375064,0.044917804091602884,0.10645268832136169,0.004147940962295852,0.0036096182349631524,0.4019795044401443,20,3,0.003969542159977153,0.09554099582175658,0.975,0.06386663736585049,1.0,0.8,1.0,20,3,0.945,1.0
swap_post:expertise_to_risk,win_stay_expertise,200,0,20,0.11912106344812672,0.16823197653563807,0.05813700967989502,0.04655730835550155,0.715556415217776,20,3,0.05758336419722349,0.2010389148326066,0.042423508564377994,0.09783155281889899,0.0058087805068726545,0.0036096182349631524,0.38579930728789896,20,3,0.005749843994605826,0.0896054439883151,0.9799999999999999,0.05231483637805968,1.0,0.8,1.0,20,3,0.9549999999999998,1.0
swap_post:expertise_to_risk,history_frequency,200,0,20,0.10709406615426756,0.2192359939389312,0.022601717993617668,0.020667161353826267,0.8529283004263969,20,7,0.023069639075140844,0.21181886208113854,0.03953504763981355,0.1013545664278244,0.0007809029834311223,0.0006459782738921114,0.3885023762630678,20,7,0.000821598017873217,0.08799672333469191,0.9799999999999999,0.05231483637805968,1.0,0.8,1.0,20,3,0.9549999999999998,1.0
swap_post:expertise_to_risk,reward_learning,200,0,20,0.09931029672604905,0.1751159237133068,0.03476836316401731,0.018393817398111464,0.7510537443750289,20,3,0.03918196558481841,0.1846907595898921,0.03987120484206258,0.09785358715249513,0.0021867683370634878,0.0005246890693648711,0.38675693844353304,20,4,0.003636750363857674,0.08731107826719155,0.9799999999999999,0.05231483637805968,1.0,0.8,1.0,20,3,0.9549999999999998,1.0
swap_post:expertise_to_risk,belief_static,200,0,20,0.09897028504506886,0.1767413567472361,0.033427143169674545,0.014832055142423643,0.7591443230569498,20,3,0.039585851379373045,0.18472172599702855,0.03971494298161311,0.09658345992544919,0.002231495628661265,0.00032610695774804623,0.3816446079319238,20,4,0.0041506779002613604,0.08643171341861118,0.9799999999999999,0.05231483637805968,1.0,0.8,1.0,20,3,0.9549999999999998,1.0
swap_post:expertise_to_risk,belief_dynamic,200,0,20,0.09848540498154094,0.1682919739361006,0.042026673070842416,0.018453290699584124,0.7179628011625456,20,3,0.0405631299095242,0.1792612613512795,0.0397370391725511,0.09697992007083198,0.003706213351205126,0.0005296197483736909,0.38280704405517085,20,4,0.0037438093375286186,0.08650102738406336,0.9799999999999999,0.05231483637805968,1.0,0.8,1.0,20,3,0.9549999999999998,1.0
swap_post:expertise_to_risk,simple_selected,200,0,20,0.10526609442908282,0.20037010744359854,0.02261936657990918,0.02218822573652352,0.7510537443750289,20,4,0.028245014705195245,0.2013683791242025,0.03995506378388108,0.10084994797465015,0.0007821986877669823,0.0007508803586437746,0.38675693844353304,20,4,0.0016984451205502857,0.08819514772521612,0.9799999999999999,0.05231483637805968,1.0,0.8,1.0,20,3,0.9549999999999998,1.0
swap_post:expertise_to_risk,belief_selected,200,0,20,0.09848540498154094,0.1682919739361006,0.042026673070842416,0.018453290699584124,0.7179628011625456,20,3,0.0405631299095242,0.1792612613512795,0.0397370391725511,0.09697992007083198,0.003706213351205126,0.0005296197483736909,0.38280704405517085,20,4,0.0037438093375286186,0.08650102738406336,0.9799999999999999,0.05231483637805968,1.0,0.8,1.0,20,3,0.9549999999999998,1.0
swap_late:expertise_to_risk,uniform,100,0,20,1.0986122886681102,2.278129578503827e-16,1.09861228866811,1.09861228866811,1.09861228866811,20,0,1.0986122886681102,1.0986122886681102,0.6666666666666666,1.1390647892519134e-16,0.6666666666666667,0.6666666666666667,0.6666666666666667,20,0,0.6666666666666666,0.6666666666666666,0.3333333333333333,5.695323946259567e-17,0.33333333333333337,0.33333333333333337,0.33333333333333337,20,0,0.3333333333333333,0.3333333333333333
swap_late:expertise_to_risk,expertise,100,0,20,0.16333938854506416,0.366143293198024,0.013423020332140661,0.013423020332140661,1.0128654750849637,20,3,0.013423020332140661,0.3132557567579876,0.05906666666666667,0.14360823902474912,0.00026666666666666603,0.00026666666666666603,0.39226666666666665,20,3,0.00026666666666666603,0.11786666666666668,0.9700000000000001,0.07326950970650463,1.0,0.8,1.0,20,3,0.9400000000000001,1.0
swap_late:expertise_to_risk,marginal,100,0,20,0.16014848501554252,0.1942894668206396,0.08754123953656223,0.058672348385160646,0.6462450405388633,20,6,0.08265360922187974,0.2468265288794684,0.06279364674869946,0.12595642005022292,0.012972340702049466,0.005792539149928398,0.36301488307106744,20,6,0.011682764665152693,0.11595061039987889,0.9700000000000001,0.07326950970650463,1.0,0.8,1.0,20,3,0.9400000000000001,1.0
swap_late:expertise_to_risk,repeat_last,100,0,20,0.15415038700240452,0.259100871738746,0.04979559825505986,0.04655730835550155,0.8319586428646739,20,3,0.048739324466778935,0.27595588351187494,0.06601348481449446,0.15278931759929676,0.004147940962295852,0.0036096182349631524,0.4824861352119621,20,3,0.003969542159977153,0.13893958445301668,0.9600000000000002,0.10462967275611937,1.0,0.6000000000000001,1.0,20,3,0.9099999999999999,1.0
swap_late:expertise_to_risk,win_stay_expertise,100,0,20,0.14764080973728308,0.22403070079493717,0.05813700967989502,0.04655730835550155,0.6879156047421899,20,3,0.05758336419722349,0.24589578365588327,0.05955880319745577,0.1321676884773537,0.0058087805068726545,0.0036096182349631524,0.36995572995456893,20,3,0.005749843994605826,0.11486857666563147,0.9700000000000001,0.07326950970650463,1.0,0.8,1.0,20,3,0.9400000000000001,1.0
swap_late:expertise_to_risk,history_frequency,100,0,20,0.1490989114599657,0.3105597759315882,0.021898323714699693,0.020111468682555013,0.8848941849569629,20,7,0.022146402007204392,0.27959955300983513,0.058813458963070386,0.14184203071714432,0.0007299231761255322,0.0006097482197825647,0.3888666124393622,20,7,0.0007506193355302539,0.1171100664562317,0.9700000000000001,0.07326950970650463,1.0,0.8,1.0,20,3,0.9400000000000001,1.0
swap_late:expertise_to_risk,reward_learning,100,0,20,0.13208349275712883,0.2140034968046418,0.040811130394031836,0.020169721783953792,0.6965285745942694,20,3,0.04913394236986893,0.2328694581605326,0.05857774038851628,0.13132511647803194,0.002934581766458201,0.0006338178648425433,0.37705066304073037,20,4,0.005806874674260524,0.11640538951005616,0.9700000000000001,0.07326950970650463,1.0,0.8,1.0,20,3,0.9400000000000001,1.0
swap_late:expertise_to_risk,belief_static,100,0,20,0.1285468636776313,0.20944092546770424,0.04273387674906962,0.014895339193598965,0.6592339173799787,20,3,0.04945350902024741,0.2264918048473166,0.058142295564730696,0.13017892186519386,0.003497286725727843,0.0003289485143777918,0.37286564166851355,20,3,0.005952623580190902,0.11487244449335443,0.9700000000000001,0.07326950970650463,1.0,0.8,1.0,20,3,0.9400000000000001,1.0
swap_late:expertise_to_risk,belief_dynamic,100,0,20,0.13089076058767424,0.2049627476832594,0.05395092032584893,0.019357510955783412,0.6400766698360293,20,3,0.05199905226375445,0.22488244390785822,0.058147500052791366,0.12999873500649145,0.005259815977509852,0.0005868604737030926,0.3697076221673406,20,3,0.005653963406978415,0.11449828442567221,0.9700000000000001,0.07326950970650463,1.0,0.8,1.0,20,3,0.9400000000000001,1.0
swap_late:expertise_to_risk,simple_selected,100,0,20,0.14593165303652403,0.2919190771441466,0.021914626195596157,0.021516376600523482,0.8848941849569629,20,4,0.029688196948598814,0.2828607320375389,0.05902280904340358,0.14019067083716052,0.0007310746351985257,0.0007032301641760429,0.3888666124393622,20,4,0.0021077353202018758,0.1179306696143705,0.9700000000000001,0.07326950970650463,1.0,0.8,1.0,20,3,0.9400000000000001,1.0
swap_late:expertise_to_risk,belief_selected,100,0,20,0.13089076058767424,0.2049627476832594,0.05395092032584893,0.019357510955783412,0.6400766698360293,20,3,0.05199905226375445,0.22488244390785822,0.058147500052791366,0.12999873500649145,0.005259815977509852,0.0005868604737030926,0.3697076221673406,20,3,0.005653963406978415,0.11449828442567221,0.9700000000000001,0.07326950970650463,1.0,0.8,1.0,20,3,0.9400000000000001,1.0
own_round:1,uniform,180,0,180,1.09861228866811,2.278129578503827e-16,1.0986122886681098,1.0986122886681098,1.0986122886681098,20,0,1.09861228866811,1.09861228866811,0.6666666666666666,1.1390647892519134e-16,0.6666666666666667,0.6666666666666667,0.6666666666666667,20,0,0.6666666666666666,0.6666666666666666,0.3333333333333332,5.695323946259567e-17,0.33333333333333326,0.33333333333333326,0.33333333333333326,20,0,0.3333333333333332,0.3333333333333332
own_round:1,expertise,180,0,180,0.2632836340203465,1.117410634213285,0.01342302033214066,0.01342302033214066,5.0106352940962555,20,1,0.01342302033214066,0.7630048613967579,0.09826666666666665,0.43826932358995874,0.00026666666666666603,0.00026666666666666603,1.9602666666666666,20,1,0.00026666666666666603,0.2942666666666667,0.95,0.22360679774997902,1.0,0.0,1.0,20,1,0.85,1.0
own_round:1,marginal,180,0,180,0.22679148031212332,0.6520071005635961,0.08461655692839075,0.05867234838516064,2.9965358091536736,20,4,0.0774787066667036,0.5207526643315531,0.10030843316710034,0.3981681077080881,0.01212474320262228,0.005792539149928398,1.7919042587556238,20,4,0.010412743568593794,0.2789663503626924,0.95,0.22360679774997902,1.0,0.0,1.0,20,1,0.85,1.0
own_round:1,repeat_last,180,0,180,0.22679148031212332,0.6520071005635961,0.08461655692839075,0.05867234838516064,2.9965358091536736,20,4,0.0774787066667036,0.5207526643315531,0.10030843316710034,0.3981681077080881,0.01212474320262228,0.005792539149928398,1.7919042587556238,20,4,0.010412743568593794,0.2789663503626924,0.95,0.22360679774997902,1.0,0.0,1.0,20,1,0.85,1.0
own_round:1,win_stay_expertise,180,0,180,0.21537425423720405,0.7121535598701132,0.04993663162695544,0.04655730835550155,3.240698563505183,20,1,0.052930454709475966,0.5359159030629919,0.09685354580424657,0.4087183311848253,0.004172210413894943,0.0036096182349631524,1.833286141899071,20,1,0.0048257740066109285,0.28005340134809875,0.95,0.22360679774997902,1.0,0.0,1.0,20,1,0.85,1.0
own_round:1,history_frequency,180,0,180,0.33448818737927555,0.32882470752388593,0.2674260596528152,0.22256507480532828,1.7296107072086073,20,4,0.25503960774919454,0.48545867578343094,0.15785428999010603,0.273294168545693,0.10088493900335921,0.07176140471060671,1.3179803569883517,20,4,0.09283617544631428,0.28266051705037554,0.95,0.22360679774997902,1.0,0.0,1.0,20,1,0.85,1.0
own_round:1,reward_learning,180,0,180,0.22679148031212337,0.6520071005635961,0.08461655692839075,0.05867234838516064,2.9965358091536736,20,4,0.07747870666670366,0.5207526643315532,0.10030843316710036,0.398168107708088,0.01212474320262228,0.005792539149928398,1.7919042587556238,20,4,0.0104127435685938,0.2789663503626924,0.95,0.22360679774997902,1.0,0.0,1.0,20,1,0.85,1.0
own_round:1,belief_static,180,0,180,0.22679148031212337,0.6520071005635961,0.08461655692839075,0.05867234838516064,2.9965358091536736,20,4,0.07747870666670366,0.5207526643315532,0.10030843316710036,0.398168107708088,0.01212474320262228,0.005792539149928398,1.7919042587556238,20,4,0.0104127435685938,0.2789663503626924,0.95,0.22360679774997902,1.0,0.0,1.0,20,1,0.85,1.0
own_round:1,belief_dynamic,180,0,180,0.22679148031212337,0.6520071005635961,0.08461655692839075,0.05867234838516064,2.9965358091536736,20,4,0.07747870666670366,0.5207526643315532,0.10030843316710036,0.398168107708088,0.01212474320262228,0.005792539149928398,1.7919042587556238,20,4,0.0104127435685938,0.2789663503626924,0.95,0.22360679774997902,1.0,0.0,1.0,20,1,0.85,1.0
own_round:1,simple_selected,180,0,180,0.3732505335135037,0.6221825406846689,0.2674260596528152,0.05867234838516064,2.9965358091536736,20,4,0.2061150313421614,0.6673028047541825,0.1716551552443679,0.38296999014197125,0.10088493900335921,0.005792539149928398,1.7919042587556238,20,4,0.07327392736510868,0.35045065903743244,0.95,0.22360679774997902,1.0,0.0,1.0,20,1,0.85,1.0
own_round:1,belief_selected,180,0,180,0.22679148031212337,0.6520071005635961,0.08461655692839075,0.05867234838516064,2.9965358091536736,20,4,0.07747870666670366,0.5207526643315532,0.10030843316710036,0.398168107708088,0.01212474320262228,0.005792539149928398,1.7919042587556238,20,4,0.0104127435685938,0.2789663503626924,0.95,0.22360679774997902,1.0,0.0,1.0,20,1,0.85,1.0
own_round:2,uniform,180,0,180,1.09861228866811,2.278129578503827e-16,1.0986122886681098,1.0986122886681098,1.0986122886681098,20,0,1.09861228866811,1.09861228866811,0.6666666666666666,1.1390647892519134e-16,0.6666666666666667,0.6666666666666667,0.6666666666666667,20,0,0.6666666666666666,0.6666666666666666,0.3333333333333332,5.695323946259567e-17,0.33333333333333326,0.33333333333333326,0.33333333333333326,20,0,0.3333333333333332,0.3333333333333332
own_round:2,expertise,180,0,180,0.40903565867179975,1.2636497764470007,0.01342302033214066,0.01342302033214066,5.0106352940962555,20,2,0.01342302033214066,1.0545089106996646,0.1554333333333333,0.4956270468715798,0.00026666666666666603,0.00026666666666666603,1.9602666666666666,20,2,0.00026666666666666603,0.40859999999999996,0.9208333333333332,0.2528709422814183,1.0,0.0,1.0,20,2,0.7916666666666666,1.0
own_round:2,marginal,180,0,180,0.3124791645845383,0.7359571809026535,0.0860788982324765,0.05867234838516064,2.9965358091536736,20,4,0.08075800043084054,0.687933656876814,0.15240335832226642,0.44994396886018934,0.012548541952335873,0.005792539149928398,1.7919042587556238,20,4,0.011198697818256997,0.38211967361970034,0.9208333333333332,0.2528709422814183,1.0,0.0,1.0,20,2,0.7916666666666666,1.0
own_round:2,repeat_last,180,0,180,0.24955387742649887,0.7279636862270259,0.04909097784250706,0.04655730835550155,3.240698563505183,20,2,0.048232632615477306,0.6101625984416456,0.1282570810174882,0.42730896232501653,0.004028573969281479,0.0036096182349631524,1.833286141899071,20,2,0.0038866743738120812,0.34404486021898634,0.9208333333333332,0.2528709422814183,1.0,0.0,1.0,20,2,0.7916666666666666,1.0
own_round:2,win_stay_expertise,180,0,180,0.2506989883263373,0.720839918139511,0.05813700967989502,0.04655730835550155,3.240698563505183,20,2,0.054769200413753015,0.6035238498411106,0.12635229717335933,0.4226928747529143,0.0058087805068726545,0.0036096182349631524,1.833286141899071,20,2,0.00518582053047898,0.3384448724737019,0.9208333333333332,0.2528709422814183,1.0,0.0,1.0,20,2,0.7916666666666666,1.0
own_round:2,history_frequency,180,0,180,0.24898446845569205,0.7028399897207644,0.06300583996813827,0.05310154275378033,3.1736386823816387,20,4,0.06111709992724146,0.5920935591766716,0.12085457805006165,0.4135907914658039,0.00644636126819794,0.004523406452129989,1.8173887632011803,20,4,0.006074619242070726,0.32612158134526337,0.9291666666666666,0.2376711448607407,1.0,0.0,1.0,20,2,0.8083333333333332,1.0
own_round:2,reward_learning,180,0,180,0.2828797794637252,0.860249220043928,0.04476756314453326,0.028114367139254713,3.8032167483458448,20,4,0.04231402425913397,0.7108557385079979,0.13802572319598988,0.45064703115126914,0.0035172541675627216,0.0013353038517277048,1.8943781664877808,20,4,0.003195224415813166,0.3673385613629153,0.9208333333333332,0.2528709422814183,1.0,0.0,1.0,20,2,0.7916666666666666,1.0
own_round:2,belief_static,180,0,180,0.280819617513799,0.8575334697048876,0.046430884469053954,0.027934310785199118,3.811302524206993,20,4,0.04423452989959724,0.7050730958722744,0.1358743983179107,0.4461972505214645,0.004146123057711094,0.0013963330687260973,1.891394206809175,20,2,0.0036467910846313453,0.36239452013936735,0.9208333333333332,0.2528709422814183,1.0,0.0,1.0,20,2,0.7916666666666666,1.0
own_round:2,belief_dynamic,180,0,180,0.28243430111896156,0.8578708599735045,0.04826414983036401,0.027921984903635795,3.8109516392030125,20,4,0.04512017815407105,0.707352205030182,0.13654892451478565,0.4469578802914894,0.0043100217932417716,0.0013781157343742195,1.8921431683922716,20,4,0.003845431362405682,0.36355883053396604,0.9208333333333332,0.2528709422814183,1.0,0.0,1.0,20,2,0.7916666666666666,1.0
own_round:2,simple_selected,180,0,180,0.2973160492978325,0.8560621842640254,0.06300583996813827,0.028114367139254713,3.8032167483458448,20,4,0.05762813136965876,0.7234174759313722,0.1403231427971553,0.4499261404160943,0.00644636126819794,0.0013353038517277048,1.8943781664877808,20,4,0.0056295379254040516,0.3693353213548785,0.9208333333333332,0.2528709422814183,1.0,0.0,1.0,20,2,0.7916666666666666,1.0
own_round:2,belief_selected,180,0,180,0.28243430111896156,0.8578708599735045,0.04826414983036401,0.027921984903635795,3.8109516392030125,20,4,0.04512017815407105,0.707352205030182,0.13654892451478565,0.4469578802914894,0.0043100217932417716,0.0013781157343742195,1.8921431683922716,20,4,0.003845431362405682,0.36355883053396604,0.9208333333333332,0.2528709422814183,1.0,0.0,1.0,20,2,0.7916666666666666,1.0
own_round:3,uniform,180,0,180,1.09861228866811,2.278129578503827e-16,1.0986122886681098,1.0986122886681098,1.0986122886681098,20,0,1.09861228866811,1.09861228866811,0.6666666666666666,1.1390647892519134e-16,0.6666666666666667,0.6666666666666667,0.6666666666666667,20,0,0.6666666666666666,0.6666666666666666,0.3333333333333332,5.695323946259567e-17,0.33333333333333326,0.33333333333333326,0.33333333333333326,20,0,0.3333333333333332,0.3333333333333332
own_round:3,expertise,180,0,180,0.4715008120938512,1.071544155851006,0.01342302033214066,0.01342302033214066,4.177766581802236,20,4,0.07588817375419209,1.0128654750849635,0.17993333333333328,0.4202796340060197,0.00026666666666666603,0.00026666666666666603,1.6336,20,4,0.02476666666666667,0.3922666666666666,0.9083333333333332,0.21442838469694883,1.0,0.16666666666666666,1.0,20,4,0.8,0.9875
own_round:3,marginal,180,0,180,0.3266815134288481,0.6005667071955622,0.0860788982324765,0.05867234838516064,2.5068918990255886,20,7,0.1151259004672726,0.6247541707628043,0.16947911589802406,0.37586290314334897,0.012548541952335873,0.005792539149928398,1.4942189721546746,20,7,0.0330307512064588,0.3564428455652239,0.9083333333333332,0.21442838469694883,1.0,0.16666666666666666,1.0,20,4,0.8,0.9875
own_round:3,repeat_last,180,0,180,0.2951606595487499,0.48898474706255485,0.049795598255059845,0.04655730835550155,1.5520442874658404,20,5,0.1132753679711615,0.5216325833349885,0.15539438660346852,0.30905301055599405,0.004147940962295852,0.0036096182349631524,1.0510733270031234,20,5,0.041774197556418535,0.29853585672639266,0.9083333333333332,0.21442838469694883,1.0,0.16666666666666666,1.0,20,4,0.8,0.9875
own_round:3,win_stay_expertise,180,0,180,0.32408700392027895,0.6025352843399794,0.0663373877328346,0.04655730835550155,2.3780435389507666,20,5,0.1081172570191627,0.6184332499723111,0.1675512073595587,0.3626508459970943,0.0074453505998503654,0.0036096182349631524,1.3919891722021012,20,5,0.03588508051503035,0.34426384861886045,0.9083333333333332,0.21442838469694883,1.0,0.16666666666666666,1.0,20,4,0.8,0.9875
own_round:3,history_frequency,180,0,180,0.27336152392410795,0.4372482331181826,0.045633802071657924,0.038906890087644724,1.4133814740586144,20,5,0.10743862095508971,0.4744173830877436,0.1367668656761832,0.2518212597480207,0.003352180835916308,0.002398258972141076,0.7696314988759831,20,5,0.03993634879909057,0.2506376947270291,0.9375,0.13210785510376347,1.0,0.5833333333333333,1.0,20,4,0.875,0.9875
own_round:3,reward_learning,180,0,180,0.29195745081115937,0.551192940826506,0.04934033744197104,0.025889854614991846,2.1467323891056544,20,5,0.0917517823459871,0.5613519183846415,0.16012395741537017,0.3519965875310636,0.004560626291742751,0.0010952093112876777,1.3420000246666937,20,5,0.03280851557181594,0.3320106911520813,0.9083333333333332,0.21442838469694883,1.0,0.16666666666666666,1.0,20,4,0.8,0.9875
own_round:3,belief_static,180,0,180,0.29344006639217196,0.5466796662762405,0.054503465726942674,0.02550884712607606,2.0876784354668456,20,5,0.09250258289140453,0.5571031329771615,0.15929792209087404,0.344527074073458,0.00604908829329658,0.0011167967583867258,1.2969137074598158,20,5,0.032989499169808506,0.32630714995095733,0.9083333333333332,0.21442838469694883,1.0,0.16666666666666666,1.0,20,4,0.8,0.9875
own_round:3,belief_dynamic,180,0,180,0.2863966338945867,0.5328287684746738,0.05397002699562199,0.025602843403640246,2.099078777658217,20,5,0.09358446760916346,0.546366502395445,0.15803734172791367,0.34321293093284494,0.005607847003975847,0.0011156745998726555,1.3073722987569143,20,5,0.03340336413759059,0.32540299951918356,0.9083333333333332,0.21442838469694883,1.0,0.16666666666666666,1.0,20,4,0.8,0.9875
own_round:3,simple_selected,180,0,180,0.318331527587594,0.5931987255283137,0.045633802071657924,0.025889854614991846,2.1467323891056544,20,5,0.09820952343661225,0.6010319267448645,0.16429151516064383,0.3591487932048621,0.003352180835916308,0.0010952093112876777,1.3420000246666937,20,5,0.033576945526089017,0.33867058951122936,0.9083333333333332,0.21442838469694883,1.0,0.16666666666666666,1.0,20,4,0.8,0.9875
own_round:3,belief_selected,180,0,180,0.2863966338945867,0.5328287684746738,0.05397002699562199,0.025602843403640246,2.099078777658217,20,5,0.09358446760916346,0.546366502395445,0.15803734172791367,0.34321293093284494,0.005607847003975847,0.0011156745998726555,1.3073722987569143,20,5,0.03340336413759059,0.32540299951918356,0.9083333333333332,0.21442838469694883,1.0,0.16666666666666666,1.0,20,4,0.8,0.9875
own_round:4,uniform,180,0,180,1.09861228866811,2.278129578503827e-16,1.0986122886681098,1.0986122886681098,1.0986122886681098,20,0,1.09861228866811,1.09861228866811,0.6666666666666666,1.1390647892519134e-16,0.6666666666666667,0.6666666666666667,0.6666666666666667,20,0,0.6666666666666666,0.6666666666666666,0.3333333333333332,5.695323946259567e-17,0.33333333333333326,0.33333333333333326,0.33333333333333326,20,0,0.3333333333333332,0.3333333333333332
own_round:4,expertise,180,0,180,0.9920437572776132,1.2622043658779272,0.01342302033214066,0.01342302033214066,4.177766581802236,20,0,0.4923225299012016,1.5750518558834263,0.38409999999999994,0.4950601298466103,0.00026666666666666603,0.00026666666666666603,1.6336,20,0,0.18809999999999993,0.6127666666666665,0.8041666666666666,0.25258169890133186,1.0,0.16666666666666666,1.0,20,0,0.6874999999999999,0.9041666666666666
own_round:4,marginal,180,0,180,0.5957258709204678,0.6851467856019205,0.08783417880557154,0.05867234838516064,2.5068918990255886,20,1,0.3257910632992175,0.917090618726827,0.34707951750444976,0.43764995685901226,0.013058684663977024,0.005792539149928398,1.4942189721546746,20,0,0.17374651754333872,0.5492661215579484,0.8041666666666666,0.25258169890133186,1.0,0.16666666666666666,1.0,20,0,0.6874999999999999,0.9041666666666666
own_round:4,repeat_last,180,0,180,0.5138118559729973,0.584092466244843,0.13943002479324035,0.04655730835550155,1.9171856728166758,20,0,0.2779459025148185,0.7801058947112002,0.29049015056841926,0.3530895912603245,0.07479955316386527,0.0036096182349631524,1.0721191107504797,20,0,0.14797312837180893,0.4534474628748115,0.8208333333333332,0.23920402850174155,1.0,0.16666666666666666,1.0,20,0,0.7124999999999999,0.9125
own_round:4,win_stay_expertise,180,0,180,0.6101522177559946,0.7001922314658416,0.0927093392293504,0.04655730835550155,2.0476438383567963,20,0,0.329256991350168,0.9318023375752618,0.33978694531136594,0.42023652651222415,0.02265655594347919,0.0036096182349631524,1.2556228341225102,20,0,0.1709921196320868,0.5331912027462571,0.7999999999999999,0.2584818475194652,1.0,0.16666666666666666,1.0,20,0,0.6832291666666666,0.9041666666666666
own_round:4,history_frequency,180,0,180,0.5289727160788569,0.6422886616887142,0.09329983286572113,0.03236488089940369,2.1126124584788304,20,0,0.26862653997877434,0.8259453375466644,0.27396616353395775,0.3447323792227446,0.02872834657817139,0.0016403317054808518,1.0951372645523194,20,0,0.13490528999637338,0.43327437490210235,0.8333333333333333,0.2041241452319315,1.0,0.41666666666666663,1.0,20,0,0.7416666666666666,0.9166666666666666
own_round:4,reward_learning,180,0,180,0.5107828902083277,0.5835724617237773,0.09912257208537961,0.028444517983812666,1.8011876504556583,20,0,0.27759355066300084,0.7759820584648109,0.31355408770283416,0.39252556584415094,0.03533990093267695,0.0013486318880249534,1.2539874551952155,20,0,0.15799859566948687,0.4947586019213772,0.8041666666666666,0.25258169890133186,1.0,0.16666666666666666,1.0,20,0,0.6874999999999999,0.9041666666666666
own_round:4,belief_static,180,0,180,0.502951192860734,0.5633188575713157,0.11468088371626434,0.02724344062245255,1.769876512649926,20,0,0.27928096983187267,0.7608146806546,0.313914281236484,0.38246008408278775,0.047229805745882494,0.0013231889839596782,1.1928346994553924,20,0,0.16156691241606755,0.4886388108203826,0.8041666666666666,0.25258169890133186,1.0,0.16666666666666666,1.0,20,0,0.6874999999999999,0.9041666666666666
own_round:4,belief_dynamic,180,0,180,0.50301441930667,0.570620963846018,0.10703848308591168,0.02760620172167917,1.7757699241418743,20,0,0.27588187307199985,0.7638409644438643,0.31001317671954237,0.3846855884120541,0.04208388571888564,0.0013333889931276773,1.205322530001755,20,0,0.15696833179100544,0.48693428633054736,0.8041666666666666,0.25258169890133186,1.0,0.16666666666666666,1.0,20,0,0.6874999999999999,0.9041666666666666
own_round:4,simple_selected,180,0,180,0.593008684159953,0.6999167606202447,0.08078282485108368,0.028444517983812666,2.1126124584788304,20,0,0.31021155624032015,0.9157798718570858,0.3247729067835654,0.40796541188826047,0.0269249937404315,0.0013486318880249534,1.2539874551952155,20,0,0.1625133158132831,0.5143176446061882,0.8041666666666666,0.25258169890133186,1.0,0.16666666666666666,1.0,20,0,0.6874999999999999,0.9041666666666666
own_round:4,belief_selected,180,0,180,0.50301441930667,0.570620963846018,0.10703848308591168,0.02760620172167917,1.7757699241418743,20,0,0.27588187307199985,0.7638409644438643,0.31001317671954237,0.3846855884120541,0.04208388571888564,0.0013333889931276773,1.205322530001755,20,0,0.15696833179100544,0.48693428633054736,0.8041666666666666,0.25258169890133186,1.0,0.16666666666666666,1.0,20,0,0.6874999999999999,0.9041666666666666
own_round:5,uniform,180,0,180,1.09861228866811,2.278129578503827e-16,1.0986122886681098,1.0986122886681098,1.0986122886681098,20,0,1.09861228866811,1.09861228866811,0.6666666666666666,1.1390647892519134e-16,0.6666666666666667,0.6666666666666667,0.6666666666666667,20,0,0.6666666666666666,0.6666666666666666,0.3333333333333332,5.695323946259567e-17,0.33333333333333326,0.33333333333333326,0.33333333333333326,20,0,0.3333333333333332,0.3333333333333332
own_round:5,expertise,180,0,180,0.3257487874423979,0.5869866572490083,0.01342302033214066,0.01342302033214066,2.0955948010671883,20,3,0.09670989156154255,0.596431118937954,0.12276666666666665,0.23022713168465322,0.00026666666666666603,0.00026666666666666603,0.8169333333333331,20,3,0.03293333333333333,0.22893333333333327,0.9375,0.11746282228808844,1.0,0.5833333333333333,1.0,20,3,0.8833333333333332,0.9833333333333332
own_round:5,marginal,180,0,180,0.24393927332177995,0.30301081673720964,0.08768770917106689,0.05867234838516064,1.1204919314676594,20,3,0.1277740042850954,0.3825355486759696,0.11811319767969616,0.19993811262861327,0.013015512683013245,0.005792539149928398,0.7124612052511549,20,3,0.04057313390773089,0.21014339060416204,0.9375,0.11746282228808844,1.0,0.5833333333333333,1.0,20,3,0.8833333333333332,0.9833333333333332
own_round:5,repeat_last,180,0,180,0.21780326148533038,0.20718754334127842,0.17514927725443408,0.04655730835550155,0.8455496056831746,20,1,0.13723553434272773,0.3120139277700719,0.12120092000982116,0.1349068615541916,0.09478987049462413,0.0036096182349631524,0.4610982996208671,20,0,0.06756866639608694,0.1818045667707047,0.8791666666666667,0.17826937695586959,1.0,0.41666666666666663,1.0,20,2,0.7958333333333333,0.95
own_round:5,win_stay_expertise,180,0,180,0.25167363062101966,0.28681402617247453,0.11359050181502622,0.04655730835550155,0.908273111389897,20,3,0.14008769970374566,0.3807393814807912,0.13436185837270215,0.18165512773401987,0.040761853405356964,0.0036096182349631524,0.537106917913614,20,1,0.06360037155840452,0.21513787801822137,0.8875,0.16283983807869953,1.0,0.5,1.0,20,1,0.8125,0.95
own_round:5,history_frequency,180,0,180,0.21389230098720105,0.27275269048583767,0.08867335840440917,0.02873953357510594,0.9716106828784222,20,2,0.11142804606864976,0.34087477431604474,0.12336579693848557,0.1967262843508364,0.026773151813221794,0.001282019541130411,0.7517597840564619,20,2,0.05037097984584257,0.2172696184115934,0.9041666666666666,0.19360197609063506,1.0,0.25,1.0,20,2,0.8125,0.975
own_round:5,reward_learning,180,0,180,0.19920820753032412,0.2205727846593743,0.12548858014552844,0.03245138518207853,0.9611946444164465,20,1,0.11870921923703949,0.30314614204557194,0.10445022962351544,0.13467941454700527,0.0498088285357115,0.001809056348823233,0.4759973954166018,20,1,0.05273174126438162,0.16618467931641015,0.9375,0.11746282228808844,1.0,0.5833333333333333,1.0,20,3,0.8833333333333332,0.9833333333333332
own_round:5,belief_static,180,0,180,0.21722830236162238,0.23427259071177625,0.14348313627314113,0.03200772424307932,0.9647951323745945,20,1,0.12943523431354184,0.32747549535252723,0.1179219909238572,0.15079615162409277,0.06230473155259283,0.0018790592542567769,0.477277595564085,20,2,0.05986716748274591,0.18670480389979496,0.9333333333333332,0.11660399319092885,1.0,0.5833333333333333,1.0,20,3,0.8791666666666667,0.975
own_round:5,belief_dynamic,180,0,180,0.20458957584107978,0.21957507212151897,0.1337382877122707,0.0324594387084952,0.9458458179928249,20,1,0.1234240740289429,0.3082909938610592,0.1087579995038039,0.137593693056008,0.05473683788642726,0.0018968776714371372,0.47470791868425777,20,1,0.05556088613787074,0.17157232097995695,0.9416666666666667,0.10506194218605726,1.0,0.6666666666666666,1.0,20,3,0.8958333333333333,0.9833333333333332
own_round:5,simple_selected,180,0,180,0.18273559812465032,0.2256030376626172,0.09747178805974059,0.03193984962978392,0.9611946444164465,20,1,0.10007677315728652,0.2890483259450737,0.09322534984162544,0.13181278998781726,0.032972303695901,0.0016036593819588403,0.4759973954166018,20,1,0.04302801302296175,0.15399698038699708,0.9375,0.11746282228808844,1.0,0.5833333333333333,1.0,20,3,0.8833333333333332,0.9833333333333332
own_round:5,belief_selected,180,0,180,0.20458957584107978,0.21957507212151897,0.1337382877122707,0.0324594387084952,0.9458458179928249,20,1,0.1234240740289429,0.3082909938610592,0.1087579995038039,0.137593693056008,0.05473683788642726,0.0018968776714371372,0.47470791868425777,20,1,0.05556088613787074,0.17157232097995695,0.9416666666666667,0.10506194218605726,1.0,0.6666666666666666,1.0,20,3,0.8958333333333333,0.9833333333333332
own_round:6,uniform,180,0,180,1.09861228866811,2.278129578503827e-16,1.0986122886681098,1.0986122886681098,1.0986122886681098,20,0,1.09861228866811,1.09861228866811,0.6666666666666666,1.1390647892519134e-16,0.6666666666666667,0.6666666666666667,0.6666666666666667,20,0,0.6666666666666666,0.6666666666666666,0.3333333333333332,5.695323946259567e-17,0.33333333333333326,0.33333333333333326,0.33333333333333326,20,0,0.3333333333333332,0.3333333333333332
own_round:6,expertise,180,0,180,0.26328363402034644,0.475768398426966,0.01342302033214066,0.01342302033214066,1.679160444920179,20,2,0.07588817375419209,0.4923225299012016,0.09826666666666665,0.1866052530553099,0.00026666666666666603,0.00026666666666666603,0.6536,20,2,0.02476666666666667,0.1881,0.9499999999999998,0.09520676176291323,1.0,0.6666666666666666,1.0,20,2,0.9041666666666666,0.9874999999999998
own_round:6,marginal,180,0,180,0.21156086923584763,0.2530700890590627,0.08754123953656225,0.05867234838516064,0.9373536853214561,20,2,0.11570960503872194,0.33000529797763384,0.09682440614994078,0.16389480814297025,0.012972340702049466,0.005792539149928398,0.5788863006141861,20,2,0.03318334789331576,0.17463903900469432,0.9499999999999998,0.09520676176291323,1.0,0.6666666666666666,1.0,20,2,0.9041666666666666,0.9874999999999998
own_round:6,repeat_last,180,0,180,0.2084912537371694,0.28182046526277515,0.04993663162695544,0.04655730835550155,1.1154878023333155,20,3,0.1038400818804121,0.3473483682320339,0.10352359753811621,0.16578082952606912,0.004172210413894943,0.0036096182349631524,0.6141864711009727,20,2,0.04099481729387554,0.184516600002488,0.9208333333333332,0.11931517552730296,1.0,0.6666666666666666,1.0,20,2,0.8666666666666666,0.9666666666666668
own_round:6,win_stay_expertise,180,0,180,0.1962845604819079,0.27765609216654913,0.06741386276019404,0.04655730835550155,1.1154878023333155,20,3,0.0950145721586663,0.33325140375505685,0.09248178512516661,0.16369196321755144,0.0076938003757537395,0.0036096182349631524,0.6141864711009727,20,3,0.032247846496285856,0.17121077719330344,0.9416666666666667,0.09785715810206666,1.0,0.6666666666666666,1.0,20,2,0.8958333333333333,0.9791666666666666
own_round:6,history_frequency,180,0,180,0.19070608419592827,0.31269438970216995,0.042956389192661204,0.02648055071287974,1.3064622149940963,20,2,0.08092515194926499,0.35357258249429624,0.09031012234256464,0.16099671609315,0.003612683448241604,0.001081287797589672,0.6347732721435064,20,2,0.031331518471457105,0.17235413029383195,0.9416666666666667,0.10848504896045916,1.0,0.6666666666666666,1.0,20,2,0.8875,0.9833333333333332
own_round:6,reward_learning,180,0,180,0.17720435571250384,0.24034597356187595,0.07181065721285687,0.031420952513641284,0.9370103242174668,20,3,0.08911895589722328,0.2937243486884669,0.08704109107879392,0.15605955433694932,0.011340966618294201,0.0017699589869397971,0.5788457678289114,20,3,0.02993871374367994,0.16233837247046462,0.9583333333333333,0.09558988911273407,1.0,0.6666666666666666,1.0,20,4,0.9125,0.9958333333333332
own_round:6,belief_static,180,0,180,0.16601217262876725,0.2175932386347786,0.06589540051426587,0.03188055609469861,0.9007685231803924,20,3,0.08735500339216183,0.2743342630736902,0.08264583591955961,0.1483844441674878,0.010667841802623175,0.0020377469219408266,0.5684445318482252,20,3,0.028950661980044503,0.1553336384411458,0.9541666666666666,0.09549425138082202,1.0,0.6666666666666666,1.0,20,5,0.9083333333333334,0.9916666666666666
own_round:6,belief_dynamic,180,0,180,0.16828135546924378,0.22475256368383184,0.07055583211592667,0.031905964827702846,0.9151637229494005,20,3,0.08679565560941421,0.27941902587670325,0.0826029165062427,0.15103938586380558,0.010278154593324243,0.001960926399155541,0.5731315352454329,20,3,0.027573890672796912,0.1569835875975275,0.9583333333333333,0.09558988911273407,1.0,0.6666666666666666,1.0,20,4,0.9125,0.9958333333333332
own_round:6,simple_selected,180,0,180,0.20209540584090982,0.3287884516179106,0.042956389192661204,0.029212630012005546,1.3064622149940963,20,3,0.08277978665976879,0.3681496581977492,0.09599012448998695,0.1725427462735165,0.003697651574083274,0.0013318192555664874,0.6347732721435064,20,3,0.0321781029514092,0.1809947625802416,0.9375,0.11430888184142236,1.0,0.6666666666666666,1.0,20,3,0.8833333333333332,0.9833333333333332
own_round:6,belief_selected,180,0,180,0.16828135546924378,0.22475256368383184,0.07055583211592667,0.031905964827702846,0.9151637229494005,20,3,0.08679565560941421,0.27941902587670325,0.0826029165062427,0.15103938586380558,0.010278154593324243,0.001960926399155541,0.5731315352454329,20,3,0.027573890672796912,0.1569835875975275,0.9583333333333333,0.09558988911273407,1.0,0.6666666666666666,1.0,20,4,0.9125,0.9958333333333332
own_round:7,uniform,180,0,180,1.09861228866811,2.278129578503827e-16,1.0986122886681098,1.0986122886681098,1.0986122886681098,20,0,1.09861228866811,1.09861228866811,0.6666666666666666,1.1390647892519134e-16,0.6666666666666667,0.6666666666666667,0.6666666666666667,20,0,0.6666666666666666,0.6666666666666666,0.3333333333333332,5.695323946259567e-17,0.33333333333333326,0.33333333333333326,0.33333333333333326,20,0,0.3333333333333332,0.3333333333333332
own_round:7,expertise,180,0,180,0.2841053518276969,0.49226846348029185,0.01342302033214066,0.01342302033214066,1.679160444920179,20,2,0.09670989156154255,0.5131442477085522,0.10643333333333331,0.19307688678484103,0.00026666666666666603,0.00026666666666666603,0.6536,20,2,0.03293333333333333,0.19626666666666664,0.9458333333333332,0.09850861570655156,1.0,0.6666666666666666,1.0,20,2,0.9,0.9833333333333332
own_round:7,marginal,180,0,180,0.22336859597041686,0.268141695436706,0.08754123953656225,0.05867234838516064,1.0379601686413316,20,2,0.12251056131113344,0.35088305309529777,0.10415025499988602,0.17091630121951742,0.012972340702049466,0.005792539149928398,0.6011631123518268,20,2,0.03931531267507549,0.184214029335129,0.9458333333333332,0.09850861570655156,1.0,0.6666666666666666,1.0,20,2,0.9,0.9833333333333332
own_round:7,repeat_last,180,0,180,0.19513385650321396,0.23433203787241935,0.04993663162695544,0.04655730835550155,0.8385902845562118,20,1,0.1066652578726288,0.3030438351019954,0.0974736450006938,0.14437917830976782,0.004172210413894943,0.0036096182349631524,0.4600975968995968,20,2,0.04203314407955429,0.1634105566218373,0.925,0.11438879019220996,1.0,0.6666666666666666,1.0,20,2,0.8749999999999998,0.9708333333333332
own_round:7,win_stay_expertise,180,0,180,0.21529956834429095,0.2713675503541115,0.06849033778755349,0.04655730835550155,0.9464774173664126,20,3,0.1131757188664895,0.34134063234025164,0.10527279324856928,0.16490623081270323,0.007942250151657114,0.0036096182349631524,0.5453804463897609,20,2,0.04279420362946358,0.18187447549586724,0.9291666666666666,0.10566899106414626,1.0,0.6666666666666666,1.0,20,1,0.8833333333333332,0.9708333333333332
own_round:7,history_frequency,180,0,180,0.1610574765143926,0.24773386311339576,0.037395561417886296,0.02495518156870482,0.9644369876022469,20,3,0.07022116592286329,0.2806574434491937,0.07184487827970451,0.13053882768254946,0.002344373689558116,0.0009556049172125998,0.4739269308637355,20,4,0.023604292110384086,0.13366633932855568,0.9625,0.07392010069358476,1.0,0.75,1.0,20,5,0.9291666666666666,0.9916666666666666
own_round:7,reward_learning,180,0,180,0.18069424616522195,0.223851266316887,0.07590915109114839,0.030950183322474935,0.7331765758949802,20,3,0.09667500081721479,0.2849130682429727,0.09256255166140073,0.14914208981338875,0.014799751652814802,0.0016285762693445775,0.48867219117390925,20,3,0.037160795289361746,0.1616479815968329,0.95,0.09897131724609359,1.0,0.6666666666666666,1.0,20,5,0.9041666666666666,0.9875
own_round:7,belief_static,180,0,180,0.1811722146956726,0.2074639101469418,0.0803794048132777,0.03306429894532402,0.7022694688229405,20,3,0.10208375526352198,0.2771443497635793,0.09212767484632103,0.13581699734177993,0.014606788085098245,0.0021846236604796416,0.4349578414114663,20,2,0.04090614246657587,0.15489762056653875,0.9458333333333332,0.0866658232077715,1.0,0.75,1.0,20,2,0.9041666666666668,0.9791666666666666
own_round:7,belief_dynamic,180,0,180,0.18022945102792454,0.21544440570712778,0.07246766896208588,0.03274748017106067,0.7103498188143861,20,3,0.09899701716397771,0.2800032499877898,0.09053569428576289,0.1418524119339831,0.011104859912667752,0.0020223148235928305,0.43618591768108306,20,3,0.037712145632297994,0.15606881467571182,0.9458333333333332,0.09850861570655156,1.0,0.6666666666666666,1.0,20,2,0.9,0.9833333333333332
own_round:7,simple_selected,180,0,180,0.18011796312273826,0.2751243065619881,0.03955970263502039,0.02737035255416679,0.9644369876022469,20,3,0.07841671492014114,0.30917821762287573,0.08666100366448627,0.15848671287965932,0.003393003576565657,0.0011626271296905008,0.48867219117390925,20,4,0.028240847917775928,0.16110391267367583,0.95,0.09897131724609359,1.0,0.6666666666666666,1.0,20,5,0.9041666666666666,0.9875
own_round:7,belief_selected,180,0,180,0.18022945102792454,0.21544440570712778,0.07246766896208588,0.03274748017106067,0.7103498188143861,20,3,0.09899701716397771,0.2800032499877898,0.09053569428576289,0.1418524119339831,0.011104859912667752,0.0020223148235928305,0.43618591768108306,20,3,0.037712145632297994,0.15606881467571182,0.9458333333333332,0.09850861570655156,1.0,0.6666666666666666,1.0,20,2,0.9,0.9833333333333332
own_round:8,uniform,180,0,180,1.09861228866811,2.278129578503827e-16,1.0986122886681098,1.0986122886681098,1.0986122886681098,20,0,1.09861228866811,1.09861228866811,0.6666666666666666,1.1390647892519134e-16,0.6666666666666667,0.6666666666666667,0.6666666666666667,20,0,0.6666666666666666,0.6666666666666666,0.3333333333333332,5.695323946259567e-17,0.33333333333333326,0.33333333333333326,0.33333333333333326,20,0,0.3333333333333332,0.3333333333333332
own_round:8,expertise,180,0,180,0.24246191621299595,0.3437990210087932,0.01342302033214066,0.01342302033214066,0.8462917326261598,20,0,0.09670989156154255,0.38821394086444927,0.09009999999999999,0.13484439808870974,0.00026666666666666603,0.00026666666666666603,0.3269333333333333,20,0,0.032933333333333335,0.14726666666666668,0.9541666666666666,0.06879816229015809,1.0,0.8333333333333333,1.0,20,0,0.9249999999999998,0.9833333333333332
own_round:8,marginal,180,0,180,0.1999239969112781,0.1789815212292386,0.08768770917106689,0.05867234838516064,0.5483162585132462,20,0,0.1277669504260371,0.2793838352023522,0.08947172268882359,0.11744033635333738,0.013015512683013245,0.005792539149928398,0.30347782575087756,20,0,0.040548857110659094,0.140070920905118,0.9541666666666666,0.06879816229015809,1.0,0.8333333333333333,1.0,20,0,0.9249999999999998,0.9833333333333332
own_round:8,repeat_last,180,0,180,0.16063340077308375,0.19583802950161336,0.04993663162695544,0.04655730835550155,0.6308151465448019,20,3,0.08838251035661679,0.25015293701714125,0.07468484343077779,0.11622889221332916,0.004172210413894943,0.0036096182349631524,0.35472749518936053,20,3,0.031543978135202114,0.1274910915525964,0.95,0.08719139396343284,1.0,0.75,1.0,20,2,0.9083333333333334,0.9833333333333332
own_round:8,win_stay_expertise,180,0,180,0.16536477021628784,0.19609084986435624,0.06741386276019404,0.04655730835550155,0.6308151465448019,20,4,0.09079057958775903,0.2538202951203925,0.07543907884550251,0.11961360153867094,0.0076938003757537395,0.0036096182349631524,0.35472749518936053,20,4,0.029652457471851964,0.1292414461512845,0.9541666666666666,0.07870943678236109,1.0,0.75,1.0,20,1,0.9166666666666666,0.9833333333333334
own_round:8,history_frequency,180,0,180,0.14936075611773456,0.2175018896089473,0.031134057246240437,0.02386353722145171,0.6848454457152949,20,4,0.06718918047218327,0.25076263612132776,0.0704468547929063,0.11812099182855906,0.001577635876241021,0.0008705630119468118,0.31941426313474813,20,4,0.024670391568148205,0.1247037566735297,0.9541666666666666,0.07392010069358479,1.0,0.8333333333333333,1.0,20,0,0.9208333333333332,0.9833333333333332
own_round:8,reward_learning,180,0,180,0.1431991681111746,0.1581231754344386,0.068629456784429,0.03319388710500526,0.5236061918767678,20,3,0.08428396416571252,0.21606429136952865,0.06961035735871893,0.10799718283720301,0.011552990776155977,0.001911888498809855,0.3371844350415044,20,3,0.029608566380762764,0.11947034425064958,0.9541666666666666,0.07392010069358476,1.0,0.75,1.0,20,1,0.9208333333333332,0.9833333333333332
own_round:8,belief_static,180,0,180,0.15425487023006754,0.17065086133199855,0.0782056358820367,0.036911655696852445,0.5426884646928165,20,3,0.09050603481354447,0.23371819613848424,0.0723752682710467,0.11063856739695953,0.012734692704800713,0.0027529924514138457,0.3488199390831167,20,3,0.03182289443557649,0.12332796882495356,0.9583333333333333,0.07404360971988658,1.0,0.75,1.0,20,1,0.925,0.9875
own_round:8,belief_dynamic,180,0,180,0.14581831669795703,0.16464669494074846,0.06683970107906859,0.036202242036081876,0.5369288486342647,20,3,0.08487594112997794,0.22166100511673406,0.06889938287410437,0.10968613297626761,0.009498176078082142,0.0025131437189544045,0.3395418235980002,20,3,0.028023499038483092,0.11937540935557274,0.9583333333333333,0.07882544191057647,1.0,0.75,1.0,20,5,0.9208333333333332,0.9875
own_round:8,simple_selected,180,0,180,0.13739465751316032,0.20235406903409106,0.032496857705821565,0.026051546129885868,0.6848454457152949,20,3,0.062374535198956305,0.23288787364209945,0.06372222401128597,0.11087557755926973,0.0018092423143864715,0.0010487036795349821,0.31941426313474813,20,3,0.021986774959984967,0.11533211240914588,0.9583333333333333,0.06893084932237596,1.0,0.8333333333333333,1.0,20,0,0.925,0.9834374999999985
own_round:8,belief_selected,180,0,180,0.14581831669795703,0.16464669494074846,0.06683970107906859,0.036202242036081876,0.5369288486342647,20,3,0.08487594112997794,0.22166100511673406,0.06889938287410437,0.10968613297626761,0.009498176078082142,0.0025131437189544045,0.3395418235980002,20,3,0.028023499038483092,0.11937540935557274,0.9583333333333333,0.07882544191057647,1.0,0.75,1.0,20,5,0.9208333333333332,0.9875
own_round:9,uniform,180,0,180,1.09861228866811,2.278129578503827e-16,1.0986122886681098,1.0986122886681098,1.0986122886681098,20,0,1.09861228866811,1.09861228866811,0.6666666666666666,1.1390647892519134e-16,0.6666666666666667,0.6666666666666667,0.6666666666666667,20,0,0.6666666666666666,0.6666666666666666,0.3333333333333332,5.695323946259567e-17,0.33333333333333326,0.33333333333333326,0.33333333333333326,20,0,0.3333333333333332,0.3333333333333332
own_round:9,expertise,180,0,180,0.3257487874423978,0.6023353029290545,0.01342302033214066,0.01342302033214066,2.0955948010671883,20,2,0.09670989156154255,0.6172528367453044,0.12276666666666665,0.23624715722786077,0.00026666666666666603,0.00026666666666666603,0.8169333333333332,20,2,0.03293333333333333,0.23709999999999995,0.9375,0.12053426389176577,1.0,0.5833333333333333,1.0,20,2,0.8791666666666668,0.9833333333333332
own_round:9,marginal,180,0,180,0.25355352452157154,0.3415835869361164,0.08768770917106689,0.05867234838516064,1.2827821237053745,20,2,0.125186383764486,0.4149178220657626,0.12036283258294551,0.21221648113324026,0.013015512683013245,0.005792539149928398,0.7500057556523014,20,2,0.039988759513284636,0.22166055066177262,0.9375,0.12053426389176577,1.0,0.5833333333333333,1.0,20,2,0.8791666666666668,0.9833333333333332
own_round:9,repeat_last,180,0,180,0.25203756352437146,0.36306984279507987,0.04993663162695544,0.04655730835550155,1.2126050793466356,20,4,0.11512644760884186,0.4242857760521525,0.12689233977981024,0.2117508768070688,0.004172210413894943,0.0036096182349631524,0.6978457621984502,20,4,0.046377273089276604,0.2272815930050043,0.9125,0.12817602571171988,1.0,0.5833333333333333,1.0,20,0,0.8541666666666666,0.9625
own_round:9,win_stay_expertise,180,0,180,0.24249259420500197,0.36047999394577734,0.06741386276019404,0.04655730835550155,1.2126050793466356,20,4,0.1064573267263229,0.414623876903867,0.116702884066386,0.2122016992944567,0.0076938003757537395,0.0036096182349631524,0.6978457621984502,20,4,0.036892280347011606,0.21730616395843863,0.9333333333333332,0.12271299659027056,1.0,0.5833333333333333,1.0,20,2,0.875,0.9791666666666666
own_round:9,history_frequency,180,0,180,0.21916212727251394,0.3532206435574488,0.029865526440052474,0.023047312280521322,1.3381172316291223,20,4,0.08483311080422959,0.3860034489212164,0.10997172383579816,0.1936130231417742,0.0014722811352502322,0.0008096595666175631,0.6503347705420144,20,4,0.036102566629059106,0.20080261902272567,0.9333333333333332,0.1134261745631201,1.0,0.6666666666666666,1.0,20,3,0.8833333333333332,0.9750000000000002
own_round:9,reward_learning,180,0,180,0.25788663738657597,0.4080939494944761,0.0777198894957349,0.03010461919505926,1.4135210224123256,20,3,0.10489172160437345,0.45517657026719893,0.12647708923890916,0.21769357910783435,0.015775992001661004,0.0016536628565995356,0.711929824722024,20,3,0.043599150495464346,0.23049409915016372,0.9208333333333332,0.1364627275976551,1.0,0.5833333333333333,1.0,20,2,0.8583333333333332,0.9749999999999999
own_round:9,belief_static,180,0,180,0.26211578297301624,0.411025963905205,0.07771389644858778,0.0343726565551669,1.466969913372731,20,3,0.1097354711959558,0.45776422452109644,0.12145185016760929,0.20972657254222035,0.014785062409569597,0.002533771901432,0.6917865728409329,20,3,0.04259164125424012,0.22199230557451272,0.9291666666666666,0.12174114519236519,1.0,0.5833333333333333,1.0,20,2,0.8708333333333333,0.975
own_round:9,belief_dynamic,180,0,180,0.2584754200540502,0.4068219943362361,0.06687225947507401,0.03314757217201647,1.398956092971031,20,4,0.10625891774200584,0.452142187054295,0.12229644936261479,0.21279551333753333,0.009817937176643587,0.0022380434529730093,0.6776015205179959,20,4,0.04202596980125108,0.22326177162286634,0.9375,0.11430888184142236,1.0,0.6666666666666666,1.0,20,3,0.8833333333333334,0.9833333333333332
own_round:9,simple_selected,180,0,180,0.2536066187541214,0.42853915734286885,0.03571016557212675,0.025377671017889993,1.4135210224123256,20,4,0.0912870375296697,0.4562413255874867,0.12208988153887534,0.22351290085403794,0.0029929426191959594,0.0009932211778114943,0.711929824722024,20,4,0.037477068697583875,0.22765639350502576,0.925,0.13491387766262194,1.0,0.5833333333333333,1.0,20,3,0.8625,0.975
own_round:9,belief_selected,180,0,180,0.2584754200540502,0.4068219943362361,0.06687225947507401,0.03314757217201647,1.398956092971031,20,4,0.10625891774200584,0.452142187054295,0.12229644936261479,0.21279551333753333,0.009817937176643587,0.0022380434529730093,0.6776015205179959,20,4,0.04202596980125108,0.22326177162286634,0.9375,0.11430888184142236,1.0,0.6666666666666666,1.0,20,3,0.8833333333333334,0.9833333333333332
own_round:10,uniform,180,0,180,1.09861228866811,2.278129578503827e-16,1.0986122886681098,1.0986122886681098,1.0986122886681098,20,0,1.09861228866811,1.09861228866811,0.6666666666666666,1.1390647892519134e-16,0.6666666666666667,0.6666666666666667,0.6666666666666667,20,0,0.6666666666666666,0.6666666666666666,0.3333333333333332,5.695323946259567e-17,0.33333333333333326,0.33333333333333326,0.33333333333333326,20,0,0.3333333333333332,0.3333333333333332
own_round:10,expertise,180,0,180,0.4090356586717997,0.6684148647655006,0.01342302033214066,0.01342302033214066,2.5120291572141977,20,1,0.15917504498359403,0.7213614257820569,0.1554333333333333,0.26216479572390916,0.00026666666666666603,0.00026666666666666603,0.9802666666666666,20,1,0.05743333333333332,0.27793333333333325,0.9208333333333332,0.13375754883872923,1.0,0.49999999999999994,1.0,20,1,0.8583333333333332,0.9708333333333332
own_round:10,marginal,180,0,180,0.28842899235401487,0.34863084736723093,0.08768770917106689,0.05867234838516064,1.3656169216257825,20,1,0.156347288006723,0.4524454490312503,0.14688437329123322,0.2287105824546638,0.013015512683013245,0.005792539149928398,0.862796486813529,20,1,0.06101909509840616,0.2542576950513144,0.9208333333333332,0.13375754883872923,1.0,0.49999999999999994,1.0,20,1,0.8583333333333332,0.9708333333333332
own_round:10,repeat_last,180,0,180,0.25922901407338916,0.3487576334582082,0.04993663162695544,0.04655730835550155,1.4319605624295513,20,1,0.13101229619335567,0.42254394741721374,0.13196097294885006,0.20337426385038734,0.004172210413894943,0.0036096182349631524,0.8030292330578912,20,1,0.056368427340148214,0.22574529530221957,0.9208333333333332,0.11302266501466662,1.0,0.5833333333333334,1.0,20,0,0.8666666666666666,0.9625
own_round:10,win_stay_expertise,180,0,180,0.29679709286399764,0.4052565538926916,0.06849033778755349,0.04655730835550155,1.6499530493222225,20,1,0.1460708653225485,0.49027489893824355,0.15022244412480149,0.2366704828677974,0.007942250151657114,0.0036096182349631524,0.9194748975339774,20,1,0.061931439574950696,0.26186318436275596,0.9125,0.13099651796631182,1.0,0.49999999999999994,1.0,20,1,0.85,0.9625
own_round:10,history_frequency,180,0,180,0.2352172318373853,0.4158720631143325,0.028183900373988255,0.022415863395170883,1.75894773115586,20,1,0.08931092706820871,0.4383795695527385,0.11429566371776922,0.20847171776262602,0.0012764397889482252,0.000764122152728331,0.8436825370419174,20,1,0.038043068200240004,0.2148375621579928,0.9333333333333332,0.12853197203908961,1.0,0.49999999999999994,1.0,20,1,0.8708333333333332,0.9791666666666666
own_round:10,reward_learning,180,0,180,0.26349116523671157,0.3481854608311909,0.07204750643998234,0.033324379922776516,1.3898940329240121,20,1,0.13488861870114108,0.4271941572660241,0.13947458861919523,0.2073431615831466,0.015374280357399215,0.002057860205565317,0.8188897032960427,20,1,0.06281770220644181,0.23716960234002762,0.9125,0.13099651796631182,1.0,0.49999999999999994,1.0,20,1,0.85,0.9625
own_round:10,belief_static,180,0,180,0.2560010826541324,0.31962580706248916,0.07914074954170722,0.038545805342897914,1.2584882837107636,20,1,0.13613526077262306,0.40454352272332983,0.1371536916239406,0.20677354427469768,0.01473406443885647,0.0030865807771088033,0.8108749678850001,20,1,0.060039425466211285,0.23531297506457102,0.9166666666666666,0.12681431837544707,1.0,0.49999999999999994,1.0,20,1,0.8582291666666666,0.9625
own_round:10,belief_dynamic,180,0,180,0.2556454112734406,0.333606788821225,0.06410075370319737,0.03713327322775929,1.3241751807702047,20,1,0.13131621397041354,0.4098769403389478,0.13551912623923734,0.21048306042738188,0.008863734963405086,0.0027542657002391224,0.8310490595989001,20,1,0.05734381917198624,0.23482121785493096,0.925,0.12938224793947334,1.0,0.49999999999999994,1.0,20,1,0.8625,0.9749999999999999
own_round:10,simple_selected,180,0,180,0.2642762865376101,0.43176263680600907,0.03332467974006463,0.02459419142360969,1.75894773115586,20,1,0.10924533099644826,0.46885036434286526,0.1287675965337677,0.21712721960540624,0.002643007039648858,0.0009301786376723178,0.8436825370419174,20,1,0.048276216327307116,0.22962489033023395,0.9208333333333332,0.13375754883872923,1.0,0.49999999999999994,1.0,20,1,0.8583333333333332,0.9708333333333332
own_round:10,belief_selected,180,0,180,0.2556454112734406,0.333606788821225,0.06410075370319737,0.03713327322775929,1.3241751807702047,20,1,0.13131621397041354,0.4098769403389478,0.13551912623923734,0.21048306042738188,0.008863734963405086,0.0027542657002391224,0.8310490595989001,20,1,0.05734381917198624,0.23482121785493096,0.925,0.12938224793947334,1.0,0.49999999999999994,1.0,20,1,0.8625,0.9749999999999999
own_round:11,uniform,180,0,180,1.09861228866811,2.278129578503827e-16,1.0986122886681098,1.0986122886681098,1.0986122886681098,20,0,1.09861228866811,1.09861228866811,0.6666666666666666,1.1390647892519134e-16,0.6666666666666667,0.6666666666666667,0.6666666666666667,20,0,0.6666666666666666,0.6666666666666666,0.3333333333333332,5.695323946259567e-17,0.33333333333333326,0.33333333333333326,0.33333333333333326,20,0,0.3333333333333332,0.3333333333333332
own_round:11,expertise,180,0,180,0.40903565867179975,0.681933217262331,0.01342302033214066,0.01342302033214066,2.0955948010671888,20,4,0.15917504498359403,0.721361425782057,0.1554333333333333,0.2674669460914039,0.00026666666666666603,0.00026666666666666603,0.8169333333333333,20,4,0.057433333333333315,0.27793333333333325,0.9208333333333332,0.1364627275976551,1.0,0.5833333333333333,1.0,20,4,0.8583333333333332,0.9708333333333334
own_round:11,marginal,180,0,180,0.28991250119964035,0.3593712898321339,0.08783417880557154,0.05867234838516064,1.1514853034736194,20,4,0.15593464330063342,0.4533713051991577,0.14729136489400793,0.23413178952734548,0.013058684663977024,0.005792539149928398,0.7208413937138576,20,4,0.060917644942860144,0.2546244029208289,0.9208333333333332,0.1364627275976551,1.0,0.5833333333333333,1.0,20,4,0.8583333333333332,0.9708333333333334
own_round:11,repeat_last,180,0,180,0.22382911778515582,0.2572900496149534,0.07925100461671669,0.04655730835550155,0.8482551788388621,20,2,0.12439641646333996,0.34531391879671314,0.11567670222960946,0.1567630322832321,0.027626990184675772,0.0036096182349631524,0.4771972773499655,20,2,0.05491430183034862,0.18882508165700113,0.9208333333333332,0.10286467008102052,0.9583333333333333,0.6666666666666666,1.0,20,1,0.875,0.9625
own_round:11,win_stay_expertise,180,0,180,0.27472360724035616,0.3617423545589059,0.08006160099477223,0.04655730835550155,1.1116772676633977,20,4,0.1354103970929396,0.4399829681916691,0.13796645106163974,0.2162645464256704,0.015175178159616463,0.0036096182349631524,0.6135636154295565,20,4,0.05500213754842007,0.23729739285617518,0.9208333333333332,0.12529205647288533,1.0,0.6666666666666666,1.0,20,4,0.8625,0.9708333333333332
own_round:11,history_frequency,180,0,180,0.2512493881807007,0.3395212006472608,0.03680016200771312,0.02191389089592998,0.9800163605963177,20,2,0.12074633228548573,0.406492059045056,0.1319976431976935,0.1983734897252499,0.005616708823933184,0.0007289065870963261,0.5689022792568015,20,4,0.055213112331340276,0.22239485686281346,0.9208333333333332,0.11931517552730296,1.0,0.6666666666666666,1.0,20,2,0.8666666666666666,0.9666666666666666
own_round:11,reward_learning,180,0,180,0.22213538964578664,0.27170412002935523,0.1058221565420704,0.0328973761203078,0.9683504968172555,20,4,0.11815084582121477,0.34857447971272043,0.12764412151496762,0.18354294774214963,0.04841006583678183,0.0018746734262378066,0.5784642998126311,20,4,0.056741558830426496,0.2113665265523253,0.9083333333333332,0.13217700342313005,0.9583333333333333,0.5833333333333333,1.0,20,4,0.8498958333333333,0.9583333333333334
own_round:11,belief_static,180,0,180,0.2074709641303858,0.24817438313324866,0.07335199022343658,0.04121075493814573,0.9112969155621125,20,4,0.112525421687416,0.3209586581021981,0.11786444554218731,0.1771088254722584,0.01833181286234763,0.003344991541334017,0.5631214192040371,20,4,0.049778332323804325,0.19841714069331504,0.925,0.11754058649540683,1.0,0.6666666666666666,1.0,20,4,0.8708333333333333,0.9708333333333332
own_round:11,belief_dynamic,180,0,180,0.22180833684693152,0.2737322525480249,0.07179177026593098,0.03872059609498493,0.9243170988485662,20,4,0.11691275154960483,0.3468741666549348,0.12646894007283277,0.1903840742576986,0.020649399182770777,0.0028219977293569903,0.5699743802687652,20,4,0.053059282204821076,0.21330741709525897,0.9166666666666666,0.13518451760896882,1.0,0.5833333333333333,1.0,20,4,0.8541666666666666,0.9708333333333332
own_round:11,simple_selected,180,0,180,0.24954626544087807,0.345900025240195,0.04681994930938883,0.024174136260835664,0.9800163605963177,20,2,0.1154015840794306,0.40666985677027667,0.13000865186755312,0.20366479969047757,0.007754641995667306,0.0008979255980033226,0.5784642998126311,20,4,0.05088747885735293,0.22241460964237098,0.925,0.11754058649540683,1.0,0.6666666666666666,1.0,20,4,0.8708333333333333,0.9708333333333334
own_round:11,belief_selected,180,0,180,0.22180833684693152,0.2737322525480249,0.07179177026593098,0.03872059609498493,0.9243170988485662,20,4,0.11691275154960483,0.3468741666549348,0.12646894007283277,0.1903840742576986,0.020649399182770777,0.0028219977293569903,0.5699743802687652,20,4,0.053059282204821076,0.21330741709525897,0.9166666666666666,0.13518451760896882,1.0,0.5833333333333333,1.0,20,4,0.8541666666666666,0.9708333333333332
own_round:12,uniform,180,0,180,1.09861228866811,2.278129578503827e-16,1.0986122886681098,1.0986122886681098,1.0986122886681098,20,0,1.09861228866811,1.09861228866811,0.6666666666666666,1.1390647892519134e-16,0.6666666666666667,0.6666666666666667,0.6666666666666667,20,0,0.6666666666666666,0.6666666666666666,0.3333333333333332,5.695323946259567e-17,0.33333333333333326,0.33333333333333326,0.33333333333333326,20,0,0.3333333333333332,0.3333333333333332
own_round:12,expertise,180,0,180,0.2424619162129959,0.3693944344638609,0.01342302033214066,0.01342302033214066,1.2627260887731695,20,1,0.09670989156154255,0.40903565867179975,0.09009999999999999,0.14488339735942607,0.00026666666666666603,0.00026666666666666603,0.49026666666666663,20,1,0.03293333333333333,0.15543333333333334,0.9541666666666666,0.07392010069358476,1.0,0.75,1.0,20,1,0.9208333333333332,0.9833333333333332
own_round:12,marginal,180,0,180,0.19662252274938757,0.18746923216822817,0.08768770917106689,0.05867234838516064,0.7066592962810573,20,1,0.12281636807289059,0.281669339547458,0.0887203535760087,0.12510559635549423,0.013015512683013245,0.005792539149928398,0.4324836572817207,20,1,0.039384100253073415,0.14529769314182947,0.9541666666666666,0.07392010069358476,1.0,0.75,1.0,20,1,0.9208333333333332,0.9833333333333332
own_round:12,repeat_last,180,0,180,0.17646889414037603,0.20695334938917118,0.07286703829211967,0.04655730835550155,0.8307803570058008,20,2,0.09833794050697596,0.27216010465338136,0.08701601812957295,0.12456067449306174,0.021990188694637154,0.0036096182349631524,0.4588846967227668,20,1,0.038869814171289846,0.14349303877479064,0.9291666666666666,0.10566899106414625,1.0,0.6666666666666666,1.0,20,1,0.8791666666666667,0.9708333333333332
own_round:12,win_stay_expertise,180,0,180,0.21091534793598116,0.22624072010230167,0.06849033778755349,0.04655730835550155,0.8307803570058008,20,1,0.12129901703617393,0.31400272336325685,0.10043379726463356,0.13657080951057976,0.007942250151657114,0.0036096182349631524,0.4588846967227668,20,1,0.04656327384381946,0.16145685461090337,0.9375,0.08916031293971985,1.0,0.75,1.0,20,0,0.8958333333333334,0.975
own_round:12,history_frequency,180,0,180,0.1572112563120444,0.266570455974035,0.04322806283063015,0.021505898855640148,1.0504952427242051,20,3,0.05983648940492155,0.2838206872505598,0.06478330407575077,0.12606964868851148,0.00554888636001715,0.0007009276278784236,0.481123442024066,20,3,0.01821417102650722,0.12510993210037777,0.9666666666666666,0.06839855680567695,1.0,0.75,1.0,20,5,0.9333333333333333,0.9916666666666666
own_round:12,reward_learning,180,0,180,0.1693677305666262,0.1894280812989717,0.07195196657194203,0.0311476595138538,0.7045231330476686,20,3,0.09611737348140814,0.2576730056624845,0.08754018866316522,0.12234049453195862,0.019279470904955878,0.0016785014287738695,0.4318714895719432,20,2,0.03990554867717579,0.14318108537389523,0.9458333333333334,0.0866658232077715,1.0,0.75,1.0,20,2,0.9083333333333332,0.9791666666666666
own_round:12,belief_static,180,0,180,0.1800669178411102,0.19475931018869028,0.07886519920359622,0.04103061092953917,0.6635809513055091,20,2,0.10327654078986956,0.2703012173570641,0.09292286165014449,0.1301718615110076,0.024387920901649457,0.003439169716899052,0.40910328573593213,20,1,0.04154673607732061,0.15275060486104328,0.9333333333333332,0.10678721258619792,1.0,0.6666666666666666,1.0,20,1,0.8833333333333334,0.975
own_round:12,belief_dynamic,180,0,180,0.1712258989325026,0.1948327529932019,0.06877558599272232,0.03745830547018585,0.6965266492611213,20,4,0.09571983475122646,0.26176885723352933,0.08829810783749717,0.130737304528726,0.014016463485475224,0.0027153411565068166,0.43101366481717357,20,4,0.03714328479723886,0.14795553904957115,0.9375,0.1042762581400767,1.0,0.6666666666666666,1.0,20,3,0.8875,0.9791666666666666
own_round:12,simple_selected,180,0,180,0.1631790091554933,0.26534988223229605,0.04428201661118344,0.0236183898240826,1.0504952427242051,20,3,0.06526308255279795,0.2877536020188456,0.07018148637389691,0.12580592468155935,0.00554888636001715,0.0008580599122753714,0.481123442024066,20,2,0.023039484159414345,0.12956094502224672,0.9625,0.06879816229015807,1.0,0.75,1.0,20,1,0.9291666666666668,0.9875
own_round:12,belief_selected,180,0,180,0.1712258989325026,0.1948327529932019,0.06877558599272232,0.03745830547018585,0.6965266492611213,20,4,0.09571983475122646,0.26176885723352933,0.08829810783749717,0.130737304528726,0.014016463485475224,0.0027153411565068166,0.43101366481717357,20,4,0.03714328479723886,0.14795553904957115,0.9375,0.1042762581400767,1.0,0.6666666666666666,1.0,20,3,0.8875,0.9791666666666666
own_round:13,uniform,180,0,180,1.09861228866811,2.278129578503827e-16,1.0986122886681098,1.0986122886681098,1.0986122886681098,20,0,1.09861228866811,1.09861228866811,0.6666666666666666,1.1390647892519134e-16,0.6666666666666667,0.6666666666666667,0.6666666666666667,20,0,0.6666666666666666,0.6666666666666666,0.3333333333333332,5.695323946259567e-17,0.33333333333333326,0.33333333333333326,0.33333333333333326,20,0,0.3333333333333332,0.3333333333333332
own_round:13,expertise,180,0,180,0.3257487874423978,0.6319151682680024,0.01342302033214066,0.01342302033214066,2.512029157214198,20,2,0.09670989156154255,0.638074554552655,0.12276666666666665,0.24784893295564422,0.00026666666666666603,0.00026666666666666603,0.9802666666666665,20,2,0.03293333333333333,0.2452666666666666,0.9375,0.1264535372222675,1.0,0.5,1.0,20,2,0.875,0.9833333333333332
own_round:13,marginal,180,0,180,0.25292825510118544,0.35982728760259736,0.08754123953656225,0.05867234838516064,1.5276040787694174,20,2,0.125363831820822,0.43249508589982133,0.12019288004552311,0.2230069924587979,0.012972340702049466,0.005792539149928398,0.898848398952776,20,2,0.03996690397408112,0.23094156902330518,0.9375,0.1264535372222675,1.0,0.5,1.0,20,2,0.875,0.9833333333333332
own_round:13,repeat_last,180,0,180,0.2412829644855476,0.3586896765688579,0.078255936266746,0.04655730835550155,1.478732741326859,20,3,0.10998242650551017,0.4175335759916867,0.12199645442018996,0.20999033149798885,0.027334748753052626,0.0036096182349631524,0.8503110780071396,20,2,0.04522455651434274,0.2246462457924024,0.9125,0.12817602571171982,0.9583333333333333,0.5,1.0,20,1,0.8541666666666666,0.9625
own_round:13,win_stay_expertise,180,0,180,0.2364428783066172,0.36114721134241995,0.06849033778755349,0.04655730835550155,1.478732741326859,20,2,0.10655401912749028,0.4174205430995272,0.11287554174254517,0.21312964462320952,0.007942250151657114,0.0036096182349631524,0.8503110780071396,20,2,0.03664438126724637,0.22015191889048147,0.9375,0.12352936057462861,1.0,0.5,1.0,20,2,0.875,0.9792708333333319
own_round:13,history_frequency,180,0,180,0.20847602801365683,0.3775200186030414,0.029583262611497563,0.021168135468710332,1.4106814557335272,20,3,0.06903807711058044,0.39149332514457175,0.10020116341348162,0.20265782757161066,0.0018692075584630559,0.0006782018813798552,0.7713117687107981,20,3,0.026245872611126046,0.2000874475056342,0.9458333333333332,0.10907304811254431,1.0,0.5833333333333333,1.0,20,2,0.8916666666666666,0.9875
own_round:13,reward_learning,180,0,180,0.23922299459264756,0.4092288311882644,0.06829211859658177,0.02539006550336604,1.6714053998403036,20,4,0.09490838880217439,0.44164069017263924,0.11660368954473392,0.2187533973466396,0.014715671413729075,0.0010443903128971145,0.8849093790924258,20,3,0.03851820791511991,0.2260866064094906,0.9291666666666666,0.12470725955130008,1.0,0.5,1.0,20,2,0.8666666666666666,0.975
own_round:13,belief_static,180,0,180,0.24427316112140612,0.38095771956164726,0.08071540706939154,0.034706336826702225,1.5507353386939493,20,2,0.10959018133782153,0.43316802911084523,0.11696916105966157,0.20306511517460782,0.016032745519070135,0.002567327751798059,0.8009453288238801,20,2,0.043474721092738686,0.2178261634751334,0.9333333333333333,0.11015671983123233,1.0,0.5833333333333333,1.0,20,2,0.8791666666666667,0.975
own_round:13,belief_dynamic,180,0,180,0.23073121020920867,0.3740432140488579,0.07172197779102593,0.0298754437747034,1.5061068563442972,20,4,0.09802041757439549,0.4152539636748515,0.11282232652709927,0.20721767974610303,0.011184557346451617,0.0016507354550801944,0.8129063283776714,20,3,0.03862320025374051,0.2166935356691688,0.9416666666666667,0.11180339887498951,1.0,0.5833333333333333,1.0,20,2,0.8875,0.9833333333333332
own_round:13,simple_selected,180,0,180,0.22532038116165115,0.4287075303775068,0.031159855290229757,0.023160757797368904,1.6714053998403036,20,3,0.06998965771203676,0.43631519496527166,0.10620707090482484,0.22346230580705173,0.0020654956286872534,0.0008230088206659086,0.8849093790924258,20,3,0.026503084411554686,0.2187539979348231,0.9416666666666667,0.1241933033950991,1.0,0.5,1.0,20,2,0.8791666666666667,0.9875
own_round:13,belief_selected,180,0,180,0.23073121020920867,0.3740432140488579,0.07172197779102593,0.0298754437747034,1.5061068563442972,20,4,0.09802041757439549,0.4152539636748515,0.11282232652709927,0.20721767974610303,0.011184557346451617,0.0016507354550801944,0.8129063283776714,20,3,0.03862320025374051,0.2166935356691688,0.9416666666666667,0.11180339887498951,1.0,0.5833333333333333,1.0,20,2,0.8875,0.9833333333333332
own_round:14,uniform,180,0,180,1.09861228866811,2.278129578503827e-16,1.0986122886681098,1.0986122886681098,1.0986122886681098,20,0,1.09861228866811,1.09861228866811,0.6666666666666666,1.1390647892519134e-16,0.6666666666666667,0.6666666666666667,0.6666666666666667,20,0,0.6666666666666666,0.6666666666666666,0.3333333333333332,5.695323946259567e-17,0.33333333333333326,0.33333333333333326,0.33333333333333326,20,0,0.3333333333333332,0.3333333333333332
own_round:14,expertise,180,0,180,0.34657050524974836,0.8173824184587765,0.01342302033214066,0.01342302033214066,3.344897869508217,20,5,0.05506645594684162,0.7421831435894074,0.1309333333333333,0.3205926529457701,0.00026666666666666603,0.00026666666666666603,1.306933333333333,20,5,0.016600000000000004,0.2860999999999999,0.9333333333333332,0.16356768007437253,1.0,0.3333333333333333,1.0,20,5,0.8541666666666666,0.9916666666666666
own_round:14,marginal,180,0,180,0.2633618534691414,0.46264559030899965,0.08754123953656225,0.05867234838516064,2.017247988897503,20,5,0.1056264083588024,0.4897042903179748,0.12721907573738145,0.28782381944348867,0.012972340702049466,0.005792539149928398,1.1965336855537254,20,5,0.026212245175539346,0.26752545337481043,0.9333333333333332,0.16356768007437253,1.0,0.3333333333333333,1.0,20,5,0.8541666666666666,0.9916666666666666
own_round:14,repeat_last,180,0,180,0.24275229141717322,0.4853229304506503,0.049795598255059845,0.04655730835550155,2.060460409825197,20,4,0.0740492090122278,0.4814467640037313,0.12144542804194972,0.28515085193343637,0.004147940962295852,0.0036096182349631524,1.1822087048782604,20,4,0.022864438471450272,0.26054150080574695,0.925,0.16644722395574252,1.0,0.3333333333333333,1.0,20,3,0.8458333333333332,0.9833333333333334
own_round:14,win_stay_expertise,180,0,180,0.2514367138482464,0.4793690892421746,0.0663373877328346,0.04655730835550155,2.010988065287305,20,5,0.08382646442244496,0.48126201490481574,0.12254236380351632,0.28456521209233304,0.0074453505998503654,0.0036096182349631524,1.155241709624518,20,5,0.02118917987601856,0.26157109571586284,0.9333333333333332,0.16356768007437253,1.0,0.3333333333333333,1.0,20,5,0.8541666666666666,0.9916666666666666
own_round:14,history_frequency,180,0,180,0.22465348269327207,0.5457892200884285,0.024737198202448164,0.020884147222340985,2.352807494407376,20,4,0.04383436346342188,0.4956079619541605,0.10812901245839066,0.28744099873577955,0.0009549687367333851,0.0006594010286253306,1.215902420036291,20,3,0.01176657513728584,0.24959941468401753,0.9416666666666667,0.1578825531361693,1.0,0.3333333333333333,1.0,20,4,0.8625,0.9916666666666666
own_round:14,reward_learning,180,0,180,0.23653544870359147,0.48451981218869605,0.06363778994431415,0.028021929534828467,2.1413262663851826,20,3,0.08072051150229385,0.47722189011549543,0.12208216816647968,0.27880332233690147,0.010648771609281054,0.0014478961233818284,1.1754207388168818,20,3,0.027783504102426852,0.2597468365922517,0.9291666666666666,0.1628398380786995,1.0,0.3333333333333333,1.0,20,2,0.85,0.9833333333333334
own_round:14,belief_static,180,0,180,0.21972901912007564,0.4179298503641439,0.07535488343757854,0.03781978653367054,1.8364759446846797,20,4,0.08131563601050373,0.42522052109291436,0.11433655166748606,0.264518357908744,0.013685136634773299,0.003163881615334971,1.1053100558066138,20,4,0.02424738255518927,0.24495318640625957,0.9375,0.16418102617758593,1.0,0.3333333333333333,1.0,20,4,0.8583333333333332,0.9958333333333332
own_round:14,belief_dynamic,180,0,180,0.2289243764024959,0.45473589138607107,0.06367337189356885,0.029952641650416435,1.9774562378123035,20,4,0.07799370472034392,0.45141022789426705,0.11892031228125315,0.2756477941316319,0.008475118326058425,0.0017658228258123835,1.1474157369249987,20,3,0.024953301292948444,0.2552597430412298,0.9291666666666666,0.1628398380786995,1.0,0.3333333333333333,1.0,20,2,0.85,0.9833333333333334
own_round:14,simple_selected,180,0,180,0.22055331318677607,0.5026312128667735,0.025629784615461518,0.022777734489584672,2.1413262663851826,20,4,0.05341812223462439,0.4672997585929202,0.1110487678461769,0.27940285472584964,0.0010626919243286387,0.0007943316342358142,1.1754207388168818,20,4,0.01745576317115164,0.24826099520901357,0.9375,0.15736081755184422,1.0,0.3333333333333333,1.0,20,5,0.8583333333333332,0.9875
own_round:14,belief_selected,180,0,180,0.2289243764024959,0.45473589138607107,0.06367337189356885,0.029952641650416435,1.9774562378123035,20,4,0.07799370472034392,0.45141022789426705,0.11892031228125315,0.2756477941316319,0.008475118326058425,0.0017658228258123835,1.1474157369249987,20,3,0.024953301292948444,0.2552597430412298,0.9291666666666666,0.1628398380786995,1.0,0.3333333333333333,1.0,20,2,0.85,0.9833333333333334
own_round:15,uniform,180,0,180,1.09861228866811,2.278129578503827e-16,1.0986122886681098,1.0986122886681098,1.0986122886681098,20,0,1.09861228866811,1.09861228866811,0.6666666666666666,1.1390647892519134e-16,0.6666666666666667,0.6666666666666667,0.6666666666666667,20,0,0.6666666666666666,0.6666666666666666,0.3333333333333332,5.695323946259567e-17,0.33333333333333326,0.33333333333333326,0.33333333333333326,20,0,0.3333333333333332,0.3333333333333332
own_round:15,expertise,180,0,180,0.24246191621299595,0.5314960951343325,0.01342302033214066,0.01342302033214066,2.0955948010671883,20,5,0.055066455946841605,0.4923225299012016,0.09009999999999999,0.2084626966784051,0.00026666666666666603,0.00026666666666666603,0.8169333333333332,20,5,0.016600000000000004,0.18809999999999996,0.9541666666666666,0.10635851871347202,1.0,0.5833333333333333,1.0,20,5,0.9041666666666666,0.9916666666666666
own_round:15,marginal,180,0,180,0.20552989085674328,0.2963436910291673,0.08754123953656225,0.05867234838516064,1.2827821237053745,20,5,0.10272421613533164,0.34505979935573156,0.090777673765859,0.18604895070494462,0.012972340702049466,0.005792539149928398,0.7500057556523014,20,5,0.025516007243551526,0.17821671278954804,0.9541666666666666,0.10635851871347202,1.0,0.5833333333333333,1.0,20,5,0.9041666666666666,0.9916666666666666
own_round:15,repeat_last,180,0,180,0.15514082688059233,0.21440534504546924,0.04986611494100764,0.04655730835550155,0.8314770983068731,20,2,0.07705998555118018,0.2550422368227293,0.07754670998791544,0.14288479407959392,0.0041600756880953976,0.0036096182349631524,0.46556357891988154,20,2,0.02478581375875652,0.14300278428961538,0.9333333333333333,0.12565617248750865,1.0,0.5833333333333333,1.0,20,3,0.875,0.9791666666666667
own_round:15,win_stay_expertise,180,0,180,0.16083572097653928,0.2200521442600862,0.06741386276019404,0.04655730835550155,0.766477872993572,20,4,0.07929691485568531,0.26340351011635693,0.0753099708225014,0.14793805490065062,0.0076938003757537395,0.0036096182349631524,0.5202632503328058,20,4,0.021618018355715245,0.14289204046578124,0.95,0.1094911142219644,1.0,0.5833333333333333,1.0,20,5,0.9,0.9916666666666666
own_round:15,history_frequency,180,0,180,0.12138286738323685,0.2107026080523415,0.024598204085905247,0.020642197682866157,0.7037699960367749,20,4,0.042505387126387455,0.21672896869008712,0.06471868894779083,0.1478917399432643,0.0009561593829018908,0.000643604515028354,0.5280499495629881,20,4,0.010519427443304129,0.13236609197621083,0.9541666666666666,0.10974118941842557,1.0,0.5833333333333333,1.0,20,4,0.9041666666666666,0.9958333333333332
own_round:15,reward_learning,180,0,180,0.1560286391352162,0.19881629277882848,0.07074599611538299,0.03168141723021091,0.7282255538399498,20,2,0.08313711140320144,0.2466207180073055,0.07860113498264718,0.14129146935451348,0.013902402257039467,0.0018827048799662188,0.5289863151062819,20,2,0.027426284038245083,0.14371579831431133,0.95,0.1094911142219644,1.0,0.5833333333333333,1.0,20,5,0.9,0.9916666666666666
own_round:15,belief_static,180,0,180,0.16667209220440343,0.22151341878277633,0.08171088906255505,0.03909317947328471,0.7989695967491233,20,2,0.08772050487635427,0.2684941914862383,0.08357212707978687,0.15539566405600377,0.015319785425596467,0.0031933158933096506,0.5767285441059206,20,2,0.028188067410382166,0.15431909839273059,0.9416666666666667,0.14074779401634624,1.0,0.41666666666666663,1.0,20,5,0.875,0.9875
own_round:15,belief_dynamic,180,0,180,0.1536317026874296,0.20477670455425834,0.06725080485770094,0.034085557011771975,0.730453147266609,20,2,0.07942703118077535,0.24743077091597662,0.07759061333320967,0.14621281380012974,0.009647121109417348,0.002456055232843525,0.5380705256896223,20,2,0.025005936545821377,0.14485917382665583,0.9458333333333334,0.10907304811254431,1.0,0.5833333333333333,1.0,20,2,0.8958333333333333,0.9874999999999998
own_round:15,simple_selected,180,0,180,0.13260963346579813,0.21488870334414947,0.025256132364646633,0.022452689879426453,0.7282255538399498,20,4,0.052409775278515945,0.231591127415702,0.07147315455328951,0.14833738641245914,0.0010144473084307127,0.0007704623155555519,0.5289863151062819,20,5,0.016949764359832253,0.13990391514734232,0.95,0.1094911142219644,1.0,0.5833333333333333,1.0,20,5,0.8999999999999998,0.9916666666666666
own_round:15,belief_selected,180,0,180,0.1536317026874296,0.20477670455425834,0.06725080485770094,0.034085557011771975,0.730453147266609,20,2,0.07942703118077535,0.24743077091597662,0.07759061333320967,0.14621281380012974,0.009647121109417348,0.002456055232843525,0.5380705256896223,20,2,0.025005936545821377,0.14485917382665583,0.9458333333333334,0.10907304811254431,1.0,0.5833333333333333,1.0,20,2,0.8958333333333333,0.9874999999999998
own_round:16,uniform,180,0,180,1.09861228866811,2.278129578503827e-16,1.0986122886681098,1.0986122886681098,1.0986122886681098,20,0,1.09861228866811,1.09861228866811,0.6666666666666666,1.1390647892519134e-16,0.6666666666666667,0.6666666666666667,0.6666666666666667,20,0,0.6666666666666666,0.6666666666666666,0.3333333333333332,5.695323946259567e-17,0.33333333333333326,0.33333333333333326,0.33333333333333326,20,0,0.3333333333333332,0.3333333333333332
own_round:16,expertise,180,0,180,0.1799967627909445,0.4561809811637145,0.01342302033214066,0.01342302033214066,1.6791604449201787,20,3,0.01342302033214066,0.40903565867179975,0.06559999999999999,0.17892270211835423,0.00026666666666666603,0.00026666666666666603,0.6536,20,3,0.00026666666666666603,0.1554333333333333,0.9666666666666666,0.0912870929175277,1.0,0.6666666666666666,1.0,20,3,0.9208333333333334,1.0
own_round:16,marginal,180,0,180,0.1762925724537208,0.26041322672623357,0.08754123953656225,0.05867234838516064,1.0379601686413316,20,5,0.08349646620903581,0.3068590828107721,0.07019552699696525,0.16112039295903202,0.012972340702049466,0.005792539149928398,0.6011631123518268,20,5,0.011908311673558712,0.15106733989740198,0.9666666666666666,0.0912870929175277,1.0,0.6666666666666666,1.0,20,3,0.9208333333333334,1.0
own_round:16,repeat_last,180,0,180,0.11596652098558854,0.1669696013985731,0.049795598255059845,0.04655730835550155,0.6803497553861895,20,5,0.056145896243771296,0.19731684756977563,0.052176821342424365,0.11500816469360194,0.004147940962295852,0.0036096182349631524,0.39291513058107164,20,5,0.009861946074143977,0.10717501352731805,0.9541666666666666,0.10286467008102049,1.0,0.6666666666666666,1.0,20,4,0.9041666666666668,0.9958333333333332
own_round:16,win_stay_expertise,180,0,180,0.13995672612813187,0.21093559569442882,0.0663373877328346,0.04655730835550155,0.7812775670694274,20,3,0.06196721175829315,0.24201261263898383,0.05764644581337399,0.13408138451709675,0.0074453505998503654,0.0036096182349631524,0.4771972773499654,20,4,0.008109627544599138,0.12299056999268104,0.9666666666666666,0.0912870929175277,1.0,0.6666666666666666,1.0,20,3,0.9208333333333334,1.0
own_round:16,history_frequency,180,0,180,0.07821834504081626,0.1386557202300389,0.024125579471527533,0.020433702718392826,0.5029549684098932,20,3,0.02782276551184284,0.1455985951924305,0.03925292579582189,0.10243973599260428,0.0009140604999851446,0.0006301556139942004,0.38071494628371283,20,4,0.0025141300969793137,0.09034369137491532,0.9708333333333332,0.08234057784734036,1.0,0.6666666666666666,1.0,20,3,0.9291666666666666,1.0
own_round:16,reward_learning,180,0,180,0.14301949753244877,0.22258942170622942,0.0743390597730643,0.032711374548684884,0.8981916330230215,20,3,0.06560765099198335,0.2505088019388837,0.06267016185397442,0.1323835051616338,0.014571440649336187,0.0018718222799014553,0.44688714438394317,20,4,0.015172911263062293,0.12671139374453716,0.9625,0.09158688713313082,1.0,0.6666666666666666,1.0,20,4,0.9166666666666667,0.9958333333333332
own_round:16,belief_static,180,0,180,0.14105260382701473,0.18978883486795822,0.07957919318617925,0.041406153749077995,0.7711982053156468,20,3,0.07522673258487833,0.23367703517057686,0.056427671314600025,0.11012768995227158,0.014569329352480091,0.003552409142203054,0.38763033522247253,20,4,0.0171430541158448,0.10966980355190106,0.9708333333333334,0.06772730840727076,1.0,0.75,1.0,20,4,0.9375,0.9958333333333332
own_round:16,belief_dynamic,180,0,180,0.13551983376044202,0.2033869982016256,0.06627724587137448,0.03560880924016413,0.8359756586775151,20,4,0.06521992619074417,0.23340264202926125,0.056822492974344586,0.11904002082058582,0.009582604956348904,0.0025544019706600554,0.4005971186160776,20,4,0.014054034733446859,0.11378178828801871,0.9625,0.09158688713313082,1.0,0.6666666666666666,1.0,20,4,0.9166666666666667,0.9958333333333332
own_round:16,simple_selected,180,0,180,0.10948616482020179,0.23244399948151928,0.024692035043857377,0.02217354656077376,0.8981916330230215,20,3,0.029187509955672788,0.2222730131057325,0.0505627050066372,0.134960375978371,0.0009629112055378702,0.0007503031693587822,0.44688714438394317,20,4,0.0027064795447168323,0.1164892265005262,0.9666666666666666,0.0912870929175277,1.0,0.6666666666666666,1.0,20,3,0.9208333333333334,1.0
own_round:16,belief_selected,180,0,180,0.13551983376044202,0.2033869982016256,0.06627724587137448,0.03560880924016413,0.8359756586775151,20,4,0.06521992619074417,0.23340264202926125,0.056822492974344586,0.11904002082058582,0.009582604956348904,0.0025544019706600554,0.4005971186160776,20,4,0.014054034733446859,0.11378178828801871,0.9625,0.09158688713313082,1.0,0.6666666666666666,1.0,20,4,0.9166666666666667,0.9958333333333332
own_round:17,uniform,180,0,180,1.09861228866811,2.278129578503827e-16,1.0986122886681098,1.0986122886681098,1.0986122886681098,20,0,1.09861228866811,1.09861228866811,0.6666666666666666,1.1390647892519134e-16,0.6666666666666667,0.6666666666666667,0.6666666666666667,20,0,0.6666666666666666,0.6666666666666666,0.3333333333333332,5.695323946259567e-17,0.33333333333333326,0.33333333333333326,0.33333333333333326,20,0,0.3333333333333332,0.3333333333333332
own_round:17,expertise,180,0,180,0.20081848059829496,0.4772050450741595,0.01342302033214066,0.01342302033214066,2.0955948010671883,20,5,0.055066455946841605,0.4303779194243265,0.07376666666666665,0.18716873270641107,0.00026666666666666603,0.00026666666666666603,0.8169333333333332,20,5,0.0166,0.16380416666666373,0.9625,0.09549425138082203,1.0,0.5833333333333333,1.0,20,5,0.9165625000000001,0.9916666666666666
own_round:17,marginal,180,0,180,0.18485512205673518,0.2730098860384095,0.08754123953656225,0.05867234838516064,1.2827821237053745,20,5,0.1015476609207609,0.31842872134668576,0.07678342403968158,0.16870004024258242,0.012972340702049466,0.005792539149928398,0.7500057556523014,20,5,0.02522149931109482,0.15855107753622105,0.9625,0.09549425138082203,1.0,0.5833333333333333,1.0,20,5,0.9165625000000001,0.9916666666666666
own_round:17,repeat_last,180,0,180,0.11802659070055135,0.16424037592556162,0.049795598255059845,0.04655730835550155,0.7170055284556803,20,5,0.06075395631561047,0.19797754843298715,0.05094202670934661,0.11586164211221418,0.004147940962295852,0.0036096182349631524,0.49329625507906366,20,5,0.01149087354414921,0.10900686974977221,0.9666666666666666,0.09520676176291326,1.0,0.5833333333333333,1.0,20,4,0.9208333333333332,0.9958333333333332
own_round:17,win_stay_expertise,180,0,180,0.1429869287546929,0.19775243325230368,0.0663373877328346,0.04655730835550155,0.8822053787526655,20,5,0.07535119809505947,0.2415309024167518,0.06135779553042401,0.13100075676802106,0.0074453505998503654,0.0036096182349631524,0.5614794241188592,20,5,0.018353513220836146,0.1267342995484252,0.9625,0.09549425138082203,1.0,0.5833333333333333,1.0,20,5,0.9165625000000001,0.9916666666666666
own_round:17,history_frequency,180,0,180,0.09268830809180918,0.17047696025396358,0.02386646204613309,0.020252246221839396,0.7147898113755198,20,4,0.03296554838531688,0.17721945837261088,0.04432203069982106,0.1150350652601929,0.0008900126408555757,0.0006185740220069571,0.49240572210821804,20,4,0.005983689235031655,0.10095084444591647,0.9708333333333332,0.09472567348071098,1.0,0.5833333333333333,1.0,20,3,0.925,1.0
own_round:17,reward_learning,180,0,180,0.13378429503819422,0.18824429873101164,0.06662110801881702,0.031809986863327415,0.8566707146216306,20,3,0.07068467811969617,0.22703871092321667,0.06223264879336328,0.13061343503108935,0.010386854003526808,0.0019041920626355058,0.5765234901261119,20,3,0.019972444482024766,0.12739517487230875,0.9625,0.09549425138082203,1.0,0.5833333333333333,1.0,20,5,0.9165625000000001,0.9916666666666666
own_round:17,belief_static,180,0,180,0.13724583683859007,0.17703702211324887,0.0793306161899402,0.03903527959376965,0.8046394830159507,20,4,0.07696242686593666,0.22462792247244961,0.05824893990671115,0.1206933235200393,0.015026995539008943,0.003090801053621013,0.5255676409583317,20,4,0.01818083832211366,0.11809168633115887,0.9666666666666666,0.09520676176291326,1.0,0.5833333333333333,1.0,20,4,0.9208333333333332,0.9958333333333332
own_round:17,belief_dynamic,180,0,180,0.13090678032358083,0.18099888360594354,0.06032195618190883,0.037065328883997356,0.8121573672597139,20,4,0.06903071038617013,0.2201923794670972,0.05727545729205127,0.12323118348728485,0.008400716830037366,0.002970388701519472,0.533673092330784,20,5,0.016153371556847457,0.11870866270874955,0.9625,0.09549425138082203,1.0,0.5833333333333333,1.0,20,5,0.9165625000000001,0.9916666666666666
own_round:17,simple_selected,180,0,180,0.1037409705493219,0.19854518746109406,0.024213119774213636,0.021931333186392243,0.8566707146216306,20,4,0.035960716491737064,0.20248573422769378,0.05092067580340096,0.13317074562072062,0.0009206801940341486,0.0007330634400867829,0.5765234901261119,20,4,0.007934555334835947,0.11704968429576833,0.9666666666666666,0.09520676176291326,1.0,0.5833333333333333,1.0,20,4,0.9208333333333332,0.9958333333333332
own_round:17,belief_selected,180,0,180,0.13090678032358083,0.18099888360594354,0.06032195618190883,0.037065328883997356,0.8121573672597139,20,4,0.06903071038617013,0.2201923794670972,0.05727545729205127,0.12323118348728485,0.008400716830037366,0.002970388701519472,0.533673092330784,20,5,0.016153371556847457,0.11870866270874955,0.9625,0.09549425138082203,1.0,0.5833333333333333,1.0,20,5,0.9165625000000001,0.9916666666666666
own_round:18,uniform,180,0,180,1.09861228866811,2.278129578503827e-16,1.0986122886681098,1.0986122886681098,1.0986122886681098,20,0,1.09861228866811,1.09861228866811,0.6666666666666666,1.1390647892519134e-16,0.6666666666666667,0.6666666666666667,0.6666666666666667,20,0,0.6666666666666666,0.6666666666666666,0.3333333333333332,5.695323946259567e-17,0.33333333333333326,0.33333333333333326,0.33333333333333326,20,0,0.3333333333333332,0.3333333333333332
own_round:18,expertise,180,0,180,0.13835332717624355,0.23788419921348306,0.01342302033214066,0.01342302033214066,0.8462917326261598,20,5,0.055066455946841605,0.24246191621299595,0.04926666666666666,0.09330262652765495,0.00026666666666666603,0.00026666666666666603,0.3269333333333333,20,5,0.0166,0.09009999999999999,0.975,0.04760338088145666,1.0,0.8333333333333333,1.0,20,5,0.9541666666666666,0.9916666666666666
own_round:18,marginal,180,0,180,0.15005917459240614,0.12860147869587002,0.08754123953656225,0.05867234838516064,0.5483162585132462,20,5,0.10345724164037237,0.20814601474424954,0.054908743499338386,0.08227671540780758,0.012972340702049466,0.005792539149928398,0.30347782575087756,20,5,0.025663806425592836,0.09137544187906159,0.975,0.04760338088145666,1.0,0.8333333333333333,1.0,20,5,0.9541666666666666,0.9916666666666666
own_round:18,repeat_last,180,0,180,0.0884429527795891,0.08336710063745512,0.049795598255059845,0.04655730835550155,0.32323075991581873,20,2,0.0584563997176629,0.12675585825259936,0.03217208831942326,0.057458331000302405,0.004147940962295852,0.0036096182349631524,0.21271713861320019,20,2,0.011663066939382035,0.05885070477881354,0.9791666666666666,0.04584330035168178,1.0,0.8333333333333333,1.0,20,4,0.9583333333333333,0.9958333333333332
own_round:18,win_stay_expertise,180,0,180,0.11778263800664031,0.11457959012668241,0.06741386276019404,0.04655730835550155,0.41422209340596644,20,4,0.0738474887327254,0.17170523105301883,0.04396024624236266,0.07122574035820789,0.0076938003757537395,0.0036096182349631524,0.24044981477238236,20,4,0.01675262041605259,0.07711546205876724,0.975,0.04760338088145666,1.0,0.8333333333333333,1.0,20,5,0.9541666666666666,0.9916666666666666
own_round:18,history_frequency,180,0,180,0.06164954475456948,0.09651220490289387,0.02361065654874624,0.020092940895245066,0.37008205615626444,20,3,0.02809969540576216,0.10871863724013245,0.022214870055150538,0.056578653431854975,0.0008742235793287255,0.0006085008147876892,0.20725138157039608,20,4,0.002560471144848156,0.04961134749027797,0.9875,0.04078004041079944,1.0,0.8333333333333333,1.0,20,2,0.9666666666666666,1.0
own_round:18,reward_learning,180,0,180,0.10691196775934846,0.07781225935209635,0.07357633000834757,0.028695083668031755,0.2996753292511249,20,1,0.07632546733339626,0.14264913748633698,0.04651304036822058,0.059366084532336,0.017177323659856032,0.0014309889012231916,0.2016742449713902,20,1,0.02357380535994786,0.07407820708177433,0.9708333333333332,0.04892857905103338,1.0,0.8333333333333333,1.0,20,0,0.95,0.9875
own_round:18,belief_static,180,0,180,0.10322723577337618,0.06565047005213713,0.08080778770337746,0.040108749406592134,0.2401635807058125,20,4,0.07698492398315801,0.13283074517219123,0.038596843075164686,0.04832756911827451,0.01610414465328315,0.003265339331997538,0.1409402607840597,20,4,0.01947045686100541,0.0605074079839185,0.975,0.04760338088145666,1.0,0.8333333333333333,1.0,20,5,0.9541666666666666,0.9916666666666666
own_round:18,belief_dynamic,180,0,180,0.09965226243534381,0.07130080884578903,0.06656431632752152,0.03468921480354413,0.25437937479778183,20,1,0.07149298066736579,0.13146063042112063,0.03985358367646452,0.05390094925555997,0.00940348248007453,0.0024418415408963656,0.1491287860134934,20,1,0.0189249284504192,0.06381314791553121,0.9708333333333332,0.04892857905103338,1.0,0.8333333333333333,1.0,20,0,0.95,0.9875
own_round:18,simple_selected,180,0,180,0.06270117175094796,0.08268940731126938,0.023801824029555226,0.021719253295363786,0.2996753292511249,20,4,0.03248665146040952,0.10172430294921812,0.027141915721517022,0.058314182834965825,0.0008855048857769028,0.0007181599093432682,0.2016742449713902,20,4,0.005528424155747266,0.054737319395058784,0.9833333333333332,0.043595696981716454,1.0,0.8333333333333333,1.0,20,3,0.9625,1.0
own_round:18,belief_selected,180,0,180,0.09965226243534381,0.07130080884578903,0.06656431632752152,0.03468921480354413,0.25437937479778183,20,1,0.07149298066736579,0.13146063042112063,0.03985358367646452,0.05390094925555997,0.00940348248007453,0.0024418415408963656,0.1491287860134934,20,1,0.0189249284504192,0.06381314791553121,0.9708333333333332,0.04892857905103338,1.0,0.8333333333333333,1.0,20,0,0.95,0.9875
own_round:19,uniform,180,0,180,1.09861228866811,2.278129578503827e-16,1.0986122886681098,1.0986122886681098,1.0986122886681098,20,0,1.09861228866811,1.09861228866811,0.6666666666666666,1.1390647892519134e-16,0.6666666666666667,0.6666666666666667,0.6666666666666667,20,0,0.6666666666666666,0.6666666666666666,0.3333333333333332,5.695323946259567e-17,0.33333333333333326,0.33333333333333326,0.33333333333333326,20,0,0.3333333333333332,0.3333333333333332
own_round:19,expertise,180,0,180,0.2841053518276969,0.5615569121668179,0.01342302033214066,0.01342302033214066,2.0955948010671883,20,5,0.07588817375419207,0.554787683323253,0.10643333333333334,0.22025311064440842,0.00026666666666666603,0.00026666666666666603,0.8169333333333333,20,5,0.024766666666666666,0.21259999999999998,0.9458333333333334,0.11237403604306552,1.0,0.5833333333333333,1.0,20,5,0.8916666666666666,0.9875
own_round:19,marginal,180,0,180,0.22864699014271142,0.3119144744613112,0.08754123953656225,0.05867234838516064,1.2827821237053745,20,5,0.11394405348067956,0.3827144319346196,0.10536228493781959,0.19629950608790722,0.012972340702049466,0.005792539149928398,0.7500057556523014,20,5,0.03275661736803331,0.2011432390444481,0.9458333333333334,0.11237403604306552,1.0,0.5833333333333333,1.0,20,5,0.8916666666666666,0.9875
own_round:19,repeat_last,180,0,180,0.18920642230127577,0.3064939374436028,0.04986611494100764,0.04655730835550155,1.2126050793466359,20,4,0.0789614189048339,0.3430193126791819,0.08988642703793367,0.18212384583854652,0.0041600756880953976,0.0036096182349631524,0.6978457621984503,20,3,0.023862422815502774,0.18130708678694402,0.9458333333333334,0.10907304811254431,1.0,0.5833333333333333,1.0,20,2,0.8916666666666666,0.9875
own_round:19,win_stay_expertise,180,0,180,0.21268624211900727,0.34316439617304767,0.06741386276019404,0.04655730835550155,1.377804929643621,20,5,0.08851181712080693,0.38407058454608545,0.0982253311273572,0.199312189111306,0.0076938003757537395,0.0036096182349631524,0.7660289312382458,20,5,0.02453089171944674,0.19693582201562768,0.9458333333333334,0.11237403604306552,1.0,0.5833333333333333,1.0,20,5,0.8916666666666666,0.9875
own_round:19,history_frequency,180,0,180,0.1770675212439404,0.32578868830533464,0.023184513456734477,0.01995200139199439,1.1500217947294264,20,4,0.05707182127783749,0.3334360319275196,0.08160052396545067,0.16859936744023604,0.0008336341067976312,0.0005996626721715445,0.6050387755500802,20,2,0.01936229454168311,0.16399414864432377,0.95,0.09520676176291325,1.0,0.6666666666666666,1.0,20,2,0.9041666666666666,0.9875
own_round:19,reward_learning,180,0,180,0.1944170657918719,0.3286281061011399,0.08264571662665926,0.03197213969530507,1.4669120342050495,20,4,0.08524731448236413,0.3618794119942839,0.09582097881524129,0.18583567308362914,0.019381003582306003,0.0019212140462269757,0.7676301217105046,20,3,0.030377095542966637,0.18899860218006273,0.9416666666666667,0.11180339887498951,1.0,0.5833333333333333,1.0,20,2,0.8875,0.9833333333333332
own_round:19,belief_static,180,0,180,0.19562665489508985,0.3091963355255131,0.08086679256097815,0.03897321510587927,1.354712103093687,20,4,0.09114680352558219,0.3520230670885351,0.08872358877648477,0.16884629253505842,0.015252062402599895,0.0030517242283532625,0.6608915370376892,20,4,0.028109528140837888,0.1733911050072411,0.95,0.09520676176291325,1.0,0.6666666666666666,1.0,20,2,0.9041666666666666,0.9874999999999998
own_round:19,belief_dynamic,180,0,180,0.19217217170475137,0.3289212991422106,0.06360781366896937,0.03675876594975199,1.425832365215443,20,4,0.08045650005652162,0.3597905996298303,0.09121702154962705,0.18725029944652793,0.008942890496688427,0.0028762378818575247,0.7438728791926266,20,4,0.024406715576432658,0.1855600832020483,0.9458333333333334,0.11237403604306552,1.0,0.5833333333333333,1.0,20,5,0.8916666666666666,0.9875
own_round:19,simple_selected,180,0,180,0.1982206065571482,0.3775650350821284,0.02327244073819987,0.021532068312550827,1.4669120342050495,20,4,0.06302268641676005,0.3875521546836891,0.09268256588120262,0.19630424481601766,0.0008455214861639655,0.0007051535275569808,0.7676301217105046,20,2,0.022238805928533008,0.1926995647285339,0.9458333333333334,0.10907304811254431,1.0,0.5833333333333333,1.0,20,2,0.8916666666666666,0.9875
own_round:19,belief_selected,180,0,180,0.19217217170475137,0.3289212991422106,0.06360781366896937,0.03675876594975199,1.425832365215443,20,4,0.08045650005652162,0.3597905996298303,0.09121702154962705,0.18725029944652793,0.008942890496688427,0.0028762378818575247,0.7438728791926266,20,4,0.024406715576432658,0.1855600832020483,0.9458333333333334,0.11237403604306552,1.0,0.5833333333333333,1.0,20,5,0.8916666666666666,0.9875
own_round:20,uniform,180,0,180,1.09861228866811,2.278129578503827e-16,1.0986122886681098,1.0986122886681098,1.0986122886681098,20,0,1.09861228866811,1.09861228866811,0.6666666666666666,1.1390647892519134e-16,0.6666666666666667,0.6666666666666667,0.6666666666666667,20,0,0.6666666666666666,0.6666666666666666,0.3333333333333332,5.695323946259567e-17,0.33333333333333326,0.33333333333333326,0.33333333333333326,20,0,0.3333333333333332,0.3333333333333332
own_round:20,expertise,180,0,180,0.24246191621299595,0.6546174074016147,0.01342302033214066,0.01342302033214066,2.9284635133612076,20,5,0.055066455946841605,0.5547876833232532,0.09009999999999999,0.25675317521397106,0.00026666666666666603,0.00026666666666666603,1.1435999999999997,20,5,0.0166,0.21259999999999996,0.9541666666666666,0.1309965179663118,1.0,0.41666666666666663,1.0,20,5,0.8916666666666666,0.9916666666666666
own_round:20,marginal,180,0,180,0.20973014651282282,0.3781877526255742,0.08754123953656225,0.05867234838516064,1.7724260338334599,20,5,0.10248025831824661,0.39102945393548594,0.09177502681441688,0.23231537239120922,0.012972340702049466,0.005792539149928398,1.0476910422532506,20,5,0.02547135815391407,0.20284679752773413,0.9541666666666666,0.1309965179663118,1.0,0.41666666666666663,1.0,20,5,0.8916666666666666,0.9916666666666666
own_round:20,repeat_last,180,0,180,0.17902972619513796,0.34512092938424527,0.049795598255059845,0.04655730835550155,1.579660553010097,20,2,0.07462534534054036,0.34626854302463417,0.08620970515038348,0.21022921671472444,0.004147940962295852,0.0036096182349631524,0.9345932247760333,20,1,0.02188180533992487,0.1889354736494706,0.9374999999999998,0.14016229106381398,1.0,0.41666666666666663,1.0,20,2,0.8708333333333332,0.9874999999999998
own_round:20,win_stay_expertise,180,0,180,0.19304103654038682,0.37760623215603645,0.06741386276019404,0.04655730835550155,1.744860403307082,20,1,0.08280578978940883,0.3751208832860605,0.08924000756036193,0.22342956947176396,0.0076938003757537395,0.0036096182349631524,1.0027763938158287,20,1,0.02174444763557741,0.197535327256583,0.9416666666666667,0.13812656286327063,1.0,0.41666666666666663,1.0,20,2,0.875,0.9875
own_round:20,history_frequency,180,0,180,0.14690156078378586,0.36354336323361586,0.022735017256617366,0.01982645218530338,1.6208912794840327,20,4,0.0371263879385044,0.32322808033931244,0.06612784791000163,0.20273965374477132,0.0007952134798807529,0.0005918479759524321,0.9005525100956608,20,4,0.007720735122812297,0.1637038340414817,0.9625,0.1309965179663118,1.0,0.41666666666666663,1.0,20,3,0.9,1.0
own_round:20,reward_learning,180,0,180,0.18568922202253316,0.32636071744557527,0.07372739149987881,0.03164046485995661,1.5030097728267162,20,1,0.08479618181930164,0.34468006829052555,0.0925134111249526,0.203084538282332,0.015334204594686242,0.0018379194860947367,0.9065628551319025,20,1,0.029107480658148006,0.1921387462126606,0.9416666666666667,0.13812656286327063,1.0,0.41666666666666663,1.0,20,2,0.875,0.9875
own_round:20,belief_static,180,0,180,0.1767372716759748,0.29680486433162345,0.0801130845646461,0.03987638133445749,1.3790156750479399,20,3,0.0859386438206174,0.32056769642585836,0.08212345417622297,0.18209641814179256,0.014746640580281016,0.0032283265835741874,0.8085296833830202,20,4,0.024739581031129797,0.17107816954548907,0.95,0.12211584951084108,1.0,0.5,1.0,20,5,0.8916666666666666,0.9916666666666666
own_round:20,belief_dynamic,180,0,180,0.17568196821464904,0.3145744645790342,0.06031170736371494,0.036312218905627504,1.4531696513289591,20,1,0.08071460738775016,0.3287618587346953,0.08387100656924727,0.19352384696747524,0.007860820959666797,0.0026954244401804295,0.8646482721363122,20,1,0.02521115670266765,0.17869506377437283,0.95,0.13078709094514926,1.0,0.41666666666666663,1.0,20,1,0.8875,0.9875
own_round:20,simple_selected,180,0,180,0.14732554852768906,0.33837771752034346,0.0229764829472943,0.02136567819675035,1.5030097728267162,20,4,0.04359707398816556,0.31312374092204165,0.07043636740824466,0.20454095363921948,0.0008210402748983628,0.000693707786356519,0.9065628551319025,20,4,0.009812696747710407,0.16928086064993791,0.9583333333333334,0.13106625260950822,1.0,0.41666666666666663,1.0,20,4,0.8958333333333333,0.9958333333333332
own_round:20,belief_selected,180,0,180,0.17568196821464904,0.3145744645790342,0.06031170736371494,0.036312218905627504,1.4531696513289591,20,1,0.08071460738775016,0.3287618587346953,0.08387100656924727,0.19352384696747524,0.007860820959666797,0.0026954244401804295,0.8646482721363122,20,1,0.02521115670266765,0.17869506377437283,0.95,0.13078709094514926,1.0,0.41666666666666663,1.0,20,1,0.8875,0.9875
