request_id,kind,pair_index,pair_id,arm,focus,focus_slot,run_order
2a37d3dd4c46601ead0dbdf5,active,90,8b2e40e8c72e98f1,high,expertise,1,1
d2910a40e2810d5de6a1098a,active,90,8b2e40e8c72e98f1,low,expertise,1,2
4db61e03048ac7a3452d1324,sham,95,0b62b1c5009f600f-sham,0,risk,1,3
7deebb016bc7020a5090d5cd,sham,95,0b62b1c5009f600f-sham,1,risk,1,4
4881f10539b31bc0a53141a0,active,509,67a5154ff3008291,low,expertise,3,5
b0e3758f53d2fab1d2d925bd,active,509,67a5154ff3008291,high,expertise,3,6
694325865c36f1ae16607ff1,active,333,3be7c756340cb18b,low,expertise,1,7
4ba95805b5a3dd390dc61ba2,active,333,3be7c756340cb18b,high,expertise,1,8
251137c4bc315f7795e247f0,active,190,d02b18c5430e1d12,low,risk,1,9
434e89509227f8fcb6ebf736,active,190,d02b18c5430e1d12,high,risk,1,10
ea69a76860382d91a406e9a3,active,38,fa977b1e8f470a71,high,fairness,1,11
f984bc248114fb5bc30f6a8a,active,38,fa977b1e8f470a71,low,fairness,1,12
ab70bfe6457859a8620d9f3e,sham,18,64600b13b4e53f0f-sham,0,expertise,1,13
a2a5b9b9c94d1b0f56cfaf9e,sham,18,64600b13b4e53f0f-sham,1,expertise,1,14
ce2f70966bde7b2bb8d216cf,active,127,caccb54509b9ca02,high,expertise,3,15
789d5d8b4f1f1b2890f8793c,active,127,caccb54509b9ca02,low,expertise,3,16
159f50e53a6bcdd77105a74c,sham,187,d55370539a8f154f-sham,0,fairness,2,17
b1791e953fe69d75b6820995,sham,187,d55370539a8f154f-sham,1,fairness,2,18
24376f299e3dc069357f7b3a,active,183,9b043063be1a7858,high,expertise,3,19
7ed08a0dd4089d07b0d7dc63,active,183,9b043063be1a7858,low,expertise,3,20
eb3dfc29424e067df8fb7d81,sham,104,85544722d2919d6a-sham,0,expertise,2,21
2b2219812a39e6a52e46b11d,sham,104,85544722d2919d6a-sham,1,expertise,2,22
30ba5a13ac3203047723a548,active,361,cd53b9fc02301932,high,expertise,2,23
60550f17c8614a3cf49e3c9f,active,361,cd53b9fc02301932,low,expertise,2,24
d25f8f469fc8bbe411d3a489,active,143,9a6a197aa5cf9d7d,high,risk,3,25
185f2b9c571adab4299c821b,active,143,9a6a197aa5cf9d7d,low,risk,3,26
6d022090597e3b3a16447554,active,154,2ca5cce29b66300a,low,fairness,1,27
8127214b9fa715a5df877102,active,154,2ca5cce29b66300a,high,fairness,1,28
3e42b08565066b68959ddb59,active,500,b6e796abfbc8c538,low,expertise,2,29
614a2bc456020b9a3b9f25e2,active,500,b6e796abfbc8c538,high,expertise,2,30
a2c5505be3c2185d2e9de3d4,active,332,aa58b19ad0247ad7,low,expertise,2,31
e4f43bf694f660f1dadba41c,active,332,aa58b19ad0247ad7,high,expertise,2,32
7b00ecdc488044f6e39f007f,sham,180,f845551b4d74d88c-sham,0,risk,2,33
d09dd023d0476c1c93c0ca57,sham,180,f845551b4d74d88c-sham,1,risk,2,34
9adc0815551adf42a93f2fea,active,389,85dbc761df18a9e7,high,risk,1,35
37d56b23774ae8e759492585,active,389,85dbc761df18a9e7,low,risk,1,36
f77ccda00e96c618eaa30d3b,active,274,7628b1fbf25c2992,high,expertise,2,37
a5d45b76c83652c1f05d993d,active,274,7628b1fbf25c2992,low,expertise,2,38
1b6fb046e4ca675c1d1a9106,active,30,1b690111415f462e,low,risk,1,39
1eb558fcfe3baa7d58585c9f,active,30,1b690111415f462e,high,risk,1,40
f5892fe2814df027c3bd8df1,sham,130,105a1dcf6acf6bea-sham,0,fairness,1,41
779743b4e6cb62c22ec80e88,sham,130,105a1dcf6acf6bea-sham,1,fairness,1,42
db09c28ea2ec8ae5ab42f265,active,199,bfc4b7aceaca4dff,low,risk,1,43
5bb15e0cadd72ba35af9cac1,active,199,bfc4b7aceaca4dff,high,risk,1,44
3b8675888b57f08884101023,active,465,9581d0df96fc5574,high,risk,3,45
08cccd60a0d0bab7c4f0abcd,active,465,9581d0df96fc5574,low,risk,3,46
f3ff3e6817661c759fc7ef58,active,353,678d72720a195742,low,risk,1,47
23190a08642cbd05fa64ae5d,active,353,678d72720a195742,high,risk,1,48
eadd4f86e8df15302c1b4683,active,538,d753ed85752188ec,high,expertise,2,49
bac7e9680c75e3c7ebc6583e,active,538,d753ed85752188ec,low,expertise,2,50
758f929c5c3435fe5b277ce8,active,363,d5c144bdb17aa58c,low,risk,1,51
127fe0e0c4316f5c8fc297a0,active,363,d5c144bdb17aa58c,high,risk,1,52
78373dc4ecbef2b085bde9d0,sham,87,24a318d09e676538-sham,0,fairness,3,53
40ba832d510140ab48ba4114,sham,87,24a318d09e676538-sham,1,fairness,3,54
51de97cf299d34a5b8ea66fa,sham,91,7a9040344874312d-sham,0,expertise,1,55
bb299cce92e84015ba800f33,sham,91,7a9040344874312d-sham,1,expertise,1,56
30f8eaf9205eb050834941b9,active,468,b30916953f0d5c0e,high,expertise,3,57
46e9d6fe47dcdcc9205838f3,active,468,b30916953f0d5c0e,low,expertise,3,58
e156a91c4aa579ee92cf1974,sham,52,61239c39276c3df0-sham,0,expertise,3,59
21cea4bec94411ace6239417,sham,52,61239c39276c3df0-sham,1,expertise,3,60
f86d7e8c70e986e6760dc79e,sham,98,d0842a2a35481102-sham,0,risk,3,61
a8d5b9e6228e2192f269ba19,sham,98,d0842a2a35481102-sham,1,risk,3,62
e6e6717318b289ab663a107f,active,525,b80a4b9442ce66bf,high,expertise,2,63
22f42c66af826575ba7be5bb,active,525,b80a4b9442ce66bf,low,expertise,2,64
c3fd03cdcc76a2cfa6869e37,active,360,e7ee8e50a54be6d7,high,fairness,2,65
fe3171434da98615778d082f,active,360,e7ee8e50a54be6d7,low,fairness,2,66
3564352cb724b5b9cffa7ee5,active,177,f7c8c379034c7a09,low,risk,2,67
1d82f621e00b2b98425afe6c,active,177,f7c8c379034c7a09,high,risk,2,68
97e8f0f74d6b7ec688016c76,active,441,2b7a2204eda3cb39,high,expertise,3,69
50ab2f85123250e2c1b62afd,active,441,2b7a2204eda3cb39,low,expertise,3,70
e29174dc63b9140826f48e9c,active,23,72e391ee6a2ed848,high,fairness,1,71
0cd573a69fadc6aef693dd49,active,23,72e391ee6a2ed848,low,fairness,1,72
efe382b00d1aa080aa1f9bb7,sham,114,7738b0cb40c84088-sham,0,expertise,2,73
63caae6ea89e66a92329b598,sham,114,7738b0cb40c84088-sham,1,expertise,2,74
65a16660d57e20627d47d811,active,73,49789474e870ca9a,low,risk,1,75
f26d1ffddfcbfa611e4afacf,active,73,49789474e870ca9a,high,risk,1,76
4aa21276021ec9abe809d045,active,188,a5d24cb12491bba1,low,expertise,2,77
db69a97778e5cec12ab34726,active,188,a5d24cb12491bba1,high,expertise,2,78
f706b994a187fa3c8b0698e0,sham,170,9ed4b368591edfed-sham,0,expertise,2,79
85fa78e747a3fa81a9e9363f,sham,170,9ed4b368591edfed-sham,1,expertise,2,80
e6f0b270b77078143634ef81,active,272,36dcdf8d928f2543,low,risk,3,81
acdc8d681c4296fd025eb6ec,active,272,36dcdf8d928f2543,high,risk,3,82
1d500aedc3eb36eb519d96f5,active,10,0011b3c834558c94,high,risk,2,83
9941ebc1b4efe1ae02b1de6e,active,10,0011b3c834558c94,low,risk,2,84
0db7470749ad597823c3a7f1,active,377,75a3747b1f6139f4,low,fairness,3,85
20877dac91dd05c1b36898e2,active,377,75a3747b1f6139f4,high,fairness,3,86
245f62cb3bac6b83e534a7c3,active,0,58cb4a46d36b9ba1,low,fairness,1,87
29315d3a0fc4521e4a2d6f4a,active,0,58cb4a46d36b9ba1,high,fairness,1,88
c7c20b297cc4c82cb767d7ff,active,355,687c3f233c263ffd,low,fairness,3,89
28eef518421cc4ba1f7ea300,active,355,687c3f233c263ffd,high,fairness,3,90
ac698f920149ee8d76c24566,sham,179,bfe840a028169066-sham,0,risk,3,91
b765e39a5d57e1dbb79a468c,sham,179,bfe840a028169066-sham,1,risk,3,92
c706aae764b3b81b64e488e9,active,77,8a4f4bbc53f9c9f7,high,expertise,1,93
cd74cb3cacc0968507cfdb67,active,77,8a4f4bbc53f9c9f7,low,expertise,1,94
63c7424cca69a0a29a4f7b05,sham,126,a14f3224d82d49dc-sham,0,expertise,2,95
da7941309fd58f37e1f83d53,sham,126,a14f3224d82d49dc-sham,1,expertise,2,96
27eb66ad3a89ac78a52f13e6,sham,10,0011b3c834558c94-sham,0,risk,2,97
895a8a845ee1b4b31d9d6865,sham,10,0011b3c834558c94-sham,1,risk,2,98
1af676c941dd032ce458ae65,active,109,cca85a3294fbf0e5,low,expertise,2,99
114ace1586185c042240fea0,active,109,cca85a3294fbf0e5,high,expertise,2,100
81e5b804ccc9bc87623ff875,active,100,7912d38e3ad9b420,high,fairness,1,101
41309646de44fedd9e3f1d20,active,100,7912d38e3ad9b420,low,fairness,1,102
011ef7e5c666f3a3b1500277,sham,82,6bc1b83ead82fa82-sham,0,expertise,1,103
78503454aae68fa4743f7e8a,sham,82,6bc1b83ead82fa82-sham,1,expertise,1,104
96da621782dcf025564e5115,active,410,aba3e0424255c3cc,low,expertise,1,105
d089a09304a3f4bcfb7fe1bf,active,410,aba3e0424255c3cc,high,expertise,1,106
bfdb90c1bf9bee54e516ece0,active,138,127136eae291c9b2,high,expertise,1,107
8841a2b9f1888d31865d0ce4,active,138,127136eae291c9b2,low,expertise,1,108
32ea37dd1f04e4be79568ee7,active,390,0f940fdeee9a50f7,low,expertise,1,109
cf65ec0e51df0ed2dac86bb1,active,390,0f940fdeee9a50f7,high,expertise,1,110
1cad1cc7893c2830e97adf89,sham,69,668d50a1596e45a7-sham,0,risk,1,111
13a324768598a4377dad0234,sham,69,668d50a1596e45a7-sham,1,risk,1,112
29fa228fab7b88de3c2ee6fc,sham,162,41acfa1a379eb908-sham,0,fairness,2,113
a69adb6d57a41c7fa08e6f48,sham,162,41acfa1a379eb908-sham,1,fairness,2,114
3090f077607941b821833add,active,87,24a318d09e676538,high,fairness,3,115
70c2396fc79d5294a6fdb6e1,active,87,24a318d09e676538,low,fairness,3,116
5e521aa50dde1b6f6e7f136b,active,118,c3c7cae1d843f939,low,fairness,2,117
5438426f5e968a8d2f3b45d4,active,118,c3c7cae1d843f939,high,fairness,2,118
8602e97796d3cb8b883e6145,active,249,7166f38f678a54ad,high,expertise,3,119
b54ee81648a24bdafda65201,active,249,7166f38f678a54ad,low,expertise,3,120
76ae9c4d9da295272694d7a6,active,494,76f6fec0838bef4b,high,fairness,1,121
a28080b93afad9136b77bc54,active,494,76f6fec0838bef4b,low,fairness,1,122
ce0d8615049cd732034294cd,active,83,293b22532b50adb3,high,risk,1,123
7c8ae4877cc8bb9291c1a224,active,83,293b22532b50adb3,low,risk,1,124
c01a8dd3f29f935975be4459,active,115,2f8e308aafe8af2f,high,fairness,2,125
cf294ce719af5774f68206a2,active,115,2f8e308aafe8af2f,low,fairness,2,126
d85a253fc69a812365505da8,active,476,822d5cf0a5e6cf01,low,fairness,3,127
0f989e776f80355c9d0295a0,active,476,822d5cf0a5e6cf01,high,fairness,3,128
8ffa3384715ef75d732aa117,sham,152,45038d18ec909179-sham,0,expertise,1,129
6c7f5822b94987d148eccd70,sham,152,45038d18ec909179-sham,1,expertise,1,130
74a45ab134a6f8154fe1575d,active,191,f79afe7e693880df,high,risk,3,131
02e8060a9b5c885f2dc6dc05,active,191,f79afe7e693880df,low,risk,3,132
f609e0218f8d14ce72f6709f,active,130,105a1dcf6acf6bea,high,fairness,1,133
8d4683274b09812f5408bdd7,active,130,105a1dcf6acf6bea,low,fairness,1,134
8531dcc36ecca03abbebe4be,sham,122,432c9eb45f26fa0b-sham,0,expertise,3,135
38e4719268aa39c04e211fa8,sham,122,432c9eb45f26fa0b-sham,1,expertise,3,136
03830645f25e896cb87ceea6,sham,15,f1359c2b608ee22c-sham,0,expertise,1,137
73ff36f75cda559205a406a7,sham,15,f1359c2b608ee22c-sham,1,expertise,1,138
f6beee74246604b7fe5aa97e,sham,149,c10d77cbd2ae3628-sham,0,fairness,3,139
05b0a6f0fc555fb6b274be43,sham,149,c10d77cbd2ae3628-sham,1,fairness,3,140
9c62f29594249c2a77903210,active,238,0476a177cd6ba55a,low,expertise,2,141
c8a1a77ddcc0e5dc4d1185fe,active,238,0476a177cd6ba55a,high,expertise,2,142
af88f8e78ec6bfcf11bf628b,active,101,f13b5f038aeab6f3,low,fairness,1,143
11f1f134f810d8e5185ba8fb,active,101,f13b5f038aeab6f3,high,fairness,1,144
8ec3959c3d0f7ca53e913986,sham,73,49789474e870ca9a-sham,0,risk,1,145
3a782672630cdb2b774cd3a8,sham,73,49789474e870ca9a-sham,1,risk,1,146
232c05696178d0804c39f358,sham,68,e3a293e18a475031-sham,0,fairness,2,147
fdb0846aba3ae3f745e5685a,sham,68,e3a293e18a475031-sham,1,fairness,2,148
b783cd908701a6838fd25a7c,active,529,46eaa2ab84125e32,low,fairness,3,149
4aad0b411942d586cd4f599c,active,529,46eaa2ab84125e32,high,fairness,3,150
ce4bca2a1ca92de589f9ec30,active,499,7c0cde8f4038530c,high,fairness,3,151
8be0b70a21682fc118e77554,active,499,7c0cde8f4038530c,low,fairness,3,152
7f38bc8cd4b8d83ae6424def,active,28,d4bd0c9c5f0f33d8,high,fairness,3,153
95e4ff075541011c8c0cb203,active,28,d4bd0c9c5f0f33d8,low,fairness,3,154
a3818e1f2ab4e6ddefb98899,sham,184,58991b2336fba4be-sham,0,fairness,1,155
0545ba31049def5e5c1fc4c2,sham,184,58991b2336fba4be-sham,1,fairness,1,156
2b73071e1f485c036cc3c70a,active,303,36c6f3fc292e8b40,low,risk,3,157
2d340d26f3afb6bbce551b0a,active,303,36c6f3fc292e8b40,high,risk,3,158
68c5c1439d71ffa445cb652f,sham,24,e119c4df0e4ed09e-sham,0,expertise,2,159
5f29f897a5f6b0b0da69194d,sham,24,e119c4df0e4ed09e-sham,1,expertise,2,160
2e3a04dd14d21e8cce6e6916,active,565,de400fe143d49c53,low,fairness,1,161
a6540874c4aa0ce8212f3794,active,565,de400fe143d49c53,high,fairness,1,162
1354e708d65018342f3ab33c,active,163,a758618c336adedd,high,expertise,3,163
13e8db23816b7b591c6baf3f,active,163,a758618c336adedd,low,expertise,3,164
06b55774c9d16d36e759d4bb,sham,23,72e391ee6a2ed848-sham,0,fairness,1,165
6f8dfc6627c64612d198ac67,sham,23,72e391ee6a2ed848-sham,1,fairness,1,166
354acf94a4e0244936e9cbde,sham,158,bdb7d4cd7c932ca8-sham,0,expertise,3,167
80a97ad219107592139a03e6,sham,158,bdb7d4cd7c932ca8-sham,1,expertise,3,168
aa732323cd9b01d24f19b286,active,149,c10d77cbd2ae3628,high,fairness,3,169
16f7c55f8f39448bc1a88a4e,active,149,c10d77cbd2ae3628,low,fairness,3,170
9fc188a709261ce01d2395c8,sham,112,fb4895fea110ec4d-sham,0,risk,1,171
46b32ceb8dbda62895267f50,sham,112,fb4895fea110ec4d-sham,1,risk,1,172
3053d1741c1cbda15cb12a30,active,349,b0835f466566fe88,high,expertise,1,173
0bb695047a55ed2250171d4f,active,349,b0835f466566fe88,low,expertise,1,174
6f65b02c3140d16ffa944321,active,370,a59391be75b663d1,low,expertise,3,175
50fa5970f61d92ad8a9e3550,active,370,a59391be75b663d1,high,expertise,3,176
368c03efd035a989d13b6fa5,active,392,096d3a6c8a20bb68,high,expertise,3,177
1b4d1555104796ee50fccf09,active,392,096d3a6c8a20bb68,low,expertise,3,178
8a474beed77ebd6303abb258,sham,36,674ff7631b1bc1ad-sham,0,fairness,2,179
8418881ffdace33a8c211f3b,sham,36,674ff7631b1bc1ad-sham,1,fairness,2,180
147cd4058f68bef92da8ac4a,active,139,a0e384b68d479a2a,low,fairness,2,181
73fee379b21e5387286bb4e1,active,139,a0e384b68d479a2a,high,fairness,2,182
becfed7eeaabd34d3989f31c,active,22,0ceba4d7164310d7,high,fairness,1,183
0cbc0506e78fe94e1fcd1e02,active,22,0ceba4d7164310d7,low,fairness,1,184
f339cc29abc43ba9975a8513,active,169,e06376d7930bdacd,low,fairness,3,185
1106623a1c16678567c9ff9b,active,169,e06376d7930bdacd,high,fairness,3,186
81868a966ceb1982826599d9,active,535,451485f2eb802bd0,high,risk,3,187
162d0010d94c5160f838b5f4,active,535,451485f2eb802bd0,low,risk,3,188
cc9491917ca5b5b99946ec19,sham,157,52876aec53b6eda3-sham,0,risk,2,189
41cf258ecfd22abc2659ef30,sham,157,52876aec53b6eda3-sham,1,risk,2,190
37d953a5437dd547452af734,sham,63,86c721d10b94f7a1-sham,0,fairness,1,191
93458fca70251944e29617e3,sham,63,86c721d10b94f7a1-sham,1,fairness,1,192
87fe3913b8af7d69b69fdfb7,sham,148,c2c43ffd610bf78f-sham,0,fairness,3,193
39e29854f59789758dd93706,sham,148,c2c43ffd610bf78f-sham,1,fairness,3,194
ebfc45de9302e0017eacb451,active,167,8225d8bb908666f4,low,expertise,1,195
d5e2d14fba8b0fa34c617f99,active,167,8225d8bb908666f4,high,expertise,1,196
df8c65271301ef8c2a0c1818,active,309,78d3fea490cea092,low,risk,3,197
b605bfacf53cab57b4789229,active,309,78d3fea490cea092,high,risk,3,198
b480a79c5fe178cf266aaa72,active,440,480f74d8008446d2,high,risk,1,199
e3e993385b7b681424825c4c,active,440,480f74d8008446d2,low,risk,1,200
d63c08cc4b57e08243bc9d33,active,412,eba5ad1bf76d9d8a,low,expertise,2,201
871c85771f3f18abf05007b1,active,412,eba5ad1bf76d9d8a,high,expertise,2,202
c289bc869f0612ff54535000,active,561,0da93608c5a441c9,high,fairness,3,203
a41078725d67839846f1985e,active,561,0da93608c5a441c9,low,fairness,3,204
7a85921a492f96a1b369b53a,active,179,bfe840a028169066,low,risk,3,205
9e0b18dced8c9468e70d190f,active,179,bfe840a028169066,high,risk,3,206
bb1d078ce52532a9257b402f,active,490,f71371078209fbc5,high,fairness,2,207
b6c7268110199581b7b45715,active,490,f71371078209fbc5,low,fairness,2,208
68ea03ca78a1452f349085f2,active,29,8fcad4628a8f8e0e,low,fairness,2,209
e957ec51270a5fdb8100beed,active,29,8fcad4628a8f8e0e,high,fairness,2,210
9269e8b4f9f2005a1432a04f,sham,123,878318c0c46bb840-sham,0,expertise,1,211
a064d30e54aeb229e50cd5eb,sham,123,878318c0c46bb840-sham,1,expertise,1,212
a62d7c25708e783aec288939,active,206,31f9ac890b025009,high,fairness,1,213
676ec6aec483565d8dc9b032,active,206,31f9ac890b025009,low,fairness,1,214
220330eea64a4d9968ae81b3,active,323,2ea1cfb9f5c97db6,low,fairness,1,215
9c225375a0a4d68f729d5be1,active,323,2ea1cfb9f5c97db6,high,fairness,1,216
227463d4e884ac39a1be4af3,active,296,1f94f2e884bbc468,low,fairness,2,217
68d7166e50902454866b8caf,active,296,1f94f2e884bbc468,high,fairness,2,218
4e38f707290bac1a4e7b7c6a,sham,181,db2f521eb6c1c437-sham,0,risk,3,219
2c558da9272a278d9156eccf,sham,181,db2f521eb6c1c437-sham,1,risk,3,220
d6d908d0fe278f013e59a20e,active,161,16c2f6d4c3d1cf92,high,expertise,2,221
e8d4031ce3e2499fb899a2ac,active,161,16c2f6d4c3d1cf92,low,expertise,2,222
b87bf2f0e98543d4fafcc5cd,active,312,caf7a9e2e1572923,high,expertise,3,223
be4b309ea5e5ab774da10cf6,active,312,caf7a9e2e1572923,low,expertise,3,224
a55f3c6eff8dbd001a7a8a08,active,459,8d3047ad781b9bbb,low,risk,1,225
db9ec2cfa813c4beafd922d3,active,459,8d3047ad781b9bbb,high,risk,1,226
085b2e6c01cb20236c29195b,sham,156,c717c6b6a1c7bee9-sham,0,expertise,1,227
4849d243a55abeb4999c77d8,sham,156,c717c6b6a1c7bee9-sham,1,expertise,1,228
4b135d0a54c3930b7ae560d7,active,48,2d2ee214727ae124,high,risk,1,229
4dfcbfc900e57c2462b3dc52,active,48,2d2ee214727ae124,low,risk,1,230
6c0f8a6be1c56286cf86b450,sham,94,9007aba2b9f727b2-sham,0,risk,2,231
dba0be951e90279c2d97cab9,sham,94,9007aba2b9f727b2-sham,1,risk,2,232
156a2d0af37bc10d8abbeec7,active,364,7675e1733890a91e,high,risk,1,233
12f567344cd35d6cb3f92911,active,364,7675e1733890a91e,low,risk,1,234
7b386fde25a2bf111bca1190,active,52,61239c39276c3df0,low,expertise,3,235
cd7c13516812ef6165f47685,active,52,61239c39276c3df0,high,expertise,3,236
688ce310729ca2e6107a42f3,active,384,4980fa862cf0fd16,low,risk,3,237
a12ca4af8c8725410cae5bdc,active,384,4980fa862cf0fd16,high,risk,3,238
3090950835185556d512c286,active,291,a62986f007fe5ed8,low,risk,1,239
82add1ae76e56ec13ee58e7d,active,291,a62986f007fe5ed8,high,risk,1,240
57803f644a83f1447c667a82,sham,88,695a6218ff13e2cf-sham,0,fairness,1,241
581c989f56d5a70d15dff344,sham,88,695a6218ff13e2cf-sham,1,fairness,1,242
0466d12750b31a044710e657,active,534,b72ac67529b86caf,high,risk,2,243
82099514a857f70ab9dd9c05,active,534,b72ac67529b86caf,low,risk,2,244
85271c8140ebd85d7482e711,active,567,5d758ab3bcc0d75f,low,expertise,3,245
f66eb1226b52d21aab278f09,active,567,5d758ab3bcc0d75f,high,expertise,3,246
a39aa048f52cf0cb0f784a08,active,396,d8209edbf6acc3a2,high,risk,3,247
4ba91bb0e1aa0e8dabec31f3,active,396,d8209edbf6acc3a2,low,risk,3,248
14949099c720e743e26c6276,active,429,0de9b900a47aef1e,high,risk,1,249
442b841acddaa29aa734dc34,active,429,0de9b900a47aef1e,low,risk,1,250
ef00ccebffc78a8b92617faf,sham,55,32bcf1215f91c5ab-sham,0,expertise,1,251
1a502dc7115ea409d7247cea,sham,55,32bcf1215f91c5ab-sham,1,expertise,1,252
5f76460b85cfd43ed83a382f,active,431,3e95146b2bb0c265,high,risk,1,253
871bd1e30fe1e92beae06676,active,431,3e95146b2bb0c265,low,risk,1,254
0263a1a3a91776a57613be1f,active,362,40eb286bded6d157,low,expertise,2,255
0415fe61eee62bd9d6793fde,active,362,40eb286bded6d157,high,expertise,2,256
2c6dd1e923fcba518fcb633c,active,42,4b6c7cd21af724c4,high,fairness,1,257
ba33e5bcf3eebe424bf5c0a2,active,42,4b6c7cd21af724c4,low,fairness,1,258
07c6de5a2c36ad65e1cd8435,active,25,4626c3405a46068f,high,risk,3,259
3583b6588d25e3e384496e38,active,25,4626c3405a46068f,low,risk,3,260
f0166c40dcb8793b8328125a,active,6,3396531ca05ca790,low,fairness,3,261
3fb85596dfa5fda52f4bac71,active,6,3396531ca05ca790,high,fairness,3,262
0ff6b9fb41e5e5f5ef00feed,active,210,40e1f8e0140125d0,high,risk,1,263
33c0c01a4d2d2c61fdda6204,active,210,40e1f8e0140125d0,low,risk,1,264
c1ea920e8e09abc86e1e7c25,active,40,d731c7fcac8967f7,high,fairness,3,265
4f1a7a719bf4dcb56fb4ebb0,active,40,d731c7fcac8967f7,low,fairness,3,266
72c8b63fd43bc928da2fd7e2,active,99,0afc3b31a8ed2870,high,risk,1,267
3def300c6d05ccd11d3a4381,active,99,0afc3b31a8ed2870,low,risk,1,268
7a75ac0373a306fb58c3ee85,active,473,2bfd2dcbe7a783d7,high,fairness,1,269
9ed8dfebdeb70f478e0d4644,active,473,2bfd2dcbe7a783d7,low,fairness,1,270
da9c75da2837391ac55adaa2,active,223,d03cfdf95f98b6e6,low,expertise,1,271
40a6a42184543576eaf09f45,active,223,d03cfdf95f98b6e6,high,expertise,1,272
6f9915cecd586d7c2c29dcfa,active,301,2c6a00c177451930,low,fairness,1,273
489c7cd6213183f1b4675cb4,active,301,2c6a00c177451930,high,fairness,1,274
01ba5522aebc7986174a65af,sham,79,aa4a04b5bf0d00ce-sham,0,fairness,3,275
3a54ef5d5fc6fcd6ec8fa2fc,sham,79,aa4a04b5bf0d00ce-sham,1,fairness,3,276
b9b192a4b89a6ace12ba24a2,active,207,078056678802f842,low,fairness,2,277
e4c52ceef50d976fb058fd12,active,207,078056678802f842,high,fairness,2,278
a497b6fd61fe49aa09faacbc,active,513,eb652c08b3303cff,low,fairness,3,279
b3c69387c620b225005cf699,active,513,eb652c08b3303cff,high,fairness,3,280
b77f697880665111f59f9cec,active,517,181599569c526208,high,risk,1,281
641d2dd34a7f0c478f6a9c0a,active,517,181599569c526208,low,risk,1,282
f4d6a6ea292c2f404354a4ae,sham,177,f7c8c379034c7a09-sham,0,risk,2,283
3c7bc0542cf3655317c2637d,sham,177,f7c8c379034c7a09-sham,1,risk,2,284
f4a0943dd613e904b15849e2,active,547,e756b6a963462f30,high,expertise,3,285
a9c98731ddc87704f43290a3,active,547,e756b6a963462f30,low,expertise,3,286
e1495e176a1f7a86bb6a6af6,active,129,808e957568c09ef1,low,fairness,3,287
5ba207717c03c0a85bac525f,active,129,808e957568c09ef1,high,fairness,3,288
ea6df41d52888a092bf1bae0,active,140,38384eba9a7f7d40,low,risk,2,289
03a11ac048530dfd26d07a57,active,140,38384eba9a7f7d40,high,risk,2,290
46bf9f9112d0bff3af3bae26,active,311,04a19eeb8095e21b,high,risk,1,291
0d0aeeff525b727ef9d51111,active,311,04a19eeb8095e21b,low,risk,1,292
8887b7f05d6adb1e6036db48,active,279,cd5c4f2990928b3e,high,fairness,3,293
1db18b09c0d5f1dc99695ea4,active,279,cd5c4f2990928b3e,low,fairness,3,294
134fd802503445e59dfb77ea,active,411,b04ac869bbb17807,low,fairness,3,295
c5f3c4723d1e4734b71b7c57,active,411,b04ac869bbb17807,high,fairness,3,296
b235546d4c9316ef36bc8808,sham,49,262ce2f75f083062-sham,0,expertise,1,297
b2c27ae87613ec1256dcf7fb,sham,49,262ce2f75f083062-sham,1,expertise,1,298
dfd1e0a3a27700fd0c367976,active,236,dda6ad99d15f5d9d,high,expertise,2,299
7bb70aadd5aadab7124b745e,active,236,dda6ad99d15f5d9d,low,expertise,2,300
94bbb95c17f8fcedc128dbcd,sham,19,054e15339b5e4781-sham,0,risk,2,301
2068a23a7713500d1667f783,sham,19,054e15339b5e4781-sham,1,risk,2,302
5ba6aa5695ec570fc6b28706,sham,3,39f9358432aff2a6-sham,0,risk,1,303
75adca4ab9c9625d3c26a9e6,sham,3,39f9358432aff2a6-sham,1,risk,1,304
18542f011bccabc4743c8acb,sham,103,085da50ecc2dbb52-sham,0,expertise,3,305
38a01e53108ccc4fa3f2a0e2,sham,103,085da50ecc2dbb52-sham,1,expertise,3,306
ff1bf0ea358b63e8316fb973,active,271,c8d07270b5cb309f,low,fairness,1,307
bd9731ad5466a5a34f3e4a02,active,271,c8d07270b5cb309f,high,fairness,1,308
6b6f482e0cd11645dcf02e2a,sham,111,ac317ef713228209-sham,0,expertise,3,309
0b5c34e6f253aa5ef985ff80,sham,111,ac317ef713228209-sham,1,expertise,3,310
17fa2014e21eef8aa15f7810,active,217,5255031f6ef62524,low,expertise,3,311
d4a068229fab8e23b0eebbdb,active,217,5255031f6ef62524,high,expertise,3,312
8629f7deee6cdacb53b59468,active,506,470bdf82cb8d4347,high,risk,3,313
5137266432f1559d252658b3,active,506,470bdf82cb8d4347,low,risk,3,314
c55eda785a49ea6edfb176f3,active,225,75d90fec8f41587f,high,fairness,1,315
55a5afd97b57efca284bea56,active,225,75d90fec8f41587f,low,fairness,1,316
d26b64a1ba7848ca5d45ea70,active,314,6dc0487efdedcb8b,low,fairness,1,317
a67735cfc84407f2687ab1b0,active,314,6dc0487efdedcb8b,high,fairness,1,318
f786c7b3b80c699afada6fc7,active,214,ad6851df1a85f226,high,expertise,3,319
67e1a4c773861fc83e5f53fc,active,214,ad6851df1a85f226,low,expertise,3,320
95b17a0172d33347553563f4,active,187,d55370539a8f154f,low,fairness,2,321
fbf512bb60124d4a13000c2c,active,187,d55370539a8f154f,high,fairness,2,322
f559ccf57c52afc4e186f6dc,active,520,d09902d319bdd3cf,high,expertise,1,323
2b6f7539c093c64c28b5b160,active,520,d09902d319bdd3cf,low,expertise,1,324
b92d52d41f4e052b2cba854c,active,145,f291fc4dcdcfd585,low,fairness,2,325
14d54d733a9a8e65a783feee,active,145,f291fc4dcdcfd585,high,fairness,2,326
c82531d602d30362baa7cd6f,sham,153,a7a7e2dc24426057-sham,0,expertise,3,327
3873fcde8a3baed21ad71fed,sham,153,a7a7e2dc24426057-sham,1,expertise,3,328
ac6f9fc9229c8ae9295d6dfa,active,62,1031a80f0d3b890c,low,expertise,3,329
630807646ca0e171ee38f7ce,active,62,1031a80f0d3b890c,high,expertise,3,330
f6f2bf8efc5916340490158d,active,16,99ef9a48eaa8d916,low,risk,3,331
4ddb21a813c209e003169ed4,active,16,99ef9a48eaa8d916,high,risk,3,332
9f80e959d04031da7db6dfd7,sham,30,1b690111415f462e-sham,0,risk,1,333
34f34b52158b5027ff7eaecb,sham,30,1b690111415f462e-sham,1,risk,1,334
36d2bd5be30792de98420a62,active,524,4e323b9622125c4e,low,fairness,1,335
fe3397c523b8f1c35a4bd1d6,active,524,4e323b9622125c4e,high,fairness,1,336
006820444f04b6e860a752be,active,182,ae1e286f0e0a6783,low,expertise,3,337
d9e5be1e73bb644a87ee1620,active,182,ae1e286f0e0a6783,high,expertise,3,338
7bdf65d589b8d456fe597751,sham,78,5cc5694091fc778f-sham,0,risk,2,339
1c345be290f5dc7f4269868e,sham,78,5cc5694091fc778f-sham,1,risk,2,340
a999f1d38c65573b246e527c,active,7,5d32d15bc36bac2a,high,expertise,3,341
9cffeba95d62cb8b01ff0e5e,active,7,5d32d15bc36bac2a,low,expertise,3,342
13b58a0d3cd656d6be39c3d5,active,342,f01bd1cd13954741,low,risk,3,343
5643af388cc5b75b9cc130f2,active,342,f01bd1cd13954741,high,risk,3,344
e2c67e86fa5d1415ff043473,active,19,054e15339b5e4781,low,risk,2,345
ebc0a800998a73ec7eaf2003,active,19,054e15339b5e4781,high,risk,2,346
6aaa1929da99a085ef559392,active,198,2827f3a26e8ff142,high,expertise,3,347
0e5715f6a0bd0847c182a105,active,198,2827f3a26e8ff142,low,expertise,3,348
a9cb68708eec6b9bbdca69b4,active,569,f6bc81f677dd3910,high,fairness,2,349
5edb64edcd758228c03e5c9e,active,569,f6bc81f677dd3910,low,fairness,2,350
258c97d2200f58cecfc1db3d,sham,5,2ae0baaf0c226e85-sham,0,expertise,3,351
9c505fbe5745f7f9a562a01b,sham,5,2ae0baaf0c226e85-sham,1,expertise,3,352
85381e7fa78a59e0c7e393e6,sham,35,e41866d30efdda22-sham,0,risk,1,353
173a665c91a6c458410e4628,sham,35,e41866d30efdda22-sham,1,risk,1,354
b1b1f47b4697bff4c78a11b2,active,159,ba8d6c93190130ac,high,expertise,2,355
cbf4e06b308c139c85ecc2b8,active,159,ba8d6c93190130ac,low,expertise,2,356
85dcee2f4be49d3e33cab03a,active,185,eb0e579c8fe5544a,low,fairness,1,357
7a4f95d51ed8326fd39da331,active,185,eb0e579c8fe5544a,high,fairness,1,358
ca14c5820defe55edfdd2249,active,470,03125bfb9b191918,low,risk,3,359
e5909b343e9cbd86dab4e4c9,active,470,03125bfb9b191918,high,risk,3,360
d50d2145198aca6fe8aa9244,sham,40,d731c7fcac8967f7-sham,0,fairness,3,361
af96ea65dedeae5218d44492,sham,40,d731c7fcac8967f7-sham,1,fairness,3,362
a5abc88e82071da2cf2856fe,active,383,3123ce790134fa34,low,fairness,2,363
9d124d4cd64a66deca4e480f,active,383,3123ce790134fa34,high,fairness,2,364
8ead66674f5ffdf843b72c00,active,530,d27f89384ce792d1,low,expertise,3,365
bc6755075755c67412fd3050,active,530,d27f89384ce792d1,high,expertise,3,366
073084a234028641868a59b1,sham,169,e06376d7930bdacd-sham,0,fairness,3,367
a0a6decb45e6c8673bce013c,sham,169,e06376d7930bdacd-sham,1,fairness,3,368
f5bb492903186ce0242e3ffa,active,237,b297ef16d9adf4a6,low,fairness,1,369
c108a42f6dc9ad368c417fc8,active,237,b297ef16d9adf4a6,high,fairness,1,370
8e9080e6d3a2e8f881ac2d9a,active,124,c48d132a9fee13d0,high,risk,3,371
6685bca285f81adf93e61e74,active,124,c48d132a9fee13d0,low,risk,3,372
935b02e9814d1c1f03df2922,active,276,2589e3b5fc6d6f43,low,risk,1,373
7c96d76222b2c4897afd2988,active,276,2589e3b5fc6d6f43,high,risk,1,374
f57cf2a574c70d05ba778374,active,546,c2769dfe4fca7aa2,high,expertise,3,375
83f0dc28250ceffb8768127b,active,546,c2769dfe4fca7aa2,low,expertise,3,376
93126a452251988db75d58f6,sham,115,2f8e308aafe8af2f-sham,0,fairness,2,377
d3e7461cd25277c9d3cee873,sham,115,2f8e308aafe8af2f-sham,1,fairness,2,378
49abb37d156a26ec82898a24,sham,163,a758618c336adedd-sham,0,expertise,3,379
36d6de642c0a6ecc36854ca7,sham,163,a758618c336adedd-sham,1,expertise,3,380
62d839a741d5891cb61dab99,active,284,3dcc7f7ce4c8598c,high,risk,1,381
5e90fd028af9deb2a136493d,active,284,3dcc7f7ce4c8598c,low,risk,1,382
a2d400138aa8fe873d3194d1,active,378,97cfff2a36d878de,high,expertise,2,383
98e3af5a1bf31f3e1f07fbf4,active,378,97cfff2a36d878de,low,expertise,2,384
5919b78c7124eeeceab45299,active,553,500c111c2d9677d7,high,fairness,1,385
b3d27c2a7a4c35305c58fb48,active,553,500c111c2d9677d7,low,fairness,1,386
35047b84316bab75d2810744,active,89,bed2d80e142c18f3,low,risk,3,387
c791d1635d8bd8dee2a9651e,active,89,bed2d80e142c18f3,high,risk,3,388
86ce2c5259220bf866bfbdf0,active,507,90d83a90d40d1d06,low,fairness,1,389
4fa0e761ef63dca4e081ff72,active,507,90d83a90d40d1d06,high,fairness,1,390
02342f3be578382a2c8ae5b7,sham,92,2e56a5765e6b352f-sham,0,fairness,3,391
d4beecadad28386db066a326,sham,92,2e56a5765e6b352f-sham,1,fairness,3,392
b761b10264a0653ac99924b3,active,165,2d40fee6ec456ae8,high,fairness,1,393
36404105ff5b9004779241c7,active,165,2d40fee6ec456ae8,low,fairness,1,394
7c8e1cfb8c317e33f476a13e,active,469,56525912c7fa3468,low,expertise,1,395
cc90b9fe59e81cd3f9435396,active,469,56525912c7fa3468,high,expertise,1,396
7c198ff89da66fdef5d957d5,sham,62,1031a80f0d3b890c-sham,0,expertise,3,397
8f6fc01756622b1870c70d78,sham,62,1031a80f0d3b890c-sham,1,expertise,3,398
4a55bb1a5321d5357fed6626,sham,26,a49384cca532c3f1-sham,0,expertise,3,399
12f54405b0adf75c8a0555be,sham,26,a49384cca532c3f1-sham,1,expertise,3,400
a8496f75648dfc6e3748af8a,sham,139,a0e384b68d479a2a-sham,0,fairness,2,401
aa600625b4839b3583123165,sham,139,a0e384b68d479a2a-sham,1,fairness,2,402
9a686d00c344ddfd7608b789,active,79,aa4a04b5bf0d00ce,low,fairness,3,403
e7bd7e598ff0e48721c64ba2,active,79,aa4a04b5bf0d00ce,high,fairness,3,404
6bac7de8a24c770269b709ba,active,560,b0dac7fab1a46da0,low,risk,3,405
f693b56fdc6eeea17160f1d4,active,560,b0dac7fab1a46da0,high,risk,3,406
93669242eb1abba22e837b4f,active,434,7edf32f7efc8fb70,low,expertise,2,407
40c51cafe999677bd2059638,active,434,7edf32f7efc8fb70,high,expertise,2,408
135a51569605888e7dde6dba,active,548,1965fc0773c9a9ea,high,expertise,2,409
4a372bf04f9b9926fd34623a,active,548,1965fc0773c9a9ea,low,expertise,2,410
17b23faac3581c641a5adf61,active,248,bc7a18f5bd70775b,low,fairness,2,411
c10d5caf8e01c6b433f79ad1,active,248,bc7a18f5bd70775b,high,fairness,2,412
22577878f08e74b33e69b7a6,active,570,ab8e98cfe1366136,high,expertise,1,413
3b20096e42a165e918f4a8c1,active,570,ab8e98cfe1366136,low,expertise,1,414
4aed109939895c7a1f5abb2c,active,151,61e96e503391f75b,low,fairness,2,415
6470a11167d6ca09df74ddc8,active,151,61e96e503391f75b,high,fairness,2,416
fcb832e9e6b63dde75cb9ead,active,554,e1294c05c456250c,high,risk,3,417
5d0992636738d5ef16050552,active,554,e1294c05c456250c,low,risk,3,418
3faa671de23a06c3a06318a4,active,215,01d935d32ded580c,high,fairness,2,419
8307dd0f96e1db30a411a561,active,215,01d935d32ded580c,low,fairness,2,420
4d9691342088dfcf563aff7e,active,450,a860876f66ec3e4b,high,fairness,2,421
2f69d776b4b893953ddf2b67,active,450,a860876f66ec3e4b,low,fairness,2,422
a229ee595150e299f9b3a529,sham,121,0624317a58a8971b-sham,0,fairness,3,423
ebaabd2bb7872d3ce3fef043,sham,121,0624317a58a8971b-sham,1,fairness,3,424
17d5f4b7ed966f881a7c08ac,active,549,3ec086a4aa6570f1,low,fairness,3,425
b6f6f31cd9d7b8bf34d8a089,active,549,3ec086a4aa6570f1,high,fairness,3,426
14f2123dbc17bf7c3756dfba,sham,141,2b430dca2345700d-sham,0,fairness,1,427
92b9fe4e663f545681a6aa17,sham,141,2b430dca2345700d-sham,1,fairness,1,428
8118822ca503d65e2948132f,active,317,c8476857411f5648,high,risk,3,429
1262740339528744261192df,active,317,c8476857411f5648,low,risk,3,430
090d514f4222025ba3ac0670,active,395,8d15abf91a524714,high,expertise,1,431
4c6c8ac9e7bd711329c5b110,active,395,8d15abf91a524714,low,expertise,1,432
66ec80100832c1f653e10170,active,424,46e6613ef98f9f07,high,fairness,3,433
206e0235c931894b465953fc,active,424,46e6613ef98f9f07,low,fairness,3,434
9e03c130d988cd12ae69378c,sham,124,c48d132a9fee13d0-sham,0,risk,3,435
cecd8f77aadfc9b045bcc8c7,sham,124,c48d132a9fee13d0-sham,1,risk,3,436
e2fb1f2b1542b907dd3ebf47,active,451,254f0ab491f50819,low,expertise,3,437
f50ed59c36e274f6890df030,active,451,254f0ab491f50819,high,expertise,3,438
919ec05de23443c033c4d26d,active,503,54e7ed4a32f2fa91,low,fairness,1,439
74d7a3807227028afed83755,active,503,54e7ed4a32f2fa91,high,fairness,1,440
5473125e4644101da27c0ce2,sham,9,85450ea1e7fc187c-sham,0,fairness,2,441
b7f40a59b74e36fed52f9ad1,sham,9,85450ea1e7fc187c-sham,1,fairness,2,442
d8b1b8919fa148c64dd9d939,active,157,52876aec53b6eda3,low,risk,2,443
7de8448ab4b834351b2739e2,active,157,52876aec53b6eda3,high,risk,2,444
df1a015c633980be27007b9b,active,427,7fe4c5d760b46e35,high,risk,2,445
367bc376b8fb7c3037567532,active,427,7fe4c5d760b46e35,low,risk,2,446
273270e0a6d302fd8c08af8b,active,253,4dddbee8ed5cf550,low,risk,2,447
0ee1c4f5ce88b52c75a1ef14,active,253,4dddbee8ed5cf550,high,risk,2,448
116f5d90d9f3bd5bd4143d3c,active,435,81b23f8865076f3a,low,fairness,2,449
37d91b7000ee4c02179e9702,active,435,81b23f8865076f3a,high,fairness,2,450
02b1b5c530158e4f3625336e,active,172,90d281b79a46fdce,low,fairness,3,451
94607f0907b39ad4242e252d,active,172,90d281b79a46fdce,high,fairness,3,452
4325b2da539368d993773e0e,active,347,7acaa029da709cbb,high,expertise,2,453
86cec76b2d6127b353105164,active,347,7acaa029da709cbb,low,expertise,2,454
71105d88cbd69ed6a5859533,active,295,52ff376d4dc39811,high,risk,2,455
7d037053df1af1dd20e1d924,active,295,52ff376d4dc39811,low,risk,2,456
b5ec8ab79ecebc4817ec4db8,active,80,e27907251ac6194b,high,fairness,2,457
cc6aac70b01fb81f64bb4ee4,active,80,e27907251ac6194b,low,fairness,2,458
9799c5b486be182b98d27712,active,106,2bf121e398eb67f9,high,fairness,3,459
5c7d738e9cefdd7bd253fb35,active,106,2bf121e398eb67f9,low,fairness,3,460
07aff0caf2dbef5be6fcbaa8,active,8,6471c2df28637bc0,high,fairness,3,461
f2f632d5a11cf7bce2af5921,active,8,6471c2df28637bc0,low,fairness,3,462
c858f86d840b411a9428829e,active,483,b6c78409594cd680,low,fairness,3,463
cb8ba17cb1408b6f46cde2ef,active,483,b6c78409594cd680,high,fairness,3,464
3a0c15b7731019ec0c7c6e1f,sham,164,f500cd082d368a8a-sham,0,risk,2,465
963a8430503d961db3760eaf,sham,164,f500cd082d368a8a-sham,1,risk,2,466
a37ee3c16b6045186d683af0,active,113,f7bd6ffd624cc4a1,low,fairness,1,467
1f6c06f79591c5a664c0bafa,active,113,f7bd6ffd624cc4a1,high,fairness,1,468
ec7860e1555924e08ca6833a,sham,155,4c0aa4023240d46e-sham,0,risk,1,469
abadcca0251b3c68444457af,sham,155,4c0aa4023240d46e-sham,1,risk,1,470
7b0e8892b1f71b83deea5a42,active,229,4277e3e3454dabd2,high,risk,3,471
1b8e4fce126fa58721a0eb0d,active,229,4277e3e3454dabd2,low,risk,3,472
1f786ffc5a196653f403849a,sham,190,d02b18c5430e1d12-sham,0,risk,1,473
1480c828077944bbbe7045bf,sham,190,d02b18c5430e1d12-sham,1,risk,1,474
f59b991aa26baee9c08e2998,active,74,f5a3936bc5ce2cec,high,expertise,3,475
84609fb3cab8fa9e7933d86e,active,74,f5a3936bc5ce2cec,low,expertise,3,476
09724e5230b4ba902f4b2335,active,278,e8ebaf47a223f7fa,high,expertise,2,477
eff0ecfb7e8d0d769a020df6,active,278,e8ebaf47a223f7fa,low,expertise,2,478
31eb2f5f0d324578f172dc88,active,447,a1e729f6f52cf185,high,fairness,1,479
13cbbe4a9975f2491b0cac89,active,447,a1e729f6f52cf185,low,fairness,1,480
81685f71d0193b2e1e6e106e,active,445,066e135efe904b45,low,expertise,2,481
4278a9f28577b02b78315454,active,445,066e135efe904b45,high,expertise,2,482
27fe36c3ceb7e88531a3b96b,sham,70,98ce04416315a305-sham,0,fairness,3,483
3553b1fb2487acca7b4202bb,sham,70,98ce04416315a305-sham,1,fairness,3,484
888dc9b6c2b2f001c907ddc1,active,96,45ff8d79531bb053,low,risk,2,485
285f1348c5c67db1c3a6eddb,active,96,45ff8d79531bb053,high,risk,2,486
4d3c1a8fac01febf89d7d19f,active,562,20dd52139641716b,low,expertise,3,487
4f54ffe817c4daad64d41b37,active,562,20dd52139641716b,high,expertise,3,488
ab620dbbc3815f593ec9ecfe,sham,97,f890312423a9c787-sham,0,expertise,2,489
055368c4cf66450e624085ee,sham,97,f890312423a9c787-sham,1,expertise,2,490
9b94116f9e73ddc8d0495b6b,active,260,b6fd0c64f784a076,high,risk,1,491
ddb584aa551e4da45da4ec0e,active,260,b6fd0c64f784a076,low,risk,1,492
b0902815e509e08167e97bf1,sham,56,727e34feb92e5d02-sham,0,expertise,1,493
170235da90a05398b4fce0ea,sham,56,727e34feb92e5d02-sham,1,expertise,1,494
70902251b5df665b31c6c8f4,active,34,12d45c8fe51a6822,high,risk,3,495
64236c0141f40c3cfe58f880,active,34,12d45c8fe51a6822,low,risk,3,496
a7e60816d5a477b2b06e02bf,active,121,0624317a58a8971b,high,fairness,3,497
16fe01611e38bc4c743147d2,active,121,0624317a58a8971b,low,fairness,3,498
dd930ed95a74c8c8dc30c352,active,357,23fdb1a33b5d660f,low,risk,2,499
f619f92a5e108409e911a709,active,357,23fdb1a33b5d660f,high,risk,2,500
a10e70a3828e7faa6eaa1f1c,sham,42,4b6c7cd21af724c4-sham,0,fairness,1,501
8c5315fca75e8b272370cb4e,sham,42,4b6c7cd21af724c4-sham,1,fairness,1,502
d329dc0fc41a8361fda3ad41,active,423,8f66a607556ba6a1,high,fairness,3,503
063711c30bc87d9c2e5b167c,active,423,8f66a607556ba6a1,low,fairness,3,504
3f6591829b564a97bc36a24c,sham,134,b5421eafcd52ee9f-sham,0,risk,1,505
6e66d97ddbccbb26a46123a2,sham,134,b5421eafcd52ee9f-sham,1,risk,1,506
db6777ba4011b8dc180cbfdc,active,322,efa7938a2119fc9e,high,expertise,1,507
076baa152164c082b962467d,active,322,efa7938a2119fc9e,low,expertise,1,508
77bd3361ad09e6a8d498016f,active,339,639e6a6e70386745,high,risk,3,509
e444566daf7a7a1fd64c60bf,active,339,639e6a6e70386745,low,risk,3,510
cc803dcbcc5631d81979c840,active,481,4cad0a41d4fb376a,high,expertise,2,511
11e3dcda6661c6dc9d3cc048,active,481,4cad0a41d4fb376a,low,expertise,2,512
e12414a4dfa18c9f6d2b9715,active,9,85450ea1e7fc187c,low,fairness,2,513
886eef21859ffd214dd6e091,active,9,85450ea1e7fc187c,high,fairness,2,514
f4c7ff425bfc41c1d46f1292,active,380,db7252bc5bf80427,high,risk,1,515
d91a1bb81e50090d85b57be6,active,380,db7252bc5bf80427,low,risk,1,516
8adb6fd3685321d513de7d6d,active,343,51a2d0fa2d31173d,low,fairness,1,517
487f3f5a1710f323bf204abe,active,343,51a2d0fa2d31173d,high,fairness,1,518
0e4ab2de651fc497c36cf34a,active,212,63df293e66e93736,low,expertise,2,519
d0570625de5f22f22ce2c470,active,212,63df293e66e93736,high,expertise,2,520
6916fa94a8b0f2b84cdf5a57,active,365,eec8254ec5be7e91,low,fairness,2,521
c33a1b5716de94e8386ae499,active,365,eec8254ec5be7e91,high,fairness,2,522
fbc56d82aafa9e3fd1fada2d,active,108,fb1b547863001b67,low,risk,2,523
b4f5bd3c351da7ef80b2995d,active,108,fb1b547863001b67,high,risk,2,524
3066510421462c48b95f2955,sham,0,58cb4a46d36b9ba1-sham,0,fairness,1,525
ec8c4073553319fcc8edcd5e,sham,0,58cb4a46d36b9ba1-sham,1,fairness,1,526
98280b495d698c8c2b7f9289,sham,21,467e6738af24c004-sham,0,risk,2,527
c6e2ce90cd84980c8c1565f7,sham,21,467e6738af24c004-sham,1,risk,2,528
ad442187d46e3ec923f6f08a,active,403,cf8c9c4ea5366ba7,low,expertise,1,529
a22b4a7fa3cddf97c4197ae3,active,403,cf8c9c4ea5366ba7,high,expertise,1,530
88a18ff16b5b05b17e6d8b83,active,372,4d91fd7ad0237010,high,risk,2,531
81ce1663d2a6ae1424184aee,active,372,4d91fd7ad0237010,low,risk,2,532
8fbd1c8160cd2a96f0e57b6c,active,421,1d100d9e092b4126,high,fairness,2,533
1c8ee71c7e1fe1b0fe980cb2,active,421,1d100d9e092b4126,low,fairness,2,534
1f12a2df5f0bd13f22bab473,active,482,822c94e785f66afe,low,expertise,3,535
d2d169969133f27305d9ccdb,active,482,822c94e785f66afe,high,expertise,3,536
152b46418c459dbb5405a89d,active,240,096e93260ad83e37,high,fairness,2,537
71713d985cdce8dd80856069,active,240,096e93260ad83e37,low,fairness,2,538
3b4f53b369f61c6e692fce5c,active,55,32bcf1215f91c5ab,high,expertise,1,539
eca705027fb59d4f646ef26e,active,55,32bcf1215f91c5ab,low,expertise,1,540
97b852461e530b5b9601d3e3,active,400,e264c2f4b5b13fb2,high,risk,3,541
653558af341f0e2647f24224,active,400,e264c2f4b5b13fb2,low,risk,3,542
282024b6c6726f090ae703dd,active,211,e9e48ef7171aaebd,low,fairness,3,543
00125fa5d5f54b2284293162,active,211,e9e48ef7171aaebd,high,fairness,3,544
e3da973e5438ead232bb4a01,sham,53,0b597c4d267b1a07-sham,0,risk,3,545
bde6522d8044f7213862f49b,sham,53,0b597c4d267b1a07-sham,1,risk,3,546
c1faf6586ae74162c317a41c,active,462,4f3e87b7e5d64b76,high,fairness,1,547
e7f4147e6e413cd5d01041ad,active,462,4f3e87b7e5d64b76,low,fairness,1,548
bf1d6b32f0b9adc8466e1407,active,71,5f002473e0712caf,high,risk,2,549
ec9a1b90acae1f117746e96c,active,71,5f002473e0712caf,low,risk,2,550
ba574ab4080e8082c16708d7,sham,31,f1c5265c04abff06-sham,0,expertise,1,551
21066f50814986b4674909ef,sham,31,f1c5265c04abff06-sham,1,expertise,1,552
dd6fe946a9c942fc6e240ddb,sham,61,3933e29440aa32e0-sham,0,expertise,3,553
fdd88ae4df48959181343a87,sham,61,3933e29440aa32e0-sham,1,expertise,3,554
f6d77607ab0ec33c2efd398a,active,455,e1497e62de0ef31a,low,fairness,1,555
44e895b7f18332510e1a7375,active,455,e1497e62de0ef31a,high,fairness,1,556
08de716e419ee53bebb15f45,active,382,c175bb9da4d829b6,low,fairness,1,557
a1c8315b5c71ee572ea3852a,active,382,c175bb9da4d829b6,high,fairness,1,558
e959f6174e42f636ea3140a3,active,379,4673ba2263deb40a,low,expertise,3,559
7b5543dbe48f9dd3cd4b213f,active,379,4673ba2263deb40a,high,expertise,3,560
218d35220901f24158225b86,active,202,ef7fc8bcf4788a64,low,expertise,1,561
e7ea46b1eb4e394a74effdb5,active,202,ef7fc8bcf4788a64,high,expertise,1,562
c2215515164b890851d54b2e,sham,54,26ee7935cc4f71b5-sham,0,expertise,2,563
bcbf0aceddc95df03c3f78a0,sham,54,26ee7935cc4f71b5-sham,1,expertise,2,564
51c376bc8ed9defa1717a4bd,active,497,75ba0425fc34ac2c,low,expertise,3,565
06b62ebc6688ff4941c7259e,active,497,75ba0425fc34ac2c,high,expertise,3,566
3085716b6b291c560eed8415,active,555,75a2322001205dea,low,expertise,2,567
07061ccc84e5ac00fef91ce7,active,555,75a2322001205dea,high,expertise,2,568
9f21fb8bcace52a26d08985b,sham,34,12d45c8fe51a6822-sham,0,risk,3,569
72b7d165e38a3d1583a934e3,sham,34,12d45c8fe51a6822-sham,1,risk,3,570
2f237a59bfcf5eea91bac21e,active,358,ccb9427af7e1c637,low,fairness,1,571
3f7a7a664e7373453b1fc3f7,active,358,ccb9427af7e1c637,high,fairness,1,572
ddb888f49b8f0fd46189016b,active,26,a49384cca532c3f1,low,expertise,3,573
7492db15d96880d548a76293,active,26,a49384cca532c3f1,high,expertise,3,574
04b066af5393cad515c521fe,active,156,c717c6b6a1c7bee9,high,expertise,1,575
35f7b7472091816a0d3f7fdd,active,156,c717c6b6a1c7bee9,low,expertise,1,576
a15b3f307d238f671a58484e,active,259,c8681e3aa0f29379,low,fairness,1,577
819bb39c16b17b4022b31ee4,active,259,c8681e3aa0f29379,high,fairness,1,578
8c7429272310915197c95263,sham,50,6838e9cf970aa782-sham,0,risk,3,579
d90e2645b520f2fef0c013d6,sham,50,6838e9cf970aa782-sham,1,risk,3,580
5ddc13a2e6954c94dff13e9c,active,117,68b09d4a85b1b4cc,low,fairness,3,581
03baeb1d8e641f1855af5004,active,117,68b09d4a85b1b4cc,high,fairness,3,582
10f1c9ceb19e88384dfee3a2,active,200,d6fab2149c08491d,high,risk,3,583
a9415b2d049c400d40d8e699,active,200,d6fab2149c08491d,low,risk,3,584
cb2b5c94ed29fd7d2ef2447f,active,241,2eb82468c5934de2,low,risk,1,585
c0811ba41fe8fe5567c53e3e,active,241,2eb82468c5934de2,high,risk,1,586
f25d12f2ceaaa4f081151a1d,active,75,44a4927aa80fea10,low,expertise,2,587
f3a1fadf4f78c966a0cbedc1,active,75,44a4927aa80fea10,high,expertise,2,588
3e4378b9b6720edef0a25546,active,132,307b01eddb6dc956,low,risk,3,589
553234d7c0f7c49d84c15242,active,132,307b01eddb6dc956,high,risk,3,590
e848f9022743305bb0e1337f,active,128,716f99eb528d787d,high,fairness,3,591
debd7a4927017167a7ea09d4,active,128,716f99eb528d787d,low,fairness,3,592
16ac56046d5585cf0ddf857c,active,386,bf7438573bdd463c,low,fairness,3,593
02a995926ca3f92112b54c55,active,386,bf7438573bdd463c,high,fairness,3,594
64bb6a0a5b77407c9888560a,active,371,dd1f74d03ee9e07f,high,expertise,3,595
1b141b2a8e789c5a1029c2b0,active,371,dd1f74d03ee9e07f,low,expertise,3,596
cef652630ac43b197c459d99,active,197,e78fa08e80947e68,low,risk,2,597
8702ec11ee86d22121f25247,active,197,e78fa08e80947e68,high,risk,2,598
c3032e366b15edafb8503dec,active,226,6f04cc6227f08a36,low,expertise,3,599
abc2b016894b3e4dfedc49fa,active,226,6f04cc6227f08a36,high,expertise,3,600
75d203bca748dc9f2c2a8cc4,active,326,eebfe84c13fa18ae,low,fairness,3,601
2b62f158d33ea4cfb1d444dc,active,326,eebfe84c13fa18ae,high,fairness,3,602
0e017ce259efb32f70b57ad1,sham,176,08c532ddd95a23c7-sham,0,expertise,2,603
e154e371a2a1a11d9b8275c4,sham,176,08c532ddd95a23c7-sham,1,expertise,2,604
cb15c40441a40a0227a4d29f,active,334,d7849b471932917a,high,risk,2,605
b6ef56acdc55f819f2dab921,active,334,d7849b471932917a,low,risk,2,606
43eca71accdad7af3f21ff4e,active,220,3e7f079ba2ea548e,high,risk,3,607
79c70ea556cd73d7d7a4e733,active,220,3e7f079ba2ea548e,low,risk,3,608
79dfdf261852e153862b87ea,active,32,aa588f5dc8685b64,high,expertise,3,609
6a2a9c853e877386ce00570c,active,32,aa588f5dc8685b64,low,expertise,3,610
c145a68f8411166ebea67720,sham,7,5d32d15bc36bac2a-sham,0,expertise,3,611
febde713d172461967b0918d,sham,7,5d32d15bc36bac2a-sham,1,expertise,3,612
9f8826a7dfb804464a2f963f,active,265,8b8fa726a3cbd5e4,high,fairness,3,613
3c51af4848c992b44f75149c,active,265,8b8fa726a3cbd5e4,low,fairness,3,614
b8bec75fe4868437c09d4a6f,active,111,ac317ef713228209,low,expertise,3,615
32689ece29f73ee6d5f11b36,active,111,ac317ef713228209,high,expertise,3,616
fb7d6658edfef4447277b299,active,98,d0842a2a35481102,high,risk,3,617
3c2d6cc074c7a90e4cb035fa,active,98,d0842a2a35481102,low,risk,3,618
14be67941ceb6c99d3c2d487,active,540,bb8c627c0cd70f92,low,fairness,2,619
36c55cdd5eeb0585fb95d769,active,540,bb8c627c0cd70f92,high,fairness,2,620
e618bca09aacfff68226ccc0,active,135,65e4794d16ad1058,high,risk,2,621
b3089c8f4b39f67a1b6a2a95,active,135,65e4794d16ad1058,low,risk,2,622
815b64d27802c462d9f5d46c,active,136,bc6a82336b684f91,high,expertise,1,623
c1ebf0e806af8e3180b128a9,active,136,bc6a82336b684f91,low,expertise,1,624
6f8920ae746bd62f2535abda,active,65,8af3915b1230dad9,low,risk,2,625
911f6c19d7868f6fdbc70188,active,65,8af3915b1230dad9,high,risk,2,626
d256e67f3ff884f31a428ccf,active,234,80e937a4ac1643a5,high,risk,3,627
ad65dd3643c3822e9dd62fbe,active,234,80e937a4ac1643a5,low,risk,3,628
38b04b9936efa4914cdc4075,active,47,c936726bdab51475,high,fairness,3,629
a24bf3ed4bd0b8f33fa338c6,active,47,c936726bdab51475,low,fairness,3,630
53bb7f3ae20f97d3ff4fef85,active,526,ec39dadc9b396a70,low,risk,1,631
f543e3ae4b447b43c154f733,active,526,ec39dadc9b396a70,high,risk,1,632
9e66acc337d8136ec0eba7b3,sham,135,65e4794d16ad1058-sham,0,risk,2,633
9d0d4f7831a7f587a869e229,sham,135,65e4794d16ad1058-sham,1,risk,2,634
5fc0fcffdcac8dabb26d1911,sham,161,16c2f6d4c3d1cf92-sham,0,expertise,2,635
357cd896ea39180eb147d4a3,sham,161,16c2f6d4c3d1cf92-sham,1,expertise,2,636
a1a641704d085ce043634136,sham,105,37313d050383d5bc-sham,0,risk,3,637
fec6900b4f14d290b0334a92,sham,105,37313d050383d5bc-sham,1,risk,3,638
4c5e861eea642baf8ed6d5e3,sham,171,021b348e370270d3-sham,0,expertise,3,639
d73f90339716b0238af4127c,sham,171,021b348e370270d3-sham,1,expertise,3,640
6e7a14d07b728cac55e6d4ac,active,444,261d41e53cfa0902,high,expertise,1,641
14f2fbf35f8c66271216d91b,active,444,261d41e53cfa0902,low,expertise,1,642
1ec272f022535e54fa85a24b,active,466,0994c4153e0a49b6,high,expertise,1,643
08f8635f1b5e7a1f0bb05f0a,active,466,0994c4153e0a49b6,low,expertise,1,644
1f33cab76d21443baa9b5626,active,464,27a831f251933825,high,fairness,2,645
3a49d838e92a5295d011ec2d,active,464,27a831f251933825,low,fairness,2,646
b81325b53464c50dca9cd9aa,active,166,dc127b7915f0326f,low,risk,1,647
5b4b364678ab6613ecae1530,active,166,dc127b7915f0326f,high,risk,1,648
ac8179f9a19e613435c24336,sham,160,0f2981f42d0a8075-sham,0,risk,3,649
e7523e35ec0c1f3df67d7eea,sham,160,0f2981f42d0a8075-sham,1,risk,3,650
b49e784a4dde8a97426fbcc7,active,269,b11c1ae501145c31,high,risk,2,651
351e0ef75cedf4f9da0afafd,active,269,b11c1ae501145c31,low,risk,2,652
6acb9d6c6fb649b300485974,active,196,799ba5a1b4eb237b,low,expertise,1,653
e9a31ca86b6db78ae6b38c9d,active,196,799ba5a1b4eb237b,high,expertise,1,654
41acee1bc70211f2e911309c,active,43,104a165fc693c5d0,high,fairness,2,655
2756a01069d08a13a96d8fc4,active,43,104a165fc693c5d0,low,fairness,2,656
aa6601d261ac627e2225eb41,active,213,62c411af4d197844,high,fairness,1,657
bcc056b24e0b3a89a7306e76,active,213,62c411af4d197844,low,fairness,1,658
24737d2efc63ae9654b636e4,active,224,70260549f9941a86,low,expertise,2,659
539b599152388cc34f811e5e,active,224,70260549f9941a86,high,expertise,2,660
fbd43e23cacb5fb3bb99a2ed,active,147,ae719b61001f2628,high,fairness,1,661
400b037f13ad725f1a51ad03,active,147,ae719b61001f2628,low,fairness,1,662
42c9699b69695712637106a4,active,131,5908698aef6d70d0,low,risk,1,663
ef61cf93706b2e433e6f85bf,active,131,5908698aef6d70d0,high,risk,1,664
ea53f0fd108f82b0dc3e4b79,active,480,948ff324cdfec9ca,high,risk,2,665
5ca321604187eedc08dabcde,active,480,948ff324cdfec9ca,low,risk,2,666
81b002e9fa163ca18d6dd6e3,sham,13,e12ef720002d7366-sham,0,expertise,2,667
7cf51c264eadd39d65df6a11,sham,13,e12ef720002d7366-sham,1,expertise,2,668
79eb7026bd5f6a5e41c31680,active,281,f27552480bf83819,high,expertise,3,669
f5005a1b25f878995430ae3b,active,281,f27552480bf83819,low,expertise,3,670
f8021ffd3cc014df850ae035,sham,99,0afc3b31a8ed2870-sham,0,risk,1,671
47301dd22a255e9c530fdae5,sham,99,0afc3b31a8ed2870-sham,1,risk,1,672
0b7bb2fd04c6aae7dfe05db5,sham,159,ba8d6c93190130ac-sham,0,expertise,2,673
9bc44a36aa259f1a7b50bd0a,sham,159,ba8d6c93190130ac-sham,1,expertise,2,674
40443bce85d41f348b8454ba,active,126,a14f3224d82d49dc,low,expertise,2,675
20c56434b75c4051fc534444,active,126,a14f3224d82d49dc,high,expertise,2,676
79726374571d30049da18810,active,533,32ed7b140085ce68,high,fairness,2,677
e20cf66a5dd1ee15b9f58e15,active,533,32ed7b140085ce68,low,fairness,2,678
e65509da4a4c15409df714ee,active,318,58feeb4f8623edb6,high,fairness,2,679
d40bc8a5b4142355c22262a3,active,318,58feeb4f8623edb6,low,fairness,2,680
393156e8759d9af149dac2ad,active,471,20b96d30a588610c,high,risk,3,681
a9faaf500790082cdfcf3948,active,471,20b96d30a588610c,low,risk,3,682
21890c6fd5c1d79a437c924a,sham,151,61e96e503391f75b-sham,0,fairness,2,683
8e09c74cc6053ad9af7908e4,sham,151,61e96e503391f75b-sham,1,fairness,2,684
5dd85240d684063e09d096b5,active,415,97477da29dd2bd5d,low,risk,2,685
d73a48f5a9b15f50fccffb50,active,415,97477da29dd2bd5d,high,risk,2,686
6832397cdcad0365c4dae480,active,467,5451aba6c2fb13e0,high,expertise,2,687
1d434c495de90a07941bf9f7,active,467,5451aba6c2fb13e0,low,expertise,2,688
a2a103ad35bbf2aee33d2883,active,414,91ff7c41615296c4,low,expertise,1,689
9c7d17d4fa9f44b8c005f160,active,414,91ff7c41615296c4,high,expertise,1,690
0cf82af85c5791afa6df198c,active,356,1eb5934afbf161bc,high,risk,1,691
7f1a82d109eb2bf9daeae40a,active,356,1eb5934afbf161bc,low,risk,1,692
525db89145833b1403f3a376,active,315,68d267497c7044d9,low,expertise,1,693
862ffbac3faba613ddeb3b03,active,315,68d267497c7044d9,high,expertise,1,694
f2d14f20e2d11c5de9455296,active,539,5a04b7f95fc01710,low,expertise,1,695
6c3e15ca51b3a751f12c6d98,active,539,5a04b7f95fc01710,high,expertise,1,696
d79e95d3641300ce1c21be13,active,484,73dbe44222657599,low,fairness,2,697
d0d3467c148d0ba13a56878b,active,484,73dbe44222657599,high,fairness,2,698
94a60e3dd549daa5fb8f0e2b,active,460,796461e2b0659cbc,high,risk,1,699
fcc2e7619b92265e42ca5857,active,460,796461e2b0659cbc,low,risk,1,700
f89e5b80da1c70f4c962602c,sham,116,4166e8520343901a-sham,0,risk,1,701
be6dfdb289f28631dee7afec,sham,116,4166e8520343901a-sham,1,risk,1,702
984835fa27f0b27ea156062f,active,33,352d7c710ed92c1e,high,fairness,3,703
e164d0dda6be5419788a6308,active,33,352d7c710ed92c1e,low,fairness,3,704
2635c8cffd79f85c8b45c47d,active,299,b5341ae46e6b8676,high,fairness,2,705
5c4c7948e00a04a34b94edff,active,299,b5341ae46e6b8676,low,fairness,2,706
339d693c83498c9d8f40e91e,sham,175,d8aaf2051f8dbe7f-sham,0,risk,1,707
252c1e740a98b8116c6bc139,sham,175,d8aaf2051f8dbe7f-sham,1,risk,1,708
8a3252cfe1780127a8cedf7a,sham,117,68b09d4a85b1b4cc-sham,0,fairness,3,709
72340681c8d09ef285ad9e3b,sham,117,68b09d4a85b1b4cc-sham,1,fairness,3,710
83cf5d850772c738de27bd75,active,247,7daa943f345b4878,low,risk,2,711
df84d7b9cecf35acb2c71c53,active,247,7daa943f345b4878,high,risk,2,712
dc1d4d3d56ab93de73756469,active,293,6e4863bc9031c68c,high,risk,3,713
2fd85306826b654449dea1ac,active,293,6e4863bc9031c68c,low,risk,3,714
81e02eddc5b236b898af1776,sham,43,104a165fc693c5d0-sham,0,fairness,2,715
3a9defa63e4f9cc008d83be9,sham,43,104a165fc693c5d0-sham,1,fairness,2,716
e3c1c4e9714441871982c1a6,active,176,08c532ddd95a23c7,low,expertise,2,717
faca49c15c0650ef0f2c6fb9,active,176,08c532ddd95a23c7,high,expertise,2,718
a44e5aa75e03e720c38f9df5,sham,145,f291fc4dcdcfd585-sham,0,fairness,2,719
aba349694573df9083705b76,sham,145,f291fc4dcdcfd585-sham,1,fairness,2,720
d9c5eb9adc05042691d586bb,sham,140,38384eba9a7f7d40-sham,0,risk,2,721
1196bc789c28bdaa68ea8cc5,sham,140,38384eba9a7f7d40-sham,1,risk,2,722
3ba3c1bc6c2d28ba7da32421,sham,1,e948b12b3341024d-sham,0,fairness,2,723
36747569a89c386113b760d8,sham,1,e948b12b3341024d-sham,1,fairness,2,724
b6a7eccbf902b356a73a4afa,sham,45,d0e69a75ed4bceef-sham,0,expertise,1,725
a6538a351e9390d708db3055,sham,45,d0e69a75ed4bceef-sham,1,expertise,1,726
f74ffee446f623effdc09039,active,282,203933503bce330d,low,risk,3,727
2ab73338fe8c1d32de71d53a,active,282,203933503bce330d,high,risk,3,728
8c3636baa9c5d7a70d951f04,active,376,6a73fef931eca830,high,expertise,1,729
28efb6ad99f358eea5678807,active,376,6a73fef931eca830,low,expertise,1,730
c6b411c7d759b522d6f9a22b,sham,118,c3c7cae1d843f939-sham,0,fairness,2,731
790fa857288f2d055744fe1d,sham,118,c3c7cae1d843f939-sham,1,fairness,2,732
38dcd8d5fc5504b2c564007a,active,289,67ea8d921fea83f4,low,fairness,1,733
492e55873dc4060ec8f652e8,active,289,67ea8d921fea83f4,high,fairness,1,734
17654b92a287e7cf03995cec,sham,129,808e957568c09ef1-sham,0,fairness,3,735
786655a6fcce8792f9496b05,sham,129,808e957568c09ef1-sham,1,fairness,3,736
19503d37a2a6f9637c7f4e29,active,461,2de7d55f4b2b9e19,high,fairness,3,737
9d6d2f5d165d3945af8bf4ff,active,461,2de7d55f4b2b9e19,low,fairness,3,738
95daf1fcabc50b734957e48f,sham,46,44cc4f7ea776e565-sham,0,expertise,2,739
8fbf817e3956e4d44a8c01a5,sham,46,44cc4f7ea776e565-sham,1,expertise,2,740
34f04eb057aea7c843f955a7,active,327,25b36c5e68570aaa,high,expertise,2,741
9a178ef5ccf7ed8731874377,active,327,25b36c5e68570aaa,low,expertise,2,742
5cccc3f0616b4e037a05928b,sham,182,ae1e286f0e0a6783-sham,0,expertise,3,743
6f8c1d5e780801ac38d3a413,sham,182,ae1e286f0e0a6783-sham,1,expertise,3,744
91122af9a0b7ad9eaa2eb9cb,active,125,baf6d0e3aafc065d,high,risk,2,745
b078ff92ec5ff99b4922d63d,active,125,baf6d0e3aafc065d,low,risk,2,746
fc63f370f6ba2424262591c5,active,221,32038cdd56fb6b76,low,fairness,1,747
9c3d06dda37e5c800ed61840,active,221,32038cdd56fb6b76,high,fairness,1,748
d8470875436b2798d0882375,active,27,445ea3cfd4f4aa4b,low,expertise,2,749
4655aa8b5e20aaca2703d2d4,active,27,445ea3cfd4f4aa4b,high,expertise,2,750
aa5a5c283fec2e4ed4f27906,active,288,db54f3c42b1bf246,high,expertise,3,751
d351117dba8de601a36bc4c2,active,288,db54f3c42b1bf246,low,expertise,3,752
9308854e063c84c360a52947,active,21,467e6738af24c004,low,risk,2,753
f5d4c331573c140767ee1d4f,active,21,467e6738af24c004,high,risk,2,754
f2591bff3affd1d96402bd03,sham,65,8af3915b1230dad9-sham,0,risk,2,755
6cd61d85920778cbf562e75e,sham,65,8af3915b1230dad9-sham,1,risk,2,756
88801899c79dcbf987e5de5c,active,203,0069ad76d832d6b1,low,risk,3,757
355bd48052febc62822cd2dc,active,203,0069ad76d832d6b1,high,risk,3,758
a8f02e4ba609f726265aa364,active,324,5b801c93538bea0a,low,fairness,2,759
61fed1d86eb88a8e57b9f334,active,324,5b801c93538bea0a,high,fairness,2,760
2c66d56d3010c49d70de60ec,active,76,039a0a3b3abd1fac,high,risk,3,761
e99473261b2e290f7b2640f4,active,76,039a0a3b3abd1fac,low,risk,3,762
b7c2145908487aaca50a3b68,active,544,47220e8c9e3c8113,low,risk,3,763
f300d8dd64be2a3a957aa7f1,active,544,47220e8c9e3c8113,high,risk,3,764
11cee0f9d6520355911a1e0d,active,275,0351e819c1ef233c,high,expertise,1,765
582ec4e72273f14510e4a298,active,275,0351e819c1ef233c,low,expertise,1,766
a3793a456cf1a1cc4c0ce4b1,active,401,04f154a2e2cb19ca,low,fairness,1,767
c57b60f4a34d3189bd3f953b,active,401,04f154a2e2cb19ca,high,fairness,1,768
9a820d984c4bd43825d06cd4,active,388,d2a12b85fd3fd9bb,low,fairness,1,769
786d586335a3078520b08c5a,active,388,d2a12b85fd3fd9bb,high,fairness,1,770
5904fd8393b6a9fdd586376e,active,405,a6c3befdf790c7c6,low,expertise,3,771
d9bc1b428d22f2d0b21651d8,active,405,a6c3befdf790c7c6,high,expertise,3,772
1e266b97534a409fd73f0f2c,active,15,f1359c2b608ee22c,low,expertise,1,773
2c56b89fade7de24ce4f9892,active,15,f1359c2b608ee22c,high,expertise,1,774
fe3c177290597efc5b7866bb,sham,39,a7fce57758d3a149-sham,0,risk,1,775
411560ea608dc9a4f56d2cbb,sham,39,a7fce57758d3a149-sham,1,risk,1,776
6a5962a2574b27a7814fca19,active,228,abf7bdd14b9bc361,high,fairness,2,777
b9e75c03135b9cb5e4665623,active,228,abf7bdd14b9bc361,low,fairness,2,778
5c907ebc01a9df4c9c9abd04,sham,193,dc73fdd9c1a4fd56-sham,0,expertise,1,779
7ae0551c53a1e5ed9d0d7854,sham,193,dc73fdd9c1a4fd56-sham,1,expertise,1,780
814c51ed2017db46f157c307,sham,93,d73d1f42440d38b1-sham,0,fairness,2,781
3ab687fad47730a66f396e35,sham,93,d73d1f42440d38b1-sham,1,fairness,2,782
8f5765e94c28c0f2b6840e0b,active,193,dc73fdd9c1a4fd56,low,expertise,1,783
d459a072b27d2b23353060f7,active,193,dc73fdd9c1a4fd56,high,expertise,1,784
af0609df0b4e66fd09817553,sham,138,127136eae291c9b2-sham,0,expertise,1,785
95268d0a5066898df47fd82c,sham,138,127136eae291c9b2-sham,1,expertise,1,786
4df32ae5f91b25275c894bb5,sham,165,2d40fee6ec456ae8-sham,0,fairness,1,787
1cf1f4a29e65690346236097,sham,165,2d40fee6ec456ae8-sham,1,fairness,1,788
7e1e9a3d1f6bebb3da354011,active,381,f0749a3a5f553e71,high,fairness,2,789
21b4cbd985bb64258bb060b9,active,381,f0749a3a5f553e71,low,fairness,2,790
5714783597411241356b0355,active,72,6335db0f3b51a7d7,low,risk,2,791
1c43fa9a818c04eb74cd2bf4,active,72,6335db0f3b51a7d7,high,risk,2,792
98e15d614d1fac987b420b2d,active,205,2b875d8258a82add,low,risk,2,793
38f96818d10bb3e9aa33f242,active,205,2b875d8258a82add,high,risk,2,794
9290b5a6082b6fa699eb2cbb,active,86,3b97533d152e704b,low,fairness,1,795
bb17c9d1ced0818f48650214,active,86,3b97533d152e704b,high,fairness,1,796
739928322e40ce8f119ab841,active,180,f845551b4d74d88c,high,risk,2,797
bd56f6051586f59ff3befb06,active,180,f845551b4d74d88c,low,risk,2,798
6f40348516a1109a87dd2969,active,305,8be26cc41490f6e0,low,expertise,2,799
c2cb7081055622ccc024070e,active,305,8be26cc41490f6e0,high,expertise,2,800
d25519fd6e3d891d98b26759,active,24,e119c4df0e4ed09e,high,expertise,2,801
91b1f729781b12084edc9324,active,24,e119c4df0e4ed09e,low,expertise,2,802
99d8fc27418961953b138cb6,active,510,4426ef31b86025c9,high,fairness,2,803
1707033a5a82c6beb9a93e9f,active,510,4426ef31b86025c9,low,fairness,2,804
c84386013a11d79325ab4a3c,active,164,f500cd082d368a8a,low,risk,2,805
67dcb036219dc1109e5740fa,active,164,f500cd082d368a8a,high,risk,2,806
5163c9fdb3c4063cc2931163,active,49,262ce2f75f083062,high,expertise,1,807
110efc2e0fe545aa9bcbd6ed,active,49,262ce2f75f083062,low,expertise,1,808
678810ee56461db88e694b8f,active,255,caa0aeec5e14201d,high,fairness,2,809
bdd3c3bebeacbbb926327a8e,active,255,caa0aeec5e14201d,low,fairness,2,810
04a4c8449e1e90f88453dd6f,active,251,28a6f0e647e25b7e,high,fairness,1,811
c9dd12862dbb068ffa0783a5,active,251,28a6f0e647e25b7e,low,fairness,1,812
9de93e98a5c13cccb78bb33f,active,433,4340b201f49a1156,low,expertise,1,813
d36a382bd25f9b68f681bca6,active,433,4340b201f49a1156,high,expertise,1,814
b5cbcc4fb61e2b848933bd05,active,487,79bee48ee016cd84,low,risk,1,815
58253f77e53bd2faf6c75f1b,active,487,79bee48ee016cd84,high,risk,1,816
d6417447ac6f0f7345fa80a0,active,486,cb57f517301066e3,low,fairness,3,817
b104bca273342655ef3da7e1,active,486,cb57f517301066e3,high,fairness,3,818
3012dde93f1d3e29d436eefe,active,56,727e34feb92e5d02,low,expertise,1,819
9d82073b743a4ea1b80fe2f4,active,56,727e34feb92e5d02,high,expertise,1,820
85ec413b4f40ca1b2bfe8e25,active,45,d0e69a75ed4bceef,low,expertise,1,821
898a2e75f7adcf8fa52c7255,active,45,d0e69a75ed4bceef,high,expertise,1,822
247341bc0848636fe7b85e3e,active,158,bdb7d4cd7c932ca8,high,expertise,3,823
9d36048bb89946844c0f7538,active,158,bdb7d4cd7c932ca8,low,expertise,3,824
99a9153452a7cdd9a0c51d1f,active,68,e3a293e18a475031,low,fairness,2,825
9527f8706e89d84fa777d7eb,active,68,e3a293e18a475031,high,fairness,2,826
e8471d84b441c9e62dedfddd,sham,48,2d2ee214727ae124-sham,0,risk,1,827
2ed5f3a5e49e0666d7b0f7ae,sham,48,2d2ee214727ae124-sham,1,risk,1,828
f680e63f452cc32b9f670005,active,218,e58631b5b13664e3,high,fairness,3,829
ce67f7ca493f7050964ff9c3,active,218,e58631b5b13664e3,low,fairness,3,830
b364fe79bca34a143748363f,active,116,4166e8520343901a,low,risk,1,831
dce32ef9c58d0baf9c456410,active,116,4166e8520343901a,high,risk,1,832
512cf586006a78da3bb90631,active,556,fb7287c7f2f2fcd0,low,risk,2,833
0bb30046e11595dc7b5193b2,active,556,fb7287c7f2f2fcd0,high,risk,2,834
8d524a85167c12a44a50d1fa,active,391,8cf683c07ee61a17,high,expertise,2,835
d1802518839a0523270fe254,active,391,8cf683c07ee61a17,low,expertise,2,836
ce8e5ef3ab57915decb9f76d,active,541,70017450c981a3d3,low,expertise,1,837
2bdaa16c310a106e696d7113,active,541,70017450c981a3d3,high,expertise,1,838
b0a72a173aa52bc727ee6bd0,active,418,ee39790e74593502,high,fairness,1,839
4dc32c6e583ec3c730300168,active,418,ee39790e74593502,low,fairness,1,840
a32a50317ff2305f7a7bc45c,sham,83,293b22532b50adb3-sham,0,risk,1,841
2d201b77d90e926b9d0a8b5e,sham,83,293b22532b50adb3-sham,1,risk,1,842
4baa3d4cf6b5f94eaa5d9a68,active,437,bc2f8725c07442dc,high,risk,3,843
a9f1a70777c1ca6f3741b3c0,active,437,bc2f8725c07442dc,low,risk,3,844
8a7aedb4887a8ed24057263b,active,94,9007aba2b9f727b2,low,risk,2,845
478b08a9646f7d75e0174377,active,94,9007aba2b9f727b2,high,risk,2,846
9687024abd317a849742ae3c,sham,154,2ca5cce29b66300a-sham,0,fairness,1,847
e31ed8434e40840bd20e0cc7,sham,154,2ca5cce29b66300a-sham,1,fairness,1,848
8b13d6fe6307431f04d495b4,active,572,497fc1dc5b1929bf,low,risk,1,849
4886e7a1b16e6842776dd9b4,active,572,497fc1dc5b1929bf,high,risk,1,850
b89af1d10427f78c7a96983c,active,81,397d5daafe6a5303,high,expertise,3,851
c99d9d9fcec00bc7be90764e,active,81,397d5daafe6a5303,low,expertise,3,852
04673697c08421943aa46447,active,227,716f285d8f8b0bd9,high,risk,2,853
2226ffd8b05c692db4645750,active,227,716f285d8f8b0bd9,low,risk,2,854
f919cad7691b1cb186243ae4,active,438,303e8946bb02263a,high,risk,2,855
63530604053262e6042d2be5,active,438,303e8946bb02263a,low,risk,2,856
ae47a8c5f3396e495e369122,active,69,668d50a1596e45a7,high,risk,1,857
4605c2c727e638949ecf2537,active,69,668d50a1596e45a7,low,risk,1,858
2018f3b168cdae2a9611cffb,active,12,94f3611bc5ab8f86,high,expertise,2,859
a1e4c4532896a2d6aa14a199,active,12,94f3611bc5ab8f86,low,expertise,2,860
aa87f62d0b1395b27e9cf00c,sham,64,454a10a3063feba1-sham,0,fairness,1,861
e47c6b4bfed85cc7a15f3ade,sham,64,454a10a3063feba1-sham,1,fairness,1,862
5c6565ca2692db1c4929b25c,active,368,f234d3b60284fa51,low,fairness,1,863
10eec3bfefaec12bf87fdbeb,active,368,f234d3b60284fa51,high,fairness,1,864
5e49e18c929a890ec1885caf,active,419,63a6fd94c6208542,low,expertise,3,865
e52b7bbf1e5fbcd620d16370,active,419,63a6fd94c6208542,high,expertise,3,866
8015e2f2ce6ace37843e3f82,active,173,2d6f18fa5db55a84,low,fairness,2,867
a00622015261babc0f302a7c,active,173,2d6f18fa5db55a84,high,fairness,2,868
adb6d75f660fcfd25ad73c4b,active,559,871ccb1c951f92ba,low,risk,3,869
0483e9475a95c0b94635982f,active,559,871ccb1c951f92ba,high,risk,3,870
5cf98edb63f509d7adfd7506,active,102,607f015388d29112,low,fairness,2,871
08c5dd52f08b4ab488f40b2b,active,102,607f015388d29112,high,fairness,2,872
0505525cc33502a30a0a270f,active,297,aeeb403260fc72dd,low,expertise,1,873
f6c964506cd2d69404009a60,active,297,aeeb403260fc72dd,high,expertise,1,874
fd51a70cf4e929204acbca8c,active,112,fb4895fea110ec4d,low,risk,1,875
3e4b6713c044ac4908b9672a,active,112,fb4895fea110ec4d,high,risk,1,876
ff6765024c96758c446565d2,sham,108,fb1b547863001b67-sham,0,risk,2,877
6b6de206b87b00a3b93fe65b,sham,108,fb1b547863001b67-sham,1,risk,2,878
85e4bf163626ed430e013176,sham,28,d4bd0c9c5f0f33d8-sham,0,fairness,3,879
30ebc4279d6518d5d07a9f7e,sham,28,d4bd0c9c5f0f33d8-sham,1,fairness,3,880
90d87deb40b303aa9d3de9ed,active,359,776416d7e2c5695f,low,risk,2,881
10b10db033661610644d5d1b,active,359,776416d7e2c5695f,high,risk,2,882
025d8a41149604cd9b84f392,active,457,98e02b9bb69f5ffa,low,risk,3,883
aa89f9a6710b04f186eaefee,active,457,98e02b9bb69f5ffa,high,risk,3,884
f052056630b918220fb84862,sham,81,397d5daafe6a5303-sham,0,expertise,3,885
5643469ebd9a9e1a43c95f56,sham,81,397d5daafe6a5303-sham,1,expertise,3,886
b334a8c0b42134b199917214,active,17,838f2c8cdd51f1da,high,expertise,1,887
fd21f88ba1be8eba10f9a5c7,active,17,838f2c8cdd51f1da,low,expertise,1,888
66c0a0b4a3a65537a0f67f74,active,92,2e56a5765e6b352f,low,fairness,3,889
0fc2a1fe2e85b730125bed23,active,92,2e56a5765e6b352f,high,fairness,3,890
8e6818326a83ed1199ec1cfe,active,430,e0c2d5e65d40c28b,low,expertise,1,891
67c5d7068d733de2be8e29d8,active,430,e0c2d5e65d40c28b,high,expertise,1,892
defb7501edef1afdda4f959c,sham,172,90d281b79a46fdce-sham,0,fairness,3,893
381eb97a66bf7b350f31c523,sham,172,90d281b79a46fdce-sham,1,fairness,3,894
1faa4d836e03eb0b898b7fff,active,67,371ad496441722f5,low,fairness,2,895
4ef1e2f332f8dd398e70dc69,active,67,371ad496441722f5,high,fairness,2,896
48b4633e845508186bed6511,active,454,7e13a2b1d907d5d6,high,expertise,2,897
9e5fe19ba70eec1512bd8e32,active,454,7e13a2b1d907d5d6,low,expertise,2,898
281622dfb47161bdd0222a40,active,488,7d222d93cef45646,high,risk,3,899
face3705e220c5239f85ee61,active,488,7d222d93cef45646,low,risk,3,900
ebc846ce8471fcffd8a76de7,active,233,7480e3b8af69a0bf,high,fairness,2,901
38973af2d5846fc618b68a53,active,233,7480e3b8af69a0bf,low,fairness,2,902
7416ab9285d6a7fc648a100c,active,66,0f365d6e0bcb0418,low,risk,3,903
848f6fc41eb3f6fd073a1426,active,66,0f365d6e0bcb0418,high,risk,3,904
b0d50745ec5ba9ccd445a057,active,270,23d0b31065da99c0,high,expertise,1,905
9e3b88f9917f3e5d90e8374f,active,270,23d0b31065da99c0,low,expertise,1,906
e9e7c58a7ee950abe0621f63,active,266,4816fd55d8e4ebdb,high,fairness,3,907
b480ea2b75547497c4456c1a,active,266,4816fd55d8e4ebdb,low,fairness,3,908
eb5177d9cf4fee852f3914e9,sham,66,0f365d6e0bcb0418-sham,0,risk,3,909
e61731d75d8552da666bb72e,sham,66,0f365d6e0bcb0418-sham,1,risk,3,910
9d1ec0dfec7592b78987be66,active,300,48e0562f00d1ab57,low,expertise,3,911
d617a3c8689dab3691afd4a6,active,300,48e0562f00d1ab57,high,expertise,3,912
f7d49fff5d9c6d53c17a70be,sham,29,8fcad4628a8f8e0e-sham,0,fairness,2,913
01af76b485e620da31427d72,sham,29,8fcad4628a8f8e0e-sham,1,fairness,2,914
5880a7c698cda64947a8dd33,active,264,dd916818cc09da48,high,expertise,3,915
f3e79a4466cf7d757c49729b,active,264,dd916818cc09da48,low,expertise,3,916
52d11b081a18117e3e9f9179,active,162,41acfa1a379eb908,low,fairness,2,917
b530502df327ad74fbab6d7b,active,162,41acfa1a379eb908,high,fairness,2,918
7a2040609e34c895eca193bf,active,408,ab4595f4fbf6eb01,high,expertise,2,919
ba36debd725d1fb325f1180c,active,408,ab4595f4fbf6eb01,low,expertise,2,920
4ae83119d53ce773e429f44f,active,41,9387b875aae2f9bd,high,risk,2,921
6b5033b2d75b6e3027db27fc,active,41,9387b875aae2f9bd,low,risk,2,922
7c2183ab9ad176ea992660e9,active,397,466861cf7e018773,low,fairness,2,923
7d8e00f1688f88f6f07b960d,active,397,466861cf7e018773,high,fairness,2,924
43607ecd163ab53e316c7ea1,active,114,7738b0cb40c84088,low,expertise,2,925
f06ab3644efc0c254a838a26,active,114,7738b0cb40c84088,high,expertise,2,926
189c20f6cc2eb434745ac446,active,566,2e74ed3a0859771d,low,expertise,2,927
a6115f48a218ead566ea9ebf,active,566,2e74ed3a0859771d,high,expertise,2,928
3f6d6e0e3f576dc8735007e8,active,37,8ea213c9d6d5bb36,high,expertise,2,929
32bb4bc794df2fb760d99bcb,active,37,8ea213c9d6d5bb36,low,expertise,2,930
31eb5b119a2a4a30a71bcfea,sham,67,371ad496441722f5-sham,0,fairness,2,931
1798c8d72255807b47246c56,sham,67,371ad496441722f5-sham,1,fairness,2,932
6b2abd770bd3701c4e893f88,active,350,0ccf7a363b5f24d1,high,fairness,2,933
36bcee4aa2eae16d2f9d8fe9,active,350,0ccf7a363b5f24d1,low,fairness,2,934
ba24810bb6d1a3c812b9bf70,active,310,e3b1ea27b3d47a76,low,expertise,2,935
52b1f2e8bd3323a1aa5a3e09,active,310,e3b1ea27b3d47a76,high,expertise,2,936
2a0d67a4d403ecff834db70c,active,505,7af2808410b8ce70,low,expertise,3,937
0b16f452be822959fde6134f,active,505,7af2808410b8ce70,high,expertise,3,938
6c1b9dc50563f8c29b7527eb,active,508,61f462310c1ece5a,low,fairness,3,939
bf855c3363df3a1ba0f6937f,active,508,61f462310c1ece5a,high,fairness,3,940
e0a2187202ba7ede19fe3fd2,active,192,269ba2c0566ea302,high,risk,1,941
be4b8e679d634c7029a6f904,active,192,269ba2c0566ea302,low,risk,1,942
ff427dc95e76a662205b8fbc,active,150,7b3dce86a5a56afb,low,risk,2,943
6ac9fa6c4b4a72402ef088bf,active,150,7b3dce86a5a56afb,high,risk,2,944
a7f3abcf723ae1a93d7a20b7,active,51,1867b0b64fb04c7a,high,expertise,3,945
a4137a905cf12b057e5b5063,active,51,1867b0b64fb04c7a,low,expertise,3,946
71a795ce8e278e607802ed0e,sham,120,f0d9f95e0e8a9755-sham,0,risk,3,947
a33504386ece33460a9f81af,sham,120,f0d9f95e0e8a9755-sham,1,risk,3,948
51b0060653050bb93ba78d06,active,472,3488e1871fb56513,low,expertise,1,949
f7f88c54b633d421febf40e5,active,472,3488e1871fb56513,high,expertise,1,950
06933de23575dac1d82e9c5b,active,160,0f2981f42d0a8075,low,risk,3,951
ae65cf924506bbe82c771314,active,160,0f2981f42d0a8075,high,risk,3,952
31ba24f4ef7a62603d9e4851,sham,60,9313b529a388cf95-sham,0,risk,1,953
e8fc4a93f83cfb39ab500f2f,sham,60,9313b529a388cf95-sham,1,risk,1,954
fe27999ba0e6926c7d25a3dc,active,463,f9cfbb997b75b54d,high,expertise,1,955
6e36935ba6e90eba60f9ad19,active,463,f9cfbb997b75b54d,low,expertise,1,956
1d98a5f0368c83f132e84538,active,369,ef1da2af6097fecf,low,fairness,3,957
fc867d9fc16a1b28e9d26d83,active,369,ef1da2af6097fecf,high,fairness,3,958
706d6e010bbd9ea9102b43c0,active,351,81fd86838187111d,low,risk,3,959
56a05d29b636c7be9f120b3b,active,351,81fd86838187111d,high,risk,3,960
810b30ce75b52693b9d5b971,active,417,d8b6ba1de955669f,low,expertise,2,961
6cd721a5e42c550522f4704d,active,417,d8b6ba1de955669f,high,expertise,2,962
962523a05f9a670b40024000,active,201,217bc1bd4efa20b3,high,risk,2,963
1292998de8700fa3ee1f618c,active,201,217bc1bd4efa20b3,low,risk,2,964
2899271a6756109433d8bacd,active,331,f71aef3ccb32534b,high,expertise,1,965
e62bff0c866e9e3999715a17,active,331,f71aef3ccb32534b,low,expertise,1,966
d9fc6bbe7f2d08c7d3dae8da,active,398,04711e9cc313d57a,low,risk,1,967
f48f93615b144d2804900771,active,398,04711e9cc313d57a,high,risk,1,968
5dfee52686fd41089747fa92,active,399,10d78f35184d0d87,high,expertise,3,969
2c9587c1368232ffa82e0316,active,399,10d78f35184d0d87,low,expertise,3,970
b329ae3490206cea80c36f24,active,325,a725ecfcfbca7b14,low,expertise,3,971
3912598d9db082f78ca84cbb,active,325,a725ecfcfbca7b14,high,expertise,3,972
c1b705659f4d40b5879e134e,active,558,c9949f56842911f9,low,fairness,1,973
250c944c3137133fedd67dea,active,558,c9949f56842911f9,high,fairness,1,974
b2efbf5eea28789b82b416fa,active,57,3b839b2c18252871,low,expertise,2,975
762cde426746be31e20046a1,active,57,3b839b2c18252871,high,expertise,2,976
dc4049d0253d30069b283d64,active,287,005a6d9b7a4930e9,high,risk,2,977
9c28494fe72eee26ffd7abe3,active,287,005a6d9b7a4930e9,low,risk,2,978
481a823e0ea5bcfe193a1a3a,sham,11,ecd573643e1e42f0-sham,0,risk,1,979
5c767268b0c6a7210f0af9a5,sham,11,ecd573643e1e42f0-sham,1,risk,1,980
347a754b20c114d99aa160e6,active,244,e2bdf487d4ed0985,high,risk,2,981
a68a04a603b7c1f3e4fa2aab,active,244,e2bdf487d4ed0985,low,risk,2,982
0f100cd1505e6caf838bb49f,active,146,342cb5efeed2fa91,low,risk,1,983
03e772f9ed16c14c3e40f487,active,146,342cb5efeed2fa91,high,risk,1,984
6385c871e0958b06fbbb1665,sham,143,9a6a197aa5cf9d7d-sham,0,risk,3,985
e0532c02c05f29820a66bf40,sham,143,9a6a197aa5cf9d7d-sham,1,risk,3,986
4ce1629448caf86abdb2f748,active,246,e26442edbe367a01,high,fairness,3,987
792886069b34134fc3c46bd7,active,246,e26442edbe367a01,low,fairness,3,988
eb5188a47657640811a038a4,sham,4,1d390374ed0f6b3e-sham,0,fairness,1,989
ac4f7fcae8cdb3cd6bd94f15,sham,4,1d390374ed0f6b3e-sham,1,fairness,1,990
b95fb44feead085e53a714a5,sham,109,cca85a3294fbf0e5-sham,0,expertise,2,991
2432451050943a925cfc1e42,sham,109,cca85a3294fbf0e5-sham,1,expertise,2,992
418ba2da0fa1edc3b7a2f8a2,active,245,3b02a5cb63c5b29c,low,fairness,3,993
38f2a35abd5445b4bf4ec093,active,245,3b02a5cb63c5b29c,high,fairness,3,994
73176386a7e8f5d4d8322537,active,204,974d27681cfe7037,low,expertise,2,995
e82c084e33518bc5f30c2a9b,active,204,974d27681cfe7037,high,expertise,2,996
16dfc154b0a8cc84a9fecc9b,active,243,22ddccaa6e14b426,low,expertise,3,997
6e28df636519f4f3dffc3be3,active,243,22ddccaa6e14b426,high,expertise,3,998
81c39ebbe02eb4e5f9d6160c,active,501,d5684b707860f95f,high,risk,3,999
83338a775489cac729e08512,active,501,d5684b707860f95f,low,risk,3,1000
38db4f0912ea933d83b871e7,sham,101,f13b5f038aeab6f3-sham,0,fairness,1,1001
dcd13bbedfeb1177072c5f65,sham,101,f13b5f038aeab6f3-sham,1,fairness,1,1002
57a4cda30cb0045f0d5ed691,active,436,a9cc0efd0edcaab1,low,fairness,1,1003
2be8e00ef3c1b62361ddd47a,active,436,a9cc0efd0edcaab1,high,fairness,1,1004
16588e7cc71c2cf0a3178e39,sham,51,1867b0b64fb04c7a-sham,0,expertise,3,1005
7fe5ad492c14b3bdecddc482,sham,51,1867b0b64fb04c7a-sham,1,expertise,3,1006
9ee7a671a3ead189217f73b5,active,60,9313b529a388cf95,high,risk,1,1007
498332d94af33ef2a30eaf34,active,60,9313b529a388cf95,low,risk,1,1008
9ff3ff378ba30b36df9b7614,active,542,8161650f340ee237,low,risk,1,1009
cac40a20ece342dfbeb0c4e5,active,542,8161650f340ee237,high,risk,1,1010
40d3296f384df027c959d8c9,active,152,45038d18ec909179,low,expertise,1,1011
7c257b784f1a58160a7debca,active,152,45038d18ec909179,high,expertise,1,1012
73b9b33cd0a66382356083c6,active,262,1e634b5778c1bdd8,low,expertise,2,1013
c36600fa4c0c95fc4ee2d62e,active,262,1e634b5778c1bdd8,high,expertise,2,1014
1363c351060ac7eeaf3b13e0,active,545,6830065cf0f63150,low,fairness,2,1015
72d99deaad4dd4b960ed807b,active,545,6830065cf0f63150,high,fairness,2,1016
31cde5852380c1b222b2ffde,sham,174,55ec9cb489c4eee5-sham,0,expertise,1,1017
b4456cc5d36fda6ce68be505,sham,174,55ec9cb489c4eee5-sham,1,expertise,1,1018
5349391db2508928f9ba11aa,active,50,6838e9cf970aa782,low,risk,3,1019
3bb487dc9cc9a1639f8e4e88,active,50,6838e9cf970aa782,high,risk,3,1020
064e118a3b2f04e49b5e34ce,active,329,330b1b80a1677c67,high,risk,1,1021
39889f4c6a54b3f246315a97,active,329,330b1b80a1677c67,low,risk,1,1022
37f9027cd017340bda445479,active,36,674ff7631b1bc1ad,low,fairness,2,1023
31333adfe9259e0a381090fb,active,36,674ff7631b1bc1ad,high,fairness,2,1024
b03ef90836d02af77a5f8ac9,active,354,3f2b862ec41ceded,high,expertise,3,1025
cdbf80a63fce69238c892945,active,354,3f2b862ec41ceded,low,expertise,3,1026
fe1948ff930c8c125055071d,active,416,b7b4c6a4a1ee2f25,low,risk,3,1027
a4a756d579afc4760a08e561,active,416,b7b4c6a4a1ee2f25,high,risk,3,1028
5f6157ae0f075854d7041c65,active,394,822fc2946c76307a,high,risk,2,1029
e3ee847583482b9d50a24886,active,394,822fc2946c76307a,low,risk,2,1030
e28d6c711104f6503efc5696,active,280,a51e9fc8e5ba8961,high,fairness,2,1031
88c357af1883de188e543003,active,280,a51e9fc8e5ba8961,low,fairness,2,1032
08b1d004920b25660c5467f3,active,141,2b430dca2345700d,low,fairness,1,1033
20e1ab6ec0d7c53fc91045a2,active,141,2b430dca2345700d,high,fairness,1,1034
b899b76cb2519ca09f96684d,sham,74,f5a3936bc5ce2cec-sham,0,expertise,3,1035
3850cc27bdfadf1e530ba9f0,sham,74,f5a3936bc5ce2cec-sham,1,expertise,3,1036
f6ffd0f5d1bdf4f6474599e7,sham,188,a5d24cb12491bba1-sham,0,expertise,2,1037
a0466ee89c9f93d720f2a751,sham,188,a5d24cb12491bba1-sham,1,expertise,2,1038
370f2d1a516798caeea6ec21,active,252,052acff2ecaa8c1e,high,expertise,3,1039
f743e22a9636fa4521a2b267,active,252,052acff2ecaa8c1e,low,expertise,3,1040
4ef7aed2c147780d653e9461,active,256,31080e3605e87694,high,expertise,1,1041
9d3f558c1416d328c449732c,active,256,31080e3605e87694,low,expertise,1,1042
ae1afe36fb99af96f50862ca,sham,142,48da24ee8d70fc93-sham,0,expertise,3,1043
cdff4f93f2129dbdc09b8572,sham,142,48da24ee8d70fc93-sham,1,expertise,3,1044
076e4f259c53971d1321835b,active,308,8cd8aaa265feb516,high,risk,2,1045
6c07a840e51e1326c1f1c3dd,active,308,8cd8aaa265feb516,low,risk,2,1046
881bad652846835999f98d76,active,330,171fede41b1462cd,high,expertise,3,1047
7d58bd70dc9f5749e78fb835,active,330,171fede41b1462cd,low,expertise,3,1048
3729e1e75a5dd24d0bc2cee4,sham,107,807b5aa37f926af4-sham,0,expertise,3,1049
fa86170ae592a835e08dc4f7,sham,107,807b5aa37f926af4-sham,1,expertise,3,1050
6b116b0dd03b30d73cc86f6d,sham,100,7912d38e3ad9b420-sham,0,fairness,1,1051
08f99e6afaafa7707fe8bb38,sham,100,7912d38e3ad9b420-sham,1,fairness,1,1052
1b95bf4f4f61693f7cef072f,active,208,e96a0d2c67562f25,low,fairness,3,1053
fb3d73ee8d4aab2838374336,active,208,e96a0d2c67562f25,high,fairness,3,1054
eef6fa3f6ac79fb9e40f7dd7,active,11,ecd573643e1e42f0,high,risk,1,1055
f6fab569e33a77192331f2c7,active,11,ecd573643e1e42f0,low,risk,1,1056
d6b54a9a17f01321b6351b2b,active,31,f1c5265c04abff06,low,expertise,1,1057
36650199576ce8089b8257d0,active,31,f1c5265c04abff06,high,expertise,1,1058
8d3f6ecedd68d6cb1fb8be43,active,452,315cf04eb6dda9d2,low,risk,2,1059
fe7b1fa3d470e913cac720ca,active,452,315cf04eb6dda9d2,high,risk,2,1060
d745f512a97135b8c7f9478b,active,97,f890312423a9c787,high,expertise,2,1061
9b926d9a520513e317eeda46,active,97,f890312423a9c787,low,expertise,2,1062
14902eeba6c8a43628512b58,sham,144,32d364b8ac710fb6-sham,0,risk,3,1063
cffd2b41ffc014066bdbc93a,sham,144,32d364b8ac710fb6-sham,1,risk,3,1064
6938d6d4a6a7d4a5d14796d8,sham,72,6335db0f3b51a7d7-sham,0,risk,2,1065
419d696f00703e06782dd7c3,sham,72,6335db0f3b51a7d7-sham,1,risk,2,1066
04ba78c3d9cf60376090a3af,active,78,5cc5694091fc778f,high,risk,2,1067
1e0882c09ca9f27cadb13255,active,78,5cc5694091fc778f,low,risk,2,1068
4eb3de738f983dcdf7e5358f,active,239,6f4b8286b163479a,high,expertise,1,1069
91e703d32fdf231f9c36a14f,active,239,6f4b8286b163479a,low,expertise,1,1070
d3d752bcd274f9346afbc8d6,sham,166,dc127b7915f0326f-sham,0,risk,1,1071
de7c2ae9edf8e178b261c29e,sham,166,dc127b7915f0326f-sham,1,risk,1,1072
0a627aa553d3da2750ff4bac,active,242,6ea4e26143ee8a3d,low,expertise,1,1073
008259822526d7af6f00f7f9,active,242,6ea4e26143ee8a3d,high,expertise,1,1074
c6651814056aec923fc6077a,active,18,64600b13b4e53f0f,high,expertise,1,1075
2e6cc65b12399f884f83fbf4,active,18,64600b13b4e53f0f,low,expertise,1,1076
f1bbb318ec0b8366b68fd84f,active,250,3d7aa1a071cf9bc9,high,risk,3,1077
da5c8cc73fcb6e652ea0c4ee,active,250,3d7aa1a071cf9bc9,low,risk,3,1078
fc64c4568affd49c5927d3bd,sham,110,441917324a09d913-sham,0,fairness,1,1079
3bce621f4543e8c46531654d,sham,110,441917324a09d913-sham,1,fairness,1,1080
2bf61441fb63e9b3487a72fb,active,277,41ab549fdde838b8,high,risk,2,1081
92b86d9911c03f24ebd17db1,active,277,41ab549fdde838b8,low,risk,2,1082
fae002b6c5e77ef328bde3f3,active,148,c2c43ffd610bf78f,high,fairness,3,1083
1cab6f2bf841e549d420d4ff,active,148,c2c43ffd610bf78f,low,fairness,3,1084
f77fc8897c8a593d192d8281,active,268,b0272522748d97b1,low,expertise,1,1085
ef61e83b09af8dc1c0c159ae,active,268,b0272522748d97b1,high,expertise,1,1086
fa8a03d0967124760450a973,active,267,5c952d84de7a4f74,low,risk,3,1087
beb552ee919afd4782b5d9ee,active,267,5c952d84de7a4f74,high,risk,3,1088
17731f3244eb8865dec3c75a,active,70,98ce04416315a305,low,fairness,3,1089
c0dd3735ad081120d740d366,active,70,98ce04416315a305,high,fairness,3,1090
4376444d2fbc1d337663639a,active,304,aeeb0d53005a74d1,high,expertise,2,1091
2a24d25af85c71d3b547206b,active,304,aeeb0d53005a74d1,low,expertise,2,1092
01aa7856a3463129705e3395,active,58,6e5c604538b42bff,high,risk,3,1093
da806af0499ad75510654f6e,active,58,6e5c604538b42bff,low,risk,3,1094
1e6c86e79c825369cd1095ed,active,61,3933e29440aa32e0,high,expertise,3,1095
46aa648b892fb868cc78297c,active,61,3933e29440aa32e0,low,expertise,3,1096
be505120708e6304354f27e1,active,292,fcf149e41c1a65f2,high,risk,2,1097
125bd44b8fab81155f8e51f1,active,292,fcf149e41c1a65f2,low,risk,2,1098
1640b9ec3654a5b44f81d3bf,active,54,26ee7935cc4f71b5,low,expertise,2,1099
3abece34466675a7df6de31e,active,54,26ee7935cc4f71b5,high,expertise,2,1100
bc8abd3a92cc196cb696aa16,active,373,48cfdd0aab9a5b03,high,expertise,1,1101
792e6cf5839b0843a8d54e81,active,373,48cfdd0aab9a5b03,low,expertise,1,1102
97623480497ae1859858a691,active,263,13396d078de16891,low,risk,3,1103
c33e2ca91122cf6fed7ca665,active,263,13396d078de16891,high,risk,3,1104
a6eadaad9369d52947b79686,active,407,ec249f771e6aa278,low,risk,1,1105
702707b4ad9b4cedd15df501,active,407,ec249f771e6aa278,high,risk,1,1106
f43f62516d829fe536bcb261,sham,133,5e7c27fd951d3683-sham,0,expertise,2,1107
6d8bd261b9d0247abe5597d1,sham,133,5e7c27fd951d3683-sham,1,expertise,2,1108
25bc408728a7de77f86b6a9c,sham,6,3396531ca05ca790-sham,0,fairness,3,1109
6774a4cadfc5dfb6433016f5,sham,6,3396531ca05ca790-sham,1,fairness,3,1110
a9faecb0255fea7b18d0452e,active,2,e58897d20ab1bd12,high,risk,2,1111
ba9924d4d184f3f6041b4b69,active,2,e58897d20ab1bd12,low,risk,2,1112
1fc1e59b3399b98ce1b7f398,active,298,3bb50ddb2ad85561,high,fairness,3,1113
ad88ed9dc79a78406b26319b,active,298,3bb50ddb2ad85561,low,fairness,3,1114
d32dbb5888a62fd7c8f9c74a,sham,14,4536ab403d625951-sham,0,risk,3,1115
90f36f00f1a7e9db2e66f590,sham,14,4536ab403d625951-sham,1,risk,3,1116
1a40df58ba0ed467aba702a6,active,175,d8aaf2051f8dbe7f,low,risk,1,1117
c21e49388d66d0af704d1926,active,175,d8aaf2051f8dbe7f,high,risk,1,1118
e71f4530699f487105e72ab4,active,174,55ec9cb489c4eee5,high,expertise,1,1119
d47d4c5ec61a622c6911fcbc,active,174,55ec9cb489c4eee5,low,expertise,1,1120
472147ea491096aa748c3393,active,257,eed598bc10bd9dae,high,fairness,1,1121
974985467db9f4c1f6e19722,active,257,eed598bc10bd9dae,low,fairness,1,1122
11dac7b3dad7e9c53e6c65f0,active,406,0d751d80ca742ccb,high,risk,2,1123
c7fa5684af402c648ed29359,active,406,0d751d80ca742ccb,low,risk,2,1124
5ad04eadb7166711cab7e17a,active,219,3ad50d6b4c33ba09,high,risk,1,1125
8f87b7d39e0f1b5e6e5db184,active,219,3ad50d6b4c33ba09,low,risk,1,1126
9690dbc07ff8c0974870274e,active,532,a77daacefd149e54,high,expertise,3,1127
a2c3ee5a275948c2c714e590,active,532,a77daacefd149e54,low,expertise,3,1128
6f10bb39ea876a09af5c1148,active,574,7711de094c24f205,high,expertise,2,1129
2a47b2441defecc6f9013c95,active,574,7711de094c24f205,low,expertise,2,1130
53ac99e5dde398bfbf50058a,sham,59,b6379b9b7975b48b-sham,0,fairness,3,1131
3580902cb3fd3d01fd21ef00,sham,59,b6379b9b7975b48b-sham,1,fairness,3,1132
ae5fd0fefd0c968397dd149f,active,352,e3289f4766dfc0c2,high,expertise,2,1133
0bc80da81584a71484b3c6d6,active,352,e3289f4766dfc0c2,low,expertise,2,1134
c9372e24b03b0fa6650dc48b,active,456,9101e8c954e04e3a,low,risk,2,1135
f7e37cb27ec9607ade19ac56,active,456,9101e8c954e04e3a,high,risk,2,1136
9e51e8d40bdfe59eecaf788a,active,178,82f6482da49e60d5,low,fairness,1,1137
393b49276ac6ef883656101a,active,178,82f6482da49e60d5,high,fairness,1,1138
a29011923c4503e57b29c86e,active,82,6bc1b83ead82fa82,low,expertise,1,1139
64e3e27103a47fb7c99854d0,active,82,6bc1b83ead82fa82,high,expertise,1,1140
e4e56eca30e677cf565f2e90,active,551,3fab05ac6a54223a,low,risk,2,1141
39fb0ea5dc5f413b710c269a,active,551,3fab05ac6a54223a,high,risk,2,1142
d3249c5c268b3cfb3d7c3463,sham,96,45ff8d79531bb053-sham,0,risk,2,1143
b2976aa7bd7b67e625e923dd,sham,96,45ff8d79531bb053-sham,1,risk,2,1144
aa87353094eb13be03bbe5f4,active,575,cac03c8cf3d39a88,high,fairness,3,1145
ed778068334b642a2236ef7c,active,575,cac03c8cf3d39a88,low,fairness,3,1146
2739cfdf03b919fbec5537e6,active,420,6cc0f2748aed158e,high,fairness,1,1147
b1c18815fa709eaeb5ea8673,active,420,6cc0f2748aed158e,low,fairness,1,1148
7206a5aa53d8dda3f897cd7c,active,84,4fdcc6e5b8c2cf74,high,expertise,2,1149
339d5973d9b6e0c11600483c,active,84,4fdcc6e5b8c2cf74,low,expertise,2,1150
1e747224f7cd1493ca64cb94,active,153,a7a7e2dc24426057,high,expertise,3,1151
24154d46de615826fee54ef3,active,153,a7a7e2dc24426057,low,expertise,3,1152
01f1fc8fa195cc5933412bbf,active,171,021b348e370270d3,high,expertise,3,1153
866e69dabafc90f3fe2f45b4,active,171,021b348e370270d3,low,expertise,3,1154
cf32807f40e8c3945c7ee684,active,571,2d67d9a5754c8fd6,low,risk,1,1155
a2efe47bfa11cfb8211b8b21,active,571,2d67d9a5754c8fd6,high,risk,1,1156
4122aeea500219c5bbd25c31,active,346,29bef3e9b2d5e63f,high,expertise,3,1157
40cca6c32b1b5d091d496cd1,active,346,29bef3e9b2d5e63f,low,expertise,3,1158
ca3cd35f22ca234a5273bd17,active,104,85544722d2919d6a,low,expertise,2,1159
58321add23a335a9efff9458,active,104,85544722d2919d6a,high,expertise,2,1160
953f5d5c5510529279bbaab0,active,316,3f24e87b9472a4cd,low,fairness,3,1161
6cce589f0f13fa1241384e3b,active,316,3f24e87b9472a4cd,high,fairness,3,1162
f41b1ab1d60c4da5e9d9d7fe,active,449,808c49f2acfbca47,low,risk,3,1163
5f8ae8e85b828d8a5d127eda,active,449,808c49f2acfbca47,high,risk,3,1164
045fffab1bca5c3b717973eb,active,189,94de03687cb83bc1,high,fairness,2,1165
75b38a1297ddbcc8297f0ff9,active,189,94de03687cb83bc1,low,fairness,2,1166
658474bd5b1d6d3c19a878ad,active,475,5187aa36b79bcfb0,high,risk,1,1167
284d77528e26c60cc6f9c343,active,475,5187aa36b79bcfb0,low,risk,1,1168
68bc4e3cfdfb2d69589bf344,active,336,45f651475e5badaf,low,fairness,1,1169
d4a4d42cfed6af7f95c98657,active,336,45f651475e5badaf,high,fairness,1,1170
dedfeb0aa95dc34347d61b8a,active,222,94f81f967266848c,high,expertise,2,1171
38bf2ddb0031c7fde5da8832,active,222,94f81f967266848c,low,expertise,2,1172
028785bfdc8787d009b0fbbf,active,543,23a612347c1bcce2,low,fairness,1,1173
90aa4b1c7cf6cd0f73615fad,active,543,23a612347c1bcce2,high,fairness,1,1174
45e7ec4d92298842b5029b92,active,155,4c0aa4023240d46e,low,risk,1,1175
783cdf2be03c42de632a605a,active,155,4c0aa4023240d46e,high,risk,1,1176
3866c40bc518c9f6ef688ffa,active,1,e948b12b3341024d,low,fairness,2,1177
61bbf27afe086266bb29857f,active,1,e948b12b3341024d,high,fairness,2,1178
d959852409898d828dd68532,active,523,6fc221ddbd72a7fd,high,expertise,1,1179
1844a847c386e6be8f1303e6,active,523,6fc221ddbd72a7fd,low,expertise,1,1180
3b35bcc889ef4ed9555d201b,sham,17,838f2c8cdd51f1da-sham,0,expertise,1,1181
7dadb5ba8bf9adf9cb90094f,sham,17,838f2c8cdd51f1da-sham,1,expertise,1,1182
31706610bbf2a1f9cf1a1863,active,522,19da3066ec48ac8d,low,fairness,1,1183
f7abf23c37e13b736c853d20,active,522,19da3066ec48ac8d,high,fairness,1,1184
cd49f17534136e08d98d8d11,active,3,39f9358432aff2a6,low,risk,1,1185
56c95bca6c4961b73ade2a9a,active,3,39f9358432aff2a6,high,risk,1,1186
881521b47100f195ca60c4e8,sham,128,716f99eb528d787d-sham,0,fairness,3,1187
b38d7589d96aa9a007479a52,sham,128,716f99eb528d787d-sham,1,fairness,3,1188
94221f7068823cf2fd12ec28,active,235,f795081b6fab1c7a,low,risk,1,1189
9ad8f6fccd1fa8bd23ed3e32,active,235,f795081b6fab1c7a,high,risk,1,1190
a017f28ea17f81d965c4b7f9,active,428,b4577e989945d0dd,low,expertise,3,1191
9bb630b337f0e2c2273c8af1,active,428,b4577e989945d0dd,high,expertise,3,1192
e9fbee3f849cb54ced410858,active,85,64ee62d9717f333c,high,fairness,2,1193
d0de12adcb2bdd4db8dc83c2,active,85,64ee62d9717f333c,low,fairness,2,1194
7aaf5e6ec2e9c632cb40f3e3,active,496,9e15ada5cc37c04a,high,expertise,3,1195
1d22875990f60a8d4c41ef60,active,496,9e15ada5cc37c04a,low,expertise,3,1196
4a9a714544df1f88ba95a21f,active,44,873083034db53ce1,high,risk,2,1197
59f6352e8961c885e4cce895,active,44,873083034db53ce1,low,risk,2,1198
f52d9aadb5103db7bce5f1c9,sham,191,f79afe7e693880df-sham,0,risk,3,1199
e8de1379757f9abbe10b5601,sham,191,f79afe7e693880df-sham,1,risk,3,1200
e6549cf8da8a0f64af0f2de7,active,485,82521d14afa4cb25,high,fairness,2,1201
2444bf853105c22ff438080f,active,485,82521d14afa4cb25,low,fairness,2,1202
7c82319c88d78694b2f90f62,sham,22,0ceba4d7164310d7-sham,0,fairness,1,1203
8ae05229f31dc1b5e6183a44,sham,22,0ceba4d7164310d7-sham,1,fairness,1,1204
f8728a942785ed5e98226b20,sham,80,e27907251ac6194b-sham,0,fairness,2,1205
de1b710a8930b1538671fd58,sham,80,e27907251ac6194b-sham,1,fairness,2,1206
f76de106f708bba809a13a6e,active,348,6b48df9c174413ac,high,fairness,3,1207
da6f225cb1bead9a5021e080,active,348,6b48df9c174413ac,low,fairness,3,1208
a2b3281aeeae25f55b3ae6b0,active,413,126ab66378a2b808,low,fairness,2,1209
8bd352734d5e3e2a6aee178d,active,413,126ab66378a2b808,high,fairness,2,1210
cd05eb6b2dd9c01f1ac2e651,active,231,9a9c3f206c1d127f,high,risk,1,1211
5bdeab5785cebd8cb178907b,active,231,9a9c3f206c1d127f,low,risk,1,1212
c6d90664143c0f97c8e19ad7,sham,106,2bf121e398eb67f9-sham,0,fairness,3,1213
6ffa56112ad7e6c5e63a2d12,sham,106,2bf121e398eb67f9-sham,1,fairness,3,1214
52590bfe03a19bada6d299e8,sham,173,2d6f18fa5db55a84-sham,0,fairness,2,1215
50ca7e7ca16b2313f3600c10,sham,173,2d6f18fa5db55a84-sham,1,fairness,2,1216
ea44aaed9856f66fad41eaae,sham,178,82f6482da49e60d5-sham,0,fairness,1,1217
5bcd9705d46279841d038228,sham,178,82f6482da49e60d5-sham,1,fairness,1,1218
a1dc59dba23f3f59f08104df,active,39,a7fce57758d3a149,low,risk,1,1219
2ce19b62c7eb56a5fff061fc,active,39,a7fce57758d3a149,high,risk,1,1220
34bcd410d94363918b59ed5e,active,527,8cb11c30a58e86ea,low,fairness,3,1221
822ece9e99f14293ec4e46e6,active,527,8cb11c30a58e86ea,high,fairness,3,1222
466d3cfa6a03483fe91379e2,active,498,eda6e186ecb97c5d,high,expertise,1,1223
733bff2c453af6d3ce95116b,active,498,eda6e186ecb97c5d,low,expertise,1,1224
b24497edab72f0b24079946e,active,557,9cf11459b4583b48,low,expertise,1,1225
df0a48ab879ff318384c78f1,active,557,9cf11459b4583b48,high,expertise,1,1226
3f032ec95c402393a7de6ba0,sham,146,342cb5efeed2fa91-sham,0,risk,1,1227
1c1839a0cc6a1bafad5e47b0,sham,146,342cb5efeed2fa91-sham,1,risk,1,1228
f519da7d15b0d05b64a431d6,active,563,9e159aa09639040d,high,fairness,2,1229
8bf15242bf843392c30bb021,active,563,9e159aa09639040d,low,fairness,2,1230
3d18a9dfffa25d457f0dad47,active,119,48e2caffb8f74019,low,expertise,1,1231
73c54412642a22037314ecf1,active,119,48e2caffb8f74019,high,expertise,1,1232
165b8de413eaed85d4ea0199,active,528,78ddc69cb7723a6c,low,risk,1,1233
82fc783eefb1d3769a1d46ec,active,528,78ddc69cb7723a6c,high,risk,1,1234
0994d46afa3b17c1248864b8,active,184,58991b2336fba4be,low,fairness,1,1235
1cedcac7048ee6c4dedb3770,active,184,58991b2336fba4be,high,fairness,1,1236
caca0716b5ef86074c9842eb,active,261,9732cd9bdd0bfdb8,low,risk,1,1237
e6fca56b0f27797bfadd6926,active,261,9732cd9bdd0bfdb8,high,risk,1,1238
a86b72c82076f4b96839e6cd,sham,76,039a0a3b3abd1fac-sham,0,risk,3,1239
f85a46a40a032df3f5b66b70,sham,76,039a0a3b3abd1fac-sham,1,risk,3,1240
1059b7c37a7cbd6253f0ddde,sham,33,352d7c710ed92c1e-sham,0,fairness,3,1241
abb514881e057bb7fbad0cfd,sham,33,352d7c710ed92c1e-sham,1,fairness,3,1242
c07674306fd3ee316095b77b,active,446,35fa514e3c4593ca,high,fairness,3,1243
336fecb30f4c2eb492f691fb,active,446,35fa514e3c4593ca,low,fairness,3,1244
20fb29e5e79174d07a952ad1,active,443,ea1d49d63b2e36e5,low,risk,1,1245
94353877c0ca522d9f08e608,active,443,ea1d49d63b2e36e5,high,risk,1,1246
d90bbc1065f6949c37edf9be,active,110,441917324a09d913,low,fairness,1,1247
5cef401fc59585df069309bf,active,110,441917324a09d913,high,fairness,1,1248
35e946cbf65c985beb6b6828,sham,168,fbaca26b1f76bcd6-sham,0,risk,3,1249
a83aba3b07b34d87d18564a1,sham,168,fbaca26b1f76bcd6-sham,1,risk,3,1250
cf90ca673a7c6e7a3742636f,active,144,32d364b8ac710fb6,high,risk,3,1251
316d8dd3541e2e4671274f79,active,144,32d364b8ac710fb6,low,risk,3,1252
62d253a9a6ce203bf87f8db2,sham,44,873083034db53ce1-sham,0,risk,2,1253
3dfd34069519beedaca868c5,sham,44,873083034db53ce1-sham,1,risk,2,1254
e71e11d03085c1a7d813eeeb,active,409,15faa6a56cdc9c99,high,fairness,3,1255
ade49dabd020d6ff8a5edd17,active,409,15faa6a56cdc9c99,low,fairness,3,1256
7bd4cd307e59c7eabc8259c4,sham,113,f7bd6ffd624cc4a1-sham,0,fairness,1,1257
2ac5fc138fde5a838ee6f259,sham,113,f7bd6ffd624cc4a1-sham,1,fairness,1,1258
8512ef29004ea37accf65f4b,active,209,22d230ce8d0b09db,low,expertise,1,1259
d4f9472f18105d9b83fa6d6a,active,209,22d230ce8d0b09db,high,expertise,1,1260
73f4a6388be542db317bd4cf,active,321,384a51c253c897d2,high,expertise,2,1261
c1cf3e78ddcf96806f26e274,active,321,384a51c253c897d2,low,expertise,2,1262
acd5e8ae58fc0b1531c74869,active,537,5bd16dcdd606be22,high,risk,3,1263
c11e02498c08e66301bac921,active,537,5bd16dcdd606be22,low,risk,3,1264
df39fec8e340e0c9975aed7c,sham,84,4fdcc6e5b8c2cf74-sham,0,expertise,2,1265
17b5221061a53c9f166aeba8,sham,84,4fdcc6e5b8c2cf74-sham,1,expertise,2,1266
580c3868a5a8d8ebed42076e,sham,132,307b01eddb6dc956-sham,0,risk,3,1267
ec5572dbcf20a02f76dbf51c,sham,132,307b01eddb6dc956-sham,1,risk,3,1268
f6ebb131bb09f35e554b3ccc,sham,90,8b2e40e8c72e98f1-sham,0,expertise,1,1269
64ce6dafa4d1e3e04b951f2d,sham,90,8b2e40e8c72e98f1-sham,1,expertise,1,1270
324b8a08e642656cdb34ab1e,active,366,0673b7a186444f06,low,risk,2,1271
79f9c03e04ef1870aaf80291,active,366,0673b7a186444f06,high,risk,2,1272
8c65fc260f8d325c4aa76171,sham,86,3b97533d152e704b-sham,0,fairness,1,1273
8816688012c96068c16cebe5,sham,86,3b97533d152e704b-sham,1,fairness,1,1274
1bbf6213ea7783d59a095dd8,active,495,06a6fc0455d23fb3,high,risk,1,1275
171d7a6e9ce5b57d448186ae,active,495,06a6fc0455d23fb3,low,risk,1,1276
710a5fa91059ad2bfffb1ded,active,458,94fcf4dad653beee,low,fairness,3,1277
ecb248c772686767147b97d9,active,458,94fcf4dad653beee,high,fairness,3,1278
b2ccf7e4c6d3c9cc4164449f,active,285,d1f0bf155572a586,low,fairness,3,1279
b5278c473237c879376f8ef7,active,285,d1f0bf155572a586,high,fairness,3,1280
9071ccc5e59efe3fb9aa8053,sham,136,bc6a82336b684f91-sham,0,expertise,1,1281
baea4efe383c1ac061021018,sham,136,bc6a82336b684f91-sham,1,expertise,1,1282
e02f5c841cb4891e95f29b20,active,422,6b2764237885e8cf,high,fairness,2,1283
ff3edd0f0c4e63c706de46c0,active,422,6b2764237885e8cf,low,fairness,2,1284
2c9d2b3b79e73123a07f2b1b,active,515,9be3218022626251,high,expertise,2,1285
cf7fc223287afcca2733e941,active,515,9be3218022626251,low,expertise,2,1286
eea0a607cb17264d0810ad0e,sham,127,caccb54509b9ca02-sham,0,expertise,3,1287
28c85f303686cf5c16d29aca,sham,127,caccb54509b9ca02-sham,1,expertise,3,1288
654bbe3020c63e724ec4f2e7,active,387,9277474db2e63291,low,risk,3,1289
482aaf777d368d1cd4741b46,active,387,9277474db2e63291,high,risk,3,1290
1bd4aba653912253357d8e9f,active,453,09a2182f869ac86e,low,expertise,3,1291
7e06d9c17cbf9cf225e035e0,active,453,09a2182f869ac86e,high,expertise,3,1292
38ca7b30352c42e7d63abca2,active,531,6ea10f68f512e416,low,fairness,2,1293
95d712e28d81c19e33849e46,active,531,6ea10f68f512e416,high,fairness,2,1294
70dfde03d86450988d63b286,active,306,fb761e1f2991449c,low,fairness,3,1295
f4fb1bf9f03ebddb282c478d,active,306,fb761e1f2991449c,high,fairness,3,1296
b61adcc85547068e9e35eb64,active,142,48da24ee8d70fc93,high,expertise,3,1297
306bbe4696d12b3094e34643,active,142,48da24ee8d70fc93,low,expertise,3,1298
a5ba49e37def85ef814866fb,sham,75,44a4927aa80fea10-sham,0,expertise,2,1299
1de266fe94538a9c607fad7e,sham,75,44a4927aa80fea10-sham,1,expertise,2,1300
95195e27ae73f09d5d05120b,active,181,db2f521eb6c1c437,low,risk,3,1301
efe04d109689877b9e349460,active,181,db2f521eb6c1c437,high,risk,3,1302
04d032930bfdd8ecb8e3f710,active,518,4a2e3a6ad90c4b68,low,expertise,1,1303
24b5412b0a09881f312e4870,active,518,4a2e3a6ad90c4b68,high,expertise,1,1304
6fd835e99b1088c8a34e4710,sham,119,48e2caffb8f74019-sham,0,expertise,1,1305
eedbb332634b46296b833faa,sham,119,48e2caffb8f74019-sham,1,expertise,1,1306
7585182c57da44c0b2a91d79,sham,71,5f002473e0712caf-sham,0,risk,2,1307
542beb8df1ce3718b2bcd3c1,sham,71,5f002473e0712caf-sham,1,risk,2,1308
08f6e37bf8c8994f2e930e14,active,103,085da50ecc2dbb52,low,expertise,3,1309
56c44a90cb12b3350ea631f2,active,103,085da50ecc2dbb52,high,expertise,3,1310
1bd68f440a7f5b235fc2593c,active,504,0c10f85025f80424,low,expertise,2,1311
3b0ed09979979806b44b5e5b,active,504,0c10f85025f80424,high,expertise,2,1312
4d09f4be773c07fc5172e9bb,active,122,432c9eb45f26fa0b,low,expertise,3,1313
978652fcec5306f3a898667c,active,122,432c9eb45f26fa0b,high,expertise,3,1314
e4eabdddd11d23df38123527,sham,183,9b043063be1a7858-sham,0,expertise,3,1315
f74d91204c1335be38240a83,sham,183,9b043063be1a7858-sham,1,expertise,3,1316
cb97c24e598488898f6e3072,active,404,d98fb08fa3358315,low,fairness,1,1317
6641601f36fe66301ed9f69d,active,404,d98fb08fa3358315,high,fairness,1,1318
edb47b8617007ee8361ca95b,active,552,2fae583a443748a6,high,risk,1,1319
95b6c2e66fefa30d0cde12bc,active,552,2fae583a443748a6,low,risk,1,1320
c8c792a1e78dbef3afbf3130,active,448,2b0a97dab12fec88,low,risk,2,1321
21f2fd057323f8761fef8208,active,448,2b0a97dab12fec88,high,risk,2,1322
76808ed08625df2a4efdfe01,active,137,d5d15bfa95d777bf,high,fairness,2,1323
45ea7b45304816bdcadd5618,active,137,d5d15bfa95d777bf,low,fairness,2,1324
4136f92b1034f7fbd5c0f13d,active,375,e75c498c4eefb4c1,low,risk,3,1325
b313ebb9915a1bd037aec859,active,375,e75c498c4eefb4c1,high,risk,3,1326
fb329e8271043dd3fbcf2a64,active,512,cd360bfdc425c120,high,risk,2,1327
b41b100a6e0c4e7f2c2b05be,active,512,cd360bfdc425c120,low,risk,2,1328
afdc89d60fcb7ec9d0a75ce0,active,194,a7ed153e22ca3ac4,low,fairness,3,1329
608ccfb5d5df0f4c078bd8b9,active,194,a7ed153e22ca3ac4,high,fairness,3,1330
5331853576abfcdb5039106c,active,286,18eb294f0bb8fd14,low,fairness,2,1331
47be940028b08efb313f8add,active,286,18eb294f0bb8fd14,high,fairness,2,1332
1685577f551ae5f29a2a4269,active,59,b6379b9b7975b48b,high,fairness,3,1333
20b5d7cceeaefbbfbeb7443b,active,59,b6379b9b7975b48b,low,fairness,3,1334
08c6ca602efd7c1a6eee8159,active,63,86c721d10b94f7a1,high,fairness,1,1335
dfb4cd650cf322386fea2d97,active,63,86c721d10b94f7a1,low,fairness,1,1336
e13a22dd733d97c641ea0bd8,active,4,1d390374ed0f6b3e,low,fairness,1,1337
a222a097d22081aecc397cd7,active,4,1d390374ed0f6b3e,high,fairness,1,1338
ae4b68528540b372ecfec9c3,active,35,e41866d30efdda22,low,risk,1,1339
1ba19b94c570d53e574ef055,active,35,e41866d30efdda22,high,risk,1,1340
2071c6bfbf18cb791dbbce46,active,519,6338d569c30d46e4,high,risk,2,1341
062871e7983ebce3726936eb,active,519,6338d569c30d46e4,low,risk,2,1342
5dbf3afe9f5ed12c812f4b4b,sham,186,e7998c91942b1bad-sham,0,fairness,3,1343
de5c7c1ab9a979182a22afee,sham,186,e7998c91942b1bad-sham,1,fairness,3,1344
2d99e1b0b9e54dd0815d73cc,active,345,a6412e3f964352cf,low,expertise,1,1345
1635089cc071cd44226a8b67,active,345,a6412e3f964352cf,high,expertise,1,1346
9ccd24684bbd5151217860d2,active,568,22d0d21397c1cc3d,high,risk,2,1347
7a63d46e134c3f2a3dd52479,active,568,22d0d21397c1cc3d,low,risk,2,1348
ac5c17847159f378c2393220,sham,27,445ea3cfd4f4aa4b-sham,0,expertise,2,1349
ee344d4a5726063bc0bd0367,sham,27,445ea3cfd4f4aa4b-sham,1,expertise,2,1350
9616da5f410d438eb085e1c4,sham,102,607f015388d29112-sham,0,fairness,2,1351
d053c1263f3c5cb89ad4a78a,sham,102,607f015388d29112-sham,1,fairness,2,1352
f316e0b83e31888b9fb570ab,active,374,1427419238684497,high,fairness,1,1353
9ed421c58821e7ffc5f72ea0,active,374,1427419238684497,low,fairness,1,1354
74184be26dd6dda17470f700,active,290,64959fa15892c36e,low,risk,1,1355
fec767b90c6d62146a7cb877,active,290,64959fa15892c36e,high,risk,1,1356
32770aba6e1279448e135db7,active,426,4341f71d83dd738c,high,risk,3,1357
20762b84c8b07472a624c810,active,426,4341f71d83dd738c,low,risk,3,1358
9b53a3d727f4cdf581267587,active,20,9231b7922f5b8f73,low,fairness,2,1359
e91c8a1d2a6c8cde0ffdd037,active,20,9231b7922f5b8f73,high,fairness,2,1360
e8857fb4867e32c330c6504c,active,53,0b597c4d267b1a07,high,risk,3,1361
685186831e5f617848818cb1,active,53,0b597c4d267b1a07,low,risk,3,1362
530dc484a2376f045b285384,sham,12,94f3611bc5ab8f86-sham,0,expertise,2,1363
efadc188f776807f74c87588,sham,12,94f3611bc5ab8f86-sham,1,expertise,2,1364
6cd822a988ceabf234a909cc,active,511,0f71600572dfe27b,high,fairness,2,1365
19e1bf4506b5df36301192f6,active,511,0f71600572dfe27b,low,fairness,2,1366
5ba9253c612e1adb352f07d9,active,93,d73d1f42440d38b1,high,fairness,2,1367
d9d3afaa16237699aa177939,active,93,d73d1f42440d38b1,low,fairness,2,1368
f3831f530f9ac089b12336b6,active,107,807b5aa37f926af4,low,expertise,3,1369
5d94f7430b43473520115ff6,active,107,807b5aa37f926af4,high,expertise,3,1370
944727a69f76611046ef62aa,active,478,4b52fcd73a113287,low,risk,1,1371
2846d2ce2ce1c5fa52d66c9b,active,478,4b52fcd73a113287,high,risk,1,1372
c19682125cd70606a82a637f,active,340,17e47ca5e286d978,high,risk,1,1373
65350d4dca9344b087178dea,active,340,17e47ca5e286d978,low,risk,1,1374
4c94b9a1756bbb3a40dc8107,sham,16,99ef9a48eaa8d916-sham,0,risk,3,1375
b7380fa54cdd408abb2682d2,sham,16,99ef9a48eaa8d916-sham,1,risk,3,1376
9b545ea34447a56fd64e39a5,active,442,0897651e653f0861,low,fairness,3,1377
62c9d12ec1612ca03166c8f1,active,442,0897651e653f0861,high,fairness,3,1378
2fbaeccd67a8e8a39c11ad98,active,432,c9ae9d036b35bd12,high,expertise,3,1379
299c54a28989bbf50117e84b,active,432,c9ae9d036b35bd12,low,expertise,3,1380
714d4270b4f06da89cdf3d61,active,474,0c6131e9249ac439,high,risk,2,1381
d6a08360e8aad376807b7970,active,474,0c6131e9249ac439,low,risk,2,1382
96ddf43c59324d82d201cd53,sham,38,fa977b1e8f470a71-sham,0,fairness,1,1383
9b78ea8bde73108319ea5189,sham,38,fa977b1e8f470a71-sham,1,fairness,1,1384
43b399e4892d8680e1745bf5,active,258,c00167c0ffdd5c1b,high,expertise,2,1385
6123572f65d973773e90155d,active,258,c00167c0ffdd5c1b,low,expertise,2,1386
f8ba20efcc974613f8758bc7,sham,8,6471c2df28637bc0-sham,0,fairness,3,1387
6129e4110a89247f4a627126,sham,8,6471c2df28637bc0-sham,1,fairness,3,1388
1b26051236d9fa5d01c86bb5,active,536,62f5c6e0840613a1,low,risk,2,1389
bb186208bc4be90dad15799b,active,536,62f5c6e0840613a1,high,risk,2,1390
ad3045b5b8c2423dfc54822b,active,492,3b52c2c7d675356a,low,fairness,2,1391
b359e0aceaec98c060d4cd95,active,492,3b52c2c7d675356a,high,fairness,2,1392
b9cb94f82db548773323504a,sham,2,e58897d20ab1bd12-sham,0,risk,2,1393
8b9bab483488609880ca2ce2,sham,2,e58897d20ab1bd12-sham,1,risk,2,1394
d25c2af97d5044c2b827bd6f,active,168,fbaca26b1f76bcd6,high,risk,3,1395
67a72f0c4655a55b7ba9ee1a,active,168,fbaca26b1f76bcd6,low,risk,3,1396
e477ae3bde9c2223a7b4a7d1,sham,150,7b3dce86a5a56afb-sham,0,risk,2,1397
d1dee739616a3c7011859d2c,sham,150,7b3dce86a5a56afb-sham,1,risk,2,1398
dd4f7730ec7f3ffe45441e64,sham,58,6e5c604538b42bff-sham,0,risk,3,1399
c23c42f4fc4b3b52aa9b89c8,sham,58,6e5c604538b42bff-sham,1,risk,3,1400
4d78ddf9f0ebdd022780cda3,sham,125,baf6d0e3aafc065d-sham,0,risk,2,1401
d06abe2fc62f008f7fe947f8,sham,125,baf6d0e3aafc065d-sham,1,risk,2,1402
327e210b29e8c7f6b0847ec6,active,367,bbe103b1706db897,low,risk,3,1403
ee48eed23525346e616998a5,active,367,bbe103b1706db897,high,risk,3,1404
bad8fddf91777599883a014e,active,439,fd297adcc757e3a2,low,fairness,2,1405
35b086d865ecfc0dc9732fa4,active,439,fd297adcc757e3a2,high,fairness,2,1406
e86bd620dda8049c67df85fb,sham,57,3b839b2c18252871-sham,0,expertise,2,1407
a10ac4d02854e897e112cb13,sham,57,3b839b2c18252871-sham,1,expertise,2,1408
7092f3ee3813574fb2624ab9,active,319,621fab2b8c2fe155,low,expertise,3,1409
4097e3383384caa62610649c,active,319,621fab2b8c2fe155,high,expertise,3,1410
d74f01e367b3c1fd11c96f95,sham,37,8ea213c9d6d5bb36-sham,0,expertise,2,1411
5ba1b3c143a9f28df1679ef4,sham,37,8ea213c9d6d5bb36-sham,1,expertise,2,1412
06a41b8237f5ab0c07b5d683,sham,137,d5d15bfa95d777bf-sham,0,fairness,2,1413
49d4305cb61033c1f93419e3,sham,137,d5d15bfa95d777bf-sham,1,fairness,2,1414
01177f128503f7483fea2949,active,493,c0bef6aec3a792e6,low,expertise,1,1415
136ee146d83213bebfebcf17,active,493,c0bef6aec3a792e6,high,expertise,1,1416
10674c22501739ca7e21122c,sham,131,5908698aef6d70d0-sham,0,risk,1,1417
7dd7dfddc6969a7ad66379d0,sham,131,5908698aef6d70d0-sham,1,risk,1,1418
4237f72c316e058d7f8af619,active,123,878318c0c46bb840,high,expertise,1,1419
44b190d2bc0ca7e9a6dfa50b,active,123,878318c0c46bb840,low,expertise,1,1420
2ddcba0b2ce8492f79e4838f,sham,89,bed2d80e142c18f3-sham,0,risk,3,1421
bbe05361635c3f851c8db1e2,sham,89,bed2d80e142c18f3-sham,1,risk,3,1422
a53489ec609772fc662367b9,sham,77,8a4f4bbc53f9c9f7-sham,0,expertise,1,1423
993ba43a9e632357111fa733,sham,77,8a4f4bbc53f9c9f7-sham,1,expertise,1,1424
d5f6473e8e6cdfdb1c35495c,active,479,137cf3adfc52ebb2,low,expertise,2,1425
71bb2f9c8930baadec479849,active,479,137cf3adfc52ebb2,high,expertise,2,1426
ac7577e86157caa860f49be1,active,294,7e3f78675fde9e11,low,fairness,3,1427
0f4d989ade6c6c8edf28c995,active,294,7e3f78675fde9e11,high,fairness,3,1428
e197a982f9d05f2efd1c8148,sham,47,c936726bdab51475-sham,0,fairness,3,1429
0335efd02faf13b747dd67be,sham,47,c936726bdab51475-sham,1,fairness,3,1430
5b9e6cfa46c75c1c42570560,active,14,4536ab403d625951,low,risk,3,1431
22907316d392c1b0d5376627,active,14,4536ab403d625951,high,risk,3,1432
e74c8a41c72ff190ac032f6b,active,502,06735cd23c8cde15,high,risk,2,1433
ff322a4474e3fe10d249af7f,active,502,06735cd23c8cde15,low,risk,2,1434
76ff0d3b5cb9fbdbe0362d11,active,64,454a10a3063feba1,high,fairness,1,1435
6ca52b34bf4ac1e746c8b088,active,64,454a10a3063feba1,low,fairness,1,1436
5cfd1f9ced99501772c9484a,active,393,8e9bee9f0f913972,high,fairness,3,1437
4c407e08ef32bccfbe1eb914,active,393,8e9bee9f0f913972,low,fairness,3,1438
38da1a239fa81f04a75bf5e7,active,88,695a6218ff13e2cf,high,fairness,1,1439
5324f4d768a922da25152510,active,88,695a6218ff13e2cf,low,fairness,1,1440
3a2db894f124e4a86831861e,active,134,b5421eafcd52ee9f,high,risk,1,1441
6f796508b1662bd93f61560d,active,134,b5421eafcd52ee9f,low,risk,1,1442
8f26a36f58af95c628e35cd5,sham,32,aa588f5dc8685b64-sham,0,expertise,3,1443
cc89eea91ec8404b774635b3,sham,32,aa588f5dc8685b64-sham,1,expertise,3,1444
08a565a68459f716879b656a,active,338,3925f005fda7521d,low,fairness,2,1445
890dae43aaa7fdd4e2ec2f07,active,338,3925f005fda7521d,high,fairness,2,1446
8a8f1ad64f26da95f196a1ca,active,328,64832645bcc439da,low,risk,2,1447
8ca94f36e9c1bb0a6926c1bd,active,328,64832645bcc439da,high,risk,2,1448
687d6f46b18eb4ee1b5f3280,active,254,0bb410fad2ef785f,low,fairness,2,1449
b868ff8d1dfb903876f4900f,active,254,0bb410fad2ef785f,high,fairness,2,1450
29bc7381b757fc15b21e4910,sham,85,64ee62d9717f333c-sham,0,fairness,2,1451
fcacdeb68330cebb8661f7a6,sham,85,64ee62d9717f333c-sham,1,fairness,2,1452
7563db809758635305245c0d,active,302,724dd8d6301f1c55,high,expertise,1,1453
b7e53a97456348713ae46857,active,302,724dd8d6301f1c55,low,expertise,1,1454
7650cbdcb9726827f112600c,active,46,44cc4f7ea776e565,high,expertise,2,1455
cd03ccf5212834b2f50025ff,active,46,44cc4f7ea776e565,low,expertise,2,1456
ef90273f572cc2c16bbbd162,active,307,1b8599a93b398820,low,fairness,2,1457
7611032337368cfe74096f23,active,307,1b8599a93b398820,high,fairness,2,1458
922c69e9b748d2c25b462599,active,514,63c5698e7e89d010,high,fairness,1,1459
6714a7500f87d83e0463f453,active,514,63c5698e7e89d010,low,fairness,1,1460
02cf08f9a75c0a1204e8de39,active,521,0c996bb60673eca8,high,risk,3,1461
db14854c310353960d2361ca,active,521,0c996bb60673eca8,low,risk,3,1462
4fb725c3f305ad26e17f2c42,active,5,2ae0baaf0c226e85,low,expertise,3,1463
98db073ce9e31a82c222558d,active,5,2ae0baaf0c226e85,high,expertise,3,1464
9639a24f899294f1b946a967,active,13,e12ef720002d7366,low,expertise,2,1465
0550a97f9cf9c55fbb91b274,active,13,e12ef720002d7366,high,expertise,2,1466
5cbf55a44bb89d134d843c38,active,491,f86291de9a02ce04,low,expertise,2,1467
29c7020d52e8516221e15d92,active,491,f86291de9a02ce04,high,expertise,2,1468
5bf207a8fdd2a87a7ad70990,active,573,f1b1d9f5f7b18f4e,high,risk,2,1469
1a4a8369cb71a544b728cca0,active,573,f1b1d9f5f7b18f4e,low,risk,2,1470
6b3a8ff6dc13ba6cb3a76ae2,active,425,ef97f8aed6211c4a,low,expertise,2,1471
961410424a48a2b64bd3de79,active,425,ef97f8aed6211c4a,high,expertise,2,1472
6870d70d416ac633be827624,active,341,1af64844fb303cb9,low,fairness,3,1473
0c71fa197256aee416c7cbbd,active,341,1af64844fb303cb9,high,fairness,3,1474
fd87ae8a911b26e3e107d75c,active,232,a9eb0a02584fd241,high,risk,2,1475
61d2ac00d0b60bfa6731ac9b,active,232,a9eb0a02584fd241,low,risk,2,1476
7ed65ee9eb62812da424bd83,active,402,8e4ed0385ebd4299,high,risk,2,1477
6d935181f980bbe53b7f3047,active,402,8e4ed0385ebd4299,low,risk,2,1478
b91bf614ce022cded0581e88,active,564,ab4d866d2ecde555,high,expertise,1,1479
4b73874cb4b09d1389acf6f6,active,564,ab4d866d2ecde555,low,expertise,1,1480
59932ed91b3894b607f8eac4,sham,41,9387b875aae2f9bd-sham,0,risk,2,1481
ce00fc3894ddc139ad8d5c4e,sham,41,9387b875aae2f9bd-sham,1,risk,2,1482
18dfa7cb56f1709af211958d,sham,25,4626c3405a46068f-sham,0,risk,3,1483
5d8a94f9d23e95e0112f8a4f,sham,25,4626c3405a46068f-sham,1,risk,3,1484
3688526a5e3e9a729fc58343,active,95,0b62b1c5009f600f,low,risk,1,1485
0ee8cf9d3a577be5e560d57a,active,95,0b62b1c5009f600f,high,risk,1,1486
80cc97bbb43b270b9acaa25f,active,230,b99253a3dc00ad40,high,expertise,1,1487
36ca20f43ba9a17f4127fe9e,active,230,b99253a3dc00ad40,low,expertise,1,1488
144450359dc0c35f10f60f5b,active,216,5fed94789f6a9351,high,fairness,3,1489
4f2097172434a7d49484d5f3,active,216,5fed94789f6a9351,low,fairness,3,1490
4a0775babeec9725e44fd556,active,186,e7998c91942b1bad,high,fairness,3,1491
563a4dfc3356d092f547aff5,active,186,e7998c91942b1bad,low,fairness,3,1492
cddec7f50a5f7a3116e8bb2c,active,320,2e8c70da0480446d,low,risk,2,1493
64cde9999d5ea8435b75fdb8,active,320,2e8c70da0480446d,high,risk,2,1494
2a5d0ed2651bf6a02f7368a9,sham,147,ae719b61001f2628-sham,0,fairness,1,1495
b443617aed1828d65115ab72,sham,147,ae719b61001f2628-sham,1,fairness,1,1496
e0bbf5e1abe9bf54577a2a9e,active,516,66512ee36c8cc774,high,risk,1,1497
ae45cc00f0efe0603e23c186,active,516,66512ee36c8cc774,low,risk,1,1498
2427ae2b9ac6672e21af2ceb,active,344,4903e58a0bb4f268,high,fairness,2,1499
c0bfcca545a2c085514159d8,active,344,4903e58a0bb4f268,low,fairness,2,1500
2338578bcba21a907732626d,sham,20,9231b7922f5b8f73-sham,0,fairness,2,1501
43fa04e7ccc485d2a086960a,sham,20,9231b7922f5b8f73-sham,1,fairness,2,1502
ab4465512341e680121cea70,active,170,9ed4b368591edfed,low,expertise,2,1503
768d02f30d2bb38fece79ee0,active,170,9ed4b368591edfed,high,expertise,2,1504
8a383a96a6a4625718e1e272,active,195,00cb11d0f2a4b738,high,expertise,2,1505
fee0a437f6f533d6d9237cdb,active,195,00cb11d0f2a4b738,low,expertise,2,1506
141eda28094978f5b89c5613,sham,185,eb0e579c8fe5544a-sham,0,fairness,1,1507
73b24ef2234e2ea61053d5ae,sham,185,eb0e579c8fe5544a-sham,1,fairness,1,1508
286d63ac54c0568be99a9d54,active,335,a12f155bdc078938,low,fairness,1,1509
6a21d5ee1c335a71bc5028b8,active,335,a12f155bdc078938,high,fairness,1,1510
9485bf9de24fe0f450727ce0,active,283,80eb152d6ce00ef7,high,fairness,1,1511
7f95bfc8d2c476159d6298b1,active,283,80eb152d6ce00ef7,low,fairness,1,1512
3577645e3622e6bd1137a40f,active,133,5e7c27fd951d3683,high,expertise,2,1513
7932a826282434f6627bd791,active,133,5e7c27fd951d3683,low,expertise,2,1514
ed9eec3147b6f4fd6c6b5dd2,active,385,01424dc4755d9ba1,high,risk,2,1515
aaa0d08a251b0dd78842826f,active,385,01424dc4755d9ba1,low,risk,2,1516
d9df5d4ea54a3ac28104d584,active,91,7a9040344874312d,high,expertise,1,1517
9c376b8c53e038570efe3992,active,91,7a9040344874312d,low,expertise,1,1518
046eda05b8e50b6b7067b923,active,489,3fcac4451dc22f02,low,risk,2,1519
9b9341636730024d6fab1145,active,489,3fcac4451dc22f02,high,risk,2,1520
d45a8d517eebb4fef1e0b0ce,active,105,37313d050383d5bc,low,risk,3,1521
b586ceab08e0c4840d83df76,active,105,37313d050383d5bc,high,risk,3,1522
2b7d6e95fa3ec6478af567c5,sham,167,8225d8bb908666f4-sham,0,expertise,1,1523
23b4808ef7b4792fddb5a1b3,sham,167,8225d8bb908666f4-sham,1,expertise,1,1524
215cd01aefdbcfb149a2abf5,active,477,2f5df522072ce734,high,fairness,1,1525
3a74375cef2999e5097f90aa,active,477,2f5df522072ce734,low,fairness,1,1526
b09a0c70118cefa29d0dec0c,active,550,934b289bccc937db,low,fairness,3,1527
ff69c1dd0f2d94648cac1916,active,550,934b289bccc937db,high,fairness,3,1528
9cc2755dffbaf50a32fae760,active,120,f0d9f95e0e8a9755,high,risk,3,1529
1167647af1af76d2f0d4ec5a,active,120,f0d9f95e0e8a9755,low,risk,3,1530
ca215e2338f5000f857e231c,active,337,373c96df21f31a9f,high,risk,3,1531
a1b30ea32647afe4c0f8ad9d,active,337,373c96df21f31a9f,low,risk,3,1532
44965717d7dd9e0d8cc22572,active,313,2bf9e4e0175c5b92,high,risk,1,1533
8abeef4658ec2f55d0bd4d0e,active,313,2bf9e4e0175c5b92,low,risk,1,1534
a19258cd0e1c9601c528ca83,active,273,617297f6c7065bae,low,expertise,3,1535
20def69de8788b123fbe1b13,active,273,617297f6c7065bae,high,expertise,3,1536
