scenario,role,effect_fraction,n_pairs,active_calls,calls_with_shams,coupling,unusable_fraction,expected_focus_difference,expected_nondefault_difference,pooled_hits,pooled_n_simulations,pooled_rate,pooled_ci_lo,pooled_ci_hi,nondefault_hits,nondefault_n_simulations,nondefault_rate,nondefault_ci_lo,nondefault_ci_hi,joint_hits,joint_n_simulations,joint_rate,joint_ci_lo,joint_ci_hi,focus_fairness_hits,focus_fairness_n_simulations,focus_fairness_rate,focus_fairness_ci_lo,focus_fairness_ci_hi,focus_risk_hits,focus_risk_n_simulations,focus_risk_rate,focus_risk_ci_lo,focus_risk_ci_hi,focus_expertise_hits,focus_expertise_n_simulations,focus_expertise_rate,focus_expertise_ci_lo,focus_expertise_ci_hi
uniform,invariant_null,0.0,18,36,48,independent,0.0,0.0,0.0,51,5000,0.0102,0.007766697200760391,0.01338537124201366,28,5000,0.0056,0.003877356719365016,0.008081774840674774,13,5000,0.0026,0.0015201123516485658,0.004443625589216709,0,5000,0.0,0.0,0.000767730137580694,0,5000,0.0,0.0,0.000767730137580694,0,5000,0.0,0.0,0.000767730137580694
uniform,invariant_null,0.0,18,36,48,independent,0.1,0.0,0.0,37,5000,0.0074,0.005373566400957179,0.010182801330587321,17,5000,0.0034,0.0021239187553747756,0.00543859081727037,6,5000,0.0012,0.0005500756587335479,0.002615811926516952,0,5000,0.0,0.0,0.000767730137580694,0,5000,0.0,0.0,0.000767730137580694,0,5000,0.0,0.0,0.000767730137580694
uniform,invariant_null,0.0,18,36,48,negative_bound,0.0,0.0,0.0,67,5000,0.0134,0.010565885112331141,0.016981269857562393,56,5000,0.0112,0.008635351796585613,0.014515181185913273,19,5000,0.0038,0.002434119240930543,0.005927776147604539,6,5000,0.0012,0.0005500756587335479,0.002615811926516952,11,5000,0.0022,0.001228902612090369,0.00393544951288497,5,5000,0.001,0.00042720718893578876,0.0023389874883697442
uniform,invariant_null,0.0,18,36,48,negative_bound,0.1,0.0,0.0,65,5000,0.013,0.0102131038076004,0.016534665346403195,51,5000,0.0102,0.007766697200760391,0.01338537124201366,19,5000,0.0038,0.002434119240930543,0.005927776147604539,3,5000,0.0006,0.00020407096088550332,0.001762737900530094,4,5000,0.0008,0.0003111419445903861,0.0020553598247701793,5,5000,0.001,0.00042720718893578876,0.0023389874883697442
uniform,invariant_null,0.0,36,72,96,independent,0.0,0.0,0.0,68,5000,0.0136,0.010742545429440987,0.01720430244839751,60,5000,0.012,0.009334492301086808,0.015414812313191951,31,5000,0.0062,0.004371360588064539,0.008786849695810154,26,5000,0.0052,0.003551144035724963,0.007608601708424892,17,5000,0.0034,0.0021239187553747756,0.00543859081727037,26,5000,0.0052,0.003551144035724963,0.007608601708424892
uniform,invariant_null,0.0,36,72,96,independent,0.1,0.0,0.0,70,5000,0.014,0.011096386311623671,0.017649847382104764,52,5000,0.0104,0.007939925453345731,0.013611835897373284,24,5000,0.0048,0.00322775763196324,0.007132602296296678,17,5000,0.0034,0.0021239187553747756,0.00543859081727037,15,5000,0.003,0.0018189133867023654,0.004944210370052845,20,5000,0.004,0.0025909223507485585,0.006170665945731489
uniform,invariant_null,0.0,36,72,96,negative_bound,0.0,0.0,0.0,62,5000,0.0124,0.009685341838572314,0.015863348591596382,63,5000,0.0126,0.009861068751138881,0.01608731458697478,22,5000,0.0044,0.00290754291665071,0.006653431195719275,55,5000,0.011,0.008461131724304237,0.014289708350249683,44,5000,0.0088,0.006562002273368255,0.011792215813791019,51,5000,0.0102,0.007766697200760391,0.01338537124201366
uniform,invariant_null,0.0,36,72,96,negative_bound,0.1,0.0,0.0,63,5000,0.0126,0.009861068751138881,0.01608731458697478,56,5000,0.0112,0.008635351796585613,0.014515181185913273,17,5000,0.0034,0.0021239187553747756,0.00543859081727037,51,5000,0.0102,0.007766697200760391,0.01338537124201366,36,5000,0.0072,0.005205365212759887,0.009951309610839645,58,5000,0.0116,0.008984481447483776,0.014965437350905044
uniform,invariant_null,0.0,72,144,192,independent,0.0,0.0,0.0,75,5000,0.015,0.011983860272495058,0.018760837960958218,69,5000,0.0138,0.010919380389000657,0.01742716039678281,25,5000,0.005,0.0033890775204861016,0.007370975315718786,47,5000,0.0094,0.007076520504884714,0.012476776306109466,51,5000,0.0102,0.007766697200760391,0.01338537124201366,60,5000,0.012,0.009334492301086808,0.015414812313191951
uniform,invariant_null,0.0,72,144,192,independent,0.1,0.0,0.0,68,5000,0.0136,0.010742545429440987,0.01720430244839751,64,5000,0.0128,0.010036990885136498,0.016311085360922132,33,5000,0.0066,0.004703481688179132,0.009254114411585497,59,5000,0.0118,0.009159379464301861,0.015190232242031929,51,5000,0.0102,0.007766697200760391,0.01338537124201366,62,5000,0.0124,0.009685341838572314,0.015863348591596382
uniform,invariant_null,0.0,72,144,192,negative_bound,0.0,0.0,0.0,91,5000,0.0182,0.014847634201950236,0.02229215055862253,75,5000,0.015,0.011983860272495058,0.018760837960958218,35,5000,0.007,0.005037604888092059,0.009719377027562506,92,5000,0.0184,0.015027678088938907,0.02251179957957882,71,5000,0.0142,0.011273559646769033,0.01787236695490437,69,5000,0.0138,0.010919380389000657,0.01742716039678281
uniform,invariant_null,0.0,72,144,192,negative_bound,0.1,0.0,0.0,84,5000,0.0168,0.01359063218705935,0.020751302217898636,67,5000,0.0134,0.010565885112331141,0.016981269857562393,34,5000,0.0068,0.004870303811000636,0.00948698519670896,64,5000,0.0128,0.010036990885136498,0.016311085360922132,67,5000,0.0134,0.010565885112331141,0.016981269857562393,53,5000,0.0106,0.00811341195175059,0.013838042306913394
uniform,invariant_null,0.0,144,288,384,independent,0.0,0.0,0.0,114,5000,0.0228,0.019014328722336056,0.027318392920970963,98,5000,0.0196,0.016110241929952362,0.023827393186235175,53,5000,0.0106,0.00811341195175059,0.013838042306913394,72,5000,0.0144,0.011450896966502703,0.018094722543115668,80,5000,0.016,0.012875123748789068,0.01986803902438905,70,5000,0.014,0.011096386311623671,0.017649847382104764
uniform,invariant_null,0.0,144,288,384,independent,0.1,0.0,0.0,98,5000,0.0196,0.016110241929952362,0.023827393186235175,93,5000,0.0186,0.015207834375972463,0.02273133620049023,43,5000,0.0086,0.0063911409908157125,0.011563384188398593,83,5000,0.0166,0.013411556845849357,0.02053068465116366,85,5000,0.017,0.013769835859113387,0.020971791453789572,76,5000,0.0152,0.012161821505719159,0.018982569635679084
uniform,invariant_null,0.0,144,288,384,negative_bound,0.0,0.0,0.0,120,5000,0.024,0.020109049431307507,0.02862182965966932,93,5000,0.0186,0.015207834375972463,0.02273133620049023,46,5000,0.0092,0.006904702346799829,0.012248901556249381,80,5000,0.016,0.012875123748789068,0.01986803902438905,80,5000,0.016,0.012875123748789068,0.01986803902438905,70,5000,0.014,0.011096386311623671,0.017649847382104764
uniform,invariant_null,0.0,144,288,384,negative_bound,0.1,0.0,0.0,100,5000,0.02,0.016471933678631395,0.024265087253446074,91,5000,0.0182,0.014847634201950236,0.02229215055862253,48,5000,0.0096,0.007248637881821691,0.012704351837117454,72,5000,0.0144,0.011450896966502703,0.018094722543115668,77,5000,0.0154,0.012339931229922144,0.01920415281942107,85,5000,0.017,0.013769835859113387,0.020971791453789572
uniform,invariant_null,0.0,288,576,768,independent,0.0,0.0,0.0,102,5000,0.0204,0.01683402366822501,0.024702383079742398,105,5000,0.021,0.01737788075604151,0.025357604715760807,45,5000,0.009,0.00673319292420765,0.01202071807089659,100,5000,0.02,0.016471933678631395,0.024265087253446074,82,5000,0.0164,0.013232612095298076,0.02030993649376998,86,5000,0.0172,0.013949165667525344,0.021192154553322576
uniform,invariant_null,0.0,288,576,768,independent,0.1,0.0,0.0,95,5000,0.019,0.015568477172636963,0.023170079219715665,91,5000,0.0182,0.014847634201950236,0.02229215055862253,42,5000,0.0084,0.006220620278197563,0.011334211993071774,88,5000,0.0176,0.014308195226544798,0.02163251081019306,96,5000,0.0192,0.01574896030669719,0.023389288993600408,83,5000,0.0166,0.013411556845849357,0.02053068465116366
uniform,invariant_null,0.0,288,576,768,negative_bound,0.0,0.0,0.0,93,5000,0.0186,0.015207834375972463,0.02273133620049023,84,5000,0.0168,0.01359063218705935,0.020751302217898636,39,5000,0.0078,0.0057112237321092305,0.010644529815325205,81,5000,0.0162,0.0130538002633094,0.02008905541781368,95,5000,0.019,0.015568477172636963,0.023170079219715665,92,5000,0.0184,0.015027678088938907,0.02251179957957882
uniform,invariant_null,0.0,288,576,768,negative_bound,0.1,0.0,0.0,99,5000,0.0198,0.01629103729527757,0.024046290728854936,105,5000,0.021,0.01737788075604151,0.025357604715760807,40,5000,0.008,0.0058806486976492565,0.010874797757730148,84,5000,0.0168,0.01359063218705935,0.020751302217898636,85,5000,0.017,0.013769835859113387,0.020971791453789572,96,5000,0.0192,0.01574896030669719,0.023389288993600408
uniform,invariant_null,0.0,576,1152,1536,independent,0.0,0.0,0.0,117,5000,0.0234,0.01956133244721663,0.027970467919925298,123,5000,0.0246,0.020657453931589947,0.029272503883221782,59,5000,0.0118,0.009159379464301861,0.015190232242031929,97,5000,0.0194,0.015929549086400117,0.02360839312184245,102,5000,0.0204,0.01683402366822501,0.024702383079742398,93,5000,0.0186,0.015207834375972463,0.02273133620049023
uniform,invariant_null,0.0,576,1152,1536,independent,0.1,0.0,0.0,115,5000,0.023,0.019196582389584424,0.027535832161667564,122,5000,0.0244,0.02047457756498257,0.029055687341884198,62,5000,0.0124,0.009685341838572314,0.015863348591596382,102,5000,0.0204,0.01683402366822501,0.024702383079742398,87,5000,0.0174,0.014128619480519324,0.021412393648273565,86,5000,0.0172,0.013949165667525344,0.021192154553322576
uniform,invariant_null,0.0,576,1152,1536,negative_bound,0.0,0.0,0.0,105,5000,0.021,0.01737788075604151,0.025357604715760807,109,5000,0.0218,0.018104316188142542,0.026229940915439637,50,5000,0.01,0.0075937346054725085,0.013158640929356572,89,5000,0.0178,0.014487890891917016,0.021852508052765812,93,5000,0.0186,0.015207834375972463,0.02273133620049023,99,5000,0.0198,0.01629103729527757,0.024046290728854936
uniform,invariant_null,0.0,576,1152,1536,negative_bound,0.1,0.0,0.0,120,5000,0.024,0.020109049431307507,0.02862182965966932,109,5000,0.0218,0.018104316188142542,0.026229940915439637,41,5000,0.0082,0.006050451991838214,0.01110468737148616,93,5000,0.0186,0.015207834375972463,0.02273133620049023,103,5000,0.0206,0.017015214447012893,0.024920885208899485,90,5000,0.018,0.014667704518575023,0.022072387334052767
expertise,invariant_null,0.0,18,36,48,independent,0.0,0.0,0.0,0,5000,0.0,0.0,0.000767730137580694,0,5000,0.0,0.0,0.000767730137580694,0,5000,0.0,0.0,0.000767730137580694,0,5000,0.0,0.0,0.000767730137580694,0,5000,0.0,0.0,0.000767730137580694,0,5000,0.0,0.0,0.000767730137580694
expertise,invariant_null,0.0,18,36,48,independent,0.1,0.0,0.0,0,5000,0.0,0.0,0.000767730137580694,0,5000,0.0,0.0,0.000767730137580694,0,5000,0.0,0.0,0.000767730137580694,0,5000,0.0,0.0,0.000767730137580694,0,5000,0.0,0.0,0.000767730137580694,0,5000,0.0,0.0,0.000767730137580694
expertise,invariant_null,0.0,18,36,48,negative_bound,0.0,0.0,0.0,0,5000,0.0,0.0,0.000767730137580694,0,5000,0.0,0.0,0.000767730137580694,0,5000,0.0,0.0,0.000767730137580694,0,5000,0.0,0.0,0.000767730137580694,0,5000,0.0,0.0,0.000767730137580694,0,5000,0.0,0.0,0.000767730137580694
expertise,invariant_null,0.0,18,36,48,negative_bound,0.1,0.0,0.0,0,5000,0.0,0.0,0.000767730137580694,0,5000,0.0,0.0,0.000767730137580694,0,5000,0.0,0.0,0.000767730137580694,0,5000,0.0,0.0,0.000767730137580694,0,5000,0.0,0.0,0.000767730137580694,0,5000,0.0,0.0,0.000767730137580694
expertise,invariant_null,0.0,36,72,96,independent,0.0,0.0,0.0,0,5000,0.0,0.0,0.000767730137580694,0,5000,0.0,0.0,0.000767730137580694,0,5000,0.0,0.0,0.000767730137580694,0,5000,0.0,0.0,0.000767730137580694,0,5000,0.0,0.0,0.000767730137580694,0,5000,0.0,0.0,0.000767730137580694
expertise,invariant_null,0.0,36,72,96,independent,0.1,0.0,0.0,0,5000,0.0,0.0,0.000767730137580694,0,5000,0.0,0.0,0.000767730137580694,0,5000,0.0,0.0,0.000767730137580694,0,5000,0.0,0.0,0.000767730137580694,0,5000,0.0,0.0,0.000767730137580694,0,5000,0.0,0.0,0.000767730137580694
expertise,invariant_null,0.0,36,72,96,negative_bound,0.0,0.0,0.0,0,5000,0.0,0.0,0.000767730137580694,0,5000,0.0,0.0,0.000767730137580694,0,5000,0.0,0.0,0.000767730137580694,0,5000,0.0,0.0,0.000767730137580694,0,5000,0.0,0.0,0.000767730137580694,0,5000,0.0,0.0,0.000767730137580694
expertise,invariant_null,0.0,36,72,96,negative_bound,0.1,0.0,0.0,0,5000,0.0,0.0,0.000767730137580694,0,5000,0.0,0.0,0.000767730137580694,0,5000,0.0,0.0,0.000767730137580694,0,5000,0.0,0.0,0.000767730137580694,0,5000,0.0,0.0,0.000767730137580694,0,5000,0.0,0.0,0.000767730137580694
expertise,invariant_null,0.0,72,144,192,independent,0.0,0.0,0.0,0,5000,0.0,0.0,0.000767730137580694,0,5000,0.0,0.0,0.000767730137580694,0,5000,0.0,0.0,0.000767730137580694,0,5000,0.0,0.0,0.000767730137580694,0,5000,0.0,0.0,0.000767730137580694,0,5000,0.0,0.0,0.000767730137580694
expertise,invariant_null,0.0,72,144,192,independent,0.1,0.0,0.0,0,5000,0.0,0.0,0.000767730137580694,0,5000,0.0,0.0,0.000767730137580694,0,5000,0.0,0.0,0.000767730137580694,0,5000,0.0,0.0,0.000767730137580694,0,5000,0.0,0.0,0.000767730137580694,0,5000,0.0,0.0,0.000767730137580694
expertise,invariant_null,0.0,72,144,192,negative_bound,0.0,0.0,0.0,0,5000,0.0,0.0,0.000767730137580694,0,5000,0.0,0.0,0.000767730137580694,0,5000,0.0,0.0,0.000767730137580694,0,5000,0.0,0.0,0.000767730137580694,0,5000,0.0,0.0,0.000767730137580694,0,5000,0.0,0.0,0.000767730137580694
expertise,invariant_null,0.0,72,144,192,negative_bound,0.1,0.0,0.0,0,5000,0.0,0.0,0.000767730137580694,0,5000,0.0,0.0,0.000767730137580694,0,5000,0.0,0.0,0.000767730137580694,0,5000,0.0,0.0,0.000767730137580694,0,5000,0.0,0.0,0.000767730137580694,0,5000,0.0,0.0,0.000767730137580694
expertise,invariant_null,0.0,144,288,384,independent,0.0,0.0,0.0,4,5000,0.0008,0.0003111419445903861,0.0020553598247701793,1,5000,0.0002,3.5304875272480036e-05,0.0011321181702531819,1,5000,0.0002,3.5304875272480036e-05,0.0011321181702531819,0,5000,0.0,0.0,0.000767730137580694,0,5000,0.0,0.0,0.000767730137580694,0,5000,0.0,0.0,0.000767730137580694
expertise,invariant_null,0.0,144,288,384,independent,0.1,0.0,0.0,2,5000,0.0004,0.0001096989857531115,0.001457416967717518,0,5000,0.0,0.0,0.000767730137580694,0,5000,0.0,0.0,0.000767730137580694,0,5000,0.0,0.0,0.000767730137580694,0,5000,0.0,0.0,0.000767730137580694,0,5000,0.0,0.0,0.000767730137580694
expertise,invariant_null,0.0,144,288,384,negative_bound,0.0,0.0,0.0,4,5000,0.0008,0.0003111419445903861,0.0020553598247701793,0,5000,0.0,0.0,0.000767730137580694,0,5000,0.0,0.0,0.000767730137580694,0,5000,0.0,0.0,0.000767730137580694,0,5000,0.0,0.0,0.000767730137580694,1,5000,0.0002,3.5304875272480036e-05,0.0011321181702531819
expertise,invariant_null,0.0,144,288,384,negative_bound,0.1,0.0,0.0,1,5000,0.0002,3.5304875272480036e-05,0.0011321181702531819,0,5000,0.0,0.0,0.000767730137580694,0,5000,0.0,0.0,0.000767730137580694,0,5000,0.0,0.0,0.000767730137580694,0,5000,0.0,0.0,0.000767730137580694,0,5000,0.0,0.0,0.000767730137580694
expertise,invariant_null,0.0,288,576,768,independent,0.0,0.0,0.0,21,5000,0.0042,0.0027487533004756644,0.006412527903949351,1,5000,0.0002,3.5304875272480036e-05,0.0011321181702531819,1,5000,0.0002,3.5304875272480036e-05,0.0011321181702531819,0,5000,0.0,0.0,0.000767730137580694,1,5000,0.0002,3.5304875272480036e-05,0.0011321181702531819,2,5000,0.0004,0.0001096989857531115,0.001457416967717518
expertise,invariant_null,0.0,288,576,768,independent,0.1,0.0,0.0,16,5000,0.0032,0.001970710595456084,0.005192106069244095,2,5000,0.0004,0.0001096989857531115,0.001457416967717518,0,5000,0.0,0.0,0.000767730137580694,0,5000,0.0,0.0,0.000767730137580694,0,5000,0.0,0.0,0.000767730137580694,1,5000,0.0002,3.5304875272480036e-05,0.0011321181702531819
expertise,invariant_null,0.0,288,576,768,negative_bound,0.0,0.0,0.0,23,5000,0.0046,0.003067229476888848,0.006893437543426104,5,5000,0.001,0.00042720718893578876,0.0023389874883697442,2,5000,0.0004,0.0001096989857531115,0.001457416967717518,0,5000,0.0,0.0,0.000767730137580694,0,5000,0.0,0.0,0.000767730137580694,6,5000,0.0012,0.0005500756587335479,0.002615811926516952
expertise,invariant_null,0.0,288,576,768,negative_bound,0.1,0.0,0.0,28,5000,0.0056,0.003877356719365016,0.008081774840674774,2,5000,0.0004,0.0001096989857531115,0.001457416967717518,2,5000,0.0004,0.0001096989857531115,0.001457416967717518,0,5000,0.0,0.0,0.000767730137580694,0,5000,0.0,0.0,0.000767730137580694,0,5000,0.0,0.0,0.000767730137580694
expertise,invariant_null,0.0,576,1152,1536,independent,0.0,0.0,0.0,61,5000,0.0122,0.00950981475670272,0.01563918276552101,29,5000,0.0058,0.004041431411009417,0.00831739305697534,13,5000,0.0026,0.0015201123516485658,0.004443625589216709,5,5000,0.001,0.00042720718893578876,0.0023389874883697442,5,5000,0.001,0.00042720718893578876,0.0023389874883697442,17,5000,0.0034,0.0021239187553747756,0.00543859081727037
expertise,invariant_null,0.0,576,1152,1536,independent,0.1,0.0,0.0,38,5000,0.0076,0.005542191270153625,0.010413869369335844,12,5000,0.0024,0.001373451819731108,0.004190593213189199,4,5000,0.0008,0.0003111419445903861,0.0020553598247701793,0,5000,0.0,0.0,0.000767730137580694,2,5000,0.0004,0.0001096989857531115,0.001457416967717518,23,5000,0.0046,0.003067229476888848,0.006893437543426104
expertise,invariant_null,0.0,576,1152,1536,negative_bound,0.0,0.0,0.0,67,5000,0.0134,0.010565885112331141,0.016981269857562393,22,5000,0.0044,0.00290754291665071,0.006653431195719275,9,5000,0.0018,0.0009472826989451401,0.0034176836101402633,4,5000,0.0008,0.0003111419445903861,0.0020553598247701793,6,5000,0.0012,0.0005500756587335479,0.002615811926516952,19,5000,0.0038,0.002434119240930543,0.005927776147604539
expertise,invariant_null,0.0,576,1152,1536,negative_bound,0.1,0.0,0.0,53,5000,0.0106,0.00811341195175059,0.013838042306913394,20,5000,0.004,0.0025909223507485585,0.006170665945731489,9,5000,0.0018,0.0009472826989451401,0.0034176836101402633,3,5000,0.0006,0.00020407096088550332,0.001762737900530094,1,5000,0.0002,3.5304875272480036e-05,0.0011321181702531819,26,5000,0.0052,0.003551144035724963,0.007608601708424892
repeat_last,invariant_null,0.0,18,36,48,independent,0.0,0.0,0.0,9,5000,0.0018,0.0009472826989451401,0.0034176836101402633,1,5000,0.0002,3.5304875272480036e-05,0.0011321181702531819,1,5000,0.0002,3.5304875272480036e-05,0.0011321181702531819,0,5000,0.0,0.0,0.000767730137580694,0,5000,0.0,0.0,0.000767730137580694,0,5000,0.0,0.0,0.000767730137580694
repeat_last,invariant_null,0.0,18,36,48,independent,0.1,0.0,0.0,4,5000,0.0008,0.0003111419445903861,0.0020553598247701793,1,5000,0.0002,3.5304875272480036e-05,0.0011321181702531819,1,5000,0.0002,3.5304875272480036e-05,0.0011321181702531819,0,5000,0.0,0.0,0.000767730137580694,0,5000,0.0,0.0,0.000767730137580694,0,5000,0.0,0.0,0.000767730137580694
repeat_last,invariant_null,0.0,18,36,48,negative_bound,0.0,0.0,0.0,8,5000,0.0016,0.0008109653833484613,0.0031543080177919747,0,5000,0.0,0.0,0.000767730137580694,0,5000,0.0,0.0,0.000767730137580694,0,5000,0.0,0.0,0.000767730137580694,0,5000,0.0,0.0,0.000767730137580694,1,5000,0.0002,3.5304875272480036e-05,0.0011321181702531819
repeat_last,invariant_null,0.0,18,36,48,negative_bound,0.1,0.0,0.0,9,5000,0.0018,0.0009472826989451401,0.0034176836101402633,0,5000,0.0,0.0,0.000767730137580694,0,5000,0.0,0.0,0.000767730137580694,0,5000,0.0,0.0,0.000767730137580694,0,5000,0.0,0.0,0.000767730137580694,0,5000,0.0,0.0,0.000767730137580694
repeat_last,invariant_null,0.0,36,72,96,independent,0.0,0.0,0.0,37,5000,0.0074,0.005373566400957179,0.010182801330587321,9,5000,0.0018,0.0009472826989451401,0.0034176836101402633,3,5000,0.0006,0.00020407096088550332,0.001762737900530094,0,5000,0.0,0.0,0.000767730137580694,1,5000,0.0002,3.5304875272480036e-05,0.0011321181702531819,1,5000,0.0002,3.5304875272480036e-05,0.0011321181702531819
repeat_last,invariant_null,0.0,36,72,96,independent,0.1,0.0,0.0,41,5000,0.0082,0.006050451991838214,0.01110468737148616,11,5000,0.0022,0.001228902612090369,0.00393544951288497,8,5000,0.0016,0.0008109653833484613,0.0031543080177919747,0,5000,0.0,0.0,0.000767730137580694,5,5000,0.001,0.00042720718893578876,0.0023389874883697442,3,5000,0.0006,0.00020407096088550332,0.001762737900530094
repeat_last,invariant_null,0.0,36,72,96,negative_bound,0.0,0.0,0.0,47,5000,0.0094,0.007076520504884714,0.012476776306109466,24,5000,0.0048,0.00322775763196324,0.007132602296296678,9,5000,0.0018,0.0009472826989451401,0.0034176836101402633,0,5000,0.0,0.0,0.000767730137580694,2,5000,0.0004,0.0001096989857531115,0.001457416967717518,6,5000,0.0012,0.0005500756587335479,0.002615811926516952
repeat_last,invariant_null,0.0,36,72,96,negative_bound,0.1,0.0,0.0,42,5000,0.0084,0.006220620278197563,0.011334211993071774,13,5000,0.0026,0.0015201123516485658,0.004443625589216709,4,5000,0.0008,0.0003111419445903861,0.0020553598247701793,0,5000,0.0,0.0,0.000767730137580694,4,5000,0.0008,0.0003111419445903861,0.0020553598247701793,3,5000,0.0006,0.00020407096088550332,0.001762737900530094
repeat_last,invariant_null,0.0,72,144,192,independent,0.0,0.0,0.0,71,5000,0.0142,0.011273559646769033,0.01787236695490437,51,5000,0.0102,0.007766697200760391,0.01338537124201366,20,5000,0.004,0.0025909223507485585,0.006170665945731489,2,5000,0.0004,0.0001096989857531115,0.001457416967717518,24,5000,0.0048,0.00322775763196324,0.007132602296296678,34,5000,0.0068,0.004870303811000636,0.00948698519670896
repeat_last,invariant_null,0.0,72,144,192,independent,0.1,0.0,0.0,70,5000,0.014,0.011096386311623671,0.017649847382104764,42,5000,0.0084,0.006220620278197563,0.011334211993071774,20,5000,0.004,0.0025909223507485585,0.006170665945731489,0,5000,0.0,0.0,0.000767730137580694,25,5000,0.005,0.0033890775204861016,0.007370975315718786,20,5000,0.004,0.0025909223507485585,0.006170665945731489
repeat_last,invariant_null,0.0,72,144,192,negative_bound,0.0,0.0,0.0,61,5000,0.0122,0.00950981475670272,0.01563918276552101,51,5000,0.0102,0.007766697200760391,0.01338537124201366,19,5000,0.0038,0.002434119240930543,0.005927776147604539,3,5000,0.0006,0.00020407096088550332,0.001762737900530094,37,5000,0.0074,0.005373566400957179,0.010182801330587321,20,5000,0.004,0.0025909223507485585,0.006170665945731489
repeat_last,invariant_null,0.0,72,144,192,negative_bound,0.1,0.0,0.0,68,5000,0.0136,0.010742545429440987,0.01720430244839751,58,5000,0.0116,0.008984481447483776,0.014965437350905044,18,5000,0.0036,0.0022784219199114787,0.005683780560678634,1,5000,0.0002,3.5304875272480036e-05,0.0011321181702531819,29,5000,0.0058,0.004041431411009417,0.00831739305697534,30,5000,0.006,0.0042061089708657195,0.008552408405064008
repeat_last,invariant_null,0.0,144,288,384,independent,0.0,0.0,0.0,74,5000,0.0148,0.011806050426256876,0.018538954899251434,78,5000,0.0156,0.012518186641408368,0.01942559031587981,26,5000,0.0052,0.003551144035724963,0.007608601708424892,45,5000,0.009,0.00673319292420765,0.01202071807089659,58,5000,0.0116,0.008984481447483776,0.014965437350905044,59,5000,0.0118,0.009159379464301861,0.015190232242031929
repeat_last,invariant_null,0.0,144,288,384,independent,0.1,0.0,0.0,87,5000,0.0174,0.014128619480519324,0.021412393648273565,64,5000,0.0128,0.010036990885136498,0.016311085360922132,22,5000,0.0044,0.00290754291665071,0.006653431195719275,24,5000,0.0048,0.00322775763196324,0.007132602296296678,52,5000,0.0104,0.007939925453345731,0.013611835897373284,63,5000,0.0126,0.009861068751138881,0.01608731458697478
repeat_last,invariant_null,0.0,144,288,384,negative_bound,0.0,0.0,0.0,73,5000,0.0146,0.011628394959642338,0.018316917457921,84,5000,0.0168,0.01359063218705935,0.020751302217898636,25,5000,0.005,0.0033890775204861016,0.007370975315718786,35,5000,0.007,0.005037604888092059,0.009719377027562506,67,5000,0.0134,0.010565885112331141,0.016981269857562393,61,5000,0.0122,0.00950981475670272,0.01563918276552101
repeat_last,invariant_null,0.0,144,288,384,negative_bound,0.1,0.0,0.0,71,5000,0.0142,0.011273559646769033,0.01787236695490437,69,5000,0.0138,0.010919380389000657,0.01742716039678281,25,5000,0.005,0.0033890775204861016,0.007370975315718786,30,5000,0.006,0.0042061089708657195,0.008552408405064008,55,5000,0.011,0.008461131724304237,0.014289708350249683,66,5000,0.0132,0.010389403252556018,0.01675805880939255
repeat_last,invariant_null,0.0,288,576,768,independent,0.0,0.0,0.0,95,5000,0.019,0.015568477172636963,0.023170079219715665,67,5000,0.0134,0.010565885112331141,0.016981269857562393,31,5000,0.0062,0.004371360588064539,0.008786849695810154,65,5000,0.013,0.0102131038076004,0.016534665346403195,80,5000,0.016,0.012875123748789068,0.01986803902438905,66,5000,0.0132,0.010389403252556018,0.01675805880939255
repeat_last,invariant_null,0.0,288,576,768,independent,0.1,0.0,0.0,106,5000,0.0212,0.017559353655852664,0.025575824723894615,80,5000,0.016,0.012875123748789068,0.01986803902438905,34,5000,0.0068,0.004870303811000636,0.00948698519670896,41,5000,0.0082,0.006050451991838214,0.01110468737148616,82,5000,0.0164,0.013232612095298076,0.02030993649376998,70,5000,0.014,0.011096386311623671,0.017649847382104764
repeat_last,invariant_null,0.0,288,576,768,negative_bound,0.0,0.0,0.0,111,5000,0.0222,0.01846806568308761,0.02666557723638451,75,5000,0.015,0.011983860272495058,0.018760837960958218,31,5000,0.0062,0.004371360588064539,0.008786849695810154,86,5000,0.0172,0.013949165667525344,0.021192154553322576,56,5000,0.0112,0.008635351796585613,0.014515181185913273,79,5000,0.0158,0.012696585024719542,0.019646884840513613
repeat_last,invariant_null,0.0,288,576,768,negative_bound,0.1,0.0,0.0,109,5000,0.0218,0.018104316188142542,0.026229940915439637,84,5000,0.0168,0.01359063218705935,0.020751302217898636,38,5000,0.0076,0.005542191270153625,0.010413869369335844,72,5000,0.0144,0.011450896966502703,0.018094722543115668,70,5000,0.014,0.011096386311623671,0.017649847382104764,85,5000,0.017,0.013769835859113387,0.020971791453789572
repeat_last,invariant_null,0.0,576,1152,1536,independent,0.0,0.0,0.0,102,5000,0.0204,0.01683402366822501,0.024702383079742398,96,5000,0.0192,0.01574896030669719,0.023389288993600408,39,5000,0.0078,0.0057112237321092305,0.010644529815325205,78,5000,0.0156,0.012518186641408368,0.01942559031587981,89,5000,0.0178,0.014487890891917016,0.021852508052765812,87,5000,0.0174,0.014128619480519324,0.021412393648273565
repeat_last,invariant_null,0.0,576,1152,1536,independent,0.1,0.0,0.0,100,5000,0.02,0.016471933678631395,0.024265087253446074,95,5000,0.019,0.015568477172636963,0.023170079219715665,42,5000,0.0084,0.006220620278197563,0.011334211993071774,77,5000,0.0154,0.012339931229922144,0.01920415281942107,67,5000,0.0134,0.010565885112331141,0.016981269857562393,87,5000,0.0174,0.014128619480519324,0.021412393648273565
repeat_last,invariant_null,0.0,576,1152,1536,negative_bound,0.0,0.0,0.0,109,5000,0.0218,0.018104316188142542,0.026229940915439637,97,5000,0.0194,0.015929549086400117,0.02360839312184245,37,5000,0.0074,0.005373566400957179,0.010182801330587321,83,5000,0.0166,0.013411556845849357,0.02053068465116366,86,5000,0.0172,0.013949165667525344,0.021192154553322576,96,5000,0.0192,0.01574896030669719,0.023389288993600408
repeat_last,invariant_null,0.0,576,1152,1536,negative_bound,0.1,0.0,0.0,80,5000,0.016,0.012875123748789068,0.01986803902438905,88,5000,0.0176,0.014308195226544798,0.02163251081019306,30,5000,0.006,0.0042061089708657195,0.008552408405064008,70,5000,0.014,0.011096386311623671,0.017649847382104764,79,5000,0.0158,0.012696585024719542,0.019646884840513613,87,5000,0.0174,0.014128619480519324,0.021412393648273565
win_stay_expertise,invariant_null,0.0,18,36,48,independent,0.0,0.0,0.0,4,5000,0.0008,0.0003111419445903861,0.0020553598247701793,0,5000,0.0,0.0,0.000767730137580694,0,5000,0.0,0.0,0.000767730137580694,0,5000,0.0,0.0,0.000767730137580694,0,5000,0.0,0.0,0.000767730137580694,0,5000,0.0,0.0,0.000767730137580694
win_stay_expertise,invariant_null,0.0,18,36,48,independent,0.1,0.0,0.0,2,5000,0.0004,0.0001096989857531115,0.001457416967717518,0,5000,0.0,0.0,0.000767730137580694,0,5000,0.0,0.0,0.000767730137580694,0,5000,0.0,0.0,0.000767730137580694,0,5000,0.0,0.0,0.000767730137580694,0,5000,0.0,0.0,0.000767730137580694
win_stay_expertise,invariant_null,0.0,18,36,48,negative_bound,0.0,0.0,0.0,5,5000,0.001,0.00042720718893578876,0.0023389874883697442,0,5000,0.0,0.0,0.000767730137580694,0,5000,0.0,0.0,0.000767730137580694,0,5000,0.0,0.0,0.000767730137580694,0,5000,0.0,0.0,0.000767730137580694,0,5000,0.0,0.0,0.000767730137580694
win_stay_expertise,invariant_null,0.0,18,36,48,negative_bound,0.1,0.0,0.0,0,5000,0.0,0.0,0.000767730137580694,0,5000,0.0,0.0,0.000767730137580694,0,5000,0.0,0.0,0.000767730137580694,0,5000,0.0,0.0,0.000767730137580694,0,5000,0.0,0.0,0.000767730137580694,0,5000,0.0,0.0,0.000767730137580694
win_stay_expertise,invariant_null,0.0,36,72,96,independent,0.0,0.0,0.0,19,5000,0.0038,0.002434119240930543,0.005927776147604539,0,5000,0.0,0.0,0.000767730137580694,0,5000,0.0,0.0,0.000767730137580694,0,5000,0.0,0.0,0.000767730137580694,0,5000,0.0,0.0,0.000767730137580694,2,5000,0.0004,0.0001096989857531115,0.001457416967717518
win_stay_expertise,invariant_null,0.0,36,72,96,independent,0.1,0.0,0.0,13,5000,0.0026,0.0015201123516485658,0.004443625589216709,0,5000,0.0,0.0,0.000767730137580694,0,5000,0.0,0.0,0.000767730137580694,0,5000,0.0,0.0,0.000767730137580694,0,5000,0.0,0.0,0.000767730137580694,0,5000,0.0,0.0,0.000767730137580694
win_stay_expertise,invariant_null,0.0,36,72,96,negative_bound,0.0,0.0,0.0,24,5000,0.0048,0.00322775763196324,0.007132602296296678,0,5000,0.0,0.0,0.000767730137580694,0,5000,0.0,0.0,0.000767730137580694,0,5000,0.0,0.0,0.000767730137580694,0,5000,0.0,0.0,0.000767730137580694,2,5000,0.0004,0.0001096989857531115,0.001457416967717518
win_stay_expertise,invariant_null,0.0,36,72,96,negative_bound,0.1,0.0,0.0,13,5000,0.0026,0.0015201123516485658,0.004443625589216709,0,5000,0.0,0.0,0.000767730137580694,0,5000,0.0,0.0,0.000767730137580694,0,5000,0.0,0.0,0.000767730137580694,0,5000,0.0,0.0,0.000767730137580694,1,5000,0.0002,3.5304875272480036e-05,0.0011321181702531819
win_stay_expertise,invariant_null,0.0,72,144,192,independent,0.0,0.0,0.0,54,5000,0.0108,0.00828714962565902,0.014063997540949934,29,5000,0.0058,0.004041431411009417,0.00831739305697534,12,5000,0.0024,0.001373451819731108,0.004190593213189199,0,5000,0.0,0.0,0.000767730137580694,14,5000,0.0028,0.0016686615436143238,0.0046947693051959186,20,5000,0.004,0.0025909223507485585,0.006170665945731489
win_stay_expertise,invariant_null,0.0,72,144,192,independent,0.1,0.0,0.0,40,5000,0.008,0.0058806486976492565,0.010874797757730148,13,5000,0.0026,0.0015201123516485658,0.004443625589216709,2,5000,0.0004,0.0001096989857531115,0.001457416967717518,0,5000,0.0,0.0,0.000767730137580694,1,5000,0.0002,3.5304875272480036e-05,0.0011321181702531819,13,5000,0.0026,0.0015201123516485658,0.004443625589216709
win_stay_expertise,invariant_null,0.0,72,144,192,negative_bound,0.0,0.0,0.0,60,5000,0.012,0.009334492301086808,0.015414812313191951,31,5000,0.0062,0.004371360588064539,0.008786849695810154,14,5000,0.0028,0.0016686615436143238,0.0046947693051959186,0,5000,0.0,0.0,0.000767730137580694,14,5000,0.0028,0.0016686615436143238,0.0046947693051959186,26,5000,0.0052,0.003551144035724963,0.007608601708424892
win_stay_expertise,invariant_null,0.0,72,144,192,negative_bound,0.1,0.0,0.0,57,5000,0.0114,0.008809803672749156,0.014740422217694699,21,5000,0.0042,0.0027487533004756644,0.006412527903949351,6,5000,0.0012,0.0005500756587335479,0.002615811926516952,1,5000,0.0002,3.5304875272480036e-05,0.0011321181702531819,9,5000,0.0018,0.0009472826989451401,0.0034176836101402633,19,5000,0.0038,0.002434119240930543,0.005927776147604539
win_stay_expertise,invariant_null,0.0,144,288,384,independent,0.0,0.0,0.0,72,5000,0.0144,0.011450896966502703,0.018094722543115668,55,5000,0.011,0.008461131724304237,0.014289708350249683,18,5000,0.0036,0.0022784219199114787,0.005683780560678634,9,5000,0.0018,0.0009472826989451401,0.0034176836101402633,36,5000,0.0072,0.005205365212759887,0.009951309610839645,49,5000,0.0098,0.007421045443652236,0.012931637183231875
win_stay_expertise,invariant_null,0.0,144,288,384,independent,0.1,0.0,0.0,78,5000,0.0156,0.012518186641408368,0.01942559031587981,46,5000,0.0092,0.006904702346799829,0.012248901556249381,17,5000,0.0034,0.0021239187553747756,0.00543859081727037,5,5000,0.001,0.00042720718893578876,0.0023389874883697442,30,5000,0.006,0.0042061089708657195,0.008552408405064008,42,5000,0.0084,0.006220620278197563,0.011334211993071774
win_stay_expertise,invariant_null,0.0,144,288,384,negative_bound,0.0,0.0,0.0,80,5000,0.016,0.012875123748789068,0.01986803902438905,56,5000,0.0112,0.008635351796585613,0.014515181185913273,18,5000,0.0036,0.0022784219199114787,0.005683780560678634,14,5000,0.0028,0.0016686615436143238,0.0046947693051959186,46,5000,0.0092,0.006904702346799829,0.012248901556249381,51,5000,0.0102,0.007766697200760391,0.01338537124201366
win_stay_expertise,invariant_null,0.0,144,288,384,negative_bound,0.1,0.0,0.0,98,5000,0.0196,0.016110241929952362,0.023827393186235175,54,5000,0.0108,0.00828714962565902,0.014063997540949934,19,5000,0.0038,0.002434119240930543,0.005927776147604539,14,5000,0.0028,0.0016686615436143238,0.0046947693051959186,38,5000,0.0076,0.005542191270153625,0.010413869369335844,59,5000,0.0118,0.009159379464301861,0.015190232242031929
win_stay_expertise,invariant_null,0.0,288,576,768,independent,0.0,0.0,0.0,84,5000,0.0168,0.01359063218705935,0.020751302217898636,70,5000,0.014,0.011096386311623671,0.017649847382104764,29,5000,0.0058,0.004041431411009417,0.00831739305697534,37,5000,0.0074,0.005373566400957179,0.010182801330587321,61,5000,0.0122,0.00950981475670272,0.01563918276552101,66,5000,0.0132,0.010389403252556018,0.01675805880939255
win_stay_expertise,invariant_null,0.0,288,576,768,independent,0.1,0.0,0.0,81,5000,0.0162,0.0130538002633094,0.02008905541781368,73,5000,0.0146,0.011628394959642338,0.018316917457921,28,5000,0.0056,0.003877356719365016,0.008081774840674774,35,5000,0.007,0.005037604888092059,0.009719377027562506,67,5000,0.0134,0.010565885112331141,0.016981269857562393,87,5000,0.0174,0.014128619480519324,0.021412393648273565
win_stay_expertise,invariant_null,0.0,288,576,768,negative_bound,0.0,0.0,0.0,82,5000,0.0164,0.013232612095298076,0.02030993649376998,63,5000,0.0126,0.009861068751138881,0.01608731458697478,19,5000,0.0038,0.002434119240930543,0.005927776147604539,35,5000,0.007,0.005037604888092059,0.009719377027562506,79,5000,0.0158,0.012696585024719542,0.019646884840513613,60,5000,0.012,0.009334492301086808,0.015414812313191951
win_stay_expertise,invariant_null,0.0,288,576,768,negative_bound,0.1,0.0,0.0,106,5000,0.0212,0.017559353655852664,0.025575824723894615,76,5000,0.0152,0.012161821505719159,0.018982569635679084,30,5000,0.006,0.0042061089708657195,0.008552408405064008,40,5000,0.008,0.0058806486976492565,0.010874797757730148,64,5000,0.0128,0.010036990885136498,0.016311085360922132,87,5000,0.0174,0.014128619480519324,0.021412393648273565
win_stay_expertise,invariant_null,0.0,576,1152,1536,independent,0.0,0.0,0.0,98,5000,0.0196,0.016110241929952362,0.023827393186235175,78,5000,0.0156,0.012518186641408368,0.01942559031587981,30,5000,0.006,0.0042061089708657195,0.008552408405064008,72,5000,0.0144,0.011450896966502703,0.018094722543115668,65,5000,0.013,0.0102131038076004,0.016534665346403195,84,5000,0.0168,0.01359063218705935,0.020751302217898636
win_stay_expertise,invariant_null,0.0,576,1152,1536,independent,0.1,0.0,0.0,95,5000,0.019,0.015568477172636963,0.023170079219715665,95,5000,0.019,0.015568477172636963,0.023170079219715665,31,5000,0.0062,0.004371360588064539,0.008786849695810154,101,5000,0.0202,0.016652929613278054,0.024483784226744385,68,5000,0.0136,0.010742545429440987,0.01720430244839751,90,5000,0.018,0.014667704518575023,0.022072387334052767
win_stay_expertise,invariant_null,0.0,576,1152,1536,negative_bound,0.0,0.0,0.0,91,5000,0.0182,0.014847634201950236,0.02229215055862253,79,5000,0.0158,0.012696585024719542,0.019646884840513613,25,5000,0.005,0.0033890775204861016,0.007370975315718786,69,5000,0.0138,0.010919380389000657,0.01742716039678281,57,5000,0.0114,0.008809803672749156,0.014740422217694699,90,5000,0.018,0.014667704518575023,0.022072387334052767
win_stay_expertise,invariant_null,0.0,576,1152,1536,negative_bound,0.1,0.0,0.0,83,5000,0.0166,0.013411556845849357,0.02053068465116366,90,5000,0.018,0.014667704518575023,0.022072387334052767,24,5000,0.0048,0.00322775763196324,0.007132602296296678,75,5000,0.015,0.011983860272495058,0.018760837960958218,80,5000,0.016,0.012875123748789068,0.01986803902438905,81,5000,0.0162,0.0130538002633094,0.02008905541781368
history_frequency,invariant_null,0.0,18,36,48,independent,0.0,0.0,0.0,36,5000,0.0072,0.005205365212759887,0.009951309610839645,5,5000,0.001,0.00042720718893578876,0.0023389874883697442,2,5000,0.0004,0.0001096989857531115,0.001457416967717518,0,5000,0.0,0.0,0.000767730137580694,0,5000,0.0,0.0,0.000767730137580694,0,5000,0.0,0.0,0.000767730137580694
history_frequency,invariant_null,0.0,18,36,48,independent,0.1,0.0,0.0,29,5000,0.0058,0.004041431411009417,0.00831739305697534,4,5000,0.0008,0.0003111419445903861,0.0020553598247701793,1,5000,0.0002,3.5304875272480036e-05,0.0011321181702531819,0,5000,0.0,0.0,0.000767730137580694,0,5000,0.0,0.0,0.000767730137580694,1,5000,0.0002,3.5304875272480036e-05,0.0011321181702531819
history_frequency,invariant_null,0.0,18,36,48,negative_bound,0.0,0.0,0.0,57,5000,0.0114,0.008809803672749156,0.014740422217694699,18,5000,0.0036,0.0022784219199114787,0.005683780560678634,6,5000,0.0012,0.0005500756587335479,0.002615811926516952,0,5000,0.0,0.0,0.000767730137580694,1,5000,0.0002,3.5304875272480036e-05,0.0011321181702531819,5,5000,0.001,0.00042720718893578876,0.0023389874883697442
history_frequency,invariant_null,0.0,18,36,48,negative_bound,0.1,0.0,0.0,64,5000,0.0128,0.010036990885136498,0.016311085360922132,14,5000,0.0028,0.0016686615436143238,0.0046947693051959186,5,5000,0.001,0.00042720718893578876,0.0023389874883697442,0,5000,0.0,0.0,0.000767730137580694,2,5000,0.0004,0.0001096989857531115,0.001457416967717518,2,5000,0.0004,0.0001096989857531115,0.001457416967717518
history_frequency,invariant_null,0.0,36,72,96,independent,0.0,0.0,0.0,60,5000,0.012,0.009334492301086808,0.015414812313191951,37,5000,0.0074,0.005373566400957179,0.010182801330587321,14,5000,0.0028,0.0016686615436143238,0.0046947693051959186,1,5000,0.0002,3.5304875272480036e-05,0.0011321181702531819,14,5000,0.0028,0.0016686615436143238,0.0046947693051959186,14,5000,0.0028,0.0016686615436143238,0.0046947693051959186
history_frequency,invariant_null,0.0,36,72,96,independent,0.1,0.0,0.0,56,5000,0.0112,0.008635351796585613,0.014515181185913273,31,5000,0.0062,0.004371360588064539,0.008786849695810154,11,5000,0.0022,0.001228902612090369,0.00393544951288497,0,5000,0.0,0.0,0.000767730137580694,12,5000,0.0024,0.001373451819731108,0.004190593213189199,6,5000,0.0012,0.0005500756587335479,0.002615811926516952
history_frequency,invariant_null,0.0,36,72,96,negative_bound,0.0,0.0,0.0,80,5000,0.016,0.012875123748789068,0.01986803902438905,46,5000,0.0092,0.006904702346799829,0.012248901556249381,15,5000,0.003,0.0018189133867023654,0.004944210370052845,1,5000,0.0002,3.5304875272480036e-05,0.0011321181702531819,35,5000,0.007,0.005037604888092059,0.009719377027562506,37,5000,0.0074,0.005373566400957179,0.010182801330587321
history_frequency,invariant_null,0.0,36,72,96,negative_bound,0.1,0.0,0.0,61,5000,0.0122,0.00950981475670272,0.01563918276552101,48,5000,0.0096,0.007248637881821691,0.012704351837117454,9,5000,0.0018,0.0009472826989451401,0.0034176836101402633,1,5000,0.0002,3.5304875272480036e-05,0.0011321181702531819,29,5000,0.0058,0.004041431411009417,0.00831739305697534,49,5000,0.0098,0.007421045443652236,0.012931637183231875
history_frequency,invariant_null,0.0,72,144,192,independent,0.0,0.0,0.0,80,5000,0.016,0.012875123748789068,0.01986803902438905,80,5000,0.016,0.012875123748789068,0.01986803902438905,28,5000,0.0056,0.003877356719365016,0.008081774840674774,3,5000,0.0006,0.00020407096088550332,0.001762737900530094,49,5000,0.0098,0.007421045443652236,0.012931637183231875,54,5000,0.0108,0.00828714962565902,0.014063997540949934
history_frequency,invariant_null,0.0,72,144,192,independent,0.1,0.0,0.0,65,5000,0.013,0.0102131038076004,0.016534665346403195,59,5000,0.0118,0.009159379464301861,0.015190232242031929,16,5000,0.0032,0.001970710595456084,0.005192106069244095,3,5000,0.0006,0.00020407096088550332,0.001762737900530094,43,5000,0.0086,0.0063911409908157125,0.011563384188398593,44,5000,0.0088,0.006562002273368255,0.011792215813791019
history_frequency,invariant_null,0.0,72,144,192,negative_bound,0.0,0.0,0.0,96,5000,0.0192,0.01574896030669719,0.023389288993600408,77,5000,0.0154,0.012339931229922144,0.01920415281942107,33,5000,0.0066,0.004703481688179132,0.009254114411585497,5,5000,0.001,0.00042720718893578876,0.0023389874883697442,75,5000,0.015,0.011983860272495058,0.018760837960958218,75,5000,0.015,0.011983860272495058,0.018760837960958218
history_frequency,invariant_null,0.0,72,144,192,negative_bound,0.1,0.0,0.0,88,5000,0.0176,0.014308195226544798,0.02163251081019306,69,5000,0.0138,0.010919380389000657,0.01742716039678281,25,5000,0.005,0.0033890775204861016,0.007370975315718786,3,5000,0.0006,0.00020407096088550332,0.001762737900530094,52,5000,0.0104,0.007939925453345731,0.013611835897373284,67,5000,0.0134,0.010565885112331141,0.016981269857562393
history_frequency,invariant_null,0.0,144,288,384,independent,0.0,0.0,0.0,88,5000,0.0176,0.014308195226544798,0.02163251081019306,87,5000,0.0174,0.014128619480519324,0.021412393648273565,29,5000,0.0058,0.004041431411009417,0.00831739305697534,42,5000,0.0084,0.006220620278197563,0.011334211993071774,78,5000,0.0156,0.012518186641408368,0.01942559031587981,71,5000,0.0142,0.011273559646769033,0.01787236695490437
history_frequency,invariant_null,0.0,144,288,384,independent,0.1,0.0,0.0,86,5000,0.0172,0.013949165667525344,0.021192154553322576,80,5000,0.016,0.012875123748789068,0.01986803902438905,27,5000,0.0054,0.003713916213769333,0.00784552243832549,25,5000,0.005,0.0033890775204861016,0.007370975315718786,77,5000,0.0154,0.012339931229922144,0.01920415281942107,59,5000,0.0118,0.009159379464301861,0.015190232242031929
history_frequency,invariant_null,0.0,144,288,384,negative_bound,0.0,0.0,0.0,93,5000,0.0186,0.015207834375972463,0.02273133620049023,84,5000,0.0168,0.01359063218705935,0.020751302217898636,26,5000,0.0052,0.003551144035724963,0.007608601708424892,39,5000,0.0078,0.0057112237321092305,0.010644529815325205,81,5000,0.0162,0.0130538002633094,0.02008905541781368,75,5000,0.015,0.011983860272495058,0.018760837960958218
history_frequency,invariant_null,0.0,144,288,384,negative_bound,0.1,0.0,0.0,92,5000,0.0184,0.015027678088938907,0.02251179957957882,94,5000,0.0188,0.0153881013071799,0.022950762177227767,31,5000,0.0062,0.004371360588064539,0.008786849695810154,42,5000,0.0084,0.006220620278197563,0.011334211993071774,82,5000,0.0164,0.013232612095298076,0.02030993649376998,82,5000,0.0164,0.013232612095298076,0.02030993649376998
history_frequency,invariant_null,0.0,288,576,768,independent,0.0,0.0,0.0,88,5000,0.0176,0.014308195226544798,0.02163251081019306,87,5000,0.0174,0.014128619480519324,0.021412393648273565,28,5000,0.0056,0.003877356719365016,0.008081774840674774,51,5000,0.0102,0.007766697200760391,0.01338537124201366,89,5000,0.0178,0.014487890891917016,0.021852508052765812,85,5000,0.017,0.013769835859113387,0.020971791453789572
history_frequency,invariant_null,0.0,288,576,768,independent,0.1,0.0,0.0,92,5000,0.0184,0.015027678088938907,0.02251179957957882,81,5000,0.0162,0.0130538002633094,0.02008905541781368,29,5000,0.0058,0.004041431411009417,0.00831739305697534,65,5000,0.013,0.0102131038076004,0.016534665346403195,70,5000,0.014,0.011096386311623671,0.017649847382104764,84,5000,0.0168,0.01359063218705935,0.020751302217898636
history_frequency,invariant_null,0.0,288,576,768,negative_bound,0.0,0.0,0.0,115,5000,0.023,0.019196582389584424,0.027535832161667564,91,5000,0.0182,0.014847634201950236,0.02229215055862253,30,5000,0.006,0.0042061089708657195,0.008552408405064008,77,5000,0.0154,0.012339931229922144,0.01920415281942107,74,5000,0.0148,0.011806050426256876,0.018538954899251434,97,5000,0.0194,0.015929549086400117,0.02360839312184245
history_frequency,invariant_null,0.0,288,576,768,negative_bound,0.1,0.0,0.0,102,5000,0.0204,0.01683402366822501,0.024702383079742398,82,5000,0.0164,0.013232612095298076,0.02030993649376998,37,5000,0.0074,0.005373566400957179,0.010182801330587321,67,5000,0.0134,0.010565885112331141,0.016981269857562393,88,5000,0.0176,0.014308195226544798,0.02163251081019306,83,5000,0.0166,0.013411556845849357,0.02053068465116366
history_frequency,invariant_null,0.0,576,1152,1536,independent,0.0,0.0,0.0,93,5000,0.0186,0.015207834375972463,0.02273133620049023,80,5000,0.016,0.012875123748789068,0.01986803902438905,30,5000,0.006,0.0042061089708657195,0.008552408405064008,71,5000,0.0142,0.011273559646769033,0.01787236695490437,72,5000,0.0144,0.011450896966502703,0.018094722543115668,106,5000,0.0212,0.017559353655852664,0.025575824723894615
history_frequency,invariant_null,0.0,576,1152,1536,independent,0.1,0.0,0.0,103,5000,0.0206,0.017015214447012893,0.024920885208899485,102,5000,0.0204,0.01683402366822501,0.024702383079742398,37,5000,0.0074,0.005373566400957179,0.010182801330587321,81,5000,0.0162,0.0130538002633094,0.02008905541781368,87,5000,0.0174,0.014128619480519324,0.021412393648273565,107,5000,0.0214,0.017740918016567058,0.025793953271125183
history_frequency,invariant_null,0.0,576,1152,1536,negative_bound,0.0,0.0,0.0,106,5000,0.0212,0.017559353655852664,0.025575824723894615,100,5000,0.02,0.016471933678631395,0.024265087253446074,40,5000,0.008,0.0058806486976492565,0.010874797757730148,70,5000,0.014,0.011096386311623671,0.017649847382104764,96,5000,0.0192,0.01574896030669719,0.023389288993600408,91,5000,0.0182,0.014847634201950236,0.02229215055862253
history_frequency,invariant_null,0.0,576,1152,1536,negative_bound,0.1,0.0,0.0,93,5000,0.0186,0.015207834375972463,0.02273133620049023,88,5000,0.0176,0.014308195226544798,0.02163251081019306,26,5000,0.0052,0.003551144035724963,0.007608601708424892,73,5000,0.0146,0.011628394959642338,0.018316917457921,88,5000,0.0176,0.014308195226544798,0.02163251081019306,100,5000,0.02,0.016471933678631395,0.024265087253446074
reward_learning,invariant_null,0.0,18,36,48,independent,0.0,0.0,0.0,27,5000,0.0054,0.003713916213769333,0.00784552243832549,8,5000,0.0016,0.0008109653833484613,0.0031543080177919747,4,5000,0.0008,0.0003111419445903861,0.0020553598247701793,0,5000,0.0,0.0,0.000767730137580694,0,5000,0.0,0.0,0.000767730137580694,0,5000,0.0,0.0,0.000767730137580694
reward_learning,invariant_null,0.0,18,36,48,independent,0.1,0.0,0.0,29,5000,0.0058,0.004041431411009417,0.00831739305697534,6,5000,0.0012,0.0005500756587335479,0.002615811926516952,3,5000,0.0006,0.00020407096088550332,0.001762737900530094,0,5000,0.0,0.0,0.000767730137580694,1,5000,0.0002,3.5304875272480036e-05,0.0011321181702531819,0,5000,0.0,0.0,0.000767730137580694
reward_learning,invariant_null,0.0,18,36,48,negative_bound,0.0,0.0,0.0,57,5000,0.0114,0.008809803672749156,0.014740422217694699,24,5000,0.0048,0.00322775763196324,0.007132602296296678,7,5000,0.0014,0.0006783239436107811,0.002887256549584687,0,5000,0.0,0.0,0.000767730137580694,2,5000,0.0004,0.0001096989857531115,0.001457416967717518,6,5000,0.0012,0.0005500756587335479,0.002615811926516952
reward_learning,invariant_null,0.0,18,36,48,negative_bound,0.1,0.0,0.0,53,5000,0.0106,0.00811341195175059,0.013838042306913394,13,5000,0.0026,0.0015201123516485658,0.004443625589216709,5,5000,0.001,0.00042720718893578876,0.0023389874883697442,0,5000,0.0,0.0,0.000767730137580694,2,5000,0.0004,0.0001096989857531115,0.001457416967717518,4,5000,0.0008,0.0003111419445903861,0.0020553598247701793
reward_learning,invariant_null,0.0,36,72,96,independent,0.0,0.0,0.0,66,5000,0.0132,0.010389403252556018,0.01675805880939255,27,5000,0.0054,0.003713916213769333,0.00784552243832549,9,5000,0.0018,0.0009472826989451401,0.0034176836101402633,0,5000,0.0,0.0,0.000767730137580694,17,5000,0.0034,0.0021239187553747756,0.00543859081727037,33,5000,0.0066,0.004703481688179132,0.009254114411585497
reward_learning,invariant_null,0.0,36,72,96,independent,0.1,0.0,0.0,64,5000,0.0128,0.010036990885136498,0.016311085360922132,29,5000,0.0058,0.004041431411009417,0.00831739305697534,14,5000,0.0028,0.0016686615436143238,0.0046947693051959186,0,5000,0.0,0.0,0.000767730137580694,11,5000,0.0022,0.001228902612090369,0.00393544951288497,17,5000,0.0034,0.0021239187553747756,0.00543859081727037
reward_learning,invariant_null,0.0,36,72,96,negative_bound,0.0,0.0,0.0,70,5000,0.014,0.011096386311623671,0.017649847382104764,56,5000,0.0112,0.008635351796585613,0.014515181185913273,24,5000,0.0048,0.00322775763196324,0.007132602296296678,2,5000,0.0004,0.0001096989857531115,0.001457416967717518,44,5000,0.0088,0.006562002273368255,0.011792215813791019,43,5000,0.0086,0.0063911409908157125,0.011563384188398593
reward_learning,invariant_null,0.0,36,72,96,negative_bound,0.1,0.0,0.0,74,5000,0.0148,0.011806050426256876,0.018538954899251434,62,5000,0.0124,0.009685341838572314,0.015863348591596382,22,5000,0.0044,0.00290754291665071,0.006653431195719275,0,5000,0.0,0.0,0.000767730137580694,46,5000,0.0092,0.006904702346799829,0.012248901556249381,46,5000,0.0092,0.006904702346799829,0.012248901556249381
reward_learning,invariant_null,0.0,72,144,192,independent,0.0,0.0,0.0,85,5000,0.017,0.013769835859113387,0.020971791453789572,70,5000,0.014,0.011096386311623671,0.017649847382104764,19,5000,0.0038,0.002434119240930543,0.005927776147604539,4,5000,0.0008,0.0003111419445903861,0.0020553598247701793,60,5000,0.012,0.009334492301086808,0.015414812313191951,51,5000,0.0102,0.007766697200760391,0.01338537124201366
reward_learning,invariant_null,0.0,72,144,192,independent,0.1,0.0,0.0,84,5000,0.0168,0.01359063218705935,0.020751302217898636,62,5000,0.0124,0.009685341838572314,0.015863348591596382,21,5000,0.0042,0.0027487533004756644,0.006412527903949351,3,5000,0.0006,0.00020407096088550332,0.001762737900530094,49,5000,0.0098,0.007421045443652236,0.012931637183231875,51,5000,0.0102,0.007766697200760391,0.01338537124201366
reward_learning,invariant_null,0.0,72,144,192,negative_bound,0.0,0.0,0.0,93,5000,0.0186,0.015207834375972463,0.02273133620049023,87,5000,0.0174,0.014128619480519324,0.021412393648273565,30,5000,0.006,0.0042061089708657195,0.008552408405064008,8,5000,0.0016,0.0008109653833484613,0.0031543080177919747,74,5000,0.0148,0.011806050426256876,0.018538954899251434,74,5000,0.0148,0.011806050426256876,0.018538954899251434
reward_learning,invariant_null,0.0,72,144,192,negative_bound,0.1,0.0,0.0,58,5000,0.0116,0.008984481447483776,0.014965437350905044,54,5000,0.0108,0.00828714962565902,0.014063997540949934,13,5000,0.0026,0.0015201123516485658,0.004443625589216709,4,5000,0.0008,0.0003111419445903861,0.0020553598247701793,51,5000,0.0102,0.007766697200760391,0.01338537124201366,71,5000,0.0142,0.011273559646769033,0.01787236695490437
reward_learning,invariant_null,0.0,144,288,384,independent,0.0,0.0,0.0,81,5000,0.0162,0.0130538002633094,0.02008905541781368,72,5000,0.0144,0.011450896966502703,0.018094722543115668,22,5000,0.0044,0.00290754291665071,0.006653431195719275,36,5000,0.0072,0.005205365212759887,0.009951309610839645,65,5000,0.013,0.0102131038076004,0.016534665346403195,61,5000,0.0122,0.00950981475670272,0.01563918276552101
reward_learning,invariant_null,0.0,144,288,384,independent,0.1,0.0,0.0,79,5000,0.0158,0.012696585024719542,0.019646884840513613,71,5000,0.0142,0.011273559646769033,0.01787236695490437,23,5000,0.0046,0.003067229476888848,0.006893437543426104,41,5000,0.0082,0.006050451991838214,0.01110468737148616,58,5000,0.0116,0.008984481447483776,0.014965437350905044,81,5000,0.0162,0.0130538002633094,0.02008905541781368
reward_learning,invariant_null,0.0,144,288,384,negative_bound,0.0,0.0,0.0,92,5000,0.0184,0.015027678088938907,0.02251179957957882,76,5000,0.0152,0.012161821505719159,0.018982569635679084,24,5000,0.0048,0.00322775763196324,0.007132602296296678,51,5000,0.0102,0.007766697200760391,0.01338537124201366,77,5000,0.0154,0.012339931229922144,0.01920415281942107,92,5000,0.0184,0.015027678088938907,0.02251179957957882
reward_learning,invariant_null,0.0,144,288,384,negative_bound,0.1,0.0,0.0,108,5000,0.0216,0.017922572597974227,0.02601199159766299,78,5000,0.0156,0.012518186641408368,0.01942559031587981,27,5000,0.0054,0.003713916213769333,0.00784552243832549,48,5000,0.0096,0.007248637881821691,0.012704351837117454,86,5000,0.0172,0.013949165667525344,0.021192154553322576,83,5000,0.0166,0.013411556845849357,0.02053068465116366
reward_learning,invariant_null,0.0,288,576,768,independent,0.0,0.0,0.0,84,5000,0.0168,0.01359063218705935,0.020751302217898636,85,5000,0.017,0.013769835859113387,0.020971791453789572,24,5000,0.0048,0.00322775763196324,0.007132602296296678,67,5000,0.0134,0.010565885112331141,0.016981269857562393,56,5000,0.0112,0.008635351796585613,0.014515181185913273,81,5000,0.0162,0.0130538002633094,0.02008905541781368
reward_learning,invariant_null,0.0,288,576,768,independent,0.1,0.0,0.0,97,5000,0.0194,0.015929549086400117,0.02360839312184245,95,5000,0.019,0.015568477172636963,0.023170079219715665,30,5000,0.006,0.0042061089708657195,0.008552408405064008,56,5000,0.0112,0.008635351796585613,0.014515181185913273,78,5000,0.0156,0.012518186641408368,0.01942559031587981,87,5000,0.0174,0.014128619480519324,0.021412393648273565
reward_learning,invariant_null,0.0,288,576,768,negative_bound,0.0,0.0,0.0,94,5000,0.0188,0.0153881013071799,0.022950762177227767,97,5000,0.0194,0.015929549086400117,0.02360839312184245,35,5000,0.007,0.005037604888092059,0.009719377027562506,85,5000,0.017,0.013769835859113387,0.020971791453789572,94,5000,0.0188,0.0153881013071799,0.022950762177227767,70,5000,0.014,0.011096386311623671,0.017649847382104764
reward_learning,invariant_null,0.0,288,576,768,negative_bound,0.1,0.0,0.0,99,5000,0.0198,0.01629103729527757,0.024046290728854936,107,5000,0.0214,0.017740918016567058,0.025793953271125183,36,5000,0.0072,0.005205365212759887,0.009951309610839645,55,5000,0.011,0.008461131724304237,0.014289708350249683,95,5000,0.019,0.015568477172636963,0.023170079219715665,90,5000,0.018,0.014667704518575023,0.022072387334052767
reward_learning,invariant_null,0.0,576,1152,1536,independent,0.0,0.0,0.0,114,5000,0.0228,0.019014328722336056,0.027318392920970963,109,5000,0.0218,0.018104316188142542,0.026229940915439637,34,5000,0.0068,0.004870303811000636,0.00948698519670896,78,5000,0.0156,0.012518186641408368,0.01942559031587981,106,5000,0.0212,0.017559353655852664,0.025575824723894615,91,5000,0.0182,0.014847634201950236,0.02229215055862253
reward_learning,invariant_null,0.0,576,1152,1536,independent,0.1,0.0,0.0,99,5000,0.0198,0.01629103729527757,0.024046290728854936,98,5000,0.0196,0.016110241929952362,0.023827393186235175,37,5000,0.0074,0.005373566400957179,0.010182801330587321,66,5000,0.0132,0.010389403252556018,0.01675805880939255,104,5000,0.0208,0.017196500586557525,0.025139291977299815,102,5000,0.0204,0.01683402366822501,0.024702383079742398
reward_learning,invariant_null,0.0,576,1152,1536,negative_bound,0.0,0.0,0.0,111,5000,0.0222,0.01846806568308761,0.02666557723638451,111,5000,0.0222,0.01846806568308761,0.02666557723638451,37,5000,0.0074,0.005373566400957179,0.010182801330587321,90,5000,0.018,0.014667704518575023,0.022072387334052767,91,5000,0.0182,0.014847634201950236,0.02229215055862253,79,5000,0.0158,0.012696585024719542,0.019646884840513613
reward_learning,invariant_null,0.0,576,1152,1536,negative_bound,0.1,0.0,0.0,117,5000,0.0234,0.01956133244721663,0.027970467919925298,99,5000,0.0198,0.01629103729527757,0.024046290728854936,45,5000,0.009,0.00673319292420765,0.01202071807089659,88,5000,0.0176,0.014308195226544798,0.02163251081019306,99,5000,0.0198,0.01629103729527757,0.024046290728854936,102,5000,0.0204,0.01683402366822501,0.024702383079742398
belief_static,invariant_null,0.0,18,36,48,independent,0.0,-1.2721305490496585e-17,-5.782411586589357e-19,31,5000,0.0062,0.004371360588064539,0.008786849695810154,2,5000,0.0004,0.0001096989857531115,0.001457416967717518,0,5000,0.0,0.0,0.000767730137580694,0,5000,0.0,0.0,0.000767730137580694,0,5000,0.0,0.0,0.000767730137580694,0,5000,0.0,0.0,0.000767730137580694
belief_static,invariant_null,0.0,18,36,48,independent,0.1,-1.2721305490496585e-17,-5.782411586589357e-19,21,5000,0.0042,0.0027487533004756644,0.006412527903949351,3,5000,0.0006,0.00020407096088550332,0.001762737900530094,0,5000,0.0,0.0,0.000767730137580694,0,5000,0.0,0.0,0.000767730137580694,0,5000,0.0,0.0,0.000767730137580694,0,5000,0.0,0.0,0.000767730137580694
belief_static,invariant_null,0.0,18,36,48,negative_bound,0.0,-1.2721305490496585e-17,-5.782411586589357e-19,40,5000,0.008,0.0058806486976492565,0.010874797757730148,17,5000,0.0034,0.0021239187553747756,0.00543859081727037,4,5000,0.0008,0.0003111419445903861,0.0020553598247701793,0,5000,0.0,0.0,0.000767730137580694,1,5000,0.0002,3.5304875272480036e-05,0.0011321181702531819,6,5000,0.0012,0.0005500756587335479,0.002615811926516952
belief_static,invariant_null,0.0,18,36,48,negative_bound,0.1,-1.2721305490496585e-17,-5.782411586589357e-19,56,5000,0.0112,0.008635351796585613,0.014515181185913273,14,5000,0.0028,0.0016686615436143238,0.0046947693051959186,3,5000,0.0006,0.00020407096088550332,0.001762737900530094,0,5000,0.0,0.0,0.000767730137580694,2,5000,0.0004,0.0001096989857531115,0.001457416967717518,2,5000,0.0004,0.0001096989857531115,0.001457416967717518
belief_static,invariant_null,0.0,36,72,96,independent,0.0,-1.2914052543382898e-17,-8.673617379884035e-19,66,5000,0.0132,0.010389403252556018,0.01675805880939255,37,5000,0.0074,0.005373566400957179,0.010182801330587321,15,5000,0.003,0.0018189133867023654,0.004944210370052845,0,5000,0.0,0.0,0.000767730137580694,16,5000,0.0032,0.001970710595456084,0.005192106069244095,13,5000,0.0026,0.0015201123516485658,0.004443625589216709
belief_static,invariant_null,0.0,36,72,96,independent,0.1,-1.2914052543382898e-17,-8.673617379884035e-19,53,5000,0.0106,0.00811341195175059,0.013838042306913394,21,5000,0.0042,0.0027487533004756644,0.006412527903949351,7,5000,0.0014,0.0006783239436107811,0.002887256549584687,1,5000,0.0002,3.5304875272480036e-05,0.0011321181702531819,5,5000,0.001,0.00042720718893578876,0.0023389874883697442,14,5000,0.0028,0.0016686615436143238,0.0046947693051959186
belief_static,invariant_null,0.0,36,72,96,negative_bound,0.0,-1.2914052543382898e-17,-8.673617379884035e-19,76,5000,0.0152,0.012161821505719159,0.018982569635679084,53,5000,0.0106,0.00811341195175059,0.013838042306913394,16,5000,0.0032,0.001970710595456084,0.005192106069244095,2,5000,0.0004,0.0001096989857531115,0.001457416967717518,42,5000,0.0084,0.006220620278197563,0.011334211993071774,48,5000,0.0096,0.007248637881821691,0.012704351837117454
belief_static,invariant_null,0.0,36,72,96,negative_bound,0.1,-1.2914052543382898e-17,-8.673617379884035e-19,56,5000,0.0112,0.008635351796585613,0.014515181185913273,35,5000,0.007,0.005037604888092059,0.009719377027562506,10,5000,0.002,0.0010867350406975989,0.003677924176332773,0,5000,0.0,0.0,0.000767730137580694,33,5000,0.0066,0.004703481688179132,0.009254114411585497,46,5000,0.0092,0.006904702346799829,0.012248901556249381
belief_static,invariant_null,0.0,72,144,192,independent,0.0,-9.05911148565666e-18,2.6020852139652106e-18,69,5000,0.0138,0.010919380389000657,0.01742716039678281,73,5000,0.0146,0.011628394959642338,0.018316917457921,24,5000,0.0048,0.00322775763196324,0.007132602296296678,4,5000,0.0008,0.0003111419445903861,0.0020553598247701793,60,5000,0.012,0.009334492301086808,0.015414812313191951,52,5000,0.0104,0.007939925453345731,0.013611835897373284
belief_static,invariant_null,0.0,72,144,192,independent,0.1,-9.05911148565666e-18,2.6020852139652106e-18,62,5000,0.0124,0.009685341838572314,0.015863348591596382,52,5000,0.0104,0.007939925453345731,0.013611835897373284,21,5000,0.0042,0.0027487533004756644,0.006412527903949351,4,5000,0.0008,0.0003111419445903861,0.0020553598247701793,53,5000,0.0106,0.00811341195175059,0.013838042306913394,46,5000,0.0092,0.006904702346799829,0.012248901556249381
belief_static,invariant_null,0.0,72,144,192,negative_bound,0.0,-9.05911148565666e-18,2.6020852139652106e-18,82,5000,0.0164,0.013232612095298076,0.02030993649376998,78,5000,0.0156,0.012518186641408368,0.01942559031587981,27,5000,0.0054,0.003713916213769333,0.00784552243832549,6,5000,0.0012,0.0005500756587335479,0.002615811926516952,61,5000,0.0122,0.00950981475670272,0.01563918276552101,66,5000,0.0132,0.010389403252556018,0.01675805880939255
belief_static,invariant_null,0.0,72,144,192,negative_bound,0.1,-9.05911148565666e-18,2.6020852139652106e-18,99,5000,0.0198,0.01629103729527757,0.024046290728854936,79,5000,0.0158,0.012696585024719542,0.019646884840513613,25,5000,0.005,0.0033890775204861016,0.007370975315718786,6,5000,0.0012,0.0005500756587335479,0.002615811926516952,61,5000,0.0122,0.00950981475670272,0.01563918276552101,71,5000,0.0142,0.011273559646769033,0.01787236695490437
belief_static,invariant_null,0.0,144,288,384,independent,0.0,1.4937896598689173e-18,4.553649124439119e-18,100,5000,0.02,0.016471933678631395,0.024265087253446074,74,5000,0.0148,0.011806050426256876,0.018538954899251434,27,5000,0.0054,0.003713916213769333,0.00784552243832549,36,5000,0.0072,0.005205365212759887,0.009951309610839645,76,5000,0.0152,0.012161821505719159,0.018982569635679084,73,5000,0.0146,0.011628394959642338,0.018316917457921
belief_static,invariant_null,0.0,144,288,384,independent,0.1,1.4937896598689173e-18,4.553649124439119e-18,86,5000,0.0172,0.013949165667525344,0.021192154553322576,66,5000,0.0132,0.010389403252556018,0.01675805880939255,24,5000,0.0048,0.00322775763196324,0.007132602296296678,37,5000,0.0074,0.005373566400957179,0.010182801330587321,67,5000,0.0134,0.010565885112331141,0.016981269857562393,82,5000,0.0164,0.013232612095298076,0.02030993649376998
belief_static,invariant_null,0.0,144,288,384,negative_bound,0.0,1.4937896598689173e-18,4.553649124439119e-18,88,5000,0.0176,0.014308195226544798,0.02163251081019306,68,5000,0.0136,0.010742545429440987,0.01720430244839751,22,5000,0.0044,0.00290754291665071,0.006653431195719275,46,5000,0.0092,0.006904702346799829,0.012248901556249381,60,5000,0.012,0.009334492301086808,0.015414812313191951,92,5000,0.0184,0.015027678088938907,0.02251179957957882
belief_static,invariant_null,0.0,144,288,384,negative_bound,0.1,1.4937896598689173e-18,4.553649124439119e-18,94,5000,0.0188,0.0153881013071799,0.022950762177227767,80,5000,0.016,0.012875123748789068,0.01986803902438905,23,5000,0.0046,0.003067229476888848,0.006893437543426104,40,5000,0.008,0.0058806486976492565,0.010874797757730148,74,5000,0.0148,0.011806050426256876,0.018538954899251434,80,5000,0.016,0.012875123748789068,0.01986803902438905
belief_static,invariant_null,0.0,288,576,768,independent,0.0,9.083204867267448e-18,1.0733601507606494e-17,99,5000,0.0198,0.01629103729527757,0.024046290728854936,81,5000,0.0162,0.0130538002633094,0.02008905541781368,29,5000,0.0058,0.004041431411009417,0.00831739305697534,74,5000,0.0148,0.011806050426256876,0.018538954899251434,80,5000,0.016,0.012875123748789068,0.01986803902438905,89,5000,0.0178,0.014487890891917016,0.021852508052765812
belief_static,invariant_null,0.0,288,576,768,independent,0.1,9.083204867267448e-18,1.0733601507606494e-17,98,5000,0.0196,0.016110241929952362,0.023827393186235175,96,5000,0.0192,0.01574896030669719,0.023389288993600408,37,5000,0.0074,0.005373566400957179,0.010182801330587321,65,5000,0.013,0.0102131038076004,0.016534665346403195,84,5000,0.0168,0.01359063218705935,0.020751302217898636,71,5000,0.0142,0.011273559646769033,0.01787236695490437
belief_static,invariant_null,0.0,288,576,768,negative_bound,0.0,9.083204867267448e-18,1.0733601507606494e-17,107,5000,0.0214,0.017740918016567058,0.025793953271125183,92,5000,0.0184,0.015027678088938907,0.02251179957957882,35,5000,0.007,0.005037604888092059,0.009719377027562506,71,5000,0.0142,0.011273559646769033,0.01787236695490437,88,5000,0.0176,0.014308195226544798,0.02163251081019306,107,5000,0.0214,0.017740918016567058,0.025793953271125183
belief_static,invariant_null,0.0,288,576,768,negative_bound,0.1,9.083204867267448e-18,1.0733601507606494e-17,110,5000,0.022,0.018286147602522732,0.026447802409004417,101,5000,0.0202,0.016652929613278054,0.024483784226744385,39,5000,0.0078,0.0057112237321092305,0.010644529815325205,60,5000,0.012,0.009334492301086808,0.015414812313191951,87,5000,0.0174,0.014128619480519324,0.021412393648273565,106,5000,0.0212,0.017559353655852664,0.025575824723894615
belief_static,invariant_null,0.0,576,1152,1536,independent,0.0,6.842520377464073e-18,9.974659986866641e-18,105,5000,0.021,0.01737788075604151,0.025357604715760807,103,5000,0.0206,0.017015214447012893,0.024920885208899485,33,5000,0.0066,0.004703481688179132,0.009254114411585497,81,5000,0.0162,0.0130538002633094,0.02008905541781368,90,5000,0.018,0.014667704518575023,0.022072387334052767,79,5000,0.0158,0.012696585024719542,0.019646884840513613
belief_static,invariant_null,0.0,576,1152,1536,independent,0.1,6.842520377464073e-18,9.974659986866641e-18,93,5000,0.0186,0.015207834375972463,0.02273133620049023,79,5000,0.0158,0.012696585024719542,0.019646884840513613,23,5000,0.0046,0.003067229476888848,0.006893437543426104,76,5000,0.0152,0.012161821505719159,0.018982569635679084,85,5000,0.017,0.013769835859113387,0.020971791453789572,104,5000,0.0208,0.017196500586557525,0.025139291977299815
belief_static,invariant_null,0.0,576,1152,1536,negative_bound,0.0,6.842520377464073e-18,9.974659986866641e-18,104,5000,0.0208,0.017196500586557525,0.025139291977299815,101,5000,0.0202,0.016652929613278054,0.024483784226744385,30,5000,0.006,0.0042061089708657195,0.008552408405064008,84,5000,0.0168,0.01359063218705935,0.020751302217898636,103,5000,0.0206,0.017015214447012893,0.024920885208899485,109,5000,0.0218,0.018104316188142542,0.026229940915439637
belief_static,invariant_null,0.0,576,1152,1536,negative_bound,0.1,6.842520377464073e-18,9.974659986866641e-18,95,5000,0.019,0.015568477172636963,0.023170079219715665,114,5000,0.0228,0.019014328722336056,0.027318392920970963,36,5000,0.0072,0.005205365212759887,0.009951309610839645,84,5000,0.0168,0.01359063218705935,0.020751302217898636,89,5000,0.0178,0.014487890891917016,0.021852508052765812,104,5000,0.0208,0.017196500586557525,0.025139291977299815
dynamic_fraction:1,dynamic_alternative,1.0,18,36,48,independent,0.0,0.08571565495966306,0.0831167844798872,167,5000,0.0334,0.02876682416077008,0.03874962160362023,30,5000,0.006,0.0042061089708657195,0.008552408405064008,14,5000,0.0028,0.0016686615436143238,0.0046947693051959186,0,5000,0.0,0.0,0.000767730137580694,0,5000,0.0,0.0,0.000767730137580694,2,5000,0.0004,0.0001096989857531115,0.001457416967717518
dynamic_fraction:1,dynamic_alternative,1.0,18,36,48,independent,0.1,0.08571565495966306,0.0831167844798872,128,5000,0.0256,0.021572924158551787,0.030355498195984782,20,5000,0.004,0.0025909223507485585,0.006170665945731489,11,5000,0.0022,0.001228902612090369,0.00393544951288497,0,5000,0.0,0.0,0.000767730137580694,0,5000,0.0,0.0,0.000767730137580694,0,5000,0.0,0.0,0.000767730137580694
dynamic_fraction:1,dynamic_alternative,1.0,18,36,48,negative_bound,0.0,0.08571565495966306,0.0831167844798872,173,5000,0.0346,0.029880685470605045,0.040033917741455066,92,5000,0.0184,0.015027678088938907,0.02251179957957882,51,5000,0.0102,0.007766697200760391,0.01338537124201366,0,5000,0.0,0.0,0.000767730137580694,9,5000,0.0018,0.0009472826989451401,0.0034176836101402633,10,5000,0.002,0.0010867350406975989,0.003677924176332773
dynamic_fraction:1,dynamic_alternative,1.0,18,36,48,negative_bound,0.1,0.08571565495966306,0.0831167844798872,165,5000,0.033,0.028395911697294635,0.03832114825120575,57,5000,0.0114,0.008809803672749156,0.014740422217694699,34,5000,0.0068,0.004870303811000636,0.00948698519670896,0,5000,0.0,0.0,0.000767730137580694,4,5000,0.0008,0.0003111419445903861,0.0020553598247701793,6,5000,0.0012,0.0005500756587335479,0.002615811926516952
dynamic_fraction:1,dynamic_alternative,1.0,36,72,96,independent,0.0,0.07545147803434261,0.06674250176224682,338,5000,0.0676,0.06096774246342144,0.07489619055955835,157,5000,0.0314,0.026914224194560334,0.036605292490380296,84,5000,0.0168,0.01359063218705935,0.020751302217898636,0,5000,0.0,0.0,0.000767730137580694,62,5000,0.0124,0.009685341838572314,0.015863348591596382,77,5000,0.0154,0.012339931229922144,0.01920415281942107
dynamic_fraction:1,dynamic_alternative,1.0,36,72,96,independent,0.1,0.07545147803434261,0.06674250176224682,322,5000,0.0644,0.057924900026326734,0.07154394646953356,119,5000,0.0238,0.019926399474346095,0.02840478670868577,75,5000,0.015,0.011983860272495058,0.018760837960958218,0,5000,0.0,0.0,0.000767730137580694,32,5000,0.0064,0.0045371596862706365,0.009020743505549026,55,5000,0.011,0.008461131724304237,0.014289708350249683
dynamic_fraction:1,dynamic_alternative,1.0,36,72,96,negative_bound,0.0,0.07545147803434261,0.06674250176224682,308,5000,0.0616,0.05526632104429989,0.06860682474033088,185,5000,0.037,0.032113193925819086,0.04259772418158064,96,5000,0.0192,0.01574896030669719,0.023389288993600408,5,5000,0.001,0.00042720718893578876,0.0023389874883697442,127,5000,0.0254,0.021389687778586568,0.03013904166800503,112,5000,0.0224,0.018650069297506275,0.026883266529910813
dynamic_fraction:1,dynamic_alternative,1.0,36,72,96,negative_bound,0.1,0.07545147803434261,0.06674250176224682,285,5000,0.057,0.05090722533948854,0.06377298356240796,152,5000,0.0304,0.02598983746953008,0.03553121467568572,76,5000,0.0152,0.012161821505719159,0.018982569635679084,2,5000,0.0004,0.0001096989857531115,0.001457416967717518,96,5000,0.0192,0.01574896030669719,0.023389288993600408,92,5000,0.0184,0.015027678088938907,0.02251179957957882
dynamic_fraction:1,dynamic_alternative,1.0,72,144,192,independent,0.0,0.07006748326778235,0.06064915150874276,638,5000,0.1276,0.11863689691525126,0.13713490849121884,392,5000,0.0784,0.07126874987853693,0.08617860017347109,235,5000,0.047,0.04147340070070454,0.053222162803943575,22,5000,0.0044,0.00290754291665071,0.006653431195719275,257,5000,0.0514,0.045616465204346694,0.057872342275090714,272,5000,0.0544,0.04844848772277505,0.06103571337583687
dynamic_fraction:1,dynamic_alternative,1.0,72,144,192,independent,0.1,0.07006748326778235,0.06064915150874276,582,5000,0.1164,0.10780357477709278,0.12558542778445916,318,5000,0.0636,0.05716492302136061,0.07070515184271985,187,5000,0.0374,0.03248586644516959,0.04302443747812008,13,5000,0.0026,0.0015201123516485658,0.004443625589216709,210,5000,0.042,0.03678259654568193,0.047920644260341996,227,5000,0.0454,0.03997022636788222,0.05152779387320616
dynamic_fraction:1,dynamic_alternative,1.0,72,144,192,negative_bound,0.0,0.07006748326778235,0.06064915150874276,480,5000,0.096,0.08814175472603819,0.10447857122512702,350,5000,0.07,0.06325282123955568,0.07740742667876373,196,5000,0.0392,0.034164850879234925,0.044942689215559446,22,5000,0.0044,0.00290754291665071,0.006653431195719275,229,5000,0.0458,0.040345840574710114,0.051951565482268196,268,5000,0.0536,0.04769274427054489,0.06019268519628718
dynamic_fraction:1,dynamic_alternative,1.0,72,144,192,negative_bound,0.1,0.07006748326778235,0.06064915150874276,428,5000,0.0856,0.07815970149213743,0.09367659324588944,301,5000,0.0602,0.05393847537748934,0.06713682005152666,160,5000,0.032,0.027469481390651855,0.03724911401812369,23,5000,0.0046,0.003067229476888848,0.006893437543426104,201,5000,0.0402,0.035098950653111326,0.046007053981407885,214,5000,0.0428,0.03753178060686818,0.04877023183093561
dynamic_fraction:1,dynamic_alternative,1.0,144,288,384,independent,0.0,0.07237522551573,0.061065675310199095,1506,5000,0.3012,0.28863987413862724,0.314065375364075,830,5000,0.166,0.1559436441925722,0.17656919953933173,661,5000,0.1322,0.12309321991172732,0.14187152237747708,169,5000,0.0338,0.029137926074544934,0.0391779055057353,684,5000,0.1368,0.12755330819471222,0.1466043709772264,591,5000,0.1182,0.10954295293133287,0.12744328580172376
dynamic_fraction:1,dynamic_alternative,1.0,144,288,384,independent,0.1,0.07237522551573,0.061065675310199095,1335,5000,0.267,0.2549197934148946,0.27943796882921806,699,5000,0.1398,0.1304640134648289,0.1496890593262843,535,5000,0.107,0.09873151280686589,0.11587192308127255,158,5000,0.0316,0.02709925878499547,0.03681995080789014,548,5000,0.1096,0.10123883511199887,0.11856060857942415,546,5000,0.1092,0.10085299228469811,0.11814706559083497
dynamic_fraction:1,dynamic_alternative,1.0,144,288,384,negative_bound,0.0,0.07237522551573,0.061065675310199095,1099,5000,0.2198,0.2085389360902305,0.23149129987886974,632,5000,0.1264,0.11747501831023642,0.13589862964856392,448,5000,0.0896,0.0819952006215144,0.09783495227541182,189,5000,0.0378,0.032858699993149616,0.04345098974602999,465,5000,0.093,0.08525911655605284,0.10136581577593784,456,5000,0.0912,0.08353074468561554,0.09949695147487043
dynamic_fraction:1,dynamic_alternative,1.0,144,288,384,negative_bound,0.1,0.07237522551573,0.061065675310199095,949,5000,0.1898,0.17917007028384943,0.20090622949350564,548,5000,0.1096,0.10123883511199887,0.11856060857942415,362,5000,0.0724,0.06554029326570496,0.07991626954795406,156,5000,0.0312,0.026729241372423156,0.03639058240457251,424,5000,0.0848,0.07739319707756288,0.09284432602868413,380,5000,0.076,0.06897575276064982,0.0836752823960186
dynamic_fraction:1,dynamic_alternative,1.0,288,576,768,independent,0.0,0.06978941093215357,0.059469591804188586,2620,5000,0.524,0.5101435593973656,0.5378195895560307,1602,5000,0.3204,0.3076077830055832,0.33346798565983593,1400,5000,0.28,0.267726918346115,0.29261088291442067,403,5000,0.0806,0.07337246466207123,0.08847150737733148,1144,5000,0.2288,0.21736734231802654,0.24064907450859727,1165,5000,0.233,0.2214898723793779,0.24492009551409022
dynamic_fraction:1,dynamic_alternative,1.0,288,576,768,independent,0.1,0.06978941093215357,0.059469591804188586,2422,5000,0.4844,0.47056474426640726,0.4982592089138853,1456,5000,0.2912,0.27877113359194616,0.3039494705135076,1254,5000,0.2508,0.23897913269507318,0.2630035040054971,357,5000,0.0714,0.06458689626646513,0.07887120200746905,1053,5000,0.2106,0.19952250464752436,0.22212185755610736,983,5000,0.1966,0.18581857352588824,0.20784728512159575
dynamic_fraction:1,dynamic_alternative,1.0,288,576,768,negative_bound,0.0,0.06978941093215357,0.059469591804188586,1947,5000,0.3894,0.3759738564851369,0.4029959654212961,1267,5000,0.2534,0.24153604427517142,0.26564260022868347,1000,5000,0.2,0.1891447487413896,0.21131588934115886,381,5000,0.0762,0.06916675551866,0.0838839725459534,883,5000,0.1766,0.16627950171304537,0.18741706613994183,825,5000,0.165,0.1549693245992344,0.17554505459294467
dynamic_fraction:1,dynamic_alternative,1.0,288,576,768,negative_bound,0.1,0.06978941093215357,0.059469591804188586,1794,5000,0.3588,0.34561789138494753,0.3721989156059054,1141,5000,0.2282,0.21677854312777792,0.24003879497501093,866,5000,0.1732,0.16296265056139636,0.18393913785652638,352,5000,0.0704,0.06363390343380831,0.07782573030040102,782,5000,0.1564,0.14659586460282634,0.16673171954771918,793,5000,0.1586,0.14873692432153243,0.16898728181640768
dynamic_fraction:1,dynamic_alternative,1.0,576,1152,1536,independent,0.0,0.06700222791183186,0.057140200765042636,4156,5000,0.8312,0.8205639057333907,0.841327549823476,2927,5000,0.5854,0.5716838807541222,0.5989849909383791,2816,5000,0.5632,0.5494085398056631,0.5768944191049469,967,5000,0.1934,0.18268921892548953,0.20458155319487495,2082,5000,0.4164,0.4028050820300189,0.4301232824489846,2185,5000,0.437,0.4233047229096468,0.4507920110876884
dynamic_fraction:1,dynamic_alternative,1.0,576,1152,1536,independent,0.1,0.06700222791183186,0.057140200765042636,3886,5000,0.7772,0.7654552485256298,0.7885191218860954,2680,5000,0.536,0.5221543184378076,0.5497904049922867,2560,5000,0.512,0.4981408029015225,0.5258407715751755,820,5000,0.164,0.15399514022929817,0.1745207744231561,1930,5000,0.386,0.3725981634491226,0.39957687902224587,1960,5000,0.392,0.37855573462601627,0.4056100950837013
dynamic_fraction:1,dynamic_alternative,1.0,576,1152,1536,negative_bound,0.0,0.06700222791183186,0.057140200765042636,3372,5000,0.6744,0.6612815141860394,0.6872507015419725,2279,5000,0.4558,0.4420341576745045,0.4696337096696577,2088,5000,0.4176,0.40399856802987805,0.4313279538967954,837,5000,0.1674,0.15730791693993287,0.1780027771475858,1556,5000,0.3112,0.29851578280050944,0.3241741120994411,1524,5000,0.3048,0.29219438599834086,0.31770533584737076
dynamic_fraction:1,dynamic_alternative,1.0,576,1152,1536,negative_bound,0.1,0.06700222791183186,0.057140200765042636,3129,5000,0.6258,0.6122947640827537,0.639112075014631,2106,5000,0.4212,0.40757952421355403,0.4349414700561288,1869,5000,0.3738,0.36049111589012095,0.38730265919660456,738,5000,0.1476,0.13803873341246753,0.15770236278849936,1375,5000,0.275,0.2627995410266911,0.2875459375352203,1345,5000,0.269,0.2568892563877125,0.2814654349358499
dynamic_fraction:0.5,dynamic_alternative,0.5,18,36,48,independent,0.0,0.04285782747983153,0.0415583922399436,82,5000,0.0164,0.013232612095298076,0.02030993649376998,13,5000,0.0026,0.0015201123516485658,0.004443625589216709,7,5000,0.0014,0.0006783239436107811,0.002887256549584687,0,5000,0.0,0.0,0.000767730137580694,0,5000,0.0,0.0,0.000767730137580694,0,5000,0.0,0.0,0.000767730137580694
dynamic_fraction:0.5,dynamic_alternative,0.5,18,36,48,independent,0.1,0.04285782747983153,0.0415583922399436,48,5000,0.0096,0.007248637881821691,0.012704351837117454,4,5000,0.0008,0.0003111419445903861,0.0020553598247701793,2,5000,0.0004,0.0001096989857531115,0.001457416967717518,0,5000,0.0,0.0,0.000767730137580694,0,5000,0.0,0.0,0.000767730137580694,0,5000,0.0,0.0,0.000767730137580694
dynamic_fraction:0.5,dynamic_alternative,0.5,18,36,48,negative_bound,0.0,0.04285782747983153,0.0415583922399436,124,5000,0.0248,0.020840403988236226,0.029489246734520472,46,5000,0.0092,0.006904702346799829,0.012248901556249381,25,5000,0.005,0.0033890775204861016,0.007370975315718786,0,5000,0.0,0.0,0.000767730137580694,3,5000,0.0006,0.00020407096088550332,0.001762737900530094,5,5000,0.001,0.00042720718893578876,0.0023389874883697442
dynamic_fraction:0.5,dynamic_alternative,0.5,18,36,48,negative_bound,0.1,0.04285782747983153,0.0415583922399436,100,5000,0.02,0.016471933678631395,0.024265087253446074,34,5000,0.0068,0.004870303811000636,0.00948698519670896,16,5000,0.0032,0.001970710595456084,0.005192106069244095,0,5000,0.0,0.0,0.000767730137580694,2,5000,0.0004,0.0001096989857531115,0.001457416967717518,6,5000,0.0012,0.0005500756587335479,0.002615811926516952
dynamic_fraction:0.5,dynamic_alternative,0.5,36,72,96,independent,0.0,0.03772573901717131,0.0333712508811234,159,5000,0.0318,0.027284344671871172,0.0370345578289594,91,5000,0.0182,0.014847634201950236,0.02229215055862253,51,5000,0.0102,0.007766697200760391,0.01338537124201366,1,5000,0.0002,3.5304875272480036e-05,0.0011321181702531819,39,5000,0.0078,0.0057112237321092305,0.010644529815325205,35,5000,0.007,0.005037604888092059,0.009719377027562506
dynamic_fraction:0.5,dynamic_alternative,0.5,36,72,96,independent,0.1,0.03772573901717131,0.0333712508811234,129,5000,0.0258,0.021756230091548756,0.030571885170932782,54,5000,0.0108,0.00828714962565902,0.014063997540949934,30,5000,0.006,0.0042061089708657195,0.008552408405064008,0,5000,0.0,0.0,0.000767730137580694,24,5000,0.0048,0.00322775763196324,0.007132602296296678,34,5000,0.0068,0.004870303811000636,0.00948698519670896
dynamic_fraction:0.5,dynamic_alternative,0.5,36,72,96,negative_bound,0.0,0.03772573901717131,0.0333712508811234,157,5000,0.0314,0.026914224194560334,0.036605292490380296,99,5000,0.0198,0.01629103729527757,0.024046290728854936,44,5000,0.0088,0.006562002273368255,0.011792215813791019,0,5000,0.0,0.0,0.000767730137580694,55,5000,0.011,0.008461131724304237,0.014289708350249683,79,5000,0.0158,0.012696585024719542,0.019646884840513613
dynamic_fraction:0.5,dynamic_alternative,0.5,36,72,96,negative_bound,0.1,0.03772573901717131,0.0333712508811234,150,5000,0.03,0.025620458962522463,0.035101207366803396,79,5000,0.0158,0.012696585024719542,0.019646884840513613,33,5000,0.0066,0.004703481688179132,0.009254114411585497,0,5000,0.0,0.0,0.000767730137580694,56,5000,0.0112,0.008635351796585613,0.014515181185913273,74,5000,0.0148,0.011806050426256876,0.018538954899251434
dynamic_fraction:0.5,dynamic_alternative,0.5,72,144,192,independent,0.0,0.03503374163389118,0.03032457575437138,231,5000,0.0462,0.0407215753479919,0.052375216524876346,151,5000,0.0302,0.025805120834690373,0.035316238402580455,79,5000,0.0158,0.012696585024719542,0.019646884840513613,14,5000,0.0028,0.0016686615436143238,0.0046947693051959186,114,5000,0.0228,0.019014328722336056,0.027318392920970963,126,5000,0.0252,0.021206521746936602,0.029922514791710035
dynamic_fraction:0.5,dynamic_alternative,0.5,72,144,192,independent,0.1,0.03503374163389118,0.03032457575437138,253,5000,0.0506,0.04486221291344991,0.05702782293420762,148,5000,0.0296,0.0252513016267787,0.034670978886657225,73,5000,0.0146,0.011628394959642338,0.018316917457921,8,5000,0.0016,0.0008109653833484613,0.0031543080177919747,113,5000,0.0226,0.01883215733835112,0.02710087139701093,119,5000,0.0238,0.019926399474346095,0.02840478670868577
dynamic_fraction:0.5,dynamic_alternative,0.5,72,144,192,negative_bound,0.0,0.03503374163389118,0.03032457575437138,225,5000,0.045,0.03959473424095406,0.05110390018424437,183,5000,0.0366,0.03174068493806301,0.04217084735344678,76,5000,0.0152,0.012161821505719159,0.018982569635679084,19,5000,0.0038,0.002434119240930543,0.005927776147604539,126,5000,0.0252,0.021206521746936602,0.029922514791710035,145,5000,0.029,0.024697989831337426,0.0340252119582636
dynamic_fraction:0.5,dynamic_alternative,0.5,72,144,192,negative_bound,0.1,0.03503374163389118,0.03032457575437138,197,5000,0.0394,0.03435159664817165,0.04515563635456768,145,5000,0.029,0.024697989831337426,0.0340252119582636,67,5000,0.0134,0.010565885112331141,0.016981269857562393,9,5000,0.0018,0.0009472826989451401,0.0034176836101402633,112,5000,0.0224,0.018650069297506275,0.026883266529910813,132,5000,0.0264,0.022306557481455887,0.031220636504860552
dynamic_fraction:0.5,dynamic_alternative,0.5,144,288,384,independent,0.0,0.036187612757865,0.030532837655099548,451,5000,0.0902,0.0825709416976442,0.09845828992311695,266,5000,0.0532,0.04731501678794451,0.0597710268629976,149,5000,0.0298,0.02543585238097847,0.03488612104040242,91,5000,0.0182,0.014847634201950236,0.02229215055862253,204,5000,0.0408,0.03565984826404574,0.04664523509430839,234,5000,0.0468,0.0412854003386195,0.05301047025808365
dynamic_fraction:0.5,dynamic_alternative,0.5,144,288,384,independent,0.1,0.036187612757865,0.030532837655099548,421,5000,0.0842,0.07681845274269929,0.09221999163971283,266,5000,0.0532,0.04731501678794451,0.0597710268629976,142,5000,0.0284,0.024145200690154717,0.0333789223756114,83,5000,0.0166,0.013411556845849357,0.02053068465116366,214,5000,0.0428,0.03753178060686818,0.04877023183093561,213,5000,0.0426,0.03734443424133127,0.04855788528852756
dynamic_fraction:0.5,dynamic_alternative,0.5,144,288,384,negative_bound,0.0,0.036187612757865,0.030532837655099548,412,5000,0.0824,0.07509492072951007,0.09034628748139734,249,5000,0.0498,0.044108379342387996,0.05618288487348966,130,5000,0.026,0.021939604797492268,0.030788203372934232,84,5000,0.0168,0.01359063218705935,0.020751302217898636,212,5000,0.0424,0.037157121292109185,0.04834550532980468,207,5000,0.0414,0.03622106576279966,0.047283096319389366
dynamic_fraction:0.5,dynamic_alternative,0.5,144,288,384,negative_bound,0.1,0.036187612757865,0.030532837655099548,367,5000,0.0734,0.06649408674840829,0.08096094060497558,234,5000,0.0468,0.0412854003386195,0.05301047025808365,108,5000,0.0216,0.017922572597974227,0.02601199159766299,101,5000,0.0202,0.016652929613278054,0.024483784226744385,187,5000,0.0374,0.03248586644516959,0.04302443747812008,194,5000,0.0388,0.03379147252038006,0.044516681758524385
dynamic_fraction:0.5,dynamic_alternative,0.5,288,576,768,independent,0.0,0.034894705466076786,0.029734795902094296,815,5000,0.163,0.15302109207529616,0.17349635803743327,493,5000,0.0986,0.09064201198505639,0.10717432176939337,337,5000,0.0674,0.06077743090229645,0.07468680921273838,197,5000,0.0394,0.03435159664817165,0.04515563635456768,366,5000,0.0732,0.06630329669322962,0.08075203775220927,372,5000,0.0744,0.06744826928895388,0.08200522260415478
dynamic_fraction:0.5,dynamic_alternative,0.5,288,576,768,independent,0.1,0.034894705466076786,0.029734795902094296,690,5000,0.138,0.12871740865639278,0.1478384279632157,463,5000,0.0926,0.08487495413988143,0.10095059237621933,281,5000,0.0562,0.05015028098615111,0.06293115628396552,183,5000,0.0366,0.03174068493806301,0.04217084735344678,344,5000,0.0688,0.06210997552544774,0.07615211494520184,340,5000,0.068,0.061348417824744476,0.07531490101412525
dynamic_fraction:0.5,dynamic_alternative,0.5,288,576,768,negative_bound,0.0,0.034894705466076786,0.029734795902094296,655,5000,0.131,0.12193033108610365,0.1406362537554309,409,5000,0.0818,0.0745206475696005,0.08972148191747198,231,5000,0.0462,0.0407215753479919,0.052375216524876346,184,5000,0.0368,0.03192691883143906,0.042384306368015705,300,5000,0.06,0.05374886436212993,0.06692673815894108,355,5000,0.071,0.06420565019421969,0.07845306226382455
dynamic_fraction:0.5,dynamic_alternative,0.5,288,576,768,negative_bound,0.1,0.034894705466076786,0.029734795902094296,554,5000,0.1108,0.10239658047878374,0.11980102066030908,399,5000,0.0798,0.07260728253619952,0.08763791787142328,217,5000,0.0434,0.03809401798897534,0.049407073172663366,147,5000,0.0294,0.02506680724561748,0.03445578035987347,285,5000,0.057,0.05090722533948854,0.06377298356240796,293,5000,0.0586,0.05242216920897454,0.06545558295648171
dynamic_fraction:0.5,dynamic_alternative,0.5,576,1152,1536,independent,0.0,0.03350111395591592,0.028570100382521318,1418,5000,0.2836,0.271275815271543,0.2962564583320021,857,5000,0.1714,0.16120726566122134,0.1820972865851967,654,5000,0.1308,0.12173654139519312,0.14043035053839648,315,5000,0.063,0.05659513927354656,0.07007585686669895,629,5000,0.1258,0.11689418051796381,0.1352803887170016,640,5000,0.128,0.119024249494695,0.13754694172766505
dynamic_fraction:0.5,dynamic_alternative,0.5,576,1152,1536,independent,0.1,0.03350111395591592,0.028570100382521318,1273,5000,0.2546,0.24271634937420045,0.2668604525773242,779,5000,0.1558,0.14601205991999902,0.16611644550671154,585,5000,0.117,0.10838329274236795,0.12620478854301886,271,5000,0.0542,0.048259516112472534,0.06082499207819442,590,5000,0.118,0.10934965559068392,0.12723689023442775,593,5000,0.1186,0.10992957223868555,0.127856052310261
dynamic_fraction:0.5,dynamic_alternative,0.5,576,1152,1536,negative_bound,0.0,0.03350111395591592,0.028570100382521318,1054,5000,0.2108,0.1997184236394829,0.22232563147209378,716,5000,0.1432,0.13376461446083843,0.15318323776533915,477,5000,0.0954,0.08756502926238417,0.10385621796494614,268,5000,0.0536,0.04769274427054489,0.06019268519628718,513,5000,0.1026,0.09449198210058778,0.11131820981276135,460,5000,0.092,0.08429879565963579,0.10032767213263007
dynamic_fraction:0.5,dynamic_alternative,0.5,576,1152,1536,negative_bound,0.1,0.03350111395591592,0.028570100382521318,973,5000,0.1946,0.18386259333511282,0.20580633623292147,627,5000,0.1254,0.11650699319997775,0.13486819021909777,423,5000,0.0846,0.07720160280481524,0.0926362273934868,293,5000,0.0586,0.05242216920897454,0.06545558295648171,457,5000,0.0914,0.08372274014969239,0.09970464891873854,435,5000,0.087,0.07950156824075588,0.09513257685288576
dynamic_fraction:0.25,dynamic_alternative,0.25,18,36,48,independent,0.0,0.02142891373991576,0.020779196119971796,46,5000,0.0092,0.006904702346799829,0.012248901556249381,11,5000,0.0022,0.001228902612090369,0.00393544951288497,2,5000,0.0004,0.0001096989857531115,0.001457416967717518,0,5000,0.0,0.0,0.000767730137580694,0,5000,0.0,0.0,0.000767730137580694,2,5000,0.0004,0.0001096989857531115,0.001457416967717518
dynamic_fraction:0.25,dynamic_alternative,0.25,18,36,48,independent,0.1,0.02142891373991576,0.020779196119971796,41,5000,0.0082,0.006050451991838214,0.01110468737148616,3,5000,0.0006,0.00020407096088550332,0.001762737900530094,1,5000,0.0002,3.5304875272480036e-05,0.0011321181702531819,0,5000,0.0,0.0,0.000767730137580694,0,5000,0.0,0.0,0.000767730137580694,0,5000,0.0,0.0,0.000767730137580694
dynamic_fraction:0.25,dynamic_alternative,0.25,18,36,48,negative_bound,0.0,0.02142891373991576,0.020779196119971796,78,5000,0.0156,0.012518186641408368,0.01942559031587981,33,5000,0.0066,0.004703481688179132,0.009254114411585497,15,5000,0.003,0.0018189133867023654,0.004944210370052845,0,5000,0.0,0.0,0.000767730137580694,4,5000,0.0008,0.0003111419445903861,0.0020553598247701793,3,5000,0.0006,0.00020407096088550332,0.001762737900530094
dynamic_fraction:0.25,dynamic_alternative,0.25,18,36,48,negative_bound,0.1,0.02142891373991576,0.020779196119971796,65,5000,0.013,0.0102131038076004,0.016534665346403195,21,5000,0.0042,0.0027487533004756644,0.006412527903949351,9,5000,0.0018,0.0009472826989451401,0.0034176836101402633,0,5000,0.0,0.0,0.000767730137580694,1,5000,0.0002,3.5304875272480036e-05,0.0011321181702531819,3,5000,0.0006,0.00020407096088550332,0.001762737900530094
dynamic_fraction:0.25,dynamic_alternative,0.25,36,72,96,independent,0.0,0.018862869508585647,0.016685625440561704,115,5000,0.023,0.019196582389584424,0.027535832161667564,47,5000,0.0094,0.007076520504884714,0.012476776306109466,24,5000,0.0048,0.00322775763196324,0.007132602296296678,1,5000,0.0002,3.5304875272480036e-05,0.0011321181702531819,24,5000,0.0048,0.00322775763196324,0.007132602296296678,34,5000,0.0068,0.004870303811000636,0.00948698519670896
dynamic_fraction:0.25,dynamic_alternative,0.25,36,72,96,independent,0.1,0.018862869508585647,0.016685625440561704,102,5000,0.0204,0.01683402366822501,0.024702383079742398,41,5000,0.0082,0.006050451991838214,0.01110468737148616,19,5000,0.0038,0.002434119240930543,0.005927776147604539,0,5000,0.0,0.0,0.000767730137580694,16,5000,0.0032,0.001970710595456084,0.005192106069244095,21,5000,0.0042,0.0027487533004756644,0.006412527903949351
dynamic_fraction:0.25,dynamic_alternative,0.25,36,72,96,negative_bound,0.0,0.018862869508585647,0.016685625440561704,122,5000,0.0244,0.02047457756498257,0.029055687341884198,69,5000,0.0138,0.010919380389000657,0.01742716039678281,31,5000,0.0062,0.004371360588064539,0.008786849695810154,1,5000,0.0002,3.5304875272480036e-05,0.0011321181702531819,54,5000,0.0108,0.00828714962565902,0.014063997540949934,61,5000,0.0122,0.00950981475670272,0.01563918276552101
dynamic_fraction:0.25,dynamic_alternative,0.25,36,72,96,negative_bound,0.1,0.018862869508585647,0.016685625440561704,94,5000,0.0188,0.0153881013071799,0.022950762177227767,63,5000,0.0126,0.009861068751138881,0.01608731458697478,28,5000,0.0056,0.003877356719365016,0.008081774840674774,1,5000,0.0002,3.5304875272480036e-05,0.0011321181702531819,43,5000,0.0086,0.0063911409908157125,0.011563384188398593,51,5000,0.0102,0.007766697200760391,0.01338537124201366
dynamic_fraction:0.25,dynamic_alternative,0.25,72,144,192,independent,0.0,0.017516870816945584,0.015162287877185689,138,5000,0.0276,0.023408989368185144,0.03251636206580111,115,5000,0.023,0.019196582389584424,0.027535832161667564,41,5000,0.0082,0.006050451991838214,0.01110468737148616,7,5000,0.0014,0.0006783239436107811,0.002887256549584687,82,5000,0.0164,0.013232612095298076,0.02030993649376998,93,5000,0.0186,0.015207834375972463,0.02273133620049023
dynamic_fraction:0.25,dynamic_alternative,0.25,72,144,192,independent,0.1,0.017516870816945584,0.015162287877185689,133,5000,0.0266,0.022490133971724145,0.03143675292253727,93,5000,0.0186,0.015207834375972463,0.02273133620049023,32,5000,0.0064,0.0045371596862706365,0.009020743505549026,6,5000,0.0012,0.0005500756587335479,0.002615811926516952,72,5000,0.0144,0.011450896966502703,0.018094722543115668,86,5000,0.0172,0.013949165667525344,0.021192154553322576
dynamic_fraction:0.25,dynamic_alternative,0.25,72,144,192,negative_bound,0.0,0.017516870816945584,0.015162287877185689,161,5000,0.0322,0.027654668483965132,0.037463619832755375,126,5000,0.0252,0.021206521746936602,0.029922514791710035,69,5000,0.0138,0.010919380389000657,0.01742716039678281,10,5000,0.002,0.0010867350406975989,0.003677924176332773,94,5000,0.0188,0.0153881013071799,0.022950762177227767,109,5000,0.0218,0.018104316188142542,0.026229940915439637
dynamic_fraction:0.25,dynamic_alternative,0.25,72,144,192,negative_bound,0.1,0.017516870816945584,0.015162287877185689,120,5000,0.024,0.020109049431307507,0.02862182965966932,94,5000,0.0188,0.0153881013071799,0.022950762177227767,35,5000,0.007,0.005037604888092059,0.009719377027562506,2,5000,0.0004,0.0001096989857531115,0.001457416967717518,93,5000,0.0186,0.015207834375972463,0.02273133620049023,85,5000,0.017,0.013769835859113387,0.020971791453789572
dynamic_fraction:0.25,dynamic_alternative,0.25,144,288,384,independent,0.0,0.0180938063789325,0.015266418827549769,191,5000,0.0382,0.033231692132081714,0.04387738342298782,141,5000,0.0282,0.02396105653691747,0.03316337362090368,55,5000,0.011,0.008461131724304237,0.014289708350249683,63,5000,0.0126,0.009861068751138881,0.01608731458697478,139,5000,0.0278,0.023592950244662545,0.03273209409726866,133,5000,0.0266,0.022490133971724145,0.03143675292253727
dynamic_fraction:0.25,dynamic_alternative,0.25,144,288,384,independent,0.1,0.0180938063789325,0.015266418827549769,186,5000,0.0372,0.03229950990203903,0.04281110111330566,132,5000,0.0264,0.022306557481455887,0.031220636504860552,57,5000,0.0114,0.008809803672749156,0.014740422217694699,51,5000,0.0102,0.007766697200760391,0.01338537124201366,123,5000,0.0246,0.020657453931589947,0.029272503883221782,133,5000,0.0266,0.022490133971724145,0.03143675292253727
dynamic_fraction:0.25,dynamic_alternative,0.25,144,288,384,negative_bound,0.0,0.0180938063789325,0.015266418827549769,188,5000,0.0376,0.03267226324443764,0.04323773358679699,144,5000,0.0288,0.024513667936419157,0.033809840945236896,55,5000,0.011,0.008461131724304237,0.014289708350249683,76,5000,0.0152,0.012161821505719159,0.018982569635679084,137,5000,0.0274,0.023225090865346635,0.03230056766069464,126,5000,0.0252,0.021206521746936602,0.029922514791710035
dynamic_fraction:0.25,dynamic_alternative,0.25,144,288,384,negative_bound,0.1,0.0180938063789325,0.015266418827549769,178,5000,0.0356,0.030810144963716545,0.0411029227880684,121,5000,0.0242,0.0202917757662823,0.02883879623263949,55,5000,0.011,0.008461131724304237,0.014289708350249683,58,5000,0.0116,0.008984481447483776,0.014965437350905044,107,5000,0.0214,0.017740918016567058,0.025793953271125183,114,5000,0.0228,0.019014328722336056,0.027318392920970963
dynamic_fraction:0.25,dynamic_alternative,0.25,288,576,768,independent,0.0,0.017447352733038393,0.014867397951047143,345,5000,0.069,0.062300407664844036,0.07636137571375051,246,5000,0.0492,0.04354328467999217,0.0555489008120506,125,5000,0.025,0.021023426874502565,0.029705916756199102,133,5000,0.0266,0.022490133971724145,0.03143675292253727,178,5000,0.0356,0.030810144963716545,0.0411029227880684,177,5000,0.0354,0.03062416522634189,0.0408892096174981
dynamic_fraction:0.25,dynamic_alternative,0.25,288,576,768,independent,0.1,0.017447352733038393,0.014867397951047143,306,5000,0.0612,0.05488683597118466,0.06818692399755616,225,5000,0.045,0.03959473424095406,0.05110390018424437,121,5000,0.0242,0.0202917757662823,0.02883879623263949,128,5000,0.0256,0.021572924158551787,0.030355498195984782,171,5000,0.0342,0.029509214219829064,0.03960600317634112,180,5000,0.036,0.031182233720822808,0.04153021984685208
dynamic_fraction:0.25,dynamic_alternative,0.25,288,576,768,negative_bound,0.0,0.017447352733038393,0.014867397951047143,281,5000,0.0562,0.05015028098615111,0.06293115628396552,235,5000,0.047,0.04147340070070454,0.053222162803943575,99,5000,0.0198,0.01629103729527757,0.024046290728854936,115,5000,0.023,0.019196582389584424,0.027535832161667564,184,5000,0.0368,0.03192691883143906,0.042384306368015705,199,5000,0.0398,0.03472519999928166,0.04558141881934762
dynamic_fraction:0.25,dynamic_alternative,0.25,288,576,768,negative_bound,0.1,0.017447352733038393,0.014867397951047143,273,5000,0.0546,0.04863748295880909,0.06124641104774781,185,5000,0.037,0.032113193925819086,0.04259772418158064,91,5000,0.0182,0.014847634201950236,0.02229215055862253,127,5000,0.0254,0.021389687778586568,0.03013904166800503,170,5000,0.034,0.02932354706575434,0.039391977422470886,177,5000,0.0354,0.03062416522634189,0.0408892096174981
dynamic_fraction:0.25,dynamic_alternative,0.25,576,1152,1536,independent,0.0,0.016750556977957964,0.014285050191260655,485,5000,0.097,0.08910317955861746,0.10551561093227257,339,5000,0.0678,0.061158071461335374,0.07510555446958939,171,5000,0.0342,0.029509214219829064,0.03960600317634112,162,5000,0.0324,0.0278399055014477,0.03767807572321777,273,5000,0.0546,0.04863748295880909,0.06124641104774781,283,5000,0.0566,0.050528708473917106,0.06335211461208946
dynamic_fraction:0.25,dynamic_alternative,0.25,576,1152,1536,independent,0.1,0.016750556977957964,0.014285050191260655,492,5000,0.0984,0.09044962113702086,0.10696701970948395,340,5000,0.068,0.061348417824744476,0.07531490101412525,182,5000,0.0364,0.03155449256917012,0.04195734681439471,156,5000,0.0312,0.026729241372423156,0.03639058240457251,266,5000,0.0532,0.04731501678794451,0.0597710268629976,285,5000,0.057,0.05090722533948854,0.06377298356240796
dynamic_fraction:0.25,dynamic_alternative,0.25,576,1152,1536,negative_bound,0.0,0.016750556977957964,0.014285050191260655,388,5000,0.0776,0.07050418573814145,0.08534439268208673,289,5000,0.0578,0.05166452370008227,0.0646144568335941,140,5000,0.028,0.023776972846519865,0.03294776440335632,176,5000,0.0352,0.030438229049704623,0.04067545288619041,230,5000,0.046,0.040533692983861225,0.05216340598106205,263,5000,0.0526,0.0467486087437704,0.05913835618333681
dynamic_fraction:0.25,dynamic_alternative,0.25,576,1152,1536,negative_bound,0.1,0.016750556977957964,0.014285050191260655,376,5000,0.0752,0.06821189061005405,0.08284037291483452,269,5000,0.0538,0.04788164426176753,0.060403478113009494,129,5000,0.0258,0.021756230091548756,0.030571885170932782,152,5000,0.0304,0.02598983746953008,0.03553121467568572,224,5000,0.0448,0.03940703443948307,0.0508919070777704,203,5000,0.0406,0.03547284651761458,0.04643254393279457
decay_q:0.02,recency_counterexample,0.0,18,36,48,independent,0.0,0.01381829027078521,0.012950056558303757,60,5000,0.012,0.009334492301086808,0.015414812313191951,8,5000,0.0016,0.0008109653833484613,0.0031543080177919747,6,5000,0.0012,0.0005500756587335479,0.002615811926516952,0,5000,0.0,0.0,0.000767730137580694,0,5000,0.0,0.0,0.000767730137580694,0,5000,0.0,0.0,0.000767730137580694
decay_q:0.02,recency_counterexample,0.0,18,36,48,independent,0.1,0.01381829027078521,0.012950056558303757,36,5000,0.0072,0.005205365212759887,0.009951309610839645,5,5000,0.001,0.00042720718893578876,0.0023389874883697442,3,5000,0.0006,0.00020407096088550332,0.001762737900530094,0,5000,0.0,0.0,0.000767730137580694,0,5000,0.0,0.0,0.000767730137580694,0,5000,0.0,0.0,0.000767730137580694
decay_q:0.02,recency_counterexample,0.0,18,36,48,negative_bound,0.0,0.01381829027078521,0.012950056558303757,78,5000,0.0156,0.012518186641408368,0.01942559031587981,31,5000,0.0062,0.004371360588064539,0.008786849695810154,15,5000,0.003,0.0018189133867023654,0.004944210370052845,0,5000,0.0,0.0,0.000767730137580694,3,5000,0.0006,0.00020407096088550332,0.001762737900530094,4,5000,0.0008,0.0003111419445903861,0.0020553598247701793
decay_q:0.02,recency_counterexample,0.0,18,36,48,negative_bound,0.1,0.01381829027078521,0.012950056558303757,61,5000,0.0122,0.00950981475670272,0.01563918276552101,19,5000,0.0038,0.002434119240930543,0.005927776147604539,5,5000,0.001,0.00042720718893578876,0.0023389874883697442,0,5000,0.0,0.0,0.000767730137580694,2,5000,0.0004,0.0001096989857531115,0.001457416967717518,1,5000,0.0002,3.5304875272480036e-05,0.0011321181702531819
decay_q:0.02,recency_counterexample,0.0,36,72,96,independent,0.0,0.012689882613649107,0.011463764274582877,86,5000,0.0172,0.013949165667525344,0.021192154553322576,42,5000,0.0084,0.006220620278197563,0.011334211993071774,12,5000,0.0024,0.001373451819731108,0.004190593213189199,0,5000,0.0,0.0,0.000767730137580694,17,5000,0.0034,0.0021239187553747756,0.00543859081727037,32,5000,0.0064,0.0045371596862706365,0.009020743505549026
decay_q:0.02,recency_counterexample,0.0,36,72,96,independent,0.1,0.012689882613649107,0.011463764274582877,68,5000,0.0136,0.010742545429440987,0.01720430244839751,51,5000,0.0102,0.007766697200760391,0.01338537124201366,22,5000,0.0044,0.00290754291665071,0.006653431195719275,0,5000,0.0,0.0,0.000767730137580694,16,5000,0.0032,0.001970710595456084,0.005192106069244095,13,5000,0.0026,0.0015201123516485658,0.004443625589216709
decay_q:0.02,recency_counterexample,0.0,36,72,96,negative_bound,0.0,0.012689882613649107,0.011463764274582877,104,5000,0.0208,0.017196500586557525,0.025139291977299815,61,5000,0.0122,0.00950981475670272,0.01563918276552101,25,5000,0.005,0.0033890775204861016,0.007370975315718786,1,5000,0.0002,3.5304875272480036e-05,0.0011321181702531819,49,5000,0.0098,0.007421045443652236,0.012931637183231875,54,5000,0.0108,0.00828714962565902,0.014063997540949934
decay_q:0.02,recency_counterexample,0.0,36,72,96,negative_bound,0.1,0.012689882613649107,0.011463764274582877,93,5000,0.0186,0.015207834375972463,0.02273133620049023,51,5000,0.0102,0.007766697200760391,0.01338537124201366,14,5000,0.0028,0.0016686615436143238,0.0046947693051959186,0,5000,0.0,0.0,0.000767730137580694,43,5000,0.0086,0.0063911409908157125,0.011563384188398593,48,5000,0.0096,0.007248637881821691,0.012704351837117454
decay_q:0.02,recency_counterexample,0.0,72,144,192,independent,0.0,0.012294685194046272,0.010088881707818213,128,5000,0.0256,0.021572924158551787,0.030355498195984782,77,5000,0.0154,0.012339931229922144,0.01920415281942107,36,5000,0.0072,0.005205365212759887,0.009951309610839645,8,5000,0.0016,0.0008109653833484613,0.0031543080177919747,66,5000,0.0132,0.010389403252556018,0.01675805880939255,97,5000,0.0194,0.015929549086400117,0.02360839312184245
decay_q:0.02,recency_counterexample,0.0,72,144,192,independent,0.1,0.012294685194046272,0.010088881707818213,107,5000,0.0214,0.017740918016567058,0.025793953271125183,87,5000,0.0174,0.014128619480519324,0.021412393648273565,37,5000,0.0074,0.005373566400957179,0.010182801330587321,6,5000,0.0012,0.0005500756587335479,0.002615811926516952,62,5000,0.0124,0.009685341838572314,0.015863348591596382,89,5000,0.0178,0.014487890891917016,0.021852508052765812
decay_q:0.02,recency_counterexample,0.0,72,144,192,negative_bound,0.0,0.012294685194046272,0.010088881707818213,116,5000,0.0232,0.019378917302925274,0.027753190156271677,102,5000,0.0204,0.01683402366822501,0.024702383079742398,38,5000,0.0076,0.005542191270153625,0.010413869369335844,4,5000,0.0008,0.0003111419445903861,0.0020553598247701793,74,5000,0.0148,0.011806050426256876,0.018538954899251434,94,5000,0.0188,0.0153881013071799,0.022950762177227767
decay_q:0.02,recency_counterexample,0.0,72,144,192,negative_bound,0.1,0.012294685194046272,0.010088881707818213,110,5000,0.022,0.018286147602522732,0.026447802409004417,88,5000,0.0176,0.014308195226544798,0.02163251081019306,31,5000,0.0062,0.004371360588064539,0.008786849695810154,6,5000,0.0012,0.0005500756587335479,0.002615811926516952,77,5000,0.0154,0.012339931229922144,0.01920415281942107,71,5000,0.0142,0.011273559646769033,0.01787236695490437
decay_q:0.02,recency_counterexample,0.0,144,288,384,independent,0.0,0.012349885317079248,0.00988207557683442,169,5000,0.0338,0.029137926074544934,0.0391779055057353,120,5000,0.024,0.020109049431307507,0.02862182965966932,49,5000,0.0098,0.007421045443652236,0.012931637183231875,70,5000,0.014,0.011096386311623671,0.017649847382104764,95,5000,0.019,0.015568477172636963,0.023170079219715665,121,5000,0.0242,0.0202917757662823,0.02883879623263949
decay_q:0.02,recency_counterexample,0.0,144,288,384,independent,0.1,0.012349885317079248,0.00988207557683442,138,5000,0.0276,0.023408989368185144,0.03251636206580111,104,5000,0.0208,0.017196500586557525,0.025139291977299815,45,5000,0.009,0.00673319292420765,0.01202071807089659,49,5000,0.0098,0.007421045443652236,0.012931637183231875,102,5000,0.0204,0.01683402366822501,0.024702383079742398,109,5000,0.0218,0.018104316188142542,0.026229940915439637
decay_q:0.02,recency_counterexample,0.0,144,288,384,negative_bound,0.0,0.012349885317079248,0.00988207557683442,178,5000,0.0356,0.030810144963716545,0.0411029227880684,134,5000,0.0268,0.022673776258692664,0.03165280354351371,51,5000,0.0102,0.007766697200760391,0.01338537124201366,58,5000,0.0116,0.008984481447483776,0.014965437350905044,112,5000,0.0224,0.018650069297506275,0.026883266529910813,107,5000,0.0214,0.017740918016567058,0.025793953271125183
decay_q:0.02,recency_counterexample,0.0,144,288,384,negative_bound,0.1,0.012349885317079248,0.00988207557683442,174,5000,0.0348,0.03006648880812209,0.04024780731188299,133,5000,0.0266,0.022490133971724145,0.03143675292253727,60,5000,0.012,0.009334492301086808,0.015414812313191951,34,5000,0.0068,0.004870303811000636,0.00948698519670896,115,5000,0.023,0.019196582389584424,0.027535832161667564,109,5000,0.0218,0.018104316188142542,0.026229940915439637
decay_q:0.02,recency_counterexample,0.0,288,576,768,independent,0.0,0.012038166705123088,0.00983112304614154,233,5000,0.0466,0.041097429206588085,0.0527987484821701,199,5000,0.0398,0.03472519999928166,0.04558141881934762,88,5000,0.0176,0.014308195226544798,0.02163251081019306,73,5000,0.0146,0.011628394959642338,0.018316917457921,155,5000,0.031,0.026544310797926178,0.03617582007112451,167,5000,0.0334,0.02876682416077008,0.03874962160362023
decay_q:0.02,recency_counterexample,0.0,288,576,768,independent,0.1,0.012038166705123088,0.00983112304614154,203,5000,0.0406,0.03547284651761458,0.04643254393279457,149,5000,0.0298,0.02543585238097847,0.03488612104040242,59,5000,0.0118,0.009159379464301861,0.015190232242031929,72,5000,0.0144,0.011450896966502703,0.018094722543115668,118,5000,0.0236,0.01974382682869442,0.028187666446392468,141,5000,0.0282,0.02396105653691747,0.03316337362090368
decay_q:0.02,recency_counterexample,0.0,288,576,768,negative_bound,0.0,0.012038166705123088,0.00983112304614154,213,5000,0.0426,0.03734443424133127,0.04855788528852756,173,5000,0.0346,0.029880685470605045,0.040033917741455066,69,5000,0.0138,0.010919380389000657,0.01742716039678281,106,5000,0.0212,0.017559353655852664,0.025575824723894615,142,5000,0.0284,0.024145200690154717,0.0333789223756114,162,5000,0.0324,0.0278399055014477,0.03767807572321777
decay_q:0.02,recency_counterexample,0.0,288,576,768,negative_bound,0.1,0.012038166705123088,0.00983112304614154,182,5000,0.0364,0.03155449256917012,0.04195734681439471,149,5000,0.0298,0.02543585238097847,0.03488612104040242,61,5000,0.0122,0.00950981475670272,0.01563918276552101,103,5000,0.0206,0.017015214447012893,0.024920885208899485,127,5000,0.0254,0.021389687778586568,0.03013904166800503,107,5000,0.0214,0.017740918016567058,0.025793953271125183
decay_q:0.02,recency_counterexample,0.0,576,1152,1536,independent,0.0,0.01161247699619311,0.009636050761830927,270,5000,0.054,0.04807056825079665,0.06061424703192534,206,5000,0.0412,0.03603395813265233,0.04707051104159172,95,5000,0.019,0.015568477172636963,0.023170079219715665,133,5000,0.0266,0.022490133971724145,0.03143675292253727,189,5000,0.0378,0.032858699993149616,0.04345098974602999,189,5000,0.0378,0.032858699993149616,0.04345098974602999
decay_q:0.02,recency_counterexample,0.0,576,1152,1536,independent,0.1,0.01161247699619311,0.009636050761830927,281,5000,0.0562,0.05015028098615111,0.06293115628396552,223,5000,0.0446,0.03921936574067707,0.05067988286863144,97,5000,0.0194,0.015929549086400117,0.02360839312184245,117,5000,0.0234,0.01956133244721663,0.027970467919925298,198,5000,0.0396,0.03453837977810045,0.04536854613258387,206,5000,0.0412,0.03603395813265233,0.04707051104159172
decay_q:0.02,recency_counterexample,0.0,576,1152,1536,negative_bound,0.0,0.01161247699619311,0.009636050761830927,280,5000,0.056,0.049961101038097706,0.06272064332407395,240,5000,0.048,0.04241383484922352,0.05428019319514944,108,5000,0.0216,0.017922572597974227,0.02601199159766299,111,5000,0.0222,0.01846806568308761,0.02666557723638451,201,5000,0.0402,0.035098950653111326,0.046007053981407885,195,5000,0.039,0.03397814274443453,0.04472970444241488
decay_q:0.02,recency_counterexample,0.0,576,1152,1536,negative_bound,0.1,0.01161247699619311,0.009636050761830927,254,5000,0.0508,0.04505073709607098,0.05723899165953153,204,5000,0.0408,0.03565984826404574,0.04664523509430839,85,5000,0.017,0.013769835859113387,0.020971791453789572,111,5000,0.0222,0.01846806568308761,0.02666557723638451,176,5000,0.0352,0.030438229049704623,0.04067545288619041,191,5000,0.0382,0.033231692132081714,0.04387738342298782
decay_q:0.05,recency_counterexample,0.0,18,36,48,independent,0.0,0.025991445144761826,0.024437663612760525,61,5000,0.0122,0.00950981475670272,0.01563918276552101,11,5000,0.0022,0.001228902612090369,0.00393544951288497,8,5000,0.0016,0.0008109653833484613,0.0031543080177919747,0,5000,0.0,0.0,0.000767730137580694,0,5000,0.0,0.0,0.000767730137580694,2,5000,0.0004,0.0001096989857531115,0.001457416967717518
decay_q:0.05,recency_counterexample,0.0,18,36,48,independent,0.1,0.025991445144761826,0.024437663612760525,38,5000,0.0076,0.005542191270153625,0.010413869369335844,8,5000,0.0016,0.0008109653833484613,0.0031543080177919747,1,5000,0.0002,3.5304875272480036e-05,0.0011321181702531819,0,5000,0.0,0.0,0.000767730137580694,0,5000,0.0,0.0,0.000767730137580694,0,5000,0.0,0.0,0.000767730137580694
decay_q:0.05,recency_counterexample,0.0,18,36,48,negative_bound,0.0,0.025991445144761826,0.024437663612760525,72,5000,0.0144,0.011450896966502703,0.018094722543115668,35,5000,0.007,0.005037604888092059,0.009719377027562506,11,5000,0.0022,0.001228902612090369,0.00393544951288497,0,5000,0.0,0.0,0.000767730137580694,4,5000,0.0008,0.0003111419445903861,0.0020553598247701793,4,5000,0.0008,0.0003111419445903861,0.0020553598247701793
decay_q:0.05,recency_counterexample,0.0,18,36,48,negative_bound,0.1,0.025991445144761826,0.024437663612760525,75,5000,0.015,0.011983860272495058,0.018760837960958218,30,5000,0.006,0.0042061089708657195,0.008552408405064008,13,5000,0.0026,0.0015201123516485658,0.004443625589216709,0,5000,0.0,0.0,0.000767730137580694,0,5000,0.0,0.0,0.000767730137580694,3,5000,0.0006,0.00020407096088550332,0.001762737900530094
decay_q:0.05,recency_counterexample,0.0,36,72,96,independent,0.0,0.024199490682585187,0.021724367191461275,98,5000,0.0196,0.016110241929952362,0.023827393186235175,55,5000,0.011,0.008461131724304237,0.014289708350249683,24,5000,0.0048,0.00322775763196324,0.007132602296296678,0,5000,0.0,0.0,0.000767730137580694,22,5000,0.0044,0.00290754291665071,0.006653431195719275,23,5000,0.0046,0.003067229476888848,0.006893437543426104
decay_q:0.05,recency_counterexample,0.0,36,72,96,independent,0.1,0.024199490682585187,0.021724367191461275,102,5000,0.0204,0.01683402366822501,0.024702383079742398,54,5000,0.0108,0.00828714962565902,0.014063997540949934,22,5000,0.0044,0.00290754291665071,0.006653431195719275,0,5000,0.0,0.0,0.000767730137580694,20,5000,0.004,0.0025909223507485585,0.006170665945731489,29,5000,0.0058,0.004041431411009417,0.00831739305697534
decay_q:0.05,recency_counterexample,0.0,36,72,96,negative_bound,0.0,0.024199490682585187,0.021724367191461275,108,5000,0.0216,0.017922572597974227,0.02601199159766299,72,5000,0.0144,0.011450896966502703,0.018094722543115668,30,5000,0.006,0.0042061089708657195,0.008552408405064008,0,5000,0.0,0.0,0.000767730137580694,61,5000,0.0122,0.00950981475670272,0.01563918276552101,55,5000,0.011,0.008461131724304237,0.014289708350249683
decay_q:0.05,recency_counterexample,0.0,36,72,96,negative_bound,0.1,0.024199490682585187,0.021724367191461275,109,5000,0.0218,0.018104316188142542,0.026229940915439637,88,5000,0.0176,0.014308195226544798,0.02163251081019306,37,5000,0.0074,0.005373566400957179,0.010182801330587321,1,5000,0.0002,3.5304875272480036e-05,0.0011321181702531819,58,5000,0.0116,0.008984481447483776,0.014965437350905044,53,5000,0.0106,0.00811341195175059,0.013838042306913394
decay_q:0.05,recency_counterexample,0.0,72,144,192,independent,0.0,0.023486898035491473,0.019239816889156602,187,5000,0.0374,0.03248586644516959,0.04302443747812008,136,5000,0.0272,0.023041255396114943,0.032084710221981366,62,5000,0.0124,0.009685341838572314,0.015863348591596382,8,5000,0.0016,0.0008109653833484613,0.0031543080177919747,104,5000,0.0208,0.017196500586557525,0.025139291977299815,104,5000,0.0208,0.017196500586557525,0.025139291977299815
decay_q:0.05,recency_counterexample,0.0,72,144,192,independent,0.1,0.023486898035491473,0.019239816889156602,155,5000,0.031,0.026544310797926178,0.03617582007112451,99,5000,0.0198,0.01629103729527757,0.024046290728854936,36,5000,0.0072,0.005205365212759887,0.009951309610839645,7,5000,0.0014,0.0006783239436107811,0.002887256549584687,96,5000,0.0192,0.01574896030669719,0.023389288993600408,110,5000,0.022,0.018286147602522732,0.026447802409004417
decay_q:0.05,recency_counterexample,0.0,72,144,192,negative_bound,0.0,0.023486898035491473,0.019239816889156602,148,5000,0.0296,0.0252513016267787,0.034670978886657225,107,5000,0.0214,0.017740918016567058,0.025793953271125183,39,5000,0.0078,0.0057112237321092305,0.010644529815325205,5,5000,0.001,0.00042720718893578876,0.0023389874883697442,100,5000,0.02,0.016471933678631395,0.024265087253446074,125,5000,0.025,0.021023426874502565,0.029705916756199102
decay_q:0.05,recency_counterexample,0.0,72,144,192,negative_bound,0.1,0.023486898035491473,0.019239816889156602,141,5000,0.0282,0.02396105653691747,0.03316337362090368,110,5000,0.022,0.018286147602522732,0.026447802409004417,46,5000,0.0092,0.006904702346799829,0.012248901556249381,7,5000,0.0014,0.0006783239436107811,0.002887256549584687,86,5000,0.0172,0.013949165667525344,0.021192154553322576,93,5000,0.0186,0.015207834375972463,0.02273133620049023
decay_q:0.05,recency_counterexample,0.0,144,288,384,independent,0.0,0.023560150555905542,0.018734796213150107,305,5000,0.061,0.05469712342926726,0.06797694363152859,178,5000,0.0356,0.030810144963716545,0.0411029227880684,101,5000,0.0202,0.016652929613278054,0.024483784226744385,82,5000,0.0164,0.013232612095298076,0.02030993649376998,172,5000,0.0344,0.029694927148885553,0.039819983155229596,186,5000,0.0372,0.03229950990203903,0.04281110111330566
decay_q:0.05,recency_counterexample,0.0,144,288,384,independent,0.1,0.023560150555905542,0.018734796213150107,245,5000,0.049,0.04335497404186027,0.055337518542237535,146,5000,0.0292,0.024882369792375313,0.034240524905170676,76,5000,0.0152,0.012161821505719159,0.018982569635679084,51,5000,0.0102,0.007766697200760391,0.01338537124201366,119,5000,0.0238,0.019926399474346095,0.02840478670868577,169,5000,0.0338,0.029137926074544934,0.0391779055057353
decay_q:0.05,recency_counterexample,0.0,144,288,384,negative_bound,0.0,0.023560150555905542,0.018734796213150107,231,5000,0.0462,0.0407215753479919,0.052375216524876346,169,5000,0.0338,0.029137926074544934,0.0391779055057353,89,5000,0.0178,0.014487890891917016,0.021852508052765812,84,5000,0.0168,0.01359063218705935,0.020751302217898636,143,5000,0.0286,0.024329404691398306,0.03359441128231278,119,5000,0.0238,0.019926399474346095,0.02840478670868577
decay_q:0.05,recency_counterexample,0.0,144,288,384,negative_bound,0.1,0.023560150555905542,0.018734796213150107,211,5000,0.0422,0.0369698419843103,0.048133091729658586,146,5000,0.0292,0.024882369792375313,0.034240524905170676,54,5000,0.0108,0.00828714962565902,0.014063997540949934,74,5000,0.0148,0.011806050426256876,0.018538954899251434,122,5000,0.0244,0.02047457756498257,0.029055687341884198,130,5000,0.026,0.021939604797492268,0.030788203372934232
decay_q:0.05,recency_counterexample,0.0,288,576,768,independent,0.0,0.022970559878092933,0.0187756882392832,435,5000,0.087,0.07950156824075588,0.09513257685288576,274,5000,0.0548,0.04882650169879026,0.0614570852157116,161,5000,0.0322,0.027654668483965132,0.037463619832755375,134,5000,0.0268,0.022673776258692664,0.03165280354351371,226,5000,0.0452,0.03978246494855129,0.05131586238459212,276,5000,0.0552,0.04920460920892601,0.06187836352146578
decay_q:0.05,recency_counterexample,0.0,288,576,768,independent,0.1,0.022970559878092933,0.0187756882392832,391,5000,0.0782,0.07107758739568389,0.08597006974837919,280,5000,0.056,0.049961101038097706,0.06272064332407395,143,5000,0.0286,0.024329404691398306,0.03359441128231278,111,5000,0.0222,0.01846806568308761,0.02666557723638451,186,5000,0.0372,0.03229950990203903,0.04281110111330566,236,5000,0.0472,0.041661430116364986,0.0534338262962281
decay_q:0.05,recency_counterexample,0.0,288,576,768,negative_bound,0.0,0.022970559878092933,0.0187756882392832,335,5000,0.067,0.06039686037820619,0.07426799392093869,229,5000,0.0458,0.040345840574710114,0.051951565482268196,109,5000,0.0218,0.018104316188142542,0.026229940915439637,101,5000,0.0202,0.016652929613278054,0.024483784226744385,199,5000,0.0398,0.03472519999928166,0.04558141881934762,225,5000,0.045,0.03959473424095406,0.05110390018424437
decay_q:0.05,recency_counterexample,0.0,288,576,768,negative_bound,0.1,0.022970559878092933,0.0187756882392832,313,5000,0.0626,0.05621537946393881,0.06965623086041678,240,5000,0.048,0.04241383484922352,0.05428019319514944,115,5000,0.023,0.019196582389584424,0.027535832161667564,115,5000,0.023,0.019196582389584424,0.027535832161667564,209,5000,0.0418,0.03659538520665388,0.04770816269142507,232,5000,0.0464,0.04090948748296148,0.05258699729785173
decay_q:0.05,recency_counterexample,0.0,576,1152,1536,independent,0.0,0.022080433840771005,0.018318438603595694,722,5000,0.1444,0.134929979330127,0.1544160303437204,444,5000,0.0888,0.08122771200325529,0.09700366926189108,291,5000,0.0582,0.05204330348054362,0.06503506286902269,183,5000,0.0366,0.03174068493806301,0.04217084735344678,355,5000,0.071,0.06420565019421969,0.07845306226382455,379,5000,0.0758,0.06878476483684039,0.08346657741188308
decay_q:0.05,recency_counterexample,0.0,576,1152,1536,independent,0.1,0.022080433840771005,0.018318438603595694,625,5000,0.125,0.11611983632810106,0.1344559612750845,422,5000,0.0844,0.07701002134610781,0.09242811594424928,258,5000,0.0516,0.04580509261793998,0.05808340776944239,165,5000,0.033,0.028395911697294635,0.03832114825120575,309,5000,0.0618,0.0554560933940315,0.06881674529854423,382,5000,0.0764,0.06935777305745103,0.08409264791510732
decay_q:0.05,recency_counterexample,0.0,576,1152,1536,negative_bound,0.0,0.022080433840771005,0.018318438603595694,558,5000,0.1116,0.10316858975030148,0.12062778302057121,356,5000,0.0712,0.06439626511607456,0.07866214024991465,201,5000,0.0402,0.035098950653111326,0.046007053981407885,183,5000,0.0366,0.03174068493806301,0.04217084735344678,298,5000,0.0596,0.05336970419538522,0.06650651250979588,323,5000,0.0646,0.05811494111175707,0.07175359829204819
decay_q:0.05,recency_counterexample,0.0,576,1152,1536,negative_bound,0.1,0.022080433840771005,0.018318438603595694,531,5000,0.1062,0.09796034482814754,0.11504431942821101,358,5000,0.0716,0.0647775435826546,0.07908024759922454,198,5000,0.0396,0.03453837977810045,0.04536854613258387,169,5000,0.0338,0.029137926074544934,0.0391779055057353,281,5000,0.0562,0.05015028098615111,0.06293115628396552,307,5000,0.0614,0.05507656853989485,0.06839688433679096
decay_q:0.1,recency_counterexample,0.0,18,36,48,independent,0.0,0.032246494257763963,0.030371660128418063,50,5000,0.01,0.0075937346054725085,0.013158640929356572,14,5000,0.0028,0.0016686615436143238,0.0046947693051959186,6,5000,0.0012,0.0005500756587335479,0.002615811926516952,0,5000,0.0,0.0,0.000767730137580694,0,5000,0.0,0.0,0.000767730137580694,0,5000,0.0,0.0,0.000767730137580694
decay_q:0.1,recency_counterexample,0.0,18,36,48,independent,0.1,0.032246494257763963,0.030371660128418063,48,5000,0.0096,0.007248637881821691,0.012704351837117454,8,5000,0.0016,0.0008109653833484613,0.0031543080177919747,3,5000,0.0006,0.00020407096088550332,0.001762737900530094,0,5000,0.0,0.0,0.000767730137580694,0,5000,0.0,0.0,0.000767730137580694,0,5000,0.0,0.0,0.000767730137580694
decay_q:0.1,recency_counterexample,0.0,18,36,48,negative_bound,0.0,0.032246494257763963,0.030371660128418063,87,5000,0.0174,0.014128619480519324,0.021412393648273565,45,5000,0.009,0.00673319292420765,0.01202071807089659,15,5000,0.003,0.0018189133867023654,0.004944210370052845,0,5000,0.0,0.0,0.000767730137580694,6,5000,0.0012,0.0005500756587335479,0.002615811926516952,2,5000,0.0004,0.0001096989857531115,0.001457416967717518
decay_q:0.1,recency_counterexample,0.0,18,36,48,negative_bound,0.1,0.032246494257763963,0.030371660128418063,82,5000,0.0164,0.013232612095298076,0.02030993649376998,31,5000,0.0062,0.004371360588064539,0.008786849695810154,14,5000,0.0028,0.0016686615436143238,0.0046947693051959186,0,5000,0.0,0.0,0.000767730137580694,3,5000,0.0006,0.00020407096088550332,0.001762737900530094,4,5000,0.0008,0.0003111419445903861,0.0020553598247701793
decay_q:0.1,recency_counterexample,0.0,36,72,96,independent,0.0,0.030821956525659507,0.027345623038330602,106,5000,0.0212,0.017559353655852664,0.025575824723894615,61,5000,0.0122,0.00950981475670272,0.01563918276552101,25,5000,0.005,0.0033890775204861016,0.007370975315718786,1,5000,0.0002,3.5304875272480036e-05,0.0011321181702531819,30,5000,0.006,0.0042061089708657195,0.008552408405064008,30,5000,0.006,0.0042061089708657195,0.008552408405064008
decay_q:0.1,recency_counterexample,0.0,36,72,96,independent,0.1,0.030821956525659507,0.027345623038330602,131,5000,0.0262,0.02212304751109084,0.031004453567280637,62,5000,0.0124,0.009685341838572314,0.015863348591596382,31,5000,0.0062,0.004371360588064539,0.008786849695810154,1,5000,0.0002,3.5304875272480036e-05,0.0011321181702531819,17,5000,0.0034,0.0021239187553747756,0.00543859081727037,24,5000,0.0048,0.00322775763196324,0.007132602296296678
decay_q:0.1,recency_counterexample,0.0,36,72,96,negative_bound,0.0,0.030821956525659507,0.027345623038330602,139,5000,0.0278,0.023592950244662545,0.03273209409726866,96,5000,0.0192,0.01574896030669719,0.023389288993600408,44,5000,0.0088,0.006562002273368255,0.011792215813791019,3,5000,0.0006,0.00020407096088550332,0.001762737900530094,69,5000,0.0138,0.010919380389000657,0.01742716039678281,78,5000,0.0156,0.012518186641408368,0.01942559031587981
decay_q:0.1,recency_counterexample,0.0,36,72,96,negative_bound,0.1,0.030821956525659507,0.027345623038330602,124,5000,0.0248,0.020840403988236226,0.029489246734520472,77,5000,0.0154,0.012339931229922144,0.01920415281942107,30,5000,0.006,0.0042061089708657195,0.008552408405064008,0,5000,0.0,0.0,0.000767730137580694,54,5000,0.0108,0.00828714962565902,0.014063997540949934,65,5000,0.013,0.0102131038076004,0.016534665346403195
decay_q:0.1,recency_counterexample,0.0,72,144,192,independent,0.0,0.02994541406427282,0.02446055565022548,201,5000,0.0402,0.035098950653111326,0.046007053981407885,137,5000,0.0274,0.023225090865346635,0.03230056766069464,54,5000,0.0108,0.00828714962565902,0.014063997540949934,8,5000,0.0016,0.0008109653833484613,0.0031543080177919747,100,5000,0.02,0.016471933678631395,0.024265087253446074,100,5000,0.02,0.016471933678631395,0.024265087253446074
decay_q:0.1,recency_counterexample,0.0,72,144,192,independent,0.1,0.02994541406427282,0.02446055565022548,200,5000,0.04,0.034912057045320966,0.04579425468125328,106,5000,0.0212,0.017559353655852664,0.025575824723894615,54,5000,0.0108,0.00828714962565902,0.014063997540949934,8,5000,0.0016,0.0008109653833484613,0.0031543080177919747,80,5000,0.016,0.012875123748789068,0.01986803902438905,137,5000,0.0274,0.023225090865346635,0.03230056766069464
decay_q:0.1,recency_counterexample,0.0,72,144,192,negative_bound,0.0,0.02994541406427282,0.02446055565022548,191,5000,0.0382,0.033231692132081714,0.04387738342298782,137,5000,0.0274,0.023225090865346635,0.03230056766069464,58,5000,0.0116,0.008984481447483776,0.014965437350905044,11,5000,0.0022,0.001228902612090369,0.00393544951288497,119,5000,0.0238,0.019926399474346095,0.02840478670868577,131,5000,0.0262,0.02212304751109084,0.031004453567280637
decay_q:0.1,recency_counterexample,0.0,72,144,192,negative_bound,0.1,0.02994541406427282,0.02446055565022548,181,5000,0.0362,0.03136834205263714,0.04174380442298273,131,5000,0.0262,0.02212304751109084,0.031004453567280637,61,5000,0.0122,0.00950981475670272,0.01563918276552101,10,5000,0.002,0.0010867350406975989,0.003677924176332773,100,5000,0.02,0.016471933678631395,0.024265087253446074,102,5000,0.0204,0.01683402366822501,0.024702383079742398
decay_q:0.1,recency_counterexample,0.0,144,288,384,independent,0.0,0.02991866106753198,0.023500832256360914,358,5000,0.0716,0.0647775435826546,0.07908024759922454,222,5000,0.0444,0.039031728343254496,0.05046782735810905,117,5000,0.0234,0.01956133244721663,0.027970467919925298,80,5000,0.016,0.012875123748789068,0.01986803902438905,162,5000,0.0324,0.0278399055014477,0.03767807572321777,222,5000,0.0444,0.039031728343254496,0.05046782735810905
decay_q:0.1,recency_counterexample,0.0,144,288,384,independent,0.1,0.02991866106753198,0.023500832256360914,352,5000,0.0704,0.06363390343380831,0.07782573030040102,211,5000,0.0422,0.0369698419843103,0.048133091729658586,113,5000,0.0226,0.01883215733835112,0.02710087139701093,63,5000,0.0126,0.009861068751138881,0.01608731458697478,163,5000,0.0326,0.028025191999595418,0.037892482133015014,223,5000,0.0446,0.03921936574067707,0.05067988286863144
decay_q:0.1,recency_counterexample,0.0,144,288,384,negative_bound,0.0,0.02991866106753198,0.023500832256360914,289,5000,0.0578,0.05166452370008227,0.0646144568335941,203,5000,0.0406,0.03547284651761458,0.04643254393279457,91,5000,0.0182,0.014847634201950236,0.02229215055862253,93,5000,0.0186,0.015207834375972463,0.02273133620049023,164,5000,0.0328,0.028210527541617497,0.03810683949893791,186,5000,0.0372,0.03229950990203903,0.04281110111330566
decay_q:0.1,recency_counterexample,0.0,144,288,384,negative_bound,0.1,0.02991866106753198,0.023500832256360914,283,5000,0.0566,0.050528708473917106,0.06335211461208946,162,5000,0.0324,0.0278399055014477,0.03767807572321777,87,5000,0.0174,0.014128619480519324,0.021412393648273565,78,5000,0.0156,0.012518186641408368,0.01942559031587981,140,5000,0.028,0.023776972846519865,0.03294776440335632,158,5000,0.0316,0.02709925878499547,0.03681995080789014
decay_q:0.1,recency_counterexample,0.0,288,576,768,independent,0.0,0.029221049203133842,0.023931487768379067,613,5000,0.1226,0.1137975415388714,0.13198194116897452,355,5000,0.071,0.06420565019421969,0.07845306226382455,210,5000,0.042,0.03678259654568193,0.047920644260341996,169,5000,0.0338,0.029137926074544934,0.0391779055057353,257,5000,0.0514,0.045616465204346694,0.057872342275090714,335,5000,0.067,0.06039686037820619,0.07426799392093869
decay_q:0.1,recency_counterexample,0.0,288,576,768,independent,0.1,0.029221049203133842,0.023931487768379067,575,5000,0.115,0.10645119370593704,0.1241399585000001,362,5000,0.0724,0.06554029326570496,0.07991626954795406,231,5000,0.0462,0.0407215753479919,0.052375216524876346,145,5000,0.029,0.024697989831337426,0.0340252119582636,272,5000,0.0544,0.04844848772277505,0.06103571337583687,285,5000,0.057,0.05090722533948854,0.06377298356240796
decay_q:0.1,recency_counterexample,0.0,288,576,768,negative_bound,0.0,0.029221049203133842,0.023931487768379067,489,5000,0.0978,0.08987251144031758,0.10634505068235234,318,5000,0.0636,0.05716492302136061,0.07070515184271985,173,5000,0.0346,0.029880685470605045,0.040033917741455066,155,5000,0.031,0.026544310797926178,0.03617582007112451,267,5000,0.0534,0.04750386840344274,0.059981868155444346,303,5000,0.0606,0.054317758793900564,0.06755692245100536
decay_q:0.1,recency_counterexample,0.0,288,576,768,negative_bound,0.1,0.029221049203133842,0.023931487768379067,453,5000,0.0906,0.08295482788832699,0.09887378954832408,316,5000,0.0632,0.056785048069848944,0.07028564097834156,181,5000,0.0362,0.03136834205263714,0.04174380442298273,160,5000,0.032,0.027469481390651855,0.03724911401812369,261,5000,0.0522,0.046371127030233356,0.05871645208098393,278,5000,0.0556,0.04958280930059318,0.06229954924568855
decay_q:0.1,recency_counterexample,0.0,576,1152,1536,independent,0.0,0.02794264711000287,0.023144665493112806,1080,5000,0.216,0.2048137365276554,0.22762233419049044,621,5000,0.1242,0.11534561442392435,0.13363141154748132,453,5000,0.0906,0.08295482788832699,0.09887378954832408,248,5000,0.0496,0.04391998748548934,0.055971583822443355,520,5000,0.104,0.09584041705639966,0.11276762521256424,542,5000,0.1084,0.10008141611738085,0.11731987012637234
decay_q:0.1,recency_counterexample,0.0,576,1152,1536,independent,0.1,0.02794264711000287,0.023144665493112806,1014,5000,0.2028,0.1918848911129438,0.2141714476808342,572,5000,0.1144,0.10587172913093715,0.1235203443511651,404,5000,0.0808,0.07356379452906041,0.08867987041828725,217,5000,0.0434,0.03809401798897534,0.049407073172663366,447,5000,0.0894,0.08180331059356481,0.09762714939541643,499,5000,0.0998,0.09179657506791901,0.10841791613420058
decay_q:0.1,recency_counterexample,0.0,576,1152,1536,negative_bound,0.0,0.02794264711000287,0.023144665493112806,831,5000,0.1662,0.1561385242517575,0.17677401238809137,520,5000,0.104,0.09584041705639966,0.11276762521256424,323,5000,0.0646,0.05811494111175707,0.07175359829204819,251,5000,0.0502,0.04448524319983238,0.056605406831935226,368,5000,0.0736,0.06668489236511525,0.08116982789621356,409,5000,0.0818,0.0745206475696005,0.08972148191747198
decay_q:0.1,recency_counterexample,0.0,576,1152,1536,negative_bound,0.1,0.02794264711000287,0.023144665493112806,707,5000,0.1414,0.13201700225964388,0.151333613795029,448,5000,0.0896,0.0819952006215144,0.09783495227541182,261,5000,0.0522,0.046371127030233356,0.05871645208098393,228,5000,0.0456,0.040158018306667764,0.05173969484236558,341,5000,0.0682,0.061538781482872125,0.07552423026394255,380,5000,0.076,0.06897575276064982,0.0836752823960186
decay_q:0.2,recency_counterexample,0.0,18,36,48,independent,0.0,0.02497487659867466,0.023239913012172524,44,5000,0.0088,0.006562002273368255,0.011792215813791019,10,5000,0.002,0.0010867350406975989,0.003677924176332773,5,5000,0.001,0.00042720718893578876,0.0023389874883697442,0,5000,0.0,0.0,0.000767730137580694,0,5000,0.0,0.0,0.000767730137580694,1,5000,0.0002,3.5304875272480036e-05,0.0011321181702531819
decay_q:0.2,recency_counterexample,0.0,18,36,48,independent,0.1,0.02497487659867466,0.023239913012172524,43,5000,0.0086,0.0063911409908157125,0.011563384188398593,2,5000,0.0004,0.0001096989857531115,0.001457416967717518,1,5000,0.0002,3.5304875272480036e-05,0.0011321181702531819,0,5000,0.0,0.0,0.000767730137580694,0,5000,0.0,0.0,0.000767730137580694,0,5000,0.0,0.0,0.000767730137580694
decay_q:0.2,recency_counterexample,0.0,18,36,48,negative_bound,0.0,0.02497487659867466,0.023239913012172524,69,5000,0.0138,0.010919380389000657,0.01742716039678281,33,5000,0.0066,0.004703481688179132,0.009254114411585497,9,5000,0.0018,0.0009472826989451401,0.0034176836101402633,0,5000,0.0,0.0,0.000767730137580694,2,5000,0.0004,0.0001096989857531115,0.001457416967717518,2,5000,0.0004,0.0001096989857531115,0.001457416967717518
decay_q:0.2,recency_counterexample,0.0,18,36,48,negative_bound,0.1,0.02497487659867466,0.023239913012172524,82,5000,0.0164,0.013232612095298076,0.02030993649376998,27,5000,0.0054,0.003713916213769333,0.00784552243832549,9,5000,0.0018,0.0009472826989451401,0.0034176836101402633,0,5000,0.0,0.0,0.000767730137580694,0,5000,0.0,0.0,0.000767730137580694,3,5000,0.0006,0.00020407096088550332,0.001762737900530094
decay_q:0.2,recency_counterexample,0.0,36,72,96,independent,0.0,0.025058257310877116,0.02158012004238598,109,5000,0.0218,0.018104316188142542,0.026229940915439637,68,5000,0.0136,0.010742545429440987,0.01720430244839751,30,5000,0.006,0.0042061089708657195,0.008552408405064008,0,5000,0.0,0.0,0.000767730137580694,22,5000,0.0044,0.00290754291665071,0.006653431195719275,27,5000,0.0054,0.003713916213769333,0.00784552243832549
decay_q:0.2,recency_counterexample,0.0,36,72,96,independent,0.1,0.025058257310877116,0.02158012004238598,100,5000,0.02,0.016471933678631395,0.024265087253446074,52,5000,0.0104,0.007939925453345731,0.013611835897373284,20,5000,0.004,0.0025909223507485585,0.006170665945731489,1,5000,0.0002,3.5304875272480036e-05,0.0011321181702531819,17,5000,0.0034,0.0021239187553747756,0.00543859081727037,16,5000,0.0032,0.001970710595456084,0.005192106069244095
decay_q:0.2,recency_counterexample,0.0,36,72,96,negative_bound,0.0,0.025058257310877116,0.02158012004238598,144,5000,0.0288,0.024513667936419157,0.033809840945236896,87,5000,0.0174,0.014128619480519324,0.021412393648273565,40,5000,0.008,0.0058806486976492565,0.010874797757730148,2,5000,0.0004,0.0001096989857531115,0.001457416967717518,60,5000,0.012,0.009334492301086808,0.015414812313191951,65,5000,0.013,0.0102131038076004,0.016534665346403195
decay_q:0.2,recency_counterexample,0.0,36,72,96,negative_bound,0.1,0.025058257310877116,0.02158012004238598,123,5000,0.0246,0.020657453931589947,0.029272503883221782,63,5000,0.0126,0.009861068751138881,0.01608731458697478,29,5000,0.0058,0.004041431411009417,0.00831739305697534,2,5000,0.0004,0.0001096989857531115,0.001457416967717518,40,5000,0.008,0.0058806486976492565,0.010874797757730148,62,5000,0.0124,0.009685341838572314,0.015863348591596382
decay_q:0.2,recency_counterexample,0.0,72,144,192,independent,0.0,0.024230138491462022,0.01960833917779371,192,5000,0.0384,0.03341824692864775,0.044090521534366746,119,5000,0.0238,0.019926399474346095,0.02840478670868577,54,5000,0.0108,0.00828714962565902,0.014063997540949934,9,5000,0.0018,0.0009472826989451401,0.0034176836101402633,91,5000,0.0182,0.014847634201950236,0.02229215055862253,102,5000,0.0204,0.01683402366822501,0.024702383079742398
decay_q:0.2,recency_counterexample,0.0,72,144,192,independent,0.1,0.024230138491462022,0.01960833917779371,179,5000,0.0358,0.030996167910654432,0.041316592749075495,135,5000,0.027,0.022857483632465987,0.03186878907768535,60,5000,0.012,0.009334492301086808,0.015414812313191951,3,5000,0.0006,0.00020407096088550332,0.001762737900530094,92,5000,0.0184,0.015027678088938907,0.02251179957957882,112,5000,0.0224,0.018650069297506275,0.026883266529910813
decay_q:0.2,recency_counterexample,0.0,72,144,192,negative_bound,0.0,0.024230138491462022,0.01960833917779371,147,5000,0.0294,0.02506680724561748,0.03445578035987347,129,5000,0.0258,0.021756230091548756,0.030571885170932782,54,5000,0.0108,0.00828714962565902,0.014063997540949934,7,5000,0.0014,0.0006783239436107811,0.002887256549584687,109,5000,0.0218,0.018104316188142542,0.026229940915439637,116,5000,0.0232,0.019378917302925274,0.027753190156271677
decay_q:0.2,recency_counterexample,0.0,72,144,192,negative_bound,0.1,0.024230138491462022,0.01960833917779371,160,5000,0.032,0.027469481390651855,0.03724911401812369,84,5000,0.0168,0.01359063218705935,0.020751302217898636,39,5000,0.0078,0.0057112237321092305,0.010644529815325205,7,5000,0.0014,0.0006783239436107811,0.002887256549584687,67,5000,0.0134,0.010565885112331141,0.016981269857562393,109,5000,0.0218,0.018104316188142542,0.026229940915439637
decay_q:0.2,recency_counterexample,0.0,144,288,384,independent,0.0,0.02404465660327935,0.018364968276833715,293,5000,0.0586,0.05242216920897454,0.06545558295648171,180,5000,0.036,0.031182233720822808,0.04153021984685208,101,5000,0.0202,0.016652929613278054,0.024483784226744385,80,5000,0.016,0.012875123748789068,0.01986803902438905,165,5000,0.033,0.028395911697294635,0.03832114825120575,175,5000,0.035,0.030252336789915936,0.04046165223803413
decay_q:0.2,recency_counterexample,0.0,144,288,384,independent,0.1,0.02404465660327935,0.018364968276833715,246,5000,0.0492,0.04354328467999217,0.0555489008120506,154,5000,0.0308,0.02635943295806432,0.035961005003041405,59,5000,0.0118,0.009159379464301861,0.015190232242031929,52,5000,0.0104,0.007939925453345731,0.013611835897373284,140,5000,0.028,0.023776972846519865,0.03294776440335632,159,5000,0.0318,0.027284344671871172,0.0370345578289594
decay_q:0.2,recency_counterexample,0.0,144,288,384,negative_bound,0.0,0.02404465660327935,0.018364968276833715,264,5000,0.0528,0.04693738682763214,0.059349271007420046,188,5000,0.0376,0.03267226324443764,0.04323773358679699,79,5000,0.0158,0.012696585024719542,0.019646884840513613,76,5000,0.0152,0.012161821505719159,0.018982569635679084,154,5000,0.0308,0.02635943295806432,0.035961005003041405,154,5000,0.0308,0.02635943295806432,0.035961005003041405
decay_q:0.2,recency_counterexample,0.0,144,288,384,negative_bound,0.1,0.02404465660327935,0.018364968276833715,224,5000,0.0448,0.03940703443948307,0.0508919070777704,148,5000,0.0296,0.0252513016267787,0.034670978886657225,67,5000,0.0134,0.010565885112331141,0.016981269857562393,64,5000,0.0128,0.010036990885136498,0.016311085360922132,144,5000,0.0288,0.024513667936419157,0.033809840945236896,159,5000,0.0318,0.027284344671871172,0.0370345578289594
decay_q:0.2,recency_counterexample,0.0,288,576,768,independent,0.0,0.0236248020448567,0.01940465631169446,446,5000,0.0892,0.08161143245717081,0.09741933462386548,319,5000,0.0638,0.057354889008909525,0.07091487876311588,173,5000,0.0346,0.029880685470605045,0.040033917741455066,141,5000,0.0282,0.02396105653691747,0.03316337362090368,249,5000,0.0498,0.044108379342387996,0.05618288487348966,239,5000,0.0478,0.042225690947536774,0.054068644188891214
decay_q:0.2,recency_counterexample,0.0,288,576,768,independent,0.1,0.0236248020448567,0.01940465631169446,397,5000,0.0794,0.07222477453660746,0.08722104005512542,270,5000,0.054,0.04807056825079665,0.06061424703192534,144,5000,0.0288,0.024513667936419157,0.033809840945236896,127,5000,0.0254,0.021389687778586568,0.03013904166800503,230,5000,0.046,0.040533692983861225,0.05216340598106205,223,5000,0.0446,0.03921936574067707,0.05067988286863144
decay_q:0.2,recency_counterexample,0.0,288,576,768,negative_bound,0.0,0.0236248020448567,0.01940465631169446,384,5000,0.0768,0.06973985226541728,0.08450995452303102,261,5000,0.0522,0.046371127030233356,0.05871645208098393,137,5000,0.0274,0.023225090865346635,0.03230056766069464,125,5000,0.025,0.021023426874502565,0.029705916756199102,194,5000,0.0388,0.03379147252038006,0.044516681758524385,236,5000,0.0472,0.041661430116364986,0.0534338262962281
decay_q:0.2,recency_counterexample,0.0,288,576,768,negative_bound,0.1,0.0236248020448567,0.01940465631169446,341,5000,0.0682,0.061538781482872125,0.07552423026394255,248,5000,0.0496,0.04391998748548934,0.055971583822443355,109,5000,0.0218,0.018104316188142542,0.026229940915439637,125,5000,0.025,0.021023426874502565,0.029705916756199102,207,5000,0.0414,0.03622106576279966,0.047283096319389366,212,5000,0.0424,0.037157121292109185,0.04834550532980468
decay_q:0.2,recency_counterexample,0.0,576,1152,1536,independent,0.0,0.022398575487604398,0.018420270110601867,764,5000,0.1528,0.1430938242490632,0.16303928755847286,478,5000,0.0956,0.08775726022700348,0.10406367990827181,303,5000,0.0606,0.054317758793900564,0.06755692245100536,193,5000,0.0386,0.03360484048720849,0.04430362088375099,362,5000,0.0724,0.06554029326570496,0.07991626954795406,417,5000,0.0834,0.07605230771573783,0.0913873650348944
decay_q:0.2,recency_counterexample,0.0,576,1152,1536,independent,0.1,0.022398575487604398,0.018420270110601867,651,5000,0.1302,0.12115521565320433,0.13981259755655037,408,5000,0.0816,0.07432924995248243,0.0895131866266451,265,5000,0.053,0.04712618955271824,0.05956016119027891,181,5000,0.0362,0.03136834205263714,0.04174380442298273,341,5000,0.0682,0.061538781482872125,0.07552423026394255,347,5000,0.0694,0.06268132272108842,0.07677984647339609
decay_q:0.2,recency_counterexample,0.0,576,1152,1536,negative_bound,0.0,0.022398575487604398,0.018420270110601867,544,5000,0.1088,0.10046718589445468,0.11773348616518846,375,5000,0.075,0.06802096256425405,0.08263160805268954,214,5000,0.0428,0.03753178060686818,0.04877023183093561,198,5000,0.0396,0.03453837977810045,0.04536854613258387,283,5000,0.0566,0.050528708473917106,0.06335211461208946,338,5000,0.0676,0.06096774246342144,0.07489619055955835
decay_q:0.2,recency_counterexample,0.0,576,1152,1536,negative_bound,0.1,0.022398575487604398,0.018420270110601867,558,5000,0.1116,0.10316858975030148,0.12062778302057121,335,5000,0.067,0.06039686037820619,0.07426799392093869,203,5000,0.0406,0.03547284651761458,0.04643254393279457,151,5000,0.0302,0.025805120834690373,0.035316238402580455,258,5000,0.0516,0.04580509261793998,0.05808340776944239,320,5000,0.064,0.057544873893627835,0.07112458678634254
discounted_evidence:0.8,recency_counterexample,0.0,18,36,48,independent,0.0,0.11844315110861452,0.12601451489179719,235,5000,0.047,0.04147340070070454,0.053222162803943575,66,5000,0.0132,0.010389403252556018,0.01675805880939255,44,5000,0.0088,0.006562002273368255,0.011792215813791019,0,5000,0.0,0.0,0.000767730137580694,1,5000,0.0002,3.5304875272480036e-05,0.0011321181702531819,0,5000,0.0,0.0,0.000767730137580694
discounted_evidence:0.8,recency_counterexample,0.0,18,36,48,independent,0.1,0.11844315110861452,0.12601451489179719,197,5000,0.0394,0.03435159664817165,0.04515563635456768,42,5000,0.0084,0.006220620278197563,0.011334211993071774,26,5000,0.0052,0.003551144035724963,0.007608601708424892,0,5000,0.0,0.0,0.000767730137580694,1,5000,0.0002,3.5304875272480036e-05,0.0011321181702531819,0,5000,0.0,0.0,0.000767730137580694
discounted_evidence:0.8,recency_counterexample,0.0,18,36,48,negative_bound,0.0,0.11844315110861452,0.12601451489179719,277,5000,0.0554,0.04939369774094005,0.0620889678973967,174,5000,0.0348,0.03006648880812209,0.04024780731188299,92,5000,0.0184,0.015027678088938907,0.02251179957957882,0,5000,0.0,0.0,0.000767730137580694,3,5000,0.0006,0.00020407096088550332,0.001762737900530094,3,5000,0.0006,0.00020407096088550332,0.001762737900530094
discounted_evidence:0.8,recency_counterexample,0.0,18,36,48,negative_bound,0.1,0.11844315110861452,0.12601451489179719,241,5000,0.0482,0.042602006949243626,0.0544917140030743,106,5000,0.0212,0.017559353655852664,0.025575824723894615,63,5000,0.0126,0.009861068751138881,0.01608731458697478,0,5000,0.0,0.0,0.000767730137580694,6,5000,0.0012,0.0005500756587335479,0.002615811926516952,1,5000,0.0002,3.5304875272480036e-05,0.0011321181702531819
discounted_evidence:0.8,recency_counterexample,0.0,36,72,96,independent,0.0,0.11315831150208105,0.10454931330452148,706,5000,0.1412,0.1318228556583487,0.15112806748837918,352,5000,0.0704,0.06363390343380831,0.07782573030040102,241,5000,0.0482,0.042602006949243626,0.0544917140030743,3,5000,0.0006,0.00020407096088550332,0.001762737900530094,105,5000,0.021,0.01737788075604151,0.025357604715760807,90,5000,0.018,0.014667704518575023,0.022072387334052767
discounted_evidence:0.8,recency_counterexample,0.0,36,72,96,independent,0.1,0.11315831150208105,0.10454931330452148,642,5000,0.1284,0.1194116317308093,0.13795894530744063,264,5000,0.0528,0.04693738682763214,0.059349271007420046,192,5000,0.0384,0.03341824692864775,0.044090521534366746,3,5000,0.0006,0.00020407096088550332,0.001762737900530094,59,5000,0.0118,0.009159379464301861,0.015190232242031929,72,5000,0.0144,0.011450896966502703,0.018094722543115668
discounted_evidence:0.8,recency_counterexample,0.0,36,72,96,negative_bound,0.0,0.11315831150208105,0.10454931330452148,604,5000,0.1208,0.11205655942357065,0.13012568711277056,365,5000,0.073,0.06611252225817617,0.08054311927931775,238,5000,0.0476,0.04203757541169947,0.05385706681678356,9,5000,0.0018,0.0009472826989451401,0.0034176836101402633,182,5000,0.0364,0.03155449256917012,0.04195734681439471,162,5000,0.0324,0.0278399055014477,0.03767807572321777
discounted_evidence:0.8,recency_counterexample,0.0,36,72,96,negative_bound,0.1,0.11315831150208105,0.10454931330452148,541,5000,0.1082,0.09988854501425609,0.11711304832155214,306,5000,0.0612,0.05488683597118466,0.06818692399755616,191,5000,0.0382,0.033231692132081714,0.04387738342298782,7,5000,0.0014,0.0006783239436107811,0.002887256549584687,115,5000,0.023,0.019196582389584424,0.027535832161667564,134,5000,0.0268,0.022673776258692664,0.03165280354351371
discounted_evidence:0.8,recency_counterexample,0.0,72,144,192,independent,0.0,0.11114196506771795,0.0937720458783816,1594,5000,0.3188,0.30602614769167297,0.33185207771018627,820,5000,0.164,0.15399514022929817,0.1745207744231561,662,5000,0.1324,0.12328705970037664,0.14207737549677268,71,5000,0.0142,0.011273559646769033,0.01787236695490437,495,5000,0.099,0.09102682493502068,0.10758889463531904,574,5000,0.1148,0.10625803030882969,0.12393342898916249
discounted_evidence:0.8,recency_counterexample,0.0,72,144,192,independent,0.1,0.11114196506771795,0.0937720458783816,1493,5000,0.2986,0.2860733037702018,0.31143593792921576,752,5000,0.1504,0.1407601962036977,0.16057660070849875,593,5000,0.1186,0.10992957223868555,0.127856052310261,49,5000,0.0098,0.007421045443652236,0.012931637183231875,438,5000,0.0876,0.0800768398245344,0.09575638399294215,478,5000,0.0956,0.08775726022700348,0.10406367990827181
discounted_evidence:0.8,recency_counterexample,0.0,72,144,192,negative_bound,0.0,0.11114196506771795,0.0937720458783816,1155,5000,0.231,0.21952655946807242,0.24288647934594604,645,5000,0.129,0.11999276043346932,0.13857689532861558,471,5000,0.0942,0.08641187339523004,0.10261121638443046,90,5000,0.018,0.014667704518575023,0.022072387334052767,407,5000,0.0814,0.07413786579462477,0.08930487787655779,502,5000,0.1004,0.09237399550187989,0.10903957442407461
discounted_evidence:0.8,recency_counterexample,0.0,72,144,192,negative_bound,0.1,0.11114196506771795,0.0937720458783816,1019,5000,0.2038,0.19286371624385235,0.2151910870896505,594,5000,0.1188,0.11012289416949635,0.1280624232873952,435,5000,0.087,0.07950156824075588,0.09513257685288576,63,5000,0.0126,0.009861068751138881,0.01608731458697478,397,5000,0.0794,0.07222477453660746,0.08722104005512542,386,5000,0.0772,0.07012198996403034,0.08492720264030791
discounted_evidence:0.8,recency_counterexample,0.0,144,288,384,independent,0.0,0.11246945623317789,0.09186566423725369,3217,5000,0.6434,0.6300174778033671,0.6565623371931746,1674,5000,0.3348,0.3218502673108005,0.34800339072665626,1572,5000,0.3144,0.30167755536326896,0.3274074260638011,426,5000,0.0852,0.07777642390134153,0.09326048502079541,1136,5000,0.2272,0.21579728606951065,0.2390215874935534,1576,5000,0.3152,0.3024681093765263,0.32821564368232353
discounted_evidence:0.8,recency_counterexample,0.0,144,288,384,independent,0.1,0.11246945623317789,0.09186566423725369,2979,5000,0.5958,0.5821289519413618,0.6093239509642777,1587,5000,0.3174,0.3046423603722146,0.33043801467403,1477,5000,0.2954,0.2829151183377906,0.30819903683450756,363,5000,0.0726,0.06573102048481834,0.08012523523678562,1071,5000,0.2142,0.20304966698494623,0.2257891675616949,1398,5000,0.2796,0.26733265741090106,0.2922057580337446
discounted_evidence:0.8,recency_counterexample,0.0,144,288,384,negative_bound,0.0,0.11246945623317789,0.09186566423725369,2350,5000,0.47,0.45619400056639603,0.4838520632418589,1304,5000,0.2608,0.24881650007286596,0.27315078202495263,1118,5000,0.2236,0.21226554244056015,0.23535885877949445,378,5000,0.0756,0.0685937918009995,0.08325785753977899,824,5000,0.1648,0.15477447687583054,0.17534020940840359,1021,5000,0.2042,0.1932552759606191,0.21559891318877367
discounted_evidence:0.8,recency_counterexample,0.0,144,288,384,negative_bound,0.1,0.11246945623317789,0.09186566423725369,2193,5000,0.4386,0.4248979406707053,0.45239633659018974,1188,5000,0.2376,0.2260068769051897,0.24959602787101268,1014,5000,0.2028,0.1918848911129438,0.2141714476808342,311,5000,0.0622,0.05583569727160027,0.0692365272368654,768,5000,0.1536,0.1438718911042211,0.1638599923350948,956,5000,0.1912,0.18053845320627804,0.20233569692669184
discounted_evidence:0.8,recency_counterexample,0.0,288,576,768,independent,0.0,0.10757374779233814,0.08980531385957191,4544,5000,0.9088,0.9005030485251296,0.9164692553143846,3391,5000,0.6782,0.6651182379417434,0.6910081430372229,3335,5000,0.667,0.6538127788965892,0.6799307992374589,1087,5000,0.2174,0.2061860131331275,0.22904790794063312,2349,5000,0.4698,0.4559944880651663,0.4836518828351437,2689,5000,0.5378,0.5239566244760889,0.5515853351255098
discounted_evidence:0.8,recency_counterexample,0.0,288,576,768,independent,0.1,0.10757374779233814,0.08980531385957191,4384,5000,0.8768,0.8673994491202875,0.8856219894480318,3071,5000,0.6142,0.6006242652691687,0.6276003851674079,3019,5000,0.6038,0.5901679289112812,0.6172726903121571,991,5000,0.1982,0.18738367527889221,0.20947972663215148,2100,5000,0.42,0.4063857892212446,0.43373704760076837,2450,5000,0.49,0.4761564744538838,0.5038588801488679
discounted_evidence:0.8,recency_counterexample,0.0,288,576,768,negative_bound,0.0,0.10757374779233814,0.08980531385957191,3863,5000,0.7726,0.7607749635013915,0.7840064700275994,2678,5000,0.5356,0.5217538305447114,0.5493915070694928,2509,5000,0.5018,0.4879447359995205,0.5156525001719842,872,5000,0.1744,0.16413313719461733,0.1851668086709752,1824,5000,0.3648,0.3515655086808427,0.37824208554835925,1923,5000,0.3846,0.3712083735605417,0.398168818555212
discounted_evidence:0.8,recency_counterexample,0.0,288,576,768,negative_bound,0.1,0.10757374779233814,0.08980531385957191,3678,5000,0.7356,0.7231982153732394,0.7476400301859326,2471,5000,0.4942,0.4803514124543947,0.5080574932152012,2314,5000,0.4628,0.4490129548197354,0.47664416430250073,822,5000,0.1644,0.15438479768727975,0.17493050278106442,1647,5000,0.3294,0.31650771117370974,0.342554238349233,1698,5000,0.3396,0.3266008188532319,0.3528454689749041
discounted_evidence:0.8,recency_counterexample,0.0,576,1152,1536,independent,0.0,0.10352371913768915,0.08881556789883242,4985,5000,0.997,0.9950557896299472,0.9981810866132976,4666,5000,0.9332,0.9259414401692627,0.9397933984395375,4666,5000,0.9332,0.9259414401692627,0.9397933984395375,2271,5000,0.4542,0.4404393891616816,0.46803093491892084,3973,5000,0.7946,0.7831777097402706,0.8055699436626669,4119,5000,0.8238,0.8129920264197847,0.8341107915431181
discounted_evidence:0.8,recency_counterexample,0.0,576,1152,1536,independent,0.1,0.10352371913768915,0.08881556789883242,4973,5000,0.9946,0.9921544775616745,0.9962860837862307,4497,5000,0.8994,0.8907532265404161,0.9074335106256843,4494,5000,0.8988,0.8901316902406582,0.9068559682016075,1959,5000,0.3918,0.3783571143207295,0.40540902248104305,3734,5000,0.7468,0.7345603869190964,0.7586606614849938,3942,5000,0.7884,0.7768593136002374,0.7994978596564061
discounted_evidence:0.8,recency_counterexample,0.0,576,1152,1536,negative_bound,0.0,0.10352371913768915,0.08881556789883242,4830,5000,0.966,0.9606080225775292,0.9706764529342456,4116,5000,0.8232,0.8123783950669451,0.833525344172123,4083,5000,0.8166,0.8056313712023623,0.8270825020745217,1845,5000,0.369,0.3557301712942237,0.3824709740018225,3167,5000,0.6334,0.6199454001266687,0.6466497694726248,3212,5000,0.6424,0.6290099885433673,0.6555713619134496
discounted_evidence:0.8,recency_counterexample,0.0,576,1152,1536,negative_bound,0.1,0.10352371913768915,0.08881556789883242,4741,5000,0.9482,0.9417055521903903,0.9540062545142824,3945,5000,0.789,0.7774705986897856,0.8000856532906928,3904,5000,0.7808,0.7691194952414317,0.792049347513303,1679,5000,0.3358,0.32283984096884016,0.34901228160834136,2888,5000,0.5776,0.5638541902895722,0.5912266579930754,2937,5000,0.5874,0.5736920598514765,0.6009737409204745
discounted_evidence:0.9,recency_counterexample,0.0,18,36,48,independent,0.0,0.10490384593921703,0.10430604710817455,231,5000,0.0462,0.0407215753479919,0.052375216524876346,46,5000,0.0092,0.006904702346799829,0.012248901556249381,27,5000,0.0054,0.003713916213769333,0.00784552243832549,0,5000,0.0,0.0,0.000767730137580694,1,5000,0.0002,3.5304875272480036e-05,0.0011321181702531819,0,5000,0.0,0.0,0.000767730137580694
discounted_evidence:0.9,recency_counterexample,0.0,18,36,48,independent,0.1,0.10490384593921703,0.10430604710817455,163,5000,0.0326,0.028025191999595418,0.037892482133015014,28,5000,0.0056,0.003877356719365016,0.008081774840674774,18,5000,0.0036,0.0022784219199114787,0.005683780560678634,0,5000,0.0,0.0,0.000767730137580694,1,5000,0.0002,3.5304875272480036e-05,0.0011321181702531819,0,5000,0.0,0.0,0.000767730137580694
discounted_evidence:0.9,recency_counterexample,0.0,18,36,48,negative_bound,0.0,0.10490384593921703,0.10430604710817455,239,5000,0.0478,0.042225690947536774,0.054068644188891214,105,5000,0.021,0.01737788075604151,0.025357604715760807,59,5000,0.0118,0.009159379464301861,0.015190232242031929,0,5000,0.0,0.0,0.000767730137580694,11,5000,0.0022,0.001228902612090369,0.00393544951288497,8,5000,0.0016,0.0008109653833484613,0.0031543080177919747
discounted_evidence:0.9,recency_counterexample,0.0,18,36,48,negative_bound,0.1,0.10490384593921703,0.10430604710817455,211,5000,0.0422,0.0369698419843103,0.048133091729658586,70,5000,0.014,0.011096386311623671,0.017649847382104764,36,5000,0.0072,0.005205365212759887,0.009951309610839645,0,5000,0.0,0.0,0.000767730137580694,6,5000,0.0012,0.0005500756587335479,0.002615811926516952,5,5000,0.001,0.00042720718893578876,0.0023389874883697442
discounted_evidence:0.9,recency_counterexample,0.0,36,72,96,independent,0.0,0.09462106242571736,0.08660412882817607,536,5000,0.1072,0.09892432825050786,0.11607880054557555,263,5000,0.0526,0.0467486087437704,0.05913835618333681,160,5000,0.032,0.027469481390651855,0.03724911401812369,1,5000,0.0002,3.5304875272480036e-05,0.0011321181702531819,92,5000,0.0184,0.015027678088938907,0.02251179957957882,89,5000,0.0178,0.014487890891917016,0.021852508052765812
discounted_evidence:0.9,recency_counterexample,0.0,36,72,96,independent,0.1,0.09462106242571736,0.08660412882817607,459,5000,0.0918,0.08410676567051506,0.10012000921380584,214,5000,0.0428,0.03753178060686818,0.04877023183093561,129,5000,0.0258,0.021756230091548756,0.030571885170932782,1,5000,0.0002,3.5304875272480036e-05,0.0011321181702531819,55,5000,0.011,0.008461131724304237,0.014289708350249683,72,5000,0.0144,0.011450896966502703,0.018094722543115668
discounted_evidence:0.9,recency_counterexample,0.0,36,72,96,negative_bound,0.0,0.09462106242571736,0.08660412882817607,448,5000,0.0896,0.0819952006215144,0.09783495227541182,272,5000,0.0544,0.04844848772277505,0.06103571337583687,155,5000,0.031,0.026544310797926178,0.03617582007112451,4,5000,0.0008,0.0003111419445903861,0.0020553598247701793,147,5000,0.0294,0.02506680724561748,0.03445578035987347,166,5000,0.0332,0.028581344042841024,0.03853540881360432
discounted_evidence:0.9,recency_counterexample,0.0,36,72,96,negative_bound,0.1,0.09462106242571736,0.08660412882817607,395,5000,0.079,0.07184232242099713,0.08680410635484583,225,5000,0.045,0.03959473424095406,0.05110390018424437,126,5000,0.0252,0.021206521746936602,0.029922514791710035,2,5000,0.0004,0.0001096989857531115,0.001457416967717518,114,5000,0.0228,0.019014328722336056,0.027318392920970963,116,5000,0.0232,0.019378917302925274,0.027753190156271677
discounted_evidence:0.9,recency_counterexample,0.0,72,144,192,independent,0.0,0.09258547178786079,0.07644867859828809,1099,5000,0.2198,0.2085389360902305,0.23149129987886974,559,5000,0.1118,0.10336161425339581,0.12083445142542183,410,5000,0.082,0.0747120586011437,0.08992976379387375,37,5000,0.0074,0.005373566400957179,0.010182801330587321,381,5000,0.0762,0.06916675551866,0.0838839725459534,467,5000,0.0934,0.08564332407634079,0.10178099407153982
discounted_evidence:0.9,recency_counterexample,0.0,72,144,192,independent,0.1,0.09258547178786079,0.07644867859828809,945,5000,0.189,0.17838823800071696,0.20008929014485827,466,5000,0.0932,0.08545121469444596,0.1015734105454897,320,5000,0.064,0.057544873893627835,0.07112458678634254,12,5000,0.0024,0.001373451819731108,0.004190593213189199,295,5000,0.059,0.05280112006392896,0.06587601791741722,396,5000,0.0792,0.07203354146921309,0.08701258021457484
discounted_evidence:0.9,recency_counterexample,0.0,72,144,192,negative_bound,0.0,0.09258547178786079,0.07644867859828809,846,5000,0.1692,0.15906236429808474,0.17984556596093865,497,5000,0.0994,0.09141167937004532,0.10800342601618435,342,5000,0.0684,0.06172916236545363,0.07573354228930602,51,5000,0.0102,0.007766697200760391,0.01338537124201366,371,5000,0.0742,0.06725740200430469,0.08179639698085903,372,5000,0.0744,0.06744826928895388,0.08200522260415478
discounted_evidence:0.9,recency_counterexample,0.0,72,144,192,negative_bound,0.1,0.09258547178786079,0.07644867859828809,720,5000,0.144,0.13454149878397492,0.1540051250739825,416,5000,0.0832,0.07586080401624193,0.09117917582644533,265,5000,0.053,0.04712618955271824,0.05956016119027891,33,5000,0.0066,0.004703481688179132,0.009254114411585497,295,5000,0.059,0.05280112006392896,0.06587601791741722,350,5000,0.07,0.06325282123955568,0.07740742667876373
discounted_evidence:0.9,recency_counterexample,0.0,144,288,384,independent,0.0,0.09412927557408451,0.07654953252704315,2313,5000,0.4626,0.44881352260428053,0.47644390361001066,1229,5000,0.2458,0.2340636143093148,0.2579266996926312,1059,5000,0.2118,0.2006980796825517,0.2233444399687498,261,5000,0.0522,0.046371127030233356,0.05871645208098393,888,5000,0.1776,0.16725532204417715,0.1884397103485349,1077,5000,0.2154,0.20422567746504935,0.22701131452926163
discounted_evidence:0.9,recency_counterexample,0.0,144,288,384,independent,0.1,0.09412927557408451,0.07654953252704315,2202,5000,0.4404,0.4266904839894692,0.4542010294429306,1081,5000,0.2162,0.2050097641621205,0.22782599946397034,933,5000,0.1866,0.17604318519075166,0.1976380280594839,261,5000,0.0522,0.046371127030233356,0.05871645208098393,756,5000,0.1512,0.14153797618008465,0.16139759236389165,979,5000,0.1958,0.18503612827168675,0.20703095874401733
discounted_evidence:0.9,recency_counterexample,0.0,144,288,384,negative_bound,0.0,0.09412927557408451,0.07654953252704315,1739,5000,0.3478,0.3347198093827535,0.3611138876711262,954,5000,0.1908,0.1801474638271743,0.20192730048990562,747,5000,0.1494,0.1397881075417019,0.1595502248307697,269,5000,0.0538,0.04788164426176753,0.060403478113009494,679,5000,0.1358,0.1265834117557646,0.14557580287644922,692,5000,0.1384,0.1291054961930908,0.14824972624240756
discounted_evidence:0.9,recency_counterexample,0.0,144,288,384,negative_bound,0.1,0.09412927557408451,0.07654953252704315,1561,5000,0.3122,0.29950376030296216,0.3251845991367132,812,5000,0.1624,0.15243672898512386,0.1728816424037706,647,5000,0.1294,0.12038021629720473,0.13898882528077006,286,5000,0.0572,0.05109651701342855,0.06398338479641291,587,5000,0.1174,0.10876981303778628,0.12661765406349046,641,5000,0.1282,0.11921793691306158,0.13775294721724343
discounted_evidence:0.9,recency_counterexample,0.0,288,576,768,independent,0.0,0.09052111452294509,0.0742014595922567,3815,5000,0.763,0.7510137678429121,0.7745824061047206,2415,5000,0.483,0.469167083381003,0.49685901944367483,2312,5000,0.4624,0.44861409262246477,0.47624364068388136,649,5000,0.1298,0.12076770140872425,0.1394007259851405,1697,5000,0.3394,0.3264028491229574,0.3526437457972335,2086,5000,0.4172,0.40360073012521014,0.4309264059855733
discounted_evidence:0.9,recency_counterexample,0.0,288,576,768,independent,0.1,0.09052111452294509,0.0742014595922567,3610,5000,0.722,0.7094148641242989,0.7342442636946153,2190,5000,0.438,0.4243004670062479,0.4517947315308122,2069,5000,0.4138,0.4002194812559979,0.4275128754197211,562,5000,0.1124,0.10394074067524844,0.12145440372740413,1516,5000,0.3032,0.29061448888573554,0.3160876896964164,1773,5000,0.3546,0.3414559012930638,0.36796735463094477
discounted_evidence:0.9,recency_counterexample,0.0,288,576,768,negative_bound,0.0,0.09052111452294509,0.0742014595922567,3084,5000,0.6168,0.6032393597238628,0.6301812985159985,1875,5000,0.375,0.3616815724858926,0.3885103600485027,1670,5000,0.334,0.32105865578801107,0.3471962306176658,604,5000,0.1208,0.11205655942357065,0.13012568711277056,1277,5000,0.2554,0.24350328642812236,0.2676722871551822,1428,5000,0.2856,0.27324784855254386,0.2982813541304508
discounted_evidence:0.9,recency_counterexample,0.0,288,576,768,negative_bound,0.1,0.09052111452294509,0.0742014595922567,2774,5000,0.5548,0.5409873517809501,0.5685285049959709,1664,5000,0.3328,0.3198713176863609,0.34598541127164617,1456,5000,0.2912,0.27877113359194616,0.3039494705135076,516,5000,0.1032,0.09506982395999046,0.11193944667719359,1154,5000,0.2308,0.21933024845119523,0.24268309745487823,1282,5000,0.2564,0.24448703281608564,0.2686870053069438
discounted_evidence:0.9,recency_counterexample,0.0,576,1152,1536,independent,0.0,0.08744203709262538,0.07377002963280156,4844,5000,0.9688,0.9636094175954275,0.9732707586275768,4020,5000,0.804,0.7927649530323061,0.8147682670440449,4001,5000,0.8002,0.788888111379506,0.8110509434458907,1526,5000,0.3052,0.292589388686748,0.31810971897485363,3145,5000,0.629,0.6155156520000128,0.6422862736244913,3375,5000,0.675,0.6618872478793296,0.6878440465725173
discounted_evidence:0.9,recency_counterexample,0.0,576,1152,1536,independent,0.1,0.08744203709262538,0.07377002963280156,4752,5000,0.9504,0.9440284161775566,0.9560800125145107,3818,5000,0.7636,0.7516235959470107,0.7751716567244568,3781,5000,0.7562,0.7441046263619279,0.7679019887155757,1364,5000,0.2728,0.2606321087014805,0.28531674787303624,2937,5000,0.5874,0.5736920598514765,0.6009737409204745,3181,5000,0.6362,0.6227649536805154,0.6494259166300075
discounted_evidence:0.9,recency_counterexample,0.0,576,1152,1536,negative_bound,0.0,0.08744203709262538,0.07377002963280156,4439,5000,0.8878,0.8787522382417484,0.8962523102635441,3387,5000,0.6774,0.6643104254751933,0.690217183871993,3295,5000,0.659,0.6457425416999517,0.6720133201162978,1266,5000,0.2532,0.24133933851500622,0.2654396130809037,2459,5000,0.4918,0.47795418537267115,0.5056584054015852,2447,5000,0.4894,0.4755572773718629,0.503258998507054
discounted_evidence:0.9,recency_counterexample,0.0,576,1152,1536,negative_bound,0.1,0.08744203709262538,0.07377002963280156,4235,5000,0.847,0.8367555273641231,0.856711667920396,3131,5000,0.6262,0.6126973408033954,0.6395088841098792,3021,5000,0.6042,0.5905699768170672,0.6176700282222608,1130,5000,0.226,0.21461990176389215,0.2378008143515021,2231,5000,0.4462,0.4324677026244185,0.4600149051383852,2225,5000,0.445,0.4312722602450146,0.45881219007011936
discounted_evidence:0.95,recency_counterexample,0.0,18,36,48,independent,0.0,0.06315893265817511,0.06034943572948146,96,5000,0.0192,0.01574896030669719,0.023389288993600408,23,5000,0.0046,0.003067229476888848,0.006893437543426104,13,5000,0.0026,0.0015201123516485658,0.004443625589216709,0,5000,0.0,0.0,0.000767730137580694,1,5000,0.0002,3.5304875272480036e-05,0.0011321181702531819,0,5000,0.0,0.0,0.000767730137580694
discounted_evidence:0.95,recency_counterexample,0.0,18,36,48,independent,0.1,0.06315893265817511,0.06034943572948146,92,5000,0.0184,0.015027678088938907,0.02251179957957882,9,5000,0.0018,0.0009472826989451401,0.0034176836101402633,5,5000,0.001,0.00042720718893578876,0.0023389874883697442,0,5000,0.0,0.0,0.000767730137580694,0,5000,0.0,0.0,0.000767730137580694,0,5000,0.0,0.0,0.000767730137580694
discounted_evidence:0.95,recency_counterexample,0.0,18,36,48,negative_bound,0.0,0.06315893265817511,0.06034943572948146,120,5000,0.024,0.020109049431307507,0.02862182965966932,52,5000,0.0104,0.007939925453345731,0.013611835897373284,23,5000,0.0046,0.003067229476888848,0.006893437543426104,0,5000,0.0,0.0,0.000767730137580694,5,5000,0.001,0.00042720718893578876,0.0023389874883697442,9,5000,0.0018,0.0009472826989451401,0.0034176836101402633
discounted_evidence:0.95,recency_counterexample,0.0,18,36,48,negative_bound,0.1,0.06315893265817511,0.06034943572948146,117,5000,0.0234,0.01956133244721663,0.027970467919925298,38,5000,0.0076,0.005542191270153625,0.010413869369335844,18,5000,0.0036,0.0022784219199114787,0.005683780560678634,0,5000,0.0,0.0,0.000767730137580694,5,5000,0.001,0.00042720718893578876,0.0023389874883697442,5,5000,0.001,0.00042720718893578876,0.0023389874883697442
discounted_evidence:0.95,recency_counterexample,0.0,36,72,96,independent,0.0,0.056188350644302644,0.05115936537003515,235,5000,0.047,0.04147340070070454,0.053222162803943575,125,5000,0.025,0.021023426874502565,0.029705916756199102,68,5000,0.0136,0.010742545429440987,0.01720430244839751,1,5000,0.0002,3.5304875272480036e-05,0.0011321181702531819,40,5000,0.008,0.0058806486976492565,0.010874797757730148,56,5000,0.0112,0.008635351796585613,0.014515181185913273
discounted_evidence:0.95,recency_counterexample,0.0,36,72,96,independent,0.1,0.056188350644302644,0.05115936537003515,205,5000,0.041,0.035846885551557205,0.04685789071474188,94,5000,0.0188,0.0153881013071799,0.022950762177227767,48,5000,0.0096,0.007248637881821691,0.012704351837117454,0,5000,0.0,0.0,0.000767730137580694,31,5000,0.0062,0.004371360588064539,0.008786849695810154,31,5000,0.0062,0.004371360588064539,0.008786849695810154
discounted_evidence:0.95,recency_counterexample,0.0,36,72,96,negative_bound,0.0,0.056188350644302644,0.05115936537003515,242,5000,0.0484,0.04279020708179637,0.05470320677846652,143,5000,0.0286,0.024329404691398306,0.03359441128231278,71,5000,0.0142,0.011273559646769033,0.01787236695490437,1,5000,0.0002,3.5304875272480036e-05,0.0011321181702531819,105,5000,0.021,0.01737788075604151,0.025357604715760807,113,5000,0.0226,0.01883215733835112,0.02710087139701093
discounted_evidence:0.95,recency_counterexample,0.0,36,72,96,negative_bound,0.1,0.056188350644302644,0.05115936537003515,230,5000,0.046,0.040533692983861225,0.05216340598106205,132,5000,0.0264,0.022306557481455887,0.031220636504860552,64,5000,0.0128,0.010036990885136498,0.016311085360922132,1,5000,0.0002,3.5304875272480036e-05,0.0011321181702531819,98,5000,0.0196,0.016110241929952362,0.023827393186235175,93,5000,0.0186,0.015207834375972463,0.02273133620049023
discounted_evidence:0.95,recency_counterexample,0.0,72,144,192,independent,0.0,0.05462948992551291,0.04465617341030314,442,5000,0.0884,0.08084403955018579,0.09658795589907065,258,5000,0.0516,0.04580509261793998,0.05808340776944239,154,5000,0.0308,0.02635943295806432,0.035961005003041405,9,5000,0.0018,0.0009472826989451401,0.0034176836101402633,205,5000,0.041,0.035846885551557205,0.04685789071474188,220,5000,0.044,0.0386565482585373,0.05004362162693629
discounted_evidence:0.95,recency_counterexample,0.0,72,144,192,independent,0.1,0.05462948992551291,0.04465617341030314,416,5000,0.0832,0.07586080401624193,0.09117917582644533,230,5000,0.046,0.040533692983861225,0.05216340598106205,123,5000,0.0246,0.020657453931589947,0.029272503883221782,7,5000,0.0014,0.0006783239436107811,0.002887256549584687,176,5000,0.0352,0.030438229049704623,0.04067545288619041,179,5000,0.0358,0.030996167910654432,0.041316592749075495
discounted_evidence:0.95,recency_counterexample,0.0,72,144,192,negative_bound,0.0,0.05462948992551291,0.04465617341030314,367,5000,0.0734,0.06649408674840829,0.08096094060497558,251,5000,0.0502,0.04448524319983238,0.056605406831935226,126,5000,0.0252,0.021206521746936602,0.029922514791710035,29,5000,0.0058,0.004041431411009417,0.00831739305697534,192,5000,0.0384,0.03341824692864775,0.044090521534366746,221,5000,0.0442,0.03884412244814762,0.050255740345270965
discounted_evidence:0.95,recency_counterexample,0.0,72,144,192,negative_bound,0.1,0.05462948992551291,0.04465617341030314,321,5000,0.0642,0.0577348775932961,0.07133427599461922,213,5000,0.0426,0.03734443424133127,0.04855788528852756,118,5000,0.0236,0.01974382682869442,0.028187666446392468,6,5000,0.0012,0.0005500756587335479,0.002615811926516952,164,5000,0.0328,0.028210527541617497,0.03810683949893791,158,5000,0.0316,0.02709925878499547,0.03681995080789014
discounted_evidence:0.95,recency_counterexample,0.0,144,288,384,independent,0.0,0.05526489530136595,0.04458019040730732,886,5000,0.1772,0.16686497899784503,0.18803066757897707,436,5000,0.0872,0.07969331314922085,0.09534052485236577,307,5000,0.0614,0.05507656853989485,0.06839688433679096,121,5000,0.0242,0.0202917757662823,0.02883879623263949,346,5000,0.0692,0.062490856752651515,0.07657061953388802,464,5000,0.0928,0.08506702969364566,0.10115820973040004
discounted_evidence:0.95,recency_counterexample,0.0,144,288,384,independent,0.1,0.05526489530136595,0.04458019040730732,777,5000,0.1554,0.14562288577458157,0.1657062338362391,427,5000,0.0854,0.07796805637104694,0.09346854545903498,285,5000,0.057,0.05090722533948854,0.06377298356240796,104,5000,0.0208,0.017196500586557525,0.025139291977299815,347,5000,0.0694,0.06268132272108842,0.07677984647339609,373,5000,0.0746,0.0676391518479636,0.08221403295309004
discounted_evidence:0.95,recency_counterexample,0.0,144,288,384,negative_bound,0.0,0.05526489530136595,0.04458019040730732,724,5000,0.1448,0.135318485348274,0.15482691014146333,403,5000,0.0806,0.07337246466207123,0.08847150737733148,260,5000,0.052,0.04618242366895228,0.05850546253432003,149,5000,0.0298,0.02543585238097847,0.03488612104040242,290,5000,0.058,0.05185390279493113,0.06482477064669022,342,5000,0.0684,0.06172916236545363,0.07573354228930602
discounted_evidence:0.95,recency_counterexample,0.0,144,288,384,negative_bound,0.1,0.05526489530136595,0.04458019040730732,643,5000,0.1286,0.11960533393322294,0.138164936012972,349,5000,0.0698,0.06306230503112745,0.07719824997924699,222,5000,0.0444,0.039031728343254496,0.05046782735810905,117,5000,0.0234,0.01956133244721663,0.027970467919925298,272,5000,0.0544,0.04844848772277505,0.06103571337583687,311,5000,0.0622,0.05583569727160027,0.0692365272368654
discounted_evidence:0.95,recency_counterexample,0.0,288,576,768,independent,0.0,0.05346068607253992,0.043501266525932204,1717,5000,0.3434,0.33036273769390234,0.356677715385188,921,5000,0.1842,0.17369880613792243,0.19518609221697353,749,5000,0.1498,0.14017692476233262,0.15996079342602887,265,5000,0.053,0.04712618955271824,0.05956016119027891,649,5000,0.1298,0.12076770140872425,0.1394007259851405,808,5000,0.1616,0.15165765542416543,0.1720619443329492
discounted_evidence:0.95,recency_counterexample,0.0,288,576,768,independent,0.1,0.05346068607253992,0.043501266525932204,1536,5000,0.3072,0.29456457196527713,0.320131464775774,810,5000,0.162,0.1520471811449761,0.17247180442802848,625,5000,0.125,0.11611983632810106,0.1344559612750845,245,5000,0.049,0.04335497404186027,0.055337518542237535,554,5000,0.1108,0.10239658047878374,0.11980102066030908,700,5000,0.14,0.13065811398012073,0.1498946517189374
discounted_evidence:0.95,recency_counterexample,0.0,288,576,768,negative_bound,0.0,0.05346068607253992,0.043501266525932204,1251,5000,0.2502,0.23838915751298523,0.2623944004637501,713,5000,0.1426,0.13318201874248764,0.15256675475985504,512,5000,0.1024,0.09429938789429305,0.11111111111111112,257,5000,0.0514,0.045616465204346694,0.057872342275090714,536,5000,0.1072,0.09892432825050786,0.11607880054557555,582,5000,0.1164,0.10780357477709278,0.12558542778445916
discounted_evidence:0.95,recency_counterexample,0.0,288,576,768,negative_bound,0.1,0.05346068607253992,0.043501266525932204,1077,5000,0.2154,0.20422567746504935,0.22701131452926163,674,5000,0.1348,0.12561368725836167,0.1445470628341273,458,5000,0.0916,0.08391474715596009,0.09991233482041581,238,5000,0.0476,0.04203757541169947,0.05385706681678356,536,5000,0.1072,0.09892432825050786,0.11607880054557555,492,5000,0.0984,0.09044962113702086,0.10696701970948395
discounted_evidence:0.95,recency_counterexample,0.0,576,1152,1536,independent,0.0,0.051749931731141174,0.04318662826725633,3044,5000,0.6088,0.5951942096096254,0.622238732312437,1888,5000,0.3776,0.3642611962140008,0.39112674412367904,1700,5000,0.34,0.3269967661320483,0.3532489075119777,548,5000,0.1096,0.10123883511199887,0.11856060857942415,1351,5000,0.2702,0.2580710866761322,0.2826817620951,1428,5000,0.2856,0.27324784855254386,0.2982813541304508
discounted_evidence:0.95,recency_counterexample,0.0,576,1152,1536,independent,0.1,0.051749931731141174,0.04318662826725633,2798,5000,0.5596,0.5457989705570695,0.5733095160105309,1647,5000,0.3294,0.31650771117370974,0.342554238349233,1485,5000,0.297,0.28449411820932113,0.3098175802265367,493,5000,0.0986,0.09064201198505639,0.10717432176939337,1189,5000,0.2378,0.22620331175836825,0.24979928592577913,1332,5000,0.2664,0.25432901675654546,0.2788296667637324
discounted_evidence:0.95,recency_counterexample,0.0,576,1152,1536,negative_bound,0.0,0.051749931731141174,0.04318662826725633,2240,5000,0.448,0.43426101831459113,0.4618188256197174,1421,5000,0.2842,0.27186739360719026,0.29686395872018967,1166,5000,0.2332,0.22168622387178316,0.2451234369296299,486,5000,0.0972,0.08929549661581149,0.1057229867830235,962,5000,0.1924,0.18171153035948803,0.2035607772211516,1005,5000,0.201,0.1901232744295815,0.2123358281926918
discounted_evidence:0.95,recency_counterexample,0.0,576,1152,1536,negative_bound,0.1,0.051749931731141174,0.04318662826725633,2052,5000,0.4104,0.3968389021245365,0.42409867511611804,1244,5000,0.2488,0.23701266809519336,0.26097303952592715,1008,5000,0.2016,0.1907104414703714,0.2129477398757368,432,5000,0.0864,0.07892640769222567,0.0945086586775811,880,5000,0.176,0.16569406932888514,0.18680341980026716,906,5000,0.1812,0.1707692953170948,0.19212020941862665
recent_window:5,recency_counterexample,0.0,18,36,48,independent,0.0,0.16644938818387472,0.18994285952154713,467,5000,0.0934,0.08564332407634079,0.10178099407153982,165,5000,0.033,0.028395911697294635,0.03832114825120575,114,5000,0.0228,0.019014328722336056,0.027318392920970963,1,5000,0.0002,3.5304875272480036e-05,0.0011321181702531819,3,5000,0.0006,0.00020407096088550332,0.001762737900530094,1,5000,0.0002,3.5304875272480036e-05,0.0011321181702531819
recent_window:5,recency_counterexample,0.0,18,36,48,independent,0.1,0.16644938818387472,0.18994285952154713,326,5000,0.0652,0.05868517548205439,0.07238244264558576,113,5000,0.0226,0.01883215733835112,0.02710087139701093,72,5000,0.0144,0.011450896966502703,0.018094722543115668,0,5000,0.0,0.0,0.000767730137580694,2,5000,0.0004,0.0001096989857531115,0.001457416967717518,0,5000,0.0,0.0,0.000767730137580694
recent_window:5,recency_counterexample,0.0,18,36,48,negative_bound,0.0,0.16644938818387472,0.18994285952154713,421,5000,0.0842,0.07681845274269929,0.09221999163971283,284,5000,0.0568,0.050717955789821315,0.06356256020413023,182,5000,0.0364,0.03155449256917012,0.04195734681439471,0,5000,0.0,0.0,0.000767730137580694,9,5000,0.0018,0.0009472826989451401,0.0034176836101402633,1,5000,0.0002,3.5304875272480036e-05,0.0011321181702531819
recent_window:5,recency_counterexample,0.0,18,36,48,negative_bound,0.1,0.16644938818387472,0.18994285952154713,360,5000,0.072,0.0651588864636399,0.07949829053412916,186,5000,0.0372,0.03229950990203903,0.04281110111330566,129,5000,0.0258,0.021756230091548756,0.030571885170932782,0,5000,0.0,0.0,0.000767730137580694,6,5000,0.0012,0.0005500756587335479,0.002615811926516952,0,5000,0.0,0.0,0.000767730137580694
recent_window:5,recency_counterexample,0.0,36,72,96,independent,0.0,0.19865783111074375,0.19120295333454632,2116,5000,0.4232,0.409569266489225,0.4369486568599076,1173,5000,0.2346,0.2230607866100905,0.24654672454693738,1009,5000,0.2018,0.19090617239320326,0.2131517018608499,27,5000,0.0054,0.003713916213769333,0.00784552243832549,276,5000,0.0552,0.04920460920892601,0.06187836352146578,235,5000,0.047,0.04147340070070454,0.053222162803943575
recent_window:5,recency_counterexample,0.0,36,72,96,independent,0.1,0.19865783111074375,0.19120295333454632,1849,5000,0.3698,0.3565235638043567,0.3832763531234694,988,5000,0.1976,0.18679672922804902,0.20886759395915977,845,5000,0.169,0.15886740460934135,0.1796408327417371,18,5000,0.0036,0.0022784219199114787,0.005683780560678634,187,5000,0.0374,0.03248586644516959,0.04302443747812008,158,5000,0.0316,0.02709925878499547,0.03681995080789014
recent_window:5,recency_counterexample,0.0,36,72,96,negative_bound,0.0,0.19865783111074375,0.19120295333454632,1629,5000,0.3258,0.31294708551715966,0.33892039166277355,969,5000,0.1938,0.1830803258227625,0.20498983211349192,781,5000,0.1562,0.14640125725868294,0.16652663398391757,84,5000,0.0168,0.01359063218705935,0.020751302217898636,386,5000,0.0772,0.07012198996403034,0.08492720264030791,284,5000,0.0568,0.050717955789821315,0.06356256020413023
recent_window:5,recency_counterexample,0.0,36,72,96,negative_bound,0.1,0.19865783111074375,0.19120295333454632,1415,5000,0.283,0.2706842641382001,0.2956489307415099,806,5000,0.1612,0.15126815188888862,0.1716520620523361,632,5000,0.1264,0.11747501831023642,0.13589862964856392,61,5000,0.0122,0.00950981475670272,0.01563918276552101,283,5000,0.0566,0.050528708473917106,0.06335211461208946,226,5000,0.0452,0.03978246494855129,0.05131586238459212
recent_window:5,recency_counterexample,0.0,72,144,192,independent,0.0,0.1875267144516614,0.16716271767833069,3768,5000,0.7536,0.741463970234182,0.7653466370400371,2405,5000,0.481,0.4671706135776254,0.4948585601676027,2297,5000,0.4594,0.44562291107193974,0.4732394286152318,336,5000,0.0672,0.06058713684977665,0.0744774103573132,1362,5000,0.2724,0.2602380707362166,0.28491140002241017,1363,5000,0.2726,0.26043508815151417,0.28511407551505763
recent_window:5,recency_counterexample,0.0,72,144,192,independent,0.1,0.1875267144516614,0.16716271767833069,3532,5000,0.7064,0.6936220475253763,0.7188610334738306,2173,5000,0.4346,0.4209151685696636,0.448385250532332,2058,5000,0.4116,0.3980319710719092,0.42530376361641525,227,5000,0.0454,0.03997022636788222,0.05152779387320616,1178,5000,0.2356,0.2240427263142497,0.24756324938250301,1219,5000,0.2438,0.23209801128442428,0.2558953736380721
recent_window:5,recency_counterexample,0.0,72,144,192,negative_bound,0.0,0.1875267144516614,0.16716271767833069,2981,5000,0.5962,0.5825308114646497,0.6097214772568798,1860,5000,0.372,0.3587055960610345,0.3854909428541862,1678,5000,0.3356,0.32264192097639244,0.34881050869284425,408,5000,0.0816,0.07432924995248243,0.0895131866266451,1112,5000,0.2224,0.21108856897831188,0.2341376747940729,1044,5000,0.2088,0.19775941792912352,0.2202877081030035
recent_window:5,recency_counterexample,0.0,72,144,192,negative_bound,0.1,0.1875267144516614,0.16716271767833069,2703,5000,0.5406,0.5267605713847682,0.5543770889280603,1682,5000,0.3364,0.32343361671011783,0.34961758459089864,1487,5000,0.2974,0.28488889722495186,0.3102221870267959,327,5000,0.0654,0.05887529037972387,0.07259202065586128,988,5000,0.1976,0.18679672922804902,0.20886759395915977,930,5000,0.186,0.1754570268712297,0.19702510765517098
recent_window:5,recency_counterexample,0.0,144,288,384,independent,0.0,0.17356040220603983,0.14932899935255242,4834,5000,0.9668,0.9614645911863957,0.9714186559571589,3790,5000,0.758,0.7459331186509504,0.7696707325980581,3776,5000,0.7552,0.7430889198139231,0.7669192307238556,1829,5000,0.3658,0.3525569960391485,0.3792490627297783,2217,5000,0.4434,0.429678463404304,0.45720844364727026,3201,5000,0.6402,0.6267937332690948,0.6533909952003275
recent_window:5,recency_counterexample,0.0,144,288,384,independent,0.1,0.17356040220603983,0.14932899935255242,4710,5000,0.942,0.9351752293533098,0.9481460972050688,3549,5000,0.7098,0.6970625222472433,0.7222153381870278,3522,5000,0.7044,0.6915986350569082,0.7168875168628489,1632,5000,0.3264,0.31354046282349224,0.3395260930802759,1955,5000,0.391,0.37756265690623925,0.4046047082637535,2847,5000,0.5694,0.5556267447297002,0.5830666943272037
recent_window:5,recency_counterexample,0.0,144,288,384,negative_bound,0.0,0.17356040220603983,0.14932899935255242,4392,5000,0.8784,0.8690492319508443,0.8871697498810347,3128,5000,0.6256,0.6120934793873646,0.6389136668020753,3071,5000,0.6142,0.6006242652691687,0.6276003851674079,1492,5000,0.2984,0.28587589544969705,0.31123365334177555,1635,5000,0.327,0.3141338642964864,0.34013177033111663,2312,5000,0.4624,0.44861409262246477,0.47624364068388136
recent_window:5,recency_counterexample,0.0,144,288,384,negative_bound,0.1,0.17356040220603983,0.14932899935255242,4273,5000,0.8546,0.8445568177305836,0.8640987080558442,2836,5000,0.5672,0.5534200346467092,0.5808767824227999,2788,5000,0.5576,0.5437939712474785,0.5713175862406722,1327,5000,0.2654,0.2533444530957544,0.2778157658847986,1416,5000,0.2832,0.2708814448236167,0.29585144296403837,2184,5000,0.4368,0.42310558089505323,0.45059146019433716
recent_window:5,recency_counterexample,0.0,288,576,768,independent,0.0,0.17430633151565647,0.15647117920811313,5000,5000,1.0,0.9992322698624194,1.0,4963,5000,0.9926,0.9898171986694128,0.9946264335990428,4963,5000,0.9926,0.9898171986694128,0.9946264335990428,3736,5000,0.7472,0.734966371315143,0.7590540629048371,4421,5000,0.8842,0.875034008394385,0.892776067767898,4492,5000,0.8984,0.8897173831137601,0.9064708895126157
recent_window:5,recency_counterexample,0.0,288,576,768,independent,0.1,0.17430633151565647,0.15647117920811313,4995,5000,0.999,0.9976610125116303,0.9995727928110643,4922,5000,0.9844,0.9805744096841202,0.9874818133585916,4921,5000,0.9842,0.9803531151594864,0.9873034149752804,3515,5000,0.703,0.6901824197734633,0.7155058817906789,4155,5000,0.831,0.820359167258263,0.8411325953906587,4227,5000,0.8454,0.8351142593768229,0.8551553926441365
recent_window:5,recency_counterexample,0.0,288,576,768,negative_bound,0.0,0.17430633151565647,0.15647117920811313,4982,5000,0.9964,0.9943162194393214,0.9977215780800885,4836,5000,0.9672,0.9618931605010621,0.9717894724583824,4830,5000,0.966,0.9606080225775292,0.9706764529342456,3134,5000,0.6268,0.6133012242208565,0.640104079416253,3895,5000,0.779,0.7672872149875823,0.7902843915956478,3822,5000,0.7644,0.7524367506174969,0.7759572736857503
recent_window:5,recency_counterexample,0.0,288,576,768,negative_bound,0.1,0.17430633151565647,0.15647117920811313,4965,5000,0.993,0.9902806229724375,0.994962395111908,4707,5000,0.9414,0.9345444170435183,0.9475778307910255,4695,5000,0.939,0.9320230563684714,0.9453028765707326,2838,5000,0.5676,0.553821234160544,0.5812749687248551,3576,5000,0.7152,0.702528568041979,0.7275410009068062,3557,5000,0.7114,0.6986818647224733,0.7237935389753576
recent_window:5,recency_counterexample,0.0,576,1152,1536,independent,0.0,0.16290538555529024,0.1435580164979814,5000,5000,1.0,0.9992322698624194,1.0,5000,5000,1.0,0.9992322698624194,1.0,5000,5000,1.0,0.9992322698624194,1.0,4507,5000,0.9014,0.8928256782306065,0.9093579880149436,4969,5000,0.9938,0.9912131503041899,0.9956286394119356,4986,5000,0.9972,0.995305230694804,0.9983313384563857
recent_window:5,recency_counterexample,0.0,576,1152,1536,independent,0.1,0.16290538555529024,0.1435580164979814,5000,5000,1.0,0.9992322698624194,1.0,4999,5000,0.9998,0.998867881829747,0.9999646951247276,4999,5000,0.9998,0.998867881829747,0.9999646951247276,4286,5000,0.8572,0.8472277444516874,0.8666237891380251,4952,5000,0.9904,0.9872956481628825,0.9927513621181783,4960,5000,0.992,0.9891252022422699,0.9941193513023507
recent_window:5,recency_counterexample,0.0,576,1152,1536,negative_bound,0.0,0.16290538555529024,0.1435580164979814,5000,5000,1.0,0.9992322698624194,1.0,4984,5000,0.9968,0.994807893930756,0.998029289404544,4984,5000,0.9968,0.994807893930756,0.998029289404544,3958,5000,0.7916,0.7801199258828418,0.802632333900921,4845,5000,0.969,0.9638241799288755,0.9734556892020739,4842,5000,0.9684,0.9631800491921099,0.9729007412150046
recent_window:5,recency_counterexample,0.0,576,1152,1536,negative_bound,0.1,0.16290538555529024,0.1435580164979814,5000,5000,1.0,0.9992322698624194,1.0,4979,5000,0.9958,0.9935874720960507,0.9972512466995245,4979,5000,0.9958,0.9935874720960507,0.9972512466995245,3761,5000,0.7522,0.7400423209898566,0.7639704359287478,4739,5000,0.9478,0.941283547919016,0.9536288729697666,4767,5000,0.9534,0.94720125151783,0.9589025707934119
recent_window:8,recency_counterexample,0.0,18,36,48,independent,0.0,0.17766119673775146,0.16208580347880405,527,5000,0.1054,0.09718932804307331,0.11421656458150536,96,5000,0.0192,0.01574896030669719,0.023389288993600408,72,5000,0.0144,0.011450896966502703,0.018094722543115668,0,5000,0.0,0.0,0.000767730137580694,1,5000,0.0002,3.5304875272480036e-05,0.0011321181702531819,4,5000,0.0008,0.0003111419445903861,0.0020553598247701793
recent_window:8,recency_counterexample,0.0,18,36,48,independent,0.1,0.17766119673775146,0.16208580347880405,432,5000,0.0864,0.07892640769222567,0.0945086586775811,57,5000,0.0114,0.008809803672749156,0.014740422217694699,37,5000,0.0074,0.005373566400957179,0.010182801330587321,0,5000,0.0,0.0,0.000767730137580694,0,5000,0.0,0.0,0.000767730137580694,1,5000,0.0002,3.5304875272480036e-05,0.0011321181702531819
recent_window:8,recency_counterexample,0.0,18,36,48,negative_bound,0.0,0.17766119673775146,0.16208580347880405,538,5000,0.1076,0.09930998711523974,0.1164925274967336,180,5000,0.036,0.031182233720822808,0.04153021984685208,123,5000,0.0246,0.020657453931589947,0.029272503883221782,0,5000,0.0,0.0,0.000767730137580694,2,5000,0.0004,0.0001096989857531115,0.001457416967717518,4,5000,0.0008,0.0003111419445903861,0.0020553598247701793
recent_window:8,recency_counterexample,0.0,18,36,48,negative_bound,0.1,0.17766119673775146,0.16208580347880405,407,5000,0.0814,0.07413786579462477,0.08930487787655779,107,5000,0.0214,0.017740918016567058,0.025793953271125183,72,5000,0.0144,0.011450896966502703,0.018094722543115668,0,5000,0.0,0.0,0.000767730137580694,0,5000,0.0,0.0,0.000767730137580694,5,5000,0.001,0.00042720718893578876,0.0023389874883697442
recent_window:8,recency_counterexample,0.0,36,72,96,independent,0.0,0.1908667471313527,0.15885949328256674,2019,5000,0.4038,0.39027852274312025,0.4174691885353503,778,5000,0.1556,0.14581746994358277,0.16591134257518278,692,5000,0.1384,0.1291054961930908,0.14824972624240756,36,5000,0.0072,0.005205365212759887,0.009951309610839645,143,5000,0.0286,0.024329404691398306,0.03359441128231278,469,5000,0.0938,0.08602757644155519,0.10219612752221537
recent_window:8,recency_counterexample,0.0,36,72,96,independent,0.1,0.1908667471313527,0.15885949328256674,1766,5000,0.3532,0.34006881862611693,0.3665565869422769,648,5000,0.1296,0.12057395520418848,0.13919477928173127,560,5000,0.112,0.10355464758899129,0.12104111099777133,19,5000,0.0038,0.002434119240930543,0.005927776147604539,112,5000,0.0224,0.018650069297506275,0.026883266529910813,324,5000,0.0648,0.05830500076924275,0.07196323154250747
recent_window:8,recency_counterexample,0.0,36,72,96,negative_bound,0.0,0.1908667471313527,0.15885949328256674,1497,5000,0.2994,0.28686296591516675,0.3122450474160307,657,5000,0.1314,0.12231793204919977,0.14104803860822468,541,5000,0.1082,0.09988854501425609,0.11711304832155214,56,5000,0.0112,0.008635351796585613,0.014515181185913273,205,5000,0.041,0.035846885551557205,0.04685789071474188,506,5000,0.1012,0.09314403179839252,0.10986830975934185
recent_window:8,recency_counterexample,0.0,36,72,96,negative_bound,0.1,0.1908667471313527,0.15885949328256674,1341,5000,0.2682,0.2561014329826313,0.28065448670915116,598,5000,0.1196,0.11089626332502232,0.12888782576364904,476,5000,0.0952,0.08737280919498738,0.10364874512439795,51,5000,0.0102,0.007766697200760391,0.01338537124201366,157,5000,0.0314,0.026914224194560334,0.036605292490380296,390,5000,0.078,0.07088643917787543,0.08576152505824267
recent_window:8,recency_counterexample,0.0,72,144,192,independent,0.0,0.21916139869316797,0.18789232772420594,4401,5000,0.8802,0.8709058438871056,0.888910374116278,2876,5000,0.5752,0.5614457590040051,0.5888387743833029,2836,5000,0.5672,0.5534200346467092,0.5808767824227999,446,5000,0.0892,0.08161143245717081,0.09741933462386548,1760,5000,0.352,0.33887998949200926,0.36534725862871464,2327,5000,0.4654,0.4516057767919076,0.4792473501336131
recent_window:8,recency_counterexample,0.0,72,144,192,independent,0.1,0.21916139869316797,0.18789232772420594,4183,5000,0.8366,0.8260938589982143,0.8465893050731665,2573,5000,0.5146,0.5007407222970951,0.5284368599828874,2527,5000,0.5054,0.4915426898327818,0.5192490186817321,355,5000,0.071,0.06420565019421969,0.07845306226382455,1521,5000,0.3042,0.2916019032537468,0.31709873986813,1983,5000,0.3966,0.3831246570624305,0.41023410953002126
recent_window:8,recency_counterexample,0.0,72,144,192,negative_bound,0.0,0.21916139869316797,0.18789232772420594,3704,5000,0.7408,0.728472225022347,0.7527580361433943,2207,5000,0.4414,0.42768642060774636,0.4552035573643782,2131,5000,0.4262,0.4125543102018891,0.4399590067664179,472,5000,0.0944,0.08660403851332954,0.10281874417427592,1346,5000,0.2692,0.2570862201800147,0.28166816405149264,1644,5000,0.3288,0.3159142133742592,0.3419486574248485
recent_window:8,recency_counterexample,0.0,72,144,192,negative_bound,0.1,0.21916139869316797,0.18789232772420594,3493,5000,0.6986,0.6857323803297009,0.7111626772596522,2052,5000,0.4104,0.3968389021245365,0.42409867511611804,1952,5000,0.3904,0.3769668388606062,0.40400144758555157,388,5000,0.0776,0.07050418573814145,0.08534439268208673,1187,5000,0.2374,0.2258104456415343,0.24939276622672313,1513,5000,0.3026,0.29002207445841227,0.3154810253999046
recent_window:8,recency_counterexample,0.0,144,288,384,independent,0.0,0.2321113699477981,0.19753303320104218,4995,5000,0.999,0.9976610125116303,0.9995727928110643,4720,5000,0.944,0.937279356675926,0.9500388989619023,4720,5000,0.944,0.937279356675926,0.9500388989619023,1633,5000,0.3266,0.31373826063099947,0.33972798818071365,4202,5000,0.8404,0.8299876902638044,0.8502896390585308,4507,5000,0.9014,0.8928256782306065,0.9093579880149436
recent_window:8,recency_counterexample,0.0,144,288,384,independent,0.1,0.2321113699477981,0.19753303320104218,4985,5000,0.997,0.9950557896299472,0.9981810866132976,4544,5000,0.9088,0.9005030485251296,0.9164692553143846,4541,5000,0.9082,0.8998799907861943,0.915893234329485,1440,5000,0.288,0.27561468477300044,0.30071083280533384,3941,5000,0.7882,0.7766555600312502,0.7993019203174484,4235,5000,0.847,0.8367555273641231,0.856711667920396
recent_window:8,recency_counterexample,0.0,144,288,384,negative_bound,0.0,0.2321113699477981,0.19753303320104218,4943,5000,0.9886,0.9852595777823054,0.9911901963272509,4303,5000,0.8606,0.850722145363605,0.8699241676611719,4294,5000,0.8588,0.8488719325116209,0.8681771443416514,1397,5000,0.2794,0.26713553153506564,0.29200319100163497,3441,5000,0.6882,0.6752195873221722,0.7008914390540424,3765,5000,0.753,0.7408546712902152,0.764756857260169
recent_window:8,recency_counterexample,0.0,144,288,384,negative_bound,0.1,0.2321113699477981,0.19753303320104218,4877,5000,0.9754,0.9707274961167783,0.9793425460684101,3994,5000,0.7988,0.7874601969535697,0.809681007516212,3978,5000,0.7956,0.7841971800997992,0.8065489378428631,1139,5000,0.2278,0.216386029048295,0.23963192323860397,3124,5000,0.6248,0.6112883650203663,0.6381200095372935,3485,5000,0.697,0.6841145288831153,0.7095829854426777
recent_window:8,recency_counterexample,0.0,288,576,768,independent,0.0,0.22421545924259823,0.19516785779059612,5000,5000,1.0,0.9992322698624194,1.0,4994,5000,0.9988,0.9973841880734831,0.9994499243412664,4994,5000,0.9988,0.9973841880734831,0.9994499243412664,3668,5000,0.7336,0.7211703332362678,0.7456709832434547,4972,5000,0.9944,0.9919182251593253,0.9961226432806349,4967,5000,0.9934,0.9907458855884145,0.9952965183118209
recent_window:8,recency_counterexample,0.0,288,576,768,independent,0.1,0.22421545924259823,0.19516785779059612,5000,5000,1.0,0.9992322698624194,1.0,4990,5000,0.998,0.9963220758236673,0.9989132649593024,4990,5000,0.998,0.9963220758236673,0.9989132649593024,3381,5000,0.6762,0.6630987880426399,0.6890306638568767,4928,5000,0.9856,0.9819052774568844,0.9885491030334974,4923,5000,0.9846,0.980795847180579,0.987660068770078
recent_window:8,recency_counterexample,0.0,288,576,768,negative_bound,0.0,0.22421545924259823,0.19516785779059612,4999,5000,0.9998,0.998867881829747,0.9999646951247276,4970,5000,0.994,0.991447591594936,0.9957938910291343,4970,5000,0.994,0.991447591594936,0.9957938910291343,3041,5000,0.6082,0.594590977518957,0.6216428856792705,4815,5000,0.963,0.9574022758184194,0.9678868060741809,4736,5000,0.9472,0.94065072899258,0.953062613172368
recent_window:8,recency_counterexample,0.0,288,576,768,negative_bound,0.1,0.22421545924259823,0.19516785779059612,5000,5000,1.0,0.9992322698624194,1.0,4949,5000,0.9898,0.9866146287579864,0.9922333027992396,4949,5000,0.9898,0.9866146287579864,0.9922333027992396,2773,5000,0.5546,0.540786895887439,0.5683292679815372,4695,5000,0.939,0.9320230563684714,0.9453028765707326,4636,5000,0.9272,0.9196658148726923,0.9340782364977588
recent_window:8,recency_counterexample,0.0,576,1152,1536,independent,0.0,0.2253097460015628,0.20108161245004066,5000,5000,1.0,0.9992322698624194,1.0,5000,5000,1.0,0.9992322698624194,1.0,5000,5000,1.0,0.9992322698624194,1.0,4980,5000,0.996,0.9938293340542685,0.9974090776492515,5000,5000,1.0,0.9992322698624194,1.0,5000,5000,1.0,0.9992322698624194,1.0
recent_window:8,recency_counterexample,0.0,576,1152,1536,independent,0.1,0.2253097460015628,0.20108161245004066,5000,5000,1.0,0.9992322698624194,1.0,5000,5000,1.0,0.9992322698624194,1.0,5000,5000,1.0,0.9992322698624194,1.0,4950,5000,0.99,0.9868413590706434,0.9924062653945275,5000,5000,1.0,0.9992322698624194,1.0,5000,5000,1.0,0.9992322698624194,1.0
recent_window:8,recency_counterexample,0.0,576,1152,1536,negative_bound,0.0,0.2253097460015628,0.20108161245004066,5000,5000,1.0,0.9992322698624194,1.0,5000,5000,1.0,0.9992322698624194,1.0,5000,5000,1.0,0.9992322698624194,1.0,4891,5000,0.9782,0.9737700590845603,0.9818956838118574,4998,5000,0.9996,0.9985425830322826,0.9998903010142469,4993,5000,0.9986,0.9971127434504155,0.9993216760563892
recent_window:8,recency_counterexample,0.0,576,1152,1536,negative_bound,0.1,0.2253097460015628,0.20108161245004066,5000,5000,1.0,0.9992322698624194,1.0,5000,5000,1.0,0.9992322698624194,1.0,5000,5000,1.0,0.9992322698624194,1.0,4802,5000,0.9604,0.9546314538674162,0.9654616202218996,4993,5000,0.9986,0.9971127434504155,0.9993216760563892,4990,5000,0.998,0.9963220758236673,0.9989132649593024
