n_pairs,generating_policy,selected_policy,hits,n_simulations,rate,ci_lo,ci_hi
18,uniform,uniform,994,1000,0.994,0.9869716557675544,0.9972473684290918
18,uniform,expertise,0,1000,0.0,0.0,0.003826898586390522
18,uniform,repeat_last,0,1000,0.0,0.0,0.003826898586390522
18,uniform,win_stay_expertise,0,1000,0.0,0.0,0.003826898586390522
18,uniform,history_frequency,0,1000,0.0,0.0,0.003826898586390522
18,uniform,reward_learning,0,1000,0.0,0.0,0.003826898586390522
18,uniform,belief_static,0,1000,0.0,0.0,0.003826898586390522
18,uniform,belief_dynamic,1,1000,0.001,0.0001765418290572713,0.0056427029601604705
18,uniform,decay_q:0.02,0,1000,0.0,0.0,0.003826898586390522
18,uniform,decay_q:0.05,0,1000,0.0,0.0,0.003826898586390522
18,uniform,decay_q:0.1,0,1000,0.0,0.0,0.003826898586390522
18,uniform,decay_q:0.2,0,1000,0.0,0.0,0.003826898586390522
18,uniform,discounted_evidence:0.8,0,1000,0.0,0.0,0.003826898586390522
18,uniform,discounted_evidence:0.9,1,1000,0.001,0.0001765418290572713,0.0056427029601604705
18,uniform,discounted_evidence:0.95,0,1000,0.0,0.0,0.003826898586390522
18,uniform,recent_window:5,1,1000,0.001,0.0001765418290572713,0.0056427029601604705
18,uniform,recent_window:8,1,1000,0.001,0.0001765418290572713,0.0056427029601604705
18,uniform,unresolved_tie,2,1000,0.002,0.000548632102457155,0.007262958889587807
18,expertise,uniform,0,1000,0.0,0.0,0.003826898586390522
18,expertise,expertise,1000,1000,1.0,0.9961731014136095,1.0
18,expertise,repeat_last,0,1000,0.0,0.0,0.003826898586390522
18,expertise,win_stay_expertise,0,1000,0.0,0.0,0.003826898586390522
18,expertise,history_frequency,0,1000,0.0,0.0,0.003826898586390522
18,expertise,reward_learning,0,1000,0.0,0.0,0.003826898586390522
18,expertise,belief_static,0,1000,0.0,0.0,0.003826898586390522
18,expertise,belief_dynamic,0,1000,0.0,0.0,0.003826898586390522
18,expertise,decay_q:0.02,0,1000,0.0,0.0,0.003826898586390522
18,expertise,decay_q:0.05,0,1000,0.0,0.0,0.003826898586390522
18,expertise,decay_q:0.1,0,1000,0.0,0.0,0.003826898586390522
18,expertise,decay_q:0.2,0,1000,0.0,0.0,0.003826898586390522
18,expertise,discounted_evidence:0.8,0,1000,0.0,0.0,0.003826898586390522
18,expertise,discounted_evidence:0.9,0,1000,0.0,0.0,0.003826898586390522
18,expertise,discounted_evidence:0.95,0,1000,0.0,0.0,0.003826898586390522
18,expertise,recent_window:5,0,1000,0.0,0.0,0.003826898586390522
18,expertise,recent_window:8,0,1000,0.0,0.0,0.003826898586390522
18,expertise,unresolved_tie,0,1000,0.0,0.0,0.003826898586390522
18,repeat_last,uniform,0,1000,0.0,0.0,0.003826898586390522
18,repeat_last,expertise,0,1000,0.0,0.0,0.003826898586390522
18,repeat_last,repeat_last,994,1000,0.994,0.9869716557675544,0.9972473684290918
18,repeat_last,win_stay_expertise,0,1000,0.0,0.0,0.003826898586390522
18,repeat_last,history_frequency,0,1000,0.0,0.0,0.003826898586390522
18,repeat_last,reward_learning,2,1000,0.002,0.000548632102457155,0.007262958889587807
18,repeat_last,belief_static,0,1000,0.0,0.0,0.003826898586390522
18,repeat_last,belief_dynamic,1,1000,0.001,0.0001765418290572713,0.0056427029601604705
18,repeat_last,decay_q:0.02,0,1000,0.0,0.0,0.003826898586390522
18,repeat_last,decay_q:0.05,0,1000,0.0,0.0,0.003826898586390522
18,repeat_last,decay_q:0.1,0,1000,0.0,0.0,0.003826898586390522
18,repeat_last,decay_q:0.2,0,1000,0.0,0.0,0.003826898586390522
18,repeat_last,discounted_evidence:0.8,0,1000,0.0,0.0,0.003826898586390522
18,repeat_last,discounted_evidence:0.9,0,1000,0.0,0.0,0.003826898586390522
18,repeat_last,discounted_evidence:0.95,2,1000,0.002,0.000548632102457155,0.007262958889587807
18,repeat_last,recent_window:5,0,1000,0.0,0.0,0.003826898586390522
18,repeat_last,recent_window:8,0,1000,0.0,0.0,0.003826898586390522
18,repeat_last,unresolved_tie,1,1000,0.001,0.0001765418290572713,0.0056427029601604705
18,win_stay_expertise,uniform,0,1000,0.0,0.0,0.003826898586390522
18,win_stay_expertise,expertise,1,1000,0.001,0.0001765418290572713,0.0056427029601604705
18,win_stay_expertise,repeat_last,0,1000,0.0,0.0,0.003826898586390522
18,win_stay_expertise,win_stay_expertise,992,1000,0.992,0.9842934787948114,0.9959408529961804
18,win_stay_expertise,history_frequency,0,1000,0.0,0.0,0.003826898586390522
18,win_stay_expertise,reward_learning,0,1000,0.0,0.0,0.003826898586390522
18,win_stay_expertise,belief_static,0,1000,0.0,0.0,0.003826898586390522
18,win_stay_expertise,belief_dynamic,0,1000,0.0,0.0,0.003826898586390522
18,win_stay_expertise,decay_q:0.02,0,1000,0.0,0.0,0.003826898586390522
18,win_stay_expertise,decay_q:0.05,0,1000,0.0,0.0,0.003826898586390522
18,win_stay_expertise,decay_q:0.1,0,1000,0.0,0.0,0.003826898586390522
18,win_stay_expertise,decay_q:0.2,2,1000,0.002,0.000548632102457155,0.007262958889587807
18,win_stay_expertise,discounted_evidence:0.8,4,1000,0.004,0.0015565629678934295,0.010239720429805971
18,win_stay_expertise,discounted_evidence:0.9,0,1000,0.0,0.0,0.003826898586390522
18,win_stay_expertise,discounted_evidence:0.95,0,1000,0.0,0.0,0.003826898586390522
18,win_stay_expertise,recent_window:5,0,1000,0.0,0.0,0.003826898586390522
18,win_stay_expertise,recent_window:8,0,1000,0.0,0.0,0.003826898586390522
18,win_stay_expertise,unresolved_tie,1,1000,0.001,0.0001765418290572713,0.0056427029601604705
18,history_frequency,uniform,4,1000,0.004,0.0015565629678934295,0.010239720429805971
18,history_frequency,expertise,0,1000,0.0,0.0,0.003826898586390522
18,history_frequency,repeat_last,2,1000,0.002,0.000548632102457155,0.007262958889587807
18,history_frequency,win_stay_expertise,4,1000,0.004,0.0015565629678934295,0.010239720429805971
18,history_frequency,history_frequency,0,1000,0.0,0.0,0.003826898586390522
18,history_frequency,reward_learning,122,1000,0.122,0.10314842422860387,0.1437447111027074
18,history_frequency,belief_static,0,1000,0.0,0.0,0.003826898586390522
18,history_frequency,belief_dynamic,94,1000,0.094,0.07743389633418887,0.11367354531796026
18,history_frequency,decay_q:0.02,12,1000,0.012,0.006877579092159561,0.020857473928157594
18,history_frequency,decay_q:0.05,5,1000,0.005,0.0021375039957652504,0.011651125604761368
18,history_frequency,decay_q:0.1,13,1000,0.013,0.0076127471221297755,0.022114652101014598
18,history_frequency,decay_q:0.2,135,1000,0.135,0.11521104013883013,0.15758259582923498
18,history_frequency,discounted_evidence:0.8,2,1000,0.002,0.000548632102457155,0.007262958889587807
18,history_frequency,discounted_evidence:0.9,16,1000,0.016,0.009872155867426248,0.02583228196419978
18,history_frequency,discounted_evidence:0.95,38,1000,0.038,0.027808845539615407,0.05172720875420944
18,history_frequency,recent_window:5,0,1000,0.0,0.0,0.003826898586390522
18,history_frequency,recent_window:8,0,1000,0.0,0.0,0.003826898586390522
18,history_frequency,unresolved_tie,553,1000,0.553,0.522039800841041,0.5835545479088018
18,reward_learning,uniform,4,1000,0.004,0.0015565629678934295,0.010239720429805971
18,reward_learning,expertise,0,1000,0.0,0.0,0.003826898586390522
18,reward_learning,repeat_last,4,1000,0.004,0.0015565629678934295,0.010239720429805971
18,reward_learning,win_stay_expertise,0,1000,0.0,0.0,0.003826898586390522
18,reward_learning,history_frequency,0,1000,0.0,0.0,0.003826898586390522
18,reward_learning,reward_learning,165,1000,0.165,0.14328430451009733,0.1892797175427844
18,reward_learning,belief_static,0,1000,0.0,0.0,0.003826898586390522
18,reward_learning,belief_dynamic,104,1000,0.104,0.08657073457775956,0.12446016910266174
18,reward_learning,decay_q:0.02,52,1000,0.052,0.039872841792417534,0.06755605934098838
18,reward_learning,decay_q:0.05,16,1000,0.016,0.009872155867426248,0.02583228196419978
18,reward_learning,decay_q:0.1,19,1000,0.019,0.012196787737404147,0.029484688702703543
18,reward_learning,decay_q:0.2,138,1000,0.138,0.11800423096411534,0.16076644361243145
18,reward_learning,discounted_evidence:0.8,24,1000,0.024,0.016180052367186296,0.03546315508705749
18,reward_learning,discounted_evidence:0.9,68,1000,0.068,0.05399222846448211,0.08531421191415932
18,reward_learning,discounted_evidence:0.95,83,1000,0.083,0.06745476337992819,0.10173687004112154
18,reward_learning,recent_window:5,0,1000,0.0,0.0,0.003826898586390522
18,reward_learning,recent_window:8,9,1000,0.009,0.004742006589011481,0.017016007822824013
18,reward_learning,unresolved_tie,314,1000,0.314,0.2859918461940507,0.3434317600800866
18,belief_static,uniform,7,1000,0.007,0.0033948250792319975,0.01437849692694906
18,belief_static,expertise,1,1000,0.001,0.0001765418290572713,0.0056427029601604705
18,belief_static,repeat_last,2,1000,0.002,0.000548632102457155,0.007262958889587807
18,belief_static,win_stay_expertise,4,1000,0.004,0.0015565629678934295,0.010239720429805971
18,belief_static,history_frequency,0,1000,0.0,0.0,0.003826898586390522
18,belief_static,reward_learning,130,1000,0.13,0.11056344299877965,0.1522684619551494
18,belief_static,belief_static,0,1000,0.0,0.0,0.003826898586390522
18,belief_static,belief_dynamic,73,1000,0.073,0.058458786926264744,0.09080938446651277
18,belief_static,decay_q:0.02,18,1000,0.018,0.011415645858738454,0.02827348437854201
18,belief_static,decay_q:0.05,5,1000,0.005,0.0021375039957652504,0.011651125604761368
18,belief_static,decay_q:0.1,8,1000,0.008,0.004059147003819634,0.01570652120518864
18,belief_static,decay_q:0.2,126,1000,0.126,0.10685258457167218,0.14800993557094794
18,belief_static,discounted_evidence:0.8,3,1000,0.003,0.0010207654054443255,0.008783171789427854
18,belief_static,discounted_evidence:0.9,24,1000,0.024,0.016180052367186296,0.03546315508705749
18,belief_static,discounted_evidence:0.95,46,1000,0.046,0.03466231280457309,0.06081251111186951
18,belief_static,recent_window:5,1,1000,0.001,0.0001765418290572713,0.0056427029601604705
18,belief_static,recent_window:8,3,1000,0.003,0.0010207654054443255,0.008783171789427854
18,belief_static,unresolved_tie,549,1000,0.549,0.5180298338358857,0.5795951301026481
18,belief_dynamic,uniform,2,1000,0.002,0.000548632102457155,0.007262958889587807
18,belief_dynamic,expertise,0,1000,0.0,0.0,0.003826898586390522
18,belief_dynamic,repeat_last,3,1000,0.003,0.0010207654054443255,0.008783171789427854
18,belief_dynamic,win_stay_expertise,4,1000,0.004,0.0015565629678934295,0.010239720429805971
18,belief_dynamic,history_frequency,0,1000,0.0,0.0,0.003826898586390522
18,belief_dynamic,reward_learning,78,1000,0.078,0.0629469187422331,0.09628298366468052
18,belief_dynamic,belief_static,0,1000,0.0,0.0,0.003826898586390522
18,belief_dynamic,belief_dynamic,266,1000,0.266,0.2395462548357791,0.29424473370265175
18,belief_dynamic,decay_q:0.02,29,1000,0.029,0.02026631563648779,0.04133862283189209
18,belief_dynamic,decay_q:0.05,15,1000,0.015,0.00911089683719635,0.02460119479160246
18,belief_dynamic,decay_q:0.1,14,1000,0.014,0.008357497449441328,0.023362247976530262
18,belief_dynamic,decay_q:0.2,123,1000,0.123,0.10407382134719093,0.14481166018694755
18,belief_dynamic,discounted_evidence:0.8,53,1000,0.053,0.040746308422339304,0.06867493891389383
18,belief_dynamic,discounted_evidence:0.9,162,1000,0.162,0.14046373996425415,0.18612324348014586
18,belief_dynamic,discounted_evidence:0.95,97,1000,0.097,0.08016887955855043,0.11691560070208037
18,belief_dynamic,recent_window:5,7,1000,0.007,0.0033948250792319975,0.01437849692694906
18,belief_dynamic,recent_window:8,30,1000,0.03,0.021093603189697094,0.04250368148151
18,belief_dynamic,unresolved_tie,117,1000,0.117,0.09852807434893382,0.13840332996824137
18,decay_q:0.02,uniform,4,1000,0.004,0.0015565629678934295,0.010239720429805971
18,decay_q:0.02,expertise,0,1000,0.0,0.0,0.003826898586390522
18,decay_q:0.02,repeat_last,0,1000,0.0,0.0,0.003826898586390522
18,decay_q:0.02,win_stay_expertise,6,1000,0.006,0.0027526315709082315,0.013028344232445605
18,decay_q:0.02,history_frequency,0,1000,0.0,0.0,0.003826898586390522
18,decay_q:0.02,reward_learning,152,1000,0.152,0.1310821425815671,0.17558137883456074
18,decay_q:0.02,belief_static,0,1000,0.0,0.0,0.003826898586390522
18,decay_q:0.02,belief_dynamic,123,1000,0.123,0.10407382134719093,0.14481166018694755
18,decay_q:0.02,decay_q:0.02,46,1000,0.046,0.03466231280457309,0.06081251111186951
18,decay_q:0.02,decay_q:0.05,27,1000,0.027,0.018621256649289826,0.03899898941343562
18,decay_q:0.02,decay_q:0.1,26,1000,0.026,0.01780381535792082,0.0378240845019774
18,decay_q:0.02,decay_q:0.2,150,1000,0.15,0.1292097149821607,0.1734691140283127
18,decay_q:0.02,discounted_evidence:0.8,18,1000,0.018,0.011415645858738454,0.02827348437854201
18,decay_q:0.02,discounted_evidence:0.9,88,1000,0.088,0.07198073098543067,0.10717263344975514
18,decay_q:0.02,discounted_evidence:0.95,88,1000,0.088,0.07198073098543067,0.10717263344975514
18,decay_q:0.02,recent_window:5,1,1000,0.001,0.0001765418290572713,0.0056427029601604705
18,decay_q:0.02,recent_window:8,8,1000,0.008,0.004059147003819634,0.01570652120518864
18,decay_q:0.02,unresolved_tie,263,1000,0.263,0.23665639362281327,0.29115755630713597
18,decay_q:0.05,uniform,3,1000,0.003,0.0010207654054443255,0.008783171789427854
18,decay_q:0.05,expertise,0,1000,0.0,0.0,0.003826898586390522
18,decay_q:0.05,repeat_last,4,1000,0.004,0.0015565629678934295,0.010239720429805971
18,decay_q:0.05,win_stay_expertise,4,1000,0.004,0.0015565629678934295,0.010239720429805971
18,decay_q:0.05,history_frequency,0,1000,0.0,0.0,0.003826898586390522
18,decay_q:0.05,reward_learning,153,1000,0.153,0.13201885442660544,0.1766370131923496
18,decay_q:0.05,belief_static,0,1000,0.0,0.0,0.003826898586390522
18,decay_q:0.05,belief_dynamic,165,1000,0.165,0.14328430451009733,0.1892797175427844
18,decay_q:0.05,decay_q:0.02,33,1000,0.033,0.023592783250793958,0.045981540028894805
18,decay_q:0.05,decay_q:0.05,12,1000,0.012,0.006877579092159561,0.020857473928157594
18,decay_q:0.05,decay_q:0.1,8,1000,0.008,0.004059147003819634,0.01570652120518864
18,decay_q:0.05,decay_q:0.2,202,1000,0.202,0.17827716392625706,0.22800366763123178
18,decay_q:0.05,discounted_evidence:0.8,32,1000,0.032,0.02275696612786701,0.04482501094899452
18,decay_q:0.05,discounted_evidence:0.9,107,1000,0.107,0.08932257609530181,0.12768536619360116
18,decay_q:0.05,discounted_evidence:0.95,84,1000,0.084,0.068358553811171,0.10282542581270594
18,decay_q:0.05,recent_window:5,1,1000,0.001,0.0001765418290572713,0.0056427029601604705
18,decay_q:0.05,recent_window:8,16,1000,0.016,0.009872155867426248,0.02583228196419978
18,decay_q:0.05,unresolved_tie,176,1000,0.176,0.15364903702878677,0.2008307932551943
18,decay_q:0.1,uniform,5,1000,0.005,0.0021375039957652504,0.011651125604761368
18,decay_q:0.1,expertise,0,1000,0.0,0.0,0.003826898586390522
18,decay_q:0.1,repeat_last,2,1000,0.002,0.000548632102457155,0.007262958889587807
18,decay_q:0.1,win_stay_expertise,3,1000,0.003,0.0010207654054443255,0.008783171789427854
18,decay_q:0.1,history_frequency,0,1000,0.0,0.0,0.003826898586390522
18,decay_q:0.1,reward_learning,109,1000,0.109,0.09115973208991156,0.12983290260464586
18,decay_q:0.1,belief_static,0,1000,0.0,0.0,0.003826898586390522
18,decay_q:0.1,belief_dynamic,158,1000,0.158,0.1367072897211659,0.18191030891192525
18,decay_q:0.1,decay_q:0.02,39,1000,0.039,0.028658799196088068,0.052869601300564
18,decay_q:0.1,decay_q:0.05,23,1000,0.023,0.015374164302931469,0.0342766969484851
18,decay_q:0.1,decay_q:0.1,22,1000,0.022,0.014572598673771597,0.03308591637481774
18,decay_q:0.1,decay_q:0.2,188,1000,0.188,0.1649943095437335,0.21339367517417424
18,decay_q:0.1,discounted_evidence:0.8,51,1000,0.051,0.03900075064262791,0.06643580428795079
18,decay_q:0.1,discounted_evidence:0.9,113,1000,0.113,0.0948400509652163,0.13412196854065
18,decay_q:0.1,discounted_evidence:0.95,84,1000,0.084,0.068358553811171,0.10282542581270594
18,decay_q:0.1,recent_window:5,4,1000,0.004,0.0015565629678934295,0.010239720429805971
18,decay_q:0.1,recent_window:8,14,1000,0.014,0.008357497449441328,0.023362247976530262
18,decay_q:0.1,unresolved_tie,185,1000,0.185,0.16215440655759755,0.2102565395518285
18,decay_q:0.2,uniform,6,1000,0.006,0.0027526315709082315,0.013028344232445605
18,decay_q:0.2,expertise,0,1000,0.0,0.0,0.003826898586390522
18,decay_q:0.2,repeat_last,0,1000,0.0,0.0,0.003826898586390522
18,decay_q:0.2,win_stay_expertise,6,1000,0.006,0.0027526315709082315,0.013028344232445605
18,decay_q:0.2,history_frequency,0,1000,0.0,0.0,0.003826898586390522
18,decay_q:0.2,reward_learning,97,1000,0.097,0.08016887955855043,0.11691560070208037
18,decay_q:0.2,belief_static,0,1000,0.0,0.0,0.003826898586390522
18,decay_q:0.2,belief_dynamic,149,1000,0.149,0.1282740046402946,0.17241247816735156
18,decay_q:0.2,decay_q:0.02,40,1000,0.04,0.02951080927390945,0.05400993742556984
18,decay_q:0.2,decay_q:0.05,16,1000,0.016,0.009872155867426248,0.02583228196419978
18,decay_q:0.2,decay_q:0.1,24,1000,0.024,0.016180052367186296,0.03546315508705749
18,decay_q:0.2,decay_q:0.2,234,1000,0.234,0.20880755932590186,0.26122835072205797
18,decay_q:0.2,discounted_evidence:0.8,49,1000,0.049,0.03726084730617148,0.06419101521875278
18,decay_q:0.2,discounted_evidence:0.9,109,1000,0.109,0.09115973208991156,0.12983290260464586
18,decay_q:0.2,discounted_evidence:0.95,71,1000,0.071,0.05666945999361375,0.08861401899350932
18,decay_q:0.2,recent_window:5,4,1000,0.004,0.0015565629678934295,0.010239720429805971
18,decay_q:0.2,recent_window:8,4,1000,0.004,0.0015565629678934295,0.010239720429805971
18,decay_q:0.2,unresolved_tie,191,1000,0.191,0.16783652890414247,0.21652849442224692
18,discounted_evidence:0.8,uniform,1,1000,0.001,0.0001765418290572713,0.0056427029601604705
18,discounted_evidence:0.8,expertise,0,1000,0.0,0.0,0.003826898586390522
18,discounted_evidence:0.8,repeat_last,0,1000,0.0,0.0,0.003826898586390522
18,discounted_evidence:0.8,win_stay_expertise,10,1000,0.01,0.005440695309270557,0.01830966530539216
18,discounted_evidence:0.8,history_frequency,0,1000,0.0,0.0,0.003826898586390522
18,discounted_evidence:0.8,reward_learning,0,1000,0.0,0.0,0.003826898586390522
18,discounted_evidence:0.8,belief_static,0,1000,0.0,0.0,0.003826898586390522
18,discounted_evidence:0.8,belief_dynamic,24,1000,0.024,0.016180052367186296,0.03546315508705749
18,discounted_evidence:0.8,decay_q:0.02,0,1000,0.0,0.0,0.003826898586390522
18,discounted_evidence:0.8,decay_q:0.05,1,1000,0.001,0.0001765418290572713,0.0056427029601604705
18,discounted_evidence:0.8,decay_q:0.1,4,1000,0.004,0.0015565629678934295,0.010239720429805971
18,discounted_evidence:0.8,decay_q:0.2,26,1000,0.026,0.01780381535792082,0.0378240845019774
18,discounted_evidence:0.8,discounted_evidence:0.8,562,1000,0.562,0.5310695678304088,0.5924558967448789
18,discounted_evidence:0.8,discounted_evidence:0.9,165,1000,0.165,0.14328430451009733,0.1892797175427844
18,discounted_evidence:0.8,discounted_evidence:0.95,7,1000,0.007,0.0033948250792319975,0.01437849692694906
18,discounted_evidence:0.8,recent_window:5,115,1000,0.115,0.0966831214598715,0.13626359045164926
18,discounted_evidence:0.8,recent_window:8,84,1000,0.084,0.068358553811171,0.10282542581270594
18,discounted_evidence:0.8,unresolved_tie,1,1000,0.001,0.0001765418290572713,0.0056427029601604705
18,discounted_evidence:0.9,uniform,2,1000,0.002,0.000548632102457155,0.007262958889587807
18,discounted_evidence:0.9,expertise,0,1000,0.0,0.0,0.003826898586390522
18,discounted_evidence:0.9,repeat_last,1,1000,0.001,0.0001765418290572713,0.0056427029601604705
18,discounted_evidence:0.9,win_stay_expertise,6,1000,0.006,0.0027526315709082315,0.013028344232445605
18,discounted_evidence:0.9,history_frequency,0,1000,0.0,0.0,0.003826898586390522
18,discounted_evidence:0.9,reward_learning,13,1000,0.013,0.0076127471221297755,0.022114652101014598
18,discounted_evidence:0.9,belief_static,0,1000,0.0,0.0,0.003826898586390522
18,discounted_evidence:0.9,belief_dynamic,119,1000,0.119,0.10037486818688018,0.14054122853594941
18,discounted_evidence:0.9,decay_q:0.02,16,1000,0.016,0.009872155867426248,0.02583228196419978
18,discounted_evidence:0.9,decay_q:0.05,12,1000,0.012,0.006877579092159561,0.020857473928157594
18,discounted_evidence:0.9,decay_q:0.1,14,1000,0.014,0.008357497449441328,0.023362247976530262
18,discounted_evidence:0.9,decay_q:0.2,85,1000,0.085,0.06926305688204971,0.10391326894465445
18,discounted_evidence:0.9,discounted_evidence:0.8,234,1000,0.234,0.20880755932590186,0.26122835072205797
18,discounted_evidence:0.9,discounted_evidence:0.9,298,1000,0.298,0.27046809653354564,0.32707797049535614
18,discounted_evidence:0.9,discounted_evidence:0.95,64,1000,0.064,0.05043597980625934,0.08090107576107321
18,discounted_evidence:0.9,recent_window:5,37,1000,0.037,0.02696102468045289,0.05058268341054474
18,discounted_evidence:0.9,recent_window:8,87,1000,0.087,0.07107415624980785,0.10608686198255073
18,discounted_evidence:0.9,unresolved_tie,12,1000,0.012,0.006877579092159561,0.020857473928157594
18,discounted_evidence:0.95,uniform,1,1000,0.001,0.0001765418290572713,0.0056427029601604705
18,discounted_evidence:0.95,expertise,0,1000,0.0,0.0,0.003826898586390522
18,discounted_evidence:0.95,repeat_last,2,1000,0.002,0.000548632102457155,0.007262958889587807
18,discounted_evidence:0.95,win_stay_expertise,3,1000,0.003,0.0010207654054443255,0.008783171789427854
18,discounted_evidence:0.95,history_frequency,0,1000,0.0,0.0,0.003826898586390522
18,discounted_evidence:0.95,reward_learning,85,1000,0.085,0.06926305688204971,0.10391326894465445
18,discounted_evidence:0.95,belief_static,0,1000,0.0,0.0,0.003826898586390522
18,discounted_evidence:0.95,belief_dynamic,195,1000,0.195,0.17162968644915114,0.22070472168854713
18,discounted_evidence:0.95,decay_q:0.02,31,1000,0.031,0.02192386473850233,0.04366576613553198
18,discounted_evidence:0.95,decay_q:0.05,14,1000,0.014,0.008357497449441328,0.023362247976530262
18,discounted_evidence:0.95,decay_q:0.1,29,1000,0.029,0.02026631563648779,0.04133862283189209
18,discounted_evidence:0.95,decay_q:0.2,156,1000,0.156,0.13483095057810354,0.17980195564933318
18,discounted_evidence:0.95,discounted_evidence:0.8,55,1000,0.055,0.04249722594783333,0.07090871379405425
18,discounted_evidence:0.95,discounted_evidence:0.9,147,1000,0.147,0.12640360474203105,0.1702981856599607
18,discounted_evidence:0.95,discounted_evidence:0.95,116,1000,0.116,0.09760536523654693,0.13733369287780103
18,discounted_evidence:0.95,recent_window:5,4,1000,0.004,0.0015565629678934295,0.010239720429805971
18,discounted_evidence:0.95,recent_window:8,21,1000,0.021,0.013775634089646441,0.03189053475611568
18,discounted_evidence:0.95,unresolved_tie,141,1000,0.141,0.1208007805062944,0.163946932678734
18,recent_window:5,uniform,0,1000,0.0,0.0,0.003826898586390522
18,recent_window:5,expertise,0,1000,0.0,0.0,0.003826898586390522
18,recent_window:5,repeat_last,0,1000,0.0,0.0,0.003826898586390522
18,recent_window:5,win_stay_expertise,0,1000,0.0,0.0,0.003826898586390522
18,recent_window:5,history_frequency,0,1000,0.0,0.0,0.003826898586390522
18,recent_window:5,reward_learning,0,1000,0.0,0.0,0.003826898586390522
18,recent_window:5,belief_static,0,1000,0.0,0.0,0.003826898586390522
18,recent_window:5,belief_dynamic,1,1000,0.001,0.0001765418290572713,0.0056427029601604705
18,recent_window:5,decay_q:0.02,0,1000,0.0,0.0,0.003826898586390522
18,recent_window:5,decay_q:0.05,0,1000,0.0,0.0,0.003826898586390522
18,recent_window:5,decay_q:0.1,0,1000,0.0,0.0,0.003826898586390522
18,recent_window:5,decay_q:0.2,2,1000,0.002,0.000548632102457155,0.007262958889587807
18,recent_window:5,discounted_evidence:0.8,109,1000,0.109,0.09115973208991156,0.12983290260464586
18,recent_window:5,discounted_evidence:0.9,15,1000,0.015,0.00911089683719635,0.02460119479160246
18,recent_window:5,discounted_evidence:0.95,0,1000,0.0,0.0,0.003826898586390522
18,recent_window:5,recent_window:5,833,1000,0.833,0.80861746942018,0.8548338161212838
18,recent_window:5,recent_window:8,40,1000,0.04,0.02951080927390945,0.05400993742556984
18,recent_window:5,unresolved_tie,0,1000,0.0,0.0,0.003826898586390522
18,recent_window:8,uniform,0,1000,0.0,0.0,0.003826898586390522
18,recent_window:8,expertise,0,1000,0.0,0.0,0.003826898586390522
18,recent_window:8,repeat_last,0,1000,0.0,0.0,0.003826898586390522
18,recent_window:8,win_stay_expertise,0,1000,0.0,0.0,0.003826898586390522
18,recent_window:8,history_frequency,0,1000,0.0,0.0,0.003826898586390522
18,recent_window:8,reward_learning,0,1000,0.0,0.0,0.003826898586390522
18,recent_window:8,belief_static,0,1000,0.0,0.0,0.003826898586390522
18,recent_window:8,belief_dynamic,10,1000,0.01,0.005440695309270557,0.01830966530539216
18,recent_window:8,decay_q:0.02,1,1000,0.001,0.0001765418290572713,0.0056427029601604705
18,recent_window:8,decay_q:0.05,2,1000,0.002,0.000548632102457155,0.007262958889587807
18,recent_window:8,decay_q:0.1,1,1000,0.001,0.0001765418290572713,0.0056427029601604705
18,recent_window:8,decay_q:0.2,1,1000,0.001,0.0001765418290572713,0.0056427029601604705
18,recent_window:8,discounted_evidence:0.8,58,1000,0.058,0.045133070071593756,0.07424990827877548
18,recent_window:8,discounted_evidence:0.9,33,1000,0.033,0.023592783250793958,0.045981540028894805
18,recent_window:8,discounted_evidence:0.95,3,1000,0.003,0.0010207654054443255,0.008783171789427854
18,recent_window:8,recent_window:5,39,1000,0.039,0.028658799196088068,0.052869601300564
18,recent_window:8,recent_window:8,852,1000,0.852,0.8286444970153862,0.872661366379795
18,recent_window:8,unresolved_tie,0,1000,0.0,0.0,0.003826898586390522
36,uniform,uniform,1000,1000,1.0,0.9961731014136095,1.0
36,uniform,expertise,0,1000,0.0,0.0,0.003826898586390522
36,uniform,repeat_last,0,1000,0.0,0.0,0.003826898586390522
36,uniform,win_stay_expertise,0,1000,0.0,0.0,0.003826898586390522
36,uniform,history_frequency,0,1000,0.0,0.0,0.003826898586390522
36,uniform,reward_learning,0,1000,0.0,0.0,0.003826898586390522
36,uniform,belief_static,0,1000,0.0,0.0,0.003826898586390522
36,uniform,belief_dynamic,0,1000,0.0,0.0,0.003826898586390522
36,uniform,decay_q:0.02,0,1000,0.0,0.0,0.003826898586390522
36,uniform,decay_q:0.05,0,1000,0.0,0.0,0.003826898586390522
36,uniform,decay_q:0.1,0,1000,0.0,0.0,0.003826898586390522
36,uniform,decay_q:0.2,0,1000,0.0,0.0,0.003826898586390522
36,uniform,discounted_evidence:0.8,0,1000,0.0,0.0,0.003826898586390522
36,uniform,discounted_evidence:0.9,0,1000,0.0,0.0,0.003826898586390522
36,uniform,discounted_evidence:0.95,0,1000,0.0,0.0,0.003826898586390522
36,uniform,recent_window:5,0,1000,0.0,0.0,0.003826898586390522
36,uniform,recent_window:8,0,1000,0.0,0.0,0.003826898586390522
36,uniform,unresolved_tie,0,1000,0.0,0.0,0.003826898586390522
36,expertise,uniform,0,1000,0.0,0.0,0.003826898586390522
36,expertise,expertise,1000,1000,1.0,0.9961731014136095,1.0
36,expertise,repeat_last,0,1000,0.0,0.0,0.003826898586390522
36,expertise,win_stay_expertise,0,1000,0.0,0.0,0.003826898586390522
36,expertise,history_frequency,0,1000,0.0,0.0,0.003826898586390522
36,expertise,reward_learning,0,1000,0.0,0.0,0.003826898586390522
36,expertise,belief_static,0,1000,0.0,0.0,0.003826898586390522
36,expertise,belief_dynamic,0,1000,0.0,0.0,0.003826898586390522
36,expertise,decay_q:0.02,0,1000,0.0,0.0,0.003826898586390522
36,expertise,decay_q:0.05,0,1000,0.0,0.0,0.003826898586390522
36,expertise,decay_q:0.1,0,1000,0.0,0.0,0.003826898586390522
36,expertise,decay_q:0.2,0,1000,0.0,0.0,0.003826898586390522
36,expertise,discounted_evidence:0.8,0,1000,0.0,0.0,0.003826898586390522
36,expertise,discounted_evidence:0.9,0,1000,0.0,0.0,0.003826898586390522
36,expertise,discounted_evidence:0.95,0,1000,0.0,0.0,0.003826898586390522
36,expertise,recent_window:5,0,1000,0.0,0.0,0.003826898586390522
36,expertise,recent_window:8,0,1000,0.0,0.0,0.003826898586390522
36,expertise,unresolved_tie,0,1000,0.0,0.0,0.003826898586390522
36,repeat_last,uniform,0,1000,0.0,0.0,0.003826898586390522
36,repeat_last,expertise,0,1000,0.0,0.0,0.003826898586390522
36,repeat_last,repeat_last,999,1000,0.999,0.9943572970398398,0.9998234581709429
36,repeat_last,win_stay_expertise,0,1000,0.0,0.0,0.003826898586390522
36,repeat_last,history_frequency,0,1000,0.0,0.0,0.003826898586390522
36,repeat_last,reward_learning,1,1000,0.001,0.0001765418290572713,0.0056427029601604705
36,repeat_last,belief_static,0,1000,0.0,0.0,0.003826898586390522
36,repeat_last,belief_dynamic,0,1000,0.0,0.0,0.003826898586390522
36,repeat_last,decay_q:0.02,0,1000,0.0,0.0,0.003826898586390522
36,repeat_last,decay_q:0.05,0,1000,0.0,0.0,0.003826898586390522
36,repeat_last,decay_q:0.1,0,1000,0.0,0.0,0.003826898586390522
36,repeat_last,decay_q:0.2,0,1000,0.0,0.0,0.003826898586390522
36,repeat_last,discounted_evidence:0.8,0,1000,0.0,0.0,0.003826898586390522
36,repeat_last,discounted_evidence:0.9,0,1000,0.0,0.0,0.003826898586390522
36,repeat_last,discounted_evidence:0.95,0,1000,0.0,0.0,0.003826898586390522
36,repeat_last,recent_window:5,0,1000,0.0,0.0,0.003826898586390522
36,repeat_last,recent_window:8,0,1000,0.0,0.0,0.003826898586390522
36,repeat_last,unresolved_tie,0,1000,0.0,0.0,0.003826898586390522
36,win_stay_expertise,uniform,0,1000,0.0,0.0,0.003826898586390522
36,win_stay_expertise,expertise,0,1000,0.0,0.0,0.003826898586390522
36,win_stay_expertise,repeat_last,0,1000,0.0,0.0,0.003826898586390522
36,win_stay_expertise,win_stay_expertise,999,1000,0.999,0.9943572970398398,0.9998234581709429
36,win_stay_expertise,history_frequency,0,1000,0.0,0.0,0.003826898586390522
36,win_stay_expertise,reward_learning,0,1000,0.0,0.0,0.003826898586390522
36,win_stay_expertise,belief_static,0,1000,0.0,0.0,0.003826898586390522
36,win_stay_expertise,belief_dynamic,0,1000,0.0,0.0,0.003826898586390522
36,win_stay_expertise,decay_q:0.02,0,1000,0.0,0.0,0.003826898586390522
36,win_stay_expertise,decay_q:0.05,0,1000,0.0,0.0,0.003826898586390522
36,win_stay_expertise,decay_q:0.1,0,1000,0.0,0.0,0.003826898586390522
36,win_stay_expertise,decay_q:0.2,1,1000,0.001,0.0001765418290572713,0.0056427029601604705
36,win_stay_expertise,discounted_evidence:0.8,0,1000,0.0,0.0,0.003826898586390522
36,win_stay_expertise,discounted_evidence:0.9,0,1000,0.0,0.0,0.003826898586390522
36,win_stay_expertise,discounted_evidence:0.95,0,1000,0.0,0.0,0.003826898586390522
36,win_stay_expertise,recent_window:5,0,1000,0.0,0.0,0.003826898586390522
36,win_stay_expertise,recent_window:8,0,1000,0.0,0.0,0.003826898586390522
36,win_stay_expertise,unresolved_tie,0,1000,0.0,0.0,0.003826898586390522
36,history_frequency,uniform,0,1000,0.0,0.0,0.003826898586390522
36,history_frequency,expertise,0,1000,0.0,0.0,0.003826898586390522
36,history_frequency,repeat_last,2,1000,0.002,0.000548632102457155,0.007262958889587807
36,history_frequency,win_stay_expertise,0,1000,0.0,0.0,0.003826898586390522
36,history_frequency,history_frequency,0,1000,0.0,0.0,0.003826898586390522
36,history_frequency,reward_learning,163,1000,0.163,0.14140362461572464,0.1871757050315026
36,history_frequency,belief_static,0,1000,0.0,0.0,0.003826898586390522
36,history_frequency,belief_dynamic,50,1000,0.05,0.03813007264328189,0.0653141360844696
36,history_frequency,decay_q:0.02,27,1000,0.027,0.018621256649289826,0.03899898941343562
36,history_frequency,decay_q:0.05,9,1000,0.009,0.004742006589011481,0.017016007822824013
36,history_frequency,decay_q:0.1,4,1000,0.004,0.0015565629678934295,0.010239720429805971
36,history_frequency,decay_q:0.2,103,1000,0.103,0.08565451806760464,0.12338403940998945
36,history_frequency,discounted_evidence:0.8,0,1000,0.0,0.0,0.003826898586390522
36,history_frequency,discounted_evidence:0.9,6,1000,0.006,0.0027526315709082315,0.013028344232445605
36,history_frequency,discounted_evidence:0.95,35,1000,0.035,0.025272112485012703,0.0482869032003305
36,history_frequency,recent_window:5,0,1000,0.0,0.0,0.003826898586390522
36,history_frequency,recent_window:8,0,1000,0.0,0.0,0.003826898586390522
36,history_frequency,unresolved_tie,601,1000,0.601,0.5703176774386458,0.6309092890469032
36,reward_learning,uniform,0,1000,0.0,0.0,0.003826898586390522
36,reward_learning,expertise,0,1000,0.0,0.0,0.003826898586390522
36,reward_learning,repeat_last,1,1000,0.001,0.0001765418290572713,0.0056427029601604705
36,reward_learning,win_stay_expertise,1,1000,0.001,0.0001765418290572713,0.0056427029601604705
36,reward_learning,history_frequency,0,1000,0.0,0.0,0.003826898586390522
36,reward_learning,reward_learning,243,1000,0.243,0.21743301163142034,0.2705340142419844
36,reward_learning,belief_static,0,1000,0.0,0.0,0.003826898586390522
36,reward_learning,belief_dynamic,77,1000,0.077,0.06204766009579463,0.09518989610829176
36,reward_learning,decay_q:0.02,68,1000,0.068,0.05399222846448211,0.08531421191415932
36,reward_learning,decay_q:0.05,29,1000,0.029,0.02026631563648779,0.04133862283189209
36,reward_learning,decay_q:0.1,22,1000,0.022,0.014572598673771597,0.03308591637481774
36,reward_learning,decay_q:0.2,137,1000,0.137,0.11707278963803953,0.15970553873568002
36,reward_learning,discounted_evidence:0.8,1,1000,0.001,0.0001765418290572713,0.0056427029601604705
36,reward_learning,discounted_evidence:0.9,34,1000,0.034,0.024431201022401962,0.04713546846011402
36,reward_learning,discounted_evidence:0.95,87,1000,0.087,0.07107415624980785,0.10608686198255073
36,reward_learning,recent_window:5,0,1000,0.0,0.0,0.003826898586390522
36,reward_learning,recent_window:8,0,1000,0.0,0.0,0.003826898586390522
36,reward_learning,unresolved_tie,300,1000,0.3,0.272406351009411,0.32912440842514523
36,belief_static,uniform,0,1000,0.0,0.0,0.003826898586390522
36,belief_static,expertise,0,1000,0.0,0.0,0.003826898586390522
36,belief_static,repeat_last,0,1000,0.0,0.0,0.003826898586390522
36,belief_static,win_stay_expertise,0,1000,0.0,0.0,0.003826898586390522
36,belief_static,history_frequency,0,1000,0.0,0.0,0.003826898586390522
36,belief_static,reward_learning,145,1000,0.145,0.12453458493047026,0.168182513065867
36,belief_static,belief_static,0,1000,0.0,0.0,0.003826898586390522
36,belief_static,belief_dynamic,45,1000,0.045,0.033799334842846314,0.05968314287076907
36,belief_static,decay_q:0.02,34,1000,0.034,0.024431201022401962,0.04713546846011402
36,belief_static,decay_q:0.05,10,1000,0.01,0.005440695309270557,0.01830966530539216
36,belief_static,decay_q:0.1,7,1000,0.007,0.0033948250792319975,0.01437849692694906
36,belief_static,decay_q:0.2,91,1000,0.091,0.07470443222228819,0.11042597082137927
36,belief_static,discounted_evidence:0.8,0,1000,0.0,0.0,0.003826898586390522
36,belief_static,discounted_evidence:0.9,5,1000,0.005,0.0021375039957652504,0.011651125604761368
36,belief_static,discounted_evidence:0.95,29,1000,0.029,0.02026631563648779,0.04133862283189209
36,belief_static,recent_window:5,0,1000,0.0,0.0,0.003826898586390522
36,belief_static,recent_window:8,0,1000,0.0,0.0,0.003826898586390522
36,belief_static,unresolved_tie,634,1000,0.634,0.6036833061797525,0.6632910849990948
36,belief_dynamic,uniform,0,1000,0.0,0.0,0.003826898586390522
36,belief_dynamic,expertise,0,1000,0.0,0.0,0.003826898586390522
36,belief_dynamic,repeat_last,0,1000,0.0,0.0,0.003826898586390522
36,belief_dynamic,win_stay_expertise,0,1000,0.0,0.0,0.003826898586390522
36,belief_dynamic,history_frequency,0,1000,0.0,0.0,0.003826898586390522
36,belief_dynamic,reward_learning,51,1000,0.051,0.03900075064262791,0.06643580428795079
36,belief_dynamic,belief_static,0,1000,0.0,0.0,0.003826898586390522
36,belief_dynamic,belief_dynamic,335,1000,0.335,0.3064263694110255,0.3648365071224835
36,belief_dynamic,decay_q:0.02,37,1000,0.037,0.02696102468045289,0.05058268341054474
36,belief_dynamic,decay_q:0.05,21,1000,0.021,0.013775634089646441,0.03189053475611568
36,belief_dynamic,decay_q:0.1,27,1000,0.027,0.018621256649289826,0.03899898941343562
36,belief_dynamic,decay_q:0.2,140,1000,0.14,0.11986822971832733,0.16288713726387388
36,belief_dynamic,discounted_evidence:0.8,32,1000,0.032,0.02275696612786701,0.04482501094899452
36,belief_dynamic,discounted_evidence:0.9,200,1000,0.2,0.17637667806123578,0.2259194610905986
36,belief_dynamic,discounted_evidence:0.95,97,1000,0.097,0.08016887955855043,0.11691560070208037
36,belief_dynamic,recent_window:5,0,1000,0.0,0.0,0.003826898586390522
36,belief_dynamic,recent_window:8,6,1000,0.006,0.0027526315709082315,0.013028344232445605
36,belief_dynamic,unresolved_tie,54,1000,0.054,0.04162111458513981,0.06979247895392054
36,decay_q:0.02,uniform,0,1000,0.0,0.0,0.003826898586390522
36,decay_q:0.02,expertise,0,1000,0.0,0.0,0.003826898586390522
36,decay_q:0.02,repeat_last,1,1000,0.001,0.0001765418290572713,0.0056427029601604705
36,decay_q:0.02,win_stay_expertise,0,1000,0.0,0.0,0.003826898586390522
36,decay_q:0.02,history_frequency,0,1000,0.0,0.0,0.003826898586390522
36,decay_q:0.02,reward_learning,191,1000,0.191,0.16783652890414247,0.21652849442224692
36,decay_q:0.02,belief_static,0,1000,0.0,0.0,0.003826898586390522
36,decay_q:0.02,belief_dynamic,128,1000,0.128,0.10870719327761863,0.15014001927065596
36,decay_q:0.02,decay_q:0.02,91,1000,0.091,0.07470443222228819,0.11042597082137927
36,decay_q:0.02,decay_q:0.05,27,1000,0.027,0.018621256649289826,0.03899898941343562
36,decay_q:0.02,decay_q:0.1,25,1000,0.025,0.016990011790561223,0.036645541866509784
36,decay_q:0.02,decay_q:0.2,150,1000,0.15,0.1292097149821607,0.1734691140283127
36,decay_q:0.02,discounted_evidence:0.8,0,1000,0.0,0.0,0.003826898586390522
36,decay_q:0.02,discounted_evidence:0.9,43,1000,0.043,0.03207848108830104,0.057419304219659906
36,decay_q:0.02,discounted_evidence:0.95,101,1000,0.101,0.08382372191011535,0.12123014316182433
36,decay_q:0.02,recent_window:5,0,1000,0.0,0.0,0.003826898586390522
36,decay_q:0.02,recent_window:8,1,1000,0.001,0.0001765418290572713,0.0056427029601604705
36,decay_q:0.02,unresolved_tie,242,1000,0.242,0.2164738374441772,0.26950084222640036
36,decay_q:0.05,uniform,0,1000,0.0,0.0,0.003826898586390522
36,decay_q:0.05,expertise,0,1000,0.0,0.0,0.003826898586390522
36,decay_q:0.05,repeat_last,0,1000,0.0,0.0,0.003826898586390522
36,decay_q:0.05,win_stay_expertise,1,1000,0.001,0.0001765418290572713,0.0056427029601604705
36,decay_q:0.05,history_frequency,0,1000,0.0,0.0,0.003826898586390522
36,decay_q:0.05,reward_learning,158,1000,0.158,0.1367072897211659,0.18191030891192525
36,decay_q:0.05,belief_static,0,1000,0.0,0.0,0.003826898586390522
36,decay_q:0.05,belief_dynamic,133,1000,0.133,0.11335082497407287,0.15545811858833783
36,decay_q:0.05,decay_q:0.02,78,1000,0.078,0.0629469187422331,0.09628298366468052
36,decay_q:0.05,decay_q:0.05,46,1000,0.046,0.03466231280457309,0.06081251111186951
36,decay_q:0.05,decay_q:0.1,30,1000,0.03,0.021093603189697094,0.04250368148151
36,decay_q:0.05,decay_q:0.2,179,1000,0.179,0.15648172434680807,0.20397514454565469
36,decay_q:0.05,discounted_evidence:0.8,6,1000,0.006,0.0027526315709082315,0.013028344232445605
36,decay_q:0.05,discounted_evidence:0.9,93,1000,0.093,0.07652345008781691,0.11259164536150498
36,decay_q:0.05,discounted_evidence:0.95,135,1000,0.135,0.11521104013883013,0.15758259582923498
36,decay_q:0.05,recent_window:5,0,1000,0.0,0.0,0.003826898586390522
36,decay_q:0.05,recent_window:8,2,1000,0.002,0.000548632102457155,0.007262958889587807
36,decay_q:0.05,unresolved_tie,139,1000,0.139,0.11893604544071834,0.1618269753386557
36,decay_q:0.1,uniform,0,1000,0.0,0.0,0.003826898586390522
36,decay_q:0.1,expertise,0,1000,0.0,0.0,0.003826898586390522
36,decay_q:0.1,repeat_last,0,1000,0.0,0.0,0.003826898586390522
36,decay_q:0.1,win_stay_expertise,0,1000,0.0,0.0,0.003826898586390522
36,decay_q:0.1,history_frequency,0,1000,0.0,0.0,0.003826898586390522
36,decay_q:0.1,reward_learning,98,1000,0.098,0.08108172764860938,0.11799509881484863
36,decay_q:0.1,belief_static,0,1000,0.0,0.0,0.003826898586390522
36,decay_q:0.1,belief_dynamic,164,1000,0.164,0.1423438135383711,0.18822786231168337
36,decay_q:0.1,decay_q:0.02,70,1000,0.07,0.055776130777577704,0.08751500200671816
36,decay_q:0.1,decay_q:0.05,41,1000,0.041,0.03036480400090244,0.055148288901404066
36,decay_q:0.1,decay_q:0.1,36,1000,0.036,0.026115418024352906,0.0494359438638175
36,decay_q:0.1,decay_q:0.2,209,1000,0.209,0.18493627231405968,0.23529098266321963
36,decay_q:0.1,discounted_evidence:0.8,18,1000,0.018,0.011415645858738454,0.02827348437854201
36,decay_q:0.1,discounted_evidence:0.9,124,1000,0.124,0.10499965005666721,0.14587817768029848
36,decay_q:0.1,discounted_evidence:0.95,121,1000,0.121,0.1022234632314399,0.14267732589704413
36,decay_q:0.1,recent_window:5,0,1000,0.0,0.0,0.003826898586390522
36,decay_q:0.1,recent_window:8,1,1000,0.001,0.0001765418290572713,0.0056427029601604705
36,decay_q:0.1,unresolved_tie,118,1000,0.118,0.0994512436719432,0.13947250684805915
36,decay_q:0.2,uniform,0,1000,0.0,0.0,0.003826898586390522
36,decay_q:0.2,expertise,0,1000,0.0,0.0,0.003826898586390522
36,decay_q:0.2,repeat_last,0,1000,0.0,0.0,0.003826898586390522
36,decay_q:0.2,win_stay_expertise,1,1000,0.001,0.0001765418290572713,0.0056427029601604705
36,decay_q:0.2,history_frequency,0,1000,0.0,0.0,0.003826898586390522
36,decay_q:0.2,reward_learning,105,1000,0.105,0.08748748752043772,0.1255357623628108
36,decay_q:0.2,belief_static,0,1000,0.0,0.0,0.003826898586390522
36,decay_q:0.2,belief_dynamic,163,1000,0.163,0.14140362461572464,0.1871757050315026
36,decay_q:0.2,decay_q:0.02,62,1000,0.062,0.04866396326101466,0.07868839990066345
36,decay_q:0.2,decay_q:0.05,23,1000,0.023,0.015374164302931469,0.0342766969484851
36,decay_q:0.2,decay_q:0.1,26,1000,0.026,0.01780381535792082,0.0378240845019774
36,decay_q:0.2,decay_q:0.2,277,1000,0.277,0.25015601411118915,0.3055507826583411
36,decay_q:0.2,discounted_evidence:0.8,11,1000,0.011,0.006153110089114165,0.01958959672837577
36,decay_q:0.2,discounted_evidence:0.9,94,1000,0.094,0.07743389633418887,0.11367354531796026
36,decay_q:0.2,discounted_evidence:0.95,83,1000,0.083,0.06745476337992819,0.10173687004112154
36,decay_q:0.2,recent_window:5,0,1000,0.0,0.0,0.003826898586390522
36,decay_q:0.2,recent_window:8,0,1000,0.0,0.0,0.003826898586390522
36,decay_q:0.2,unresolved_tie,155,1000,0.155,0.13389326100256138,0.1787472990220481
36,discounted_evidence:0.8,uniform,0,1000,0.0,0.0,0.003826898586390522
36,discounted_evidence:0.8,expertise,0,1000,0.0,0.0,0.003826898586390522
36,discounted_evidence:0.8,repeat_last,0,1000,0.0,0.0,0.003826898586390522
36,discounted_evidence:0.8,win_stay_expertise,1,1000,0.001,0.0001765418290572713,0.0056427029601604705
36,discounted_evidence:0.8,history_frequency,0,1000,0.0,0.0,0.003826898586390522
36,discounted_evidence:0.8,reward_learning,0,1000,0.0,0.0,0.003826898586390522
36,discounted_evidence:0.8,belief_static,0,1000,0.0,0.0,0.003826898586390522
36,discounted_evidence:0.8,belief_dynamic,10,1000,0.01,0.005440695309270557,0.01830966530539216
36,discounted_evidence:0.8,decay_q:0.02,0,1000,0.0,0.0,0.003826898586390522
36,discounted_evidence:0.8,decay_q:0.05,0,1000,0.0,0.0,0.003826898586390522
36,discounted_evidence:0.8,decay_q:0.1,2,1000,0.002,0.000548632102457155,0.007262958889587807
36,discounted_evidence:0.8,decay_q:0.2,4,1000,0.004,0.0015565629678934295,0.010239720429805971
36,discounted_evidence:0.8,discounted_evidence:0.8,749,1000,0.749,0.7212075582644133,0.7748866462395643
36,discounted_evidence:0.8,discounted_evidence:0.9,143,1000,0.143,0.12266696873653779,0.16606543685414507
36,discounted_evidence:0.8,discounted_evidence:0.95,1,1000,0.001,0.0001765418290572713,0.0056427029601604705
36,discounted_evidence:0.8,recent_window:5,46,1000,0.046,0.03466231280457309,0.06081251111186951
36,discounted_evidence:0.8,recent_window:8,44,1000,0.044,0.03293803969043349,0.058552091820354674
36,discounted_evidence:0.8,unresolved_tie,0,1000,0.0,0.0,0.003826898586390522
36,discounted_evidence:0.9,uniform,0,1000,0.0,0.0,0.003826898586390522
36,discounted_evidence:0.9,expertise,0,1000,0.0,0.0,0.003826898586390522
36,discounted_evidence:0.9,repeat_last,0,1000,0.0,0.0,0.003826898586390522
36,discounted_evidence:0.9,win_stay_expertise,0,1000,0.0,0.0,0.003826898586390522
36,discounted_evidence:0.9,history_frequency,0,1000,0.0,0.0,0.003826898586390522
36,discounted_evidence:0.9,reward_learning,4,1000,0.004,0.0015565629678934295,0.010239720429805971
36,discounted_evidence:0.9,belief_static,0,1000,0.0,0.0,0.003826898586390522
36,discounted_evidence:0.9,belief_dynamic,135,1000,0.135,0.11521104013883013,0.15758259582923498
36,discounted_evidence:0.9,decay_q:0.02,7,1000,0.007,0.0033948250792319975,0.01437849692694906
36,discounted_evidence:0.9,decay_q:0.05,6,1000,0.006,0.0027526315709082315,0.013028344232445605
36,discounted_evidence:0.9,decay_q:0.1,20,1000,0.02,0.012983581129037627,0.03069024151389728
36,discounted_evidence:0.9,decay_q:0.2,65,1000,0.065,0.05132354738787931,0.08200585438228047
36,discounted_evidence:0.9,discounted_evidence:0.8,178,1000,0.178,0.15553722047993956,0.20292730220969596
36,discounted_evidence:0.9,discounted_evidence:0.9,491,1000,0.491,0.46010846831005414,0.5219604158645009
36,discounted_evidence:0.9,discounted_evidence:0.95,65,1000,0.065,0.05132354738787931,0.08200585438228047
36,discounted_evidence:0.9,recent_window:5,3,1000,0.003,0.0010207654054443255,0.008783171789427854
36,discounted_evidence:0.9,recent_window:8,24,1000,0.024,0.016180052367186296,0.03546315508705749
36,discounted_evidence:0.9,unresolved_tie,2,1000,0.002,0.000548632102457155,0.007262958889587807
36,discounted_evidence:0.95,uniform,0,1000,0.0,0.0,0.003826898586390522
36,discounted_evidence:0.95,expertise,0,1000,0.0,0.0,0.003826898586390522
36,discounted_evidence:0.95,repeat_last,0,1000,0.0,0.0,0.003826898586390522
36,discounted_evidence:0.95,win_stay_expertise,1,1000,0.001,0.0001765418290572713,0.0056427029601604705
36,discounted_evidence:0.95,history_frequency,0,1000,0.0,0.0,0.003826898586390522
36,discounted_evidence:0.95,reward_learning,86,1000,0.086,0.07016826133956046,0.10500041068997089
36,discounted_evidence:0.95,belief_static,0,1000,0.0,0.0,0.003826898586390522
36,discounted_evidence:0.95,belief_dynamic,197,1000,0.197,0.173527752304166,0.22279134823918673
36,discounted_evidence:0.95,decay_q:0.02,53,1000,0.053,0.040746308422339304,0.06867493891389383
36,discounted_evidence:0.95,decay_q:0.05,32,1000,0.032,0.02275696612786701,0.04482501094899452
36,discounted_evidence:0.95,decay_q:0.1,35,1000,0.035,0.025272112485012703,0.0482869032003305
36,discounted_evidence:0.95,decay_q:0.2,136,1000,0.136,0.1161417248723622,0.15864425729853016
36,discounted_evidence:0.95,discounted_evidence:0.8,14,1000,0.014,0.008357497449441328,0.023362247976530262
36,discounted_evidence:0.95,discounted_evidence:0.9,178,1000,0.178,0.15553722047993956,0.20292730220969596
36,discounted_evidence:0.95,discounted_evidence:0.95,171,1000,0.171,0.1489334730570256,0.1955846262128194
36,discounted_evidence:0.95,recent_window:5,0,1000,0.0,0.0,0.003826898586390522
36,discounted_evidence:0.95,recent_window:8,3,1000,0.003,0.0010207654054443255,0.008783171789427854
36,discounted_evidence:0.95,unresolved_tie,94,1000,0.094,0.07743389633418887,0.11367354531796026
36,recent_window:5,uniform,0,1000,0.0,0.0,0.003826898586390522
36,recent_window:5,expertise,0,1000,0.0,0.0,0.003826898586390522
36,recent_window:5,repeat_last,0,1000,0.0,0.0,0.003826898586390522
36,recent_window:5,win_stay_expertise,0,1000,0.0,0.0,0.003826898586390522
36,recent_window:5,history_frequency,0,1000,0.0,0.0,0.003826898586390522
36,recent_window:5,reward_learning,0,1000,0.0,0.0,0.003826898586390522
36,recent_window:5,belief_static,0,1000,0.0,0.0,0.003826898586390522
36,recent_window:5,belief_dynamic,0,1000,0.0,0.0,0.003826898586390522
36,recent_window:5,decay_q:0.02,0,1000,0.0,0.0,0.003826898586390522
36,recent_window:5,decay_q:0.05,0,1000,0.0,0.0,0.003826898586390522
36,recent_window:5,decay_q:0.1,0,1000,0.0,0.0,0.003826898586390522
36,recent_window:5,decay_q:0.2,0,1000,0.0,0.0,0.003826898586390522
36,recent_window:5,discounted_evidence:0.8,42,1000,0.042,0.031220715828023885,0.05628472327710986
36,recent_window:5,discounted_evidence:0.9,1,1000,0.001,0.0001765418290572713,0.0056427029601604705
36,recent_window:5,discounted_evidence:0.95,0,1000,0.0,0.0,0.003826898586390522
36,recent_window:5,recent_window:5,943,1000,0.943,0.9268626022720123,0.9557467655804457
36,recent_window:5,recent_window:8,14,1000,0.014,0.008357497449441328,0.023362247976530262
36,recent_window:5,unresolved_tie,0,1000,0.0,0.0,0.003826898586390522
36,recent_window:8,uniform,0,1000,0.0,0.0,0.003826898586390522
36,recent_window:8,expertise,0,1000,0.0,0.0,0.003826898586390522
36,recent_window:8,repeat_last,0,1000,0.0,0.0,0.003826898586390522
36,recent_window:8,win_stay_expertise,0,1000,0.0,0.0,0.003826898586390522
36,recent_window:8,history_frequency,0,1000,0.0,0.0,0.003826898586390522
36,recent_window:8,reward_learning,0,1000,0.0,0.0,0.003826898586390522
36,recent_window:8,belief_static,0,1000,0.0,0.0,0.003826898586390522
36,recent_window:8,belief_dynamic,0,1000,0.0,0.0,0.003826898586390522
36,recent_window:8,decay_q:0.02,0,1000,0.0,0.0,0.003826898586390522
36,recent_window:8,decay_q:0.05,0,1000,0.0,0.0,0.003826898586390522
36,recent_window:8,decay_q:0.1,0,1000,0.0,0.0,0.003826898586390522
36,recent_window:8,decay_q:0.2,0,1000,0.0,0.0,0.003826898586390522
36,recent_window:8,discounted_evidence:0.8,25,1000,0.025,0.016990011790561223,0.036645541866509784
36,recent_window:8,discounted_evidence:0.9,17,1000,0.017,0.010640599663218203,0.027056184371235047
36,recent_window:8,discounted_evidence:0.95,0,1000,0.0,0.0,0.003826898586390522
36,recent_window:8,recent_window:5,19,1000,0.019,0.012196787737404147,0.029484688702703543
36,recent_window:8,recent_window:8,939,1000,0.939,0.922419543452788,0.9522204395883611
36,recent_window:8,unresolved_tie,0,1000,0.0,0.0,0.003826898586390522
72,uniform,uniform,1000,1000,1.0,0.9961731014136095,1.0
72,uniform,expertise,0,1000,0.0,0.0,0.003826898586390522
72,uniform,repeat_last,0,1000,0.0,0.0,0.003826898586390522
72,uniform,win_stay_expertise,0,1000,0.0,0.0,0.003826898586390522
72,uniform,history_frequency,0,1000,0.0,0.0,0.003826898586390522
72,uniform,reward_learning,0,1000,0.0,0.0,0.003826898586390522
72,uniform,belief_static,0,1000,0.0,0.0,0.003826898586390522
72,uniform,belief_dynamic,0,1000,0.0,0.0,0.003826898586390522
72,uniform,decay_q:0.02,0,1000,0.0,0.0,0.003826898586390522
72,uniform,decay_q:0.05,0,1000,0.0,0.0,0.003826898586390522
72,uniform,decay_q:0.1,0,1000,0.0,0.0,0.003826898586390522
72,uniform,decay_q:0.2,0,1000,0.0,0.0,0.003826898586390522
72,uniform,discounted_evidence:0.8,0,1000,0.0,0.0,0.003826898586390522
72,uniform,discounted_evidence:0.9,0,1000,0.0,0.0,0.003826898586390522
72,uniform,discounted_evidence:0.95,0,1000,0.0,0.0,0.003826898586390522
72,uniform,recent_window:5,0,1000,0.0,0.0,0.003826898586390522
72,uniform,recent_window:8,0,1000,0.0,0.0,0.003826898586390522
72,uniform,unresolved_tie,0,1000,0.0,0.0,0.003826898586390522
72,expertise,uniform,0,1000,0.0,0.0,0.003826898586390522
72,expertise,expertise,1000,1000,1.0,0.9961731014136095,1.0
72,expertise,repeat_last,0,1000,0.0,0.0,0.003826898586390522
72,expertise,win_stay_expertise,0,1000,0.0,0.0,0.003826898586390522
72,expertise,history_frequency,0,1000,0.0,0.0,0.003826898586390522
72,expertise,reward_learning,0,1000,0.0,0.0,0.003826898586390522
72,expertise,belief_static,0,1000,0.0,0.0,0.003826898586390522
72,expertise,belief_dynamic,0,1000,0.0,0.0,0.003826898586390522
72,expertise,decay_q:0.02,0,1000,0.0,0.0,0.003826898586390522
72,expertise,decay_q:0.05,0,1000,0.0,0.0,0.003826898586390522
72,expertise,decay_q:0.1,0,1000,0.0,0.0,0.003826898586390522
72,expertise,decay_q:0.2,0,1000,0.0,0.0,0.003826898586390522
72,expertise,discounted_evidence:0.8,0,1000,0.0,0.0,0.003826898586390522
72,expertise,discounted_evidence:0.9,0,1000,0.0,0.0,0.003826898586390522
72,expertise,discounted_evidence:0.95,0,1000,0.0,0.0,0.003826898586390522
72,expertise,recent_window:5,0,1000,0.0,0.0,0.003826898586390522
72,expertise,recent_window:8,0,1000,0.0,0.0,0.003826898586390522
72,expertise,unresolved_tie,0,1000,0.0,0.0,0.003826898586390522
72,repeat_last,uniform,0,1000,0.0,0.0,0.003826898586390522
72,repeat_last,expertise,0,1000,0.0,0.0,0.003826898586390522
72,repeat_last,repeat_last,1000,1000,1.0,0.9961731014136095,1.0
72,repeat_last,win_stay_expertise,0,1000,0.0,0.0,0.003826898586390522
72,repeat_last,history_frequency,0,1000,0.0,0.0,0.003826898586390522
72,repeat_last,reward_learning,0,1000,0.0,0.0,0.003826898586390522
72,repeat_last,belief_static,0,1000,0.0,0.0,0.003826898586390522
72,repeat_last,belief_dynamic,0,1000,0.0,0.0,0.003826898586390522
72,repeat_last,decay_q:0.02,0,1000,0.0,0.0,0.003826898586390522
72,repeat_last,decay_q:0.05,0,1000,0.0,0.0,0.003826898586390522
72,repeat_last,decay_q:0.1,0,1000,0.0,0.0,0.003826898586390522
72,repeat_last,decay_q:0.2,0,1000,0.0,0.0,0.003826898586390522
72,repeat_last,discounted_evidence:0.8,0,1000,0.0,0.0,0.003826898586390522
72,repeat_last,discounted_evidence:0.9,0,1000,0.0,0.0,0.003826898586390522
72,repeat_last,discounted_evidence:0.95,0,1000,0.0,0.0,0.003826898586390522
72,repeat_last,recent_window:5,0,1000,0.0,0.0,0.003826898586390522
72,repeat_last,recent_window:8,0,1000,0.0,0.0,0.003826898586390522
72,repeat_last,unresolved_tie,0,1000,0.0,0.0,0.003826898586390522
72,win_stay_expertise,uniform,0,1000,0.0,0.0,0.003826898586390522
72,win_stay_expertise,expertise,0,1000,0.0,0.0,0.003826898586390522
72,win_stay_expertise,repeat_last,0,1000,0.0,0.0,0.003826898586390522
72,win_stay_expertise,win_stay_expertise,1000,1000,1.0,0.9961731014136095,1.0
72,win_stay_expertise,history_frequency,0,1000,0.0,0.0,0.003826898586390522
72,win_stay_expertise,reward_learning,0,1000,0.0,0.0,0.003826898586390522
72,win_stay_expertise,belief_static,0,1000,0.0,0.0,0.003826898586390522
72,win_stay_expertise,belief_dynamic,0,1000,0.0,0.0,0.003826898586390522
72,win_stay_expertise,decay_q:0.02,0,1000,0.0,0.0,0.003826898586390522
72,win_stay_expertise,decay_q:0.05,0,1000,0.0,0.0,0.003826898586390522
72,win_stay_expertise,decay_q:0.1,0,1000,0.0,0.0,0.003826898586390522
72,win_stay_expertise,decay_q:0.2,0,1000,0.0,0.0,0.003826898586390522
72,win_stay_expertise,discounted_evidence:0.8,0,1000,0.0,0.0,0.003826898586390522
72,win_stay_expertise,discounted_evidence:0.9,0,1000,0.0,0.0,0.003826898586390522
72,win_stay_expertise,discounted_evidence:0.95,0,1000,0.0,0.0,0.003826898586390522
72,win_stay_expertise,recent_window:5,0,1000,0.0,0.0,0.003826898586390522
72,win_stay_expertise,recent_window:8,0,1000,0.0,0.0,0.003826898586390522
72,win_stay_expertise,unresolved_tie,0,1000,0.0,0.0,0.003826898586390522
72,history_frequency,uniform,0,1000,0.0,0.0,0.003826898586390522
72,history_frequency,expertise,0,1000,0.0,0.0,0.003826898586390522
72,history_frequency,repeat_last,0,1000,0.0,0.0,0.003826898586390522
72,history_frequency,win_stay_expertise,0,1000,0.0,0.0,0.003826898586390522
72,history_frequency,history_frequency,0,1000,0.0,0.0,0.003826898586390522
72,history_frequency,reward_learning,167,1000,0.167,0.1451661838787161,0.19138253057982002
72,history_frequency,belief_static,0,1000,0.0,0.0,0.003826898586390522
72,history_frequency,belief_dynamic,12,1000,0.012,0.006877579092159561,0.020857473928157594
72,history_frequency,decay_q:0.02,41,1000,0.041,0.03036480400090244,0.055148288901404066
72,history_frequency,decay_q:0.05,10,1000,0.01,0.005440695309270557,0.01830966530539216
72,history_frequency,decay_q:0.1,3,1000,0.003,0.0010207654054443255,0.008783171789427854
72,history_frequency,decay_q:0.2,67,1000,0.067,0.05310169229975138,0.08421240187606284
72,history_frequency,discounted_evidence:0.8,0,1000,0.0,0.0,0.003826898586390522
72,history_frequency,discounted_evidence:0.9,0,1000,0.0,0.0,0.003826898586390522
72,history_frequency,discounted_evidence:0.95,25,1000,0.025,0.016990011790561223,0.036645541866509784
72,history_frequency,recent_window:5,0,1000,0.0,0.0,0.003826898586390522
72,history_frequency,recent_window:8,0,1000,0.0,0.0,0.003826898586390522
72,history_frequency,unresolved_tie,675,1000,0.675,0.6453479811557639,0.7033126043389997
72,reward_learning,uniform,0,1000,0.0,0.0,0.003826898586390522
72,reward_learning,expertise,0,1000,0.0,0.0,0.003826898586390522
72,reward_learning,repeat_last,0,1000,0.0,0.0,0.003826898586390522
72,reward_learning,win_stay_expertise,0,1000,0.0,0.0,0.003826898586390522
72,reward_learning,history_frequency,0,1000,0.0,0.0,0.003826898586390522
72,reward_learning,reward_learning,263,1000,0.263,0.23665639362281327,0.29115755630713597
72,reward_learning,belief_static,0,1000,0.0,0.0,0.003826898586390522
72,reward_learning,belief_dynamic,65,1000,0.065,0.05132354738787931,0.08200585438228047
72,reward_learning,decay_q:0.02,100,1000,0.1,0.08290915646323203,0.12015236240588041
72,reward_learning,decay_q:0.05,44,1000,0.044,0.03293803969043349,0.058552091820354674
72,reward_learning,decay_q:0.1,29,1000,0.029,0.02026631563648779,0.04133862283189209
72,reward_learning,decay_q:0.2,127,1000,0.127,0.10777968175436589,0.14907518459108146
72,reward_learning,discounted_evidence:0.8,0,1000,0.0,0.0,0.003826898586390522
72,reward_learning,discounted_evidence:0.9,3,1000,0.003,0.0010207654054443255,0.008783171789427854
72,reward_learning,discounted_evidence:0.95,80,1000,0.08,0.06474778552394919,0.09846680928861887
72,reward_learning,recent_window:5,0,1000,0.0,0.0,0.003826898586390522
72,reward_learning,recent_window:8,0,1000,0.0,0.0,0.003826898586390522
72,reward_learning,unresolved_tie,289,1000,0.289,0.2617539675950579,0.31786098360839893
72,belief_static,uniform,0,1000,0.0,0.0,0.003826898586390522
72,belief_static,expertise,0,1000,0.0,0.0,0.003826898586390522
72,belief_static,repeat_last,0,1000,0.0,0.0,0.003826898586390522
72,belief_static,win_stay_expertise,0,1000,0.0,0.0,0.003826898586390522
72,belief_static,history_frequency,0,1000,0.0,0.0,0.003826898586390522
72,belief_static,reward_learning,156,1000,0.156,0.13483095057810354,0.17980195564933318
72,belief_static,belief_static,0,1000,0.0,0.0,0.003826898586390522
72,belief_static,belief_dynamic,18,1000,0.018,0.011415645858738454,0.02827348437854201
72,belief_static,decay_q:0.02,46,1000,0.046,0.03466231280457309,0.06081251111186951
72,belief_static,decay_q:0.05,7,1000,0.007,0.0033948250792319975,0.01437849692694906
72,belief_static,decay_q:0.1,5,1000,0.005,0.0021375039957652504,0.011651125604761368
72,belief_static,decay_q:0.2,80,1000,0.08,0.06474778552394919,0.09846680928861887
72,belief_static,discounted_evidence:0.8,0,1000,0.0,0.0,0.003826898586390522
72,belief_static,discounted_evidence:0.9,0,1000,0.0,0.0,0.003826898586390522
72,belief_static,discounted_evidence:0.95,15,1000,0.015,0.00911089683719635,0.02460119479160246
72,belief_static,recent_window:5,0,1000,0.0,0.0,0.003826898586390522
72,belief_static,recent_window:8,0,1000,0.0,0.0,0.003826898586390522
72,belief_static,unresolved_tie,673,1000,0.673,0.6433098960832607,0.7013659970058482
72,belief_dynamic,uniform,0,1000,0.0,0.0,0.003826898586390522
72,belief_dynamic,expertise,0,1000,0.0,0.0,0.003826898586390522
72,belief_dynamic,repeat_last,0,1000,0.0,0.0,0.003826898586390522
72,belief_dynamic,win_stay_expertise,0,1000,0.0,0.0,0.003826898586390522
72,belief_dynamic,history_frequency,0,1000,0.0,0.0,0.003826898586390522
72,belief_dynamic,reward_learning,32,1000,0.032,0.02275696612786701,0.04482501094899452
72,belief_dynamic,belief_static,0,1000,0.0,0.0,0.003826898586390522
72,belief_dynamic,belief_dynamic,444,1000,0.444,0.41347720463850846,0.4749514080031674
72,belief_dynamic,decay_q:0.02,33,1000,0.033,0.023592783250793958,0.045981540028894805
72,belief_dynamic,decay_q:0.05,25,1000,0.025,0.016990011790561223,0.036645541866509784
72,belief_dynamic,decay_q:0.1,30,1000,0.03,0.021093603189697094,0.04250368148151
72,belief_dynamic,decay_q:0.2,88,1000,0.088,0.07198073098543067,0.10717263344975514
72,belief_dynamic,discounted_evidence:0.8,5,1000,0.005,0.0021375039957652504,0.011651125604761368
72,belief_dynamic,discounted_evidence:0.9,167,1000,0.167,0.1451661838787161,0.19138253057982002
72,belief_dynamic,discounted_evidence:0.95,153,1000,0.153,0.13201885442660544,0.1766370131923496
72,belief_dynamic,recent_window:5,0,1000,0.0,0.0,0.003826898586390522
72,belief_dynamic,recent_window:8,0,1000,0.0,0.0,0.003826898586390522
72,belief_dynamic,unresolved_tie,23,1000,0.023,0.015374164302931469,0.0342766969484851
72,decay_q:0.02,uniform,0,1000,0.0,0.0,0.003826898586390522
72,decay_q:0.02,expertise,0,1000,0.0,0.0,0.003826898586390522
72,decay_q:0.02,repeat_last,0,1000,0.0,0.0,0.003826898586390522
72,decay_q:0.02,win_stay_expertise,0,1000,0.0,0.0,0.003826898586390522
72,decay_q:0.02,history_frequency,0,1000,0.0,0.0,0.003826898586390522
72,decay_q:0.02,reward_learning,211,1000,0.211,0.18684094989235037,0.2373709974905834
72,decay_q:0.02,belief_static,0,1000,0.0,0.0,0.003826898586390522
72,decay_q:0.02,belief_dynamic,94,1000,0.094,0.07743389633418887,0.11367354531796026
72,decay_q:0.02,decay_q:0.02,120,1000,0.12,0.101298942978377,0.1416094999472798
72,decay_q:0.02,decay_q:0.05,54,1000,0.054,0.04162111458513981,0.06979247895392054
72,decay_q:0.02,decay_q:0.1,39,1000,0.039,0.028658799196088068,0.052869601300564
72,decay_q:0.02,decay_q:0.2,170,1000,0.17,0.14799121463156065,0.19453453843545718
72,decay_q:0.02,discounted_evidence:0.8,0,1000,0.0,0.0,0.003826898586390522
72,decay_q:0.02,discounted_evidence:0.9,19,1000,0.019,0.012196787737404147,0.029484688702703543
72,decay_q:0.02,discounted_evidence:0.95,115,1000,0.115,0.0966831214598715,0.13626359045164926
72,decay_q:0.02,recent_window:5,0,1000,0.0,0.0,0.003826898586390522
72,decay_q:0.02,recent_window:8,0,1000,0.0,0.0,0.003826898586390522
72,decay_q:0.02,unresolved_tie,178,1000,0.178,0.15553722047993956,0.20292730220969596
72,decay_q:0.05,uniform,0,1000,0.0,0.0,0.003826898586390522
72,decay_q:0.05,expertise,0,1000,0.0,0.0,0.003826898586390522
72,decay_q:0.05,repeat_last,0,1000,0.0,0.0,0.003826898586390522
72,decay_q:0.05,win_stay_expertise,0,1000,0.0,0.0,0.003826898586390522
72,decay_q:0.05,history_frequency,0,1000,0.0,0.0,0.003826898586390522
72,decay_q:0.05,reward_learning,160,1000,0.16,0.138584892534484,0.1840173985042616
72,decay_q:0.05,belief_static,0,1000,0.0,0.0,0.003826898586390522
72,decay_q:0.05,belief_dynamic,133,1000,0.133,0.11335082497407287,0.15545811858833783
72,decay_q:0.05,decay_q:0.02,99,1000,0.099,0.08199515586127223,0.119074016805013
72,decay_q:0.05,decay_q:0.05,66,1000,0.066,0.052212125206787474,0.08310962276619951
72,decay_q:0.05,decay_q:0.1,52,1000,0.052,0.039872841792417534,0.06755605934098838
72,decay_q:0.05,decay_q:0.2,195,1000,0.195,0.17162968644915114,0.22070472168854713
72,decay_q:0.05,discounted_evidence:0.8,1,1000,0.001,0.0001765418290572713,0.0056427029601604705
72,decay_q:0.05,discounted_evidence:0.9,34,1000,0.034,0.024431201022401962,0.04713546846011402
72,decay_q:0.05,discounted_evidence:0.95,158,1000,0.158,0.1367072897211659,0.18191030891192525
72,decay_q:0.05,recent_window:5,0,1000,0.0,0.0,0.003826898586390522
72,decay_q:0.05,recent_window:8,0,1000,0.0,0.0,0.003826898586390522
72,decay_q:0.05,unresolved_tie,102,1000,0.102,0.08473884484006548,0.12230736643470137
72,decay_q:0.1,uniform,0,1000,0.0,0.0,0.003826898586390522
72,decay_q:0.1,expertise,0,1000,0.0,0.0,0.003826898586390522
72,decay_q:0.1,repeat_last,0,1000,0.0,0.0,0.003826898586390522
72,decay_q:0.1,win_stay_expertise,0,1000,0.0,0.0,0.003826898586390522
72,decay_q:0.1,history_frequency,0,1000,0.0,0.0,0.003826898586390522
72,decay_q:0.1,reward_learning,107,1000,0.107,0.08932257609530181,0.12768536619360116
72,decay_q:0.1,belief_static,0,1000,0.0,0.0,0.003826898586390522
72,decay_q:0.1,belief_dynamic,163,1000,0.163,0.14140362461572464,0.1871757050315026
72,decay_q:0.1,decay_q:0.02,65,1000,0.065,0.05132354738787931,0.08200585438228047
72,decay_q:0.1,decay_q:0.05,45,1000,0.045,0.033799334842846314,0.05968314287076907
72,decay_q:0.1,decay_q:0.1,66,1000,0.066,0.052212125206787474,0.08310962276619951
72,decay_q:0.1,decay_q:0.2,245,1000,0.245,0.21935194381744014,0.2725997744616191
72,decay_q:0.1,discounted_evidence:0.8,0,1000,0.0,0.0,0.003826898586390522
72,decay_q:0.1,discounted_evidence:0.9,73,1000,0.073,0.058458786926264744,0.09080938446651277
72,decay_q:0.1,discounted_evidence:0.95,167,1000,0.167,0.1451661838787161,0.19138253057982002
72,decay_q:0.1,recent_window:5,0,1000,0.0,0.0,0.003826898586390522
72,decay_q:0.1,recent_window:8,0,1000,0.0,0.0,0.003826898586390522
72,decay_q:0.1,unresolved_tie,69,1000,0.069,0.05488371422135517,0.08641507236011349
72,decay_q:0.2,uniform,0,1000,0.0,0.0,0.003826898586390522
72,decay_q:0.2,expertise,0,1000,0.0,0.0,0.003826898586390522
72,decay_q:0.2,repeat_last,0,1000,0.0,0.0,0.003826898586390522
72,decay_q:0.2,win_stay_expertise,0,1000,0.0,0.0,0.003826898586390522
72,decay_q:0.2,history_frequency,0,1000,0.0,0.0,0.003826898586390522
72,decay_q:0.2,reward_learning,100,1000,0.1,0.08290915646323203,0.12015236240588041
72,decay_q:0.2,belief_static,0,1000,0.0,0.0,0.003826898586390522
72,decay_q:0.2,belief_dynamic,118,1000,0.118,0.0994512436719432,0.13947250684805915
72,decay_q:0.2,decay_q:0.02,53,1000,0.053,0.040746308422339304,0.06867493891389383
72,decay_q:0.2,decay_q:0.05,43,1000,0.043,0.03207848108830104,0.057419304219659906
72,decay_q:0.2,decay_q:0.1,56,1000,0.056,0.04337460969160231,0.07202367625311248
72,decay_q:0.2,decay_q:0.2,350,1000,0.35,0.32106219065138136,0.3800858789245359
72,decay_q:0.2,discounted_evidence:0.8,2,1000,0.002,0.000548632102457155,0.007262958889587807
72,decay_q:0.2,discounted_evidence:0.9,56,1000,0.056,0.04337460969160231,0.07202367625311248
72,decay_q:0.2,discounted_evidence:0.95,113,1000,0.113,0.0948400509652163,0.13412196854065
72,decay_q:0.2,recent_window:5,0,1000,0.0,0.0,0.003826898586390522
72,decay_q:0.2,recent_window:8,0,1000,0.0,0.0,0.003826898586390522
72,decay_q:0.2,unresolved_tie,109,1000,0.109,0.09115973208991156,0.12983290260464586
72,discounted_evidence:0.8,uniform,0,1000,0.0,0.0,0.003826898586390522
72,discounted_evidence:0.8,expertise,0,1000,0.0,0.0,0.003826898586390522
72,discounted_evidence:0.8,repeat_last,0,1000,0.0,0.0,0.003826898586390522
72,discounted_evidence:0.8,win_stay_expertise,0,1000,0.0,0.0,0.003826898586390522
72,discounted_evidence:0.8,history_frequency,0,1000,0.0,0.0,0.003826898586390522
72,discounted_evidence:0.8,reward_learning,0,1000,0.0,0.0,0.003826898586390522
72,discounted_evidence:0.8,belief_static,0,1000,0.0,0.0,0.003826898586390522
72,discounted_evidence:0.8,belief_dynamic,1,1000,0.001,0.0001765418290572713,0.0056427029601604705
72,discounted_evidence:0.8,decay_q:0.02,0,1000,0.0,0.0,0.003826898586390522
72,discounted_evidence:0.8,decay_q:0.05,0,1000,0.0,0.0,0.003826898586390522
72,discounted_evidence:0.8,decay_q:0.1,0,1000,0.0,0.0,0.003826898586390522
72,discounted_evidence:0.8,decay_q:0.2,0,1000,0.0,0.0,0.003826898586390522
72,discounted_evidence:0.8,discounted_evidence:0.8,876,1000,0.876,0.8541218223197016,0.8950003499433328
72,discounted_evidence:0.8,discounted_evidence:0.9,105,1000,0.105,0.08748748752043772,0.1255357623628108
72,discounted_evidence:0.8,discounted_evidence:0.95,0,1000,0.0,0.0,0.003826898586390522
72,discounted_evidence:0.8,recent_window:5,12,1000,0.012,0.006877579092159561,0.020857473928157594
72,discounted_evidence:0.8,recent_window:8,6,1000,0.006,0.0027526315709082315,0.013028344232445605
72,discounted_evidence:0.8,unresolved_tie,0,1000,0.0,0.0,0.003826898586390522
72,discounted_evidence:0.9,uniform,0,1000,0.0,0.0,0.003826898586390522
72,discounted_evidence:0.9,expertise,0,1000,0.0,0.0,0.003826898586390522
72,discounted_evidence:0.9,repeat_last,0,1000,0.0,0.0,0.003826898586390522
72,discounted_evidence:0.9,win_stay_expertise,0,1000,0.0,0.0,0.003826898586390522
72,discounted_evidence:0.9,history_frequency,0,1000,0.0,0.0,0.003826898586390522
72,discounted_evidence:0.9,reward_learning,1,1000,0.001,0.0001765418290572713,0.0056427029601604705
72,discounted_evidence:0.9,belief_static,0,1000,0.0,0.0,0.003826898586390522
72,discounted_evidence:0.9,belief_dynamic,97,1000,0.097,0.08016887955855043,0.11691560070208037
72,discounted_evidence:0.9,decay_q:0.02,2,1000,0.002,0.000548632102457155,0.007262958889587807
72,discounted_evidence:0.9,decay_q:0.05,3,1000,0.003,0.0010207654054443255,0.008783171789427854
72,discounted_evidence:0.9,decay_q:0.1,15,1000,0.015,0.00911089683719635,0.02460119479160246
72,discounted_evidence:0.9,decay_q:0.2,25,1000,0.025,0.016990011790561223,0.036645541866509784
72,discounted_evidence:0.9,discounted_evidence:0.8,125,1000,0.125,0.10592590591609449,0.14694426802369845
72,discounted_evidence:0.9,discounted_evidence:0.9,655,1000,0.655,0.6249936490167607,0.6838200124214584
72,discounted_evidence:0.9,discounted_evidence:0.95,73,1000,0.073,0.058458786926264744,0.09080938446651277
72,discounted_evidence:0.9,recent_window:5,0,1000,0.0,0.0,0.003826898586390522
72,discounted_evidence:0.9,recent_window:8,3,1000,0.003,0.0010207654054443255,0.008783171789427854
72,discounted_evidence:0.9,unresolved_tie,1,1000,0.001,0.0001765418290572713,0.0056427029601604705
72,discounted_evidence:0.95,uniform,0,1000,0.0,0.0,0.003826898586390522
72,discounted_evidence:0.95,expertise,0,1000,0.0,0.0,0.003826898586390522
72,discounted_evidence:0.95,repeat_last,0,1000,0.0,0.0,0.003826898586390522
72,discounted_evidence:0.95,win_stay_expertise,0,1000,0.0,0.0,0.003826898586390522
72,discounted_evidence:0.95,history_frequency,0,1000,0.0,0.0,0.003826898586390522
72,discounted_evidence:0.95,reward_learning,65,1000,0.065,0.05132354738787931,0.08200585438228047
72,discounted_evidence:0.95,belief_static,0,1000,0.0,0.0,0.003826898586390522
72,discounted_evidence:0.95,belief_dynamic,231,1000,0.231,0.20593602321985893,0.2581228482196192
72,discounted_evidence:0.95,decay_q:0.02,73,1000,0.073,0.058458786926264744,0.09080938446651277
72,discounted_evidence:0.95,decay_q:0.05,50,1000,0.05,0.03813007264328189,0.0653141360844696
72,discounted_evidence:0.95,decay_q:0.1,54,1000,0.054,0.04162111458513981,0.06979247895392054
72,discounted_evidence:0.95,decay_q:0.2,129,1000,0.129,0.10963511503514137,0.15120444371596045
72,discounted_evidence:0.95,discounted_evidence:0.8,1,1000,0.001,0.0001765418290572713,0.0056427029601604705
72,discounted_evidence:0.95,discounted_evidence:0.9,127,1000,0.127,0.10777968175436589,0.14907518459108146
72,discounted_evidence:0.95,discounted_evidence:0.95,237,1000,0.237,0.21168091851549473,0.26433203014094675
72,discounted_evidence:0.95,recent_window:5,0,1000,0.0,0.0,0.003826898586390522
72,discounted_evidence:0.95,recent_window:8,0,1000,0.0,0.0,0.003826898586390522
72,discounted_evidence:0.95,unresolved_tie,33,1000,0.033,0.023592783250793958,0.045981540028894805
72,recent_window:5,uniform,0,1000,0.0,0.0,0.003826898586390522
72,recent_window:5,expertise,0,1000,0.0,0.0,0.003826898586390522
72,recent_window:5,repeat_last,0,1000,0.0,0.0,0.003826898586390522
72,recent_window:5,win_stay_expertise,0,1000,0.0,0.0,0.003826898586390522
72,recent_window:5,history_frequency,0,1000,0.0,0.0,0.003826898586390522
72,recent_window:5,reward_learning,0,1000,0.0,0.0,0.003826898586390522
72,recent_window:5,belief_static,0,1000,0.0,0.0,0.003826898586390522
72,recent_window:5,belief_dynamic,0,1000,0.0,0.0,0.003826898586390522
72,recent_window:5,decay_q:0.02,0,1000,0.0,0.0,0.003826898586390522
72,recent_window:5,decay_q:0.05,0,1000,0.0,0.0,0.003826898586390522
72,recent_window:5,decay_q:0.1,0,1000,0.0,0.0,0.003826898586390522
72,recent_window:5,decay_q:0.2,0,1000,0.0,0.0,0.003826898586390522
72,recent_window:5,discounted_evidence:0.8,18,1000,0.018,0.011415645858738454,0.02827348437854201
72,recent_window:5,discounted_evidence:0.9,0,1000,0.0,0.0,0.003826898586390522
72,recent_window:5,discounted_evidence:0.95,0,1000,0.0,0.0,0.003826898586390522
72,recent_window:5,recent_window:5,981,1000,0.981,0.9705153112972965,0.9878032122625958
72,recent_window:5,recent_window:8,1,1000,0.001,0.0001765418290572713,0.0056427029601604705
72,recent_window:5,unresolved_tie,0,1000,0.0,0.0,0.003826898586390522
72,recent_window:8,uniform,0,1000,0.0,0.0,0.003826898586390522
72,recent_window:8,expertise,0,1000,0.0,0.0,0.003826898586390522
72,recent_window:8,repeat_last,0,1000,0.0,0.0,0.003826898586390522
72,recent_window:8,win_stay_expertise,0,1000,0.0,0.0,0.003826898586390522
72,recent_window:8,history_frequency,0,1000,0.0,0.0,0.003826898586390522
72,recent_window:8,reward_learning,0,1000,0.0,0.0,0.003826898586390522
72,recent_window:8,belief_static,0,1000,0.0,0.0,0.003826898586390522
72,recent_window:8,belief_dynamic,0,1000,0.0,0.0,0.003826898586390522
72,recent_window:8,decay_q:0.02,0,1000,0.0,0.0,0.003826898586390522
72,recent_window:8,decay_q:0.05,0,1000,0.0,0.0,0.003826898586390522
72,recent_window:8,decay_q:0.1,0,1000,0.0,0.0,0.003826898586390522
72,recent_window:8,decay_q:0.2,0,1000,0.0,0.0,0.003826898586390522
72,recent_window:8,discounted_evidence:0.8,5,1000,0.005,0.0021375039957652504,0.011651125604761368
72,recent_window:8,discounted_evidence:0.9,3,1000,0.003,0.0010207654054443255,0.008783171789427854
72,recent_window:8,discounted_evidence:0.95,0,1000,0.0,0.0,0.003826898586390522
72,recent_window:8,recent_window:5,2,1000,0.002,0.000548632102457155,0.007262958889587807
72,recent_window:8,recent_window:8,990,1000,0.99,0.981690334694608,0.9945593046907295
72,recent_window:8,unresolved_tie,0,1000,0.0,0.0,0.003826898586390522
144,uniform,uniform,1000,1000,1.0,0.9961731014136095,1.0
144,uniform,expertise,0,1000,0.0,0.0,0.003826898586390522
144,uniform,repeat_last,0,1000,0.0,0.0,0.003826898586390522
144,uniform,win_stay_expertise,0,1000,0.0,0.0,0.003826898586390522
144,uniform,history_frequency,0,1000,0.0,0.0,0.003826898586390522
144,uniform,reward_learning,0,1000,0.0,0.0,0.003826898586390522
144,uniform,belief_static,0,1000,0.0,0.0,0.003826898586390522
144,uniform,belief_dynamic,0,1000,0.0,0.0,0.003826898586390522
144,uniform,decay_q:0.02,0,1000,0.0,0.0,0.003826898586390522
144,uniform,decay_q:0.05,0,1000,0.0,0.0,0.003826898586390522
144,uniform,decay_q:0.1,0,1000,0.0,0.0,0.003826898586390522
144,uniform,decay_q:0.2,0,1000,0.0,0.0,0.003826898586390522
144,uniform,discounted_evidence:0.8,0,1000,0.0,0.0,0.003826898586390522
144,uniform,discounted_evidence:0.9,0,1000,0.0,0.0,0.003826898586390522
144,uniform,discounted_evidence:0.95,0,1000,0.0,0.0,0.003826898586390522
144,uniform,recent_window:5,0,1000,0.0,0.0,0.003826898586390522
144,uniform,recent_window:8,0,1000,0.0,0.0,0.003826898586390522
144,uniform,unresolved_tie,0,1000,0.0,0.0,0.003826898586390522
144,expertise,uniform,0,1000,0.0,0.0,0.003826898586390522
144,expertise,expertise,1000,1000,1.0,0.9961731014136095,1.0
144,expertise,repeat_last,0,1000,0.0,0.0,0.003826898586390522
144,expertise,win_stay_expertise,0,1000,0.0,0.0,0.003826898586390522
144,expertise,history_frequency,0,1000,0.0,0.0,0.003826898586390522
144,expertise,reward_learning,0,1000,0.0,0.0,0.003826898586390522
144,expertise,belief_static,0,1000,0.0,0.0,0.003826898586390522
144,expertise,belief_dynamic,0,1000,0.0,0.0,0.003826898586390522
144,expertise,decay_q:0.02,0,1000,0.0,0.0,0.003826898586390522
144,expertise,decay_q:0.05,0,1000,0.0,0.0,0.003826898586390522
144,expertise,decay_q:0.1,0,1000,0.0,0.0,0.003826898586390522
144,expertise,decay_q:0.2,0,1000,0.0,0.0,0.003826898586390522
144,expertise,discounted_evidence:0.8,0,1000,0.0,0.0,0.003826898586390522
144,expertise,discounted_evidence:0.9,0,1000,0.0,0.0,0.003826898586390522
144,expertise,discounted_evidence:0.95,0,1000,0.0,0.0,0.003826898586390522
144,expertise,recent_window:5,0,1000,0.0,0.0,0.003826898586390522
144,expertise,recent_window:8,0,1000,0.0,0.0,0.003826898586390522
144,expertise,unresolved_tie,0,1000,0.0,0.0,0.003826898586390522
144,repeat_last,uniform,0,1000,0.0,0.0,0.003826898586390522
144,repeat_last,expertise,0,1000,0.0,0.0,0.003826898586390522
144,repeat_last,repeat_last,1000,1000,1.0,0.9961731014136095,1.0
144,repeat_last,win_stay_expertise,0,1000,0.0,0.0,0.003826898586390522
144,repeat_last,history_frequency,0,1000,0.0,0.0,0.003826898586390522
144,repeat_last,reward_learning,0,1000,0.0,0.0,0.003826898586390522
144,repeat_last,belief_static,0,1000,0.0,0.0,0.003826898586390522
144,repeat_last,belief_dynamic,0,1000,0.0,0.0,0.003826898586390522
144,repeat_last,decay_q:0.02,0,1000,0.0,0.0,0.003826898586390522
144,repeat_last,decay_q:0.05,0,1000,0.0,0.0,0.003826898586390522
144,repeat_last,decay_q:0.1,0,1000,0.0,0.0,0.003826898586390522
144,repeat_last,decay_q:0.2,0,1000,0.0,0.0,0.003826898586390522
144,repeat_last,discounted_evidence:0.8,0,1000,0.0,0.0,0.003826898586390522
144,repeat_last,discounted_evidence:0.9,0,1000,0.0,0.0,0.003826898586390522
144,repeat_last,discounted_evidence:0.95,0,1000,0.0,0.0,0.003826898586390522
144,repeat_last,recent_window:5,0,1000,0.0,0.0,0.003826898586390522
144,repeat_last,recent_window:8,0,1000,0.0,0.0,0.003826898586390522
144,repeat_last,unresolved_tie,0,1000,0.0,0.0,0.003826898586390522
144,win_stay_expertise,uniform,0,1000,0.0,0.0,0.003826898586390522
144,win_stay_expertise,expertise,0,1000,0.0,0.0,0.003826898586390522
144,win_stay_expertise,repeat_last,0,1000,0.0,0.0,0.003826898586390522
144,win_stay_expertise,win_stay_expertise,1000,1000,1.0,0.9961731014136095,1.0
144,win_stay_expertise,history_frequency,0,1000,0.0,0.0,0.003826898586390522
144,win_stay_expertise,reward_learning,0,1000,0.0,0.0,0.003826898586390522
144,win_stay_expertise,belief_static,0,1000,0.0,0.0,0.003826898586390522
144,win_stay_expertise,belief_dynamic,0,1000,0.0,0.0,0.003826898586390522
144,win_stay_expertise,decay_q:0.02,0,1000,0.0,0.0,0.003826898586390522
144,win_stay_expertise,decay_q:0.05,0,1000,0.0,0.0,0.003826898586390522
144,win_stay_expertise,decay_q:0.1,0,1000,0.0,0.0,0.003826898586390522
144,win_stay_expertise,decay_q:0.2,0,1000,0.0,0.0,0.003826898586390522
144,win_stay_expertise,discounted_evidence:0.8,0,1000,0.0,0.0,0.003826898586390522
144,win_stay_expertise,discounted_evidence:0.9,0,1000,0.0,0.0,0.003826898586390522
144,win_stay_expertise,discounted_evidence:0.95,0,1000,0.0,0.0,0.003826898586390522
144,win_stay_expertise,recent_window:5,0,1000,0.0,0.0,0.003826898586390522
144,win_stay_expertise,recent_window:8,0,1000,0.0,0.0,0.003826898586390522
144,win_stay_expertise,unresolved_tie,0,1000,0.0,0.0,0.003826898586390522
144,history_frequency,uniform,0,1000,0.0,0.0,0.003826898586390522
144,history_frequency,expertise,0,1000,0.0,0.0,0.003826898586390522
144,history_frequency,repeat_last,0,1000,0.0,0.0,0.003826898586390522
144,history_frequency,win_stay_expertise,0,1000,0.0,0.0,0.003826898586390522
144,history_frequency,history_frequency,0,1000,0.0,0.0,0.003826898586390522
144,history_frequency,reward_learning,144,1000,0.144,0.12360059987923061,0.16712415191427943
144,history_frequency,belief_static,0,1000,0.0,0.0,0.003826898586390522
144,history_frequency,belief_dynamic,1,1000,0.001,0.0001765418290572713,0.0056427029601604705
144,history_frequency,decay_q:0.02,25,1000,0.025,0.016990011790561223,0.036645541866509784
144,history_frequency,decay_q:0.05,9,1000,0.009,0.004742006589011481,0.017016007822824013
144,history_frequency,decay_q:0.1,0,1000,0.0,0.0,0.003826898586390522
144,history_frequency,decay_q:0.2,32,1000,0.032,0.02275696612786701,0.04482501094899452
144,history_frequency,discounted_evidence:0.8,0,1000,0.0,0.0,0.003826898586390522
144,history_frequency,discounted_evidence:0.9,0,1000,0.0,0.0,0.003826898586390522
144,history_frequency,discounted_evidence:0.95,2,1000,0.002,0.000548632102457155,0.007262958889587807
144,history_frequency,recent_window:5,0,1000,0.0,0.0,0.003826898586390522
144,history_frequency,recent_window:8,0,1000,0.0,0.0,0.003826898586390522
144,history_frequency,unresolved_tie,787,1000,0.787,0.7605498923280081,0.8112534678834038
144,reward_learning,uniform,0,1000,0.0,0.0,0.003826898586390522
144,reward_learning,expertise,0,1000,0.0,0.0,0.003826898586390522
144,reward_learning,repeat_last,0,1000,0.0,0.0,0.003826898586390522
144,reward_learning,win_stay_expertise,0,1000,0.0,0.0,0.003826898586390522
144,reward_learning,history_frequency,0,1000,0.0,0.0,0.003826898586390522
144,reward_learning,reward_learning,406,1000,0.406,0.3759781620944279,0.4367412948398136
144,reward_learning,belief_static,0,1000,0.0,0.0,0.003826898586390522
144,reward_learning,belief_dynamic,11,1000,0.011,0.006153110089114165,0.01958959672837577
144,reward_learning,decay_q:0.02,157,1000,0.157,0.1357689609765772,0.18085629145368676
144,reward_learning,decay_q:0.05,65,1000,0.065,0.05132354738787931,0.08200585438228047
144,reward_learning,decay_q:0.1,20,1000,0.02,0.012983581129037627,0.03069024151389728
144,reward_learning,decay_q:0.2,103,1000,0.103,0.08565451806760464,0.12338403940998945
144,reward_learning,discounted_evidence:0.8,0,1000,0.0,0.0,0.003826898586390522
144,reward_learning,discounted_evidence:0.9,0,1000,0.0,0.0,0.003826898586390522
144,reward_learning,discounted_evidence:0.95,32,1000,0.032,0.02275696612786701,0.04482501094899452
144,reward_learning,recent_window:5,0,1000,0.0,0.0,0.003826898586390522
144,reward_learning,recent_window:8,0,1000,0.0,0.0,0.003826898586390522
144,reward_learning,unresolved_tie,206,1000,0.206,0.18208097296652836,0.2321692434022693
144,belief_static,uniform,0,1000,0.0,0.0,0.003826898586390522
144,belief_static,expertise,0,1000,0.0,0.0,0.003826898586390522
144,belief_static,repeat_last,0,1000,0.0,0.0,0.003826898586390522
144,belief_static,win_stay_expertise,0,1000,0.0,0.0,0.003826898586390522
144,belief_static,history_frequency,0,1000,0.0,0.0,0.003826898586390522
144,belief_static,reward_learning,160,1000,0.16,0.138584892534484,0.1840173985042616
144,belief_static,belief_static,0,1000,0.0,0.0,0.003826898586390522
144,belief_static,belief_dynamic,4,1000,0.004,0.0015565629678934295,0.010239720429805971
144,belief_static,decay_q:0.02,25,1000,0.025,0.016990011790561223,0.036645541866509784
144,belief_static,decay_q:0.05,1,1000,0.001,0.0001765418290572713,0.0056427029601604705
144,belief_static,decay_q:0.1,0,1000,0.0,0.0,0.003826898586390522
144,belief_static,decay_q:0.2,35,1000,0.035,0.025272112485012703,0.0482869032003305
144,belief_static,discounted_evidence:0.8,0,1000,0.0,0.0,0.003826898586390522
144,belief_static,discounted_evidence:0.9,0,1000,0.0,0.0,0.003826898586390522
144,belief_static,discounted_evidence:0.95,4,1000,0.004,0.0015565629678934295,0.010239720429805971
144,belief_static,recent_window:5,0,1000,0.0,0.0,0.003826898586390522
144,belief_static,recent_window:8,0,1000,0.0,0.0,0.003826898586390522
144,belief_static,unresolved_tie,771,1000,0.771,0.7439485117358441,0.7959773092303323
144,belief_dynamic,uniform,0,1000,0.0,0.0,0.003826898586390522
144,belief_dynamic,expertise,0,1000,0.0,0.0,0.003826898586390522
144,belief_dynamic,repeat_last,0,1000,0.0,0.0,0.003826898586390522
144,belief_dynamic,win_stay_expertise,0,1000,0.0,0.0,0.003826898586390522
144,belief_dynamic,history_frequency,0,1000,0.0,0.0,0.003826898586390522
144,belief_dynamic,reward_learning,9,1000,0.009,0.004742006589011481,0.017016007822824013
144,belief_dynamic,belief_static,0,1000,0.0,0.0,0.003826898586390522
144,belief_dynamic,belief_dynamic,551,1000,0.551,0.5200345669542097,0.5815750893899785
144,belief_dynamic,decay_q:0.02,30,1000,0.03,0.021093603189697094,0.04250368148151
144,belief_dynamic,decay_q:0.05,44,1000,0.044,0.03293803969043349,0.058552091820354674
144,belief_dynamic,decay_q:0.1,50,1000,0.05,0.03813007264328189,0.0653141360844696
144,belief_dynamic,decay_q:0.2,57,1000,0.057,0.04425323441955428,0.07313739772798773
144,belief_dynamic,discounted_evidence:0.8,0,1000,0.0,0.0,0.003826898586390522
144,belief_dynamic,discounted_evidence:0.9,102,1000,0.102,0.08473884484006548,0.12230736643470137
144,belief_dynamic,discounted_evidence:0.95,154,1000,0.154,0.1329558947664042,0.17769231905537805
144,belief_dynamic,recent_window:5,0,1000,0.0,0.0,0.003826898586390522
144,belief_dynamic,recent_window:8,0,1000,0.0,0.0,0.003826898586390522
144,belief_dynamic,unresolved_tie,3,1000,0.003,0.0010207654054443255,0.008783171789427854
144,decay_q:0.02,uniform,0,1000,0.0,0.0,0.003826898586390522
144,decay_q:0.02,expertise,0,1000,0.0,0.0,0.003826898586390522
144,decay_q:0.02,repeat_last,0,1000,0.0,0.0,0.003826898586390522
144,decay_q:0.02,win_stay_expertise,0,1000,0.0,0.0,0.003826898586390522
144,decay_q:0.02,history_frequency,0,1000,0.0,0.0,0.003826898586390522
144,decay_q:0.02,reward_learning,291,1000,0.291,0.2636892970075237,0.3199103466015876
144,decay_q:0.02,belief_static,0,1000,0.0,0.0,0.003826898586390522
144,decay_q:0.02,belief_dynamic,37,1000,0.037,0.02696102468045289,0.05058268341054474
144,decay_q:0.02,decay_q:0.02,187,1000,0.187,0.16404741574204446,0.21234822277303605
144,decay_q:0.02,decay_q:0.05,95,1000,0.095,0.07834495566471479,0.11475483219026154
144,decay_q:0.02,decay_q:0.1,55,1000,0.055,0.04249722594783333,0.07090871379405425
144,decay_q:0.02,decay_q:0.2,151,1000,0.151,0.13014576187205482,0.1745254133412458
144,decay_q:0.02,discounted_evidence:0.8,0,1000,0.0,0.0,0.003826898586390522
144,decay_q:0.02,discounted_evidence:0.9,3,1000,0.003,0.0010207654054443255,0.008783171789427854
144,decay_q:0.02,discounted_evidence:0.95,81,1000,0.081,0.06564936712410993,0.09955757389128536
144,decay_q:0.02,recent_window:5,0,1000,0.0,0.0,0.003826898586390522
144,decay_q:0.02,recent_window:8,0,1000,0.0,0.0,0.003826898586390522
144,decay_q:0.02,unresolved_tie,100,1000,0.1,0.08290915646323203,0.12015236240588041
144,decay_q:0.05,uniform,0,1000,0.0,0.0,0.003826898586390522
144,decay_q:0.05,expertise,0,1000,0.0,0.0,0.003826898586390522
144,decay_q:0.05,repeat_last,0,1000,0.0,0.0,0.003826898586390522
144,decay_q:0.05,win_stay_expertise,0,1000,0.0,0.0,0.003826898586390522
144,decay_q:0.05,history_frequency,0,1000,0.0,0.0,0.003826898586390522
144,decay_q:0.05,reward_learning,131,1000,0.131,0.1114921732164529,0.15333207794030335
144,decay_q:0.05,belief_static,0,1000,0.0,0.0,0.003826898586390522
144,decay_q:0.05,belief_dynamic,82,1000,0.082,0.06655169717368087,0.10064759004454163
144,decay_q:0.05,decay_q:0.02,176,1000,0.176,0.15364903702878677,0.2008307932551943
144,decay_q:0.05,decay_q:0.05,121,1000,0.121,0.1022234632314399,0.14267732589704413
144,decay_q:0.05,decay_q:0.1,102,1000,0.102,0.08473884484006548,0.12230736643470137
144,decay_q:0.05,decay_q:0.2,191,1000,0.191,0.16783652890414247,0.21652849442224692
144,decay_q:0.05,discounted_evidence:0.8,0,1000,0.0,0.0,0.003826898586390522
144,decay_q:0.05,discounted_evidence:0.9,11,1000,0.011,0.006153110089114165,0.01958959672837577
144,decay_q:0.05,discounted_evidence:0.95,153,1000,0.153,0.13201885442660544,0.1766370131923496
144,decay_q:0.05,recent_window:5,0,1000,0.0,0.0,0.003826898586390522
144,decay_q:0.05,recent_window:8,0,1000,0.0,0.0,0.003826898586390522
144,decay_q:0.05,unresolved_tie,33,1000,0.033,0.023592783250793958,0.045981540028894805
144,decay_q:0.1,uniform,0,1000,0.0,0.0,0.003826898586390522
144,decay_q:0.1,expertise,0,1000,0.0,0.0,0.003826898586390522
144,decay_q:0.1,repeat_last,0,1000,0.0,0.0,0.003826898586390522
144,decay_q:0.1,win_stay_expertise,0,1000,0.0,0.0,0.003826898586390522
144,decay_q:0.1,history_frequency,0,1000,0.0,0.0,0.003826898586390522
144,decay_q:0.1,reward_learning,69,1000,0.069,0.05488371422135517,0.08641507236011349
144,decay_q:0.1,belief_static,0,1000,0.0,0.0,0.003826898586390522
144,decay_q:0.1,belief_dynamic,136,1000,0.136,0.1161417248723622,0.15864425729853016
144,decay_q:0.1,decay_q:0.02,111,1000,0.111,0.09299890611775587,0.131978420982456
144,decay_q:0.1,decay_q:0.05,100,1000,0.1,0.08290915646323203,0.12015236240588041
144,decay_q:0.1,decay_q:0.1,109,1000,0.109,0.09115973208991156,0.12983290260464586
144,decay_q:0.1,decay_q:0.2,258,1000,0.258,0.231843571975014,0.28600864694079914
144,decay_q:0.1,discounted_evidence:0.8,0,1000,0.0,0.0,0.003826898586390522
144,decay_q:0.1,discounted_evidence:0.9,27,1000,0.027,0.018621256649289826,0.03899898941343562
144,decay_q:0.1,discounted_evidence:0.95,167,1000,0.167,0.1451661838787161,0.19138253057982002
144,decay_q:0.1,recent_window:5,0,1000,0.0,0.0,0.003826898586390522
144,decay_q:0.1,recent_window:8,0,1000,0.0,0.0,0.003826898586390522
144,decay_q:0.1,unresolved_tie,23,1000,0.023,0.015374164302931469,0.0342766969484851
144,decay_q:0.2,uniform,0,1000,0.0,0.0,0.003826898586390522
144,decay_q:0.2,expertise,0,1000,0.0,0.0,0.003826898586390522
144,decay_q:0.2,repeat_last,0,1000,0.0,0.0,0.003826898586390522
144,decay_q:0.2,win_stay_expertise,0,1000,0.0,0.0,0.003826898586390522
144,decay_q:0.2,history_frequency,0,1000,0.0,0.0,0.003826898586390522
144,decay_q:0.2,reward_learning,77,1000,0.077,0.06204766009579463,0.09518989610829176
144,decay_q:0.2,belief_static,0,1000,0.0,0.0,0.003826898586390522
144,decay_q:0.2,belief_dynamic,86,1000,0.086,0.07016826133956046,0.10500041068997089
144,decay_q:0.2,decay_q:0.02,68,1000,0.068,0.05399222846448211,0.08531421191415932
144,decay_q:0.2,decay_q:0.05,51,1000,0.051,0.03900075064262791,0.06643580428795079
144,decay_q:0.2,decay_q:0.1,86,1000,0.086,0.07016826133956046,0.10500041068997089
144,decay_q:0.2,decay_q:0.2,473,1000,0.473,0.4422173178786741,0.5039893346449911
144,decay_q:0.2,discounted_evidence:0.8,0,1000,0.0,0.0,0.003826898586390522
144,decay_q:0.2,discounted_evidence:0.9,10,1000,0.01,0.005440695309270557,0.01830966530539216
144,decay_q:0.2,discounted_evidence:0.95,98,1000,0.098,0.08108172764860938,0.11799509881484863
144,decay_q:0.2,recent_window:5,0,1000,0.0,0.0,0.003826898586390522
144,decay_q:0.2,recent_window:8,0,1000,0.0,0.0,0.003826898586390522
144,decay_q:0.2,unresolved_tie,51,1000,0.051,0.03900075064262791,0.06643580428795079
144,discounted_evidence:0.8,uniform,0,1000,0.0,0.0,0.003826898586390522
144,discounted_evidence:0.8,expertise,0,1000,0.0,0.0,0.003826898586390522
144,discounted_evidence:0.8,repeat_last,0,1000,0.0,0.0,0.003826898586390522
144,discounted_evidence:0.8,win_stay_expertise,0,1000,0.0,0.0,0.003826898586390522
144,discounted_evidence:0.8,history_frequency,0,1000,0.0,0.0,0.003826898586390522
144,discounted_evidence:0.8,reward_learning,0,1000,0.0,0.0,0.003826898586390522
144,discounted_evidence:0.8,belief_static,0,1000,0.0,0.0,0.003826898586390522
144,discounted_evidence:0.8,belief_dynamic,0,1000,0.0,0.0,0.003826898586390522
144,discounted_evidence:0.8,decay_q:0.02,0,1000,0.0,0.0,0.003826898586390522
144,discounted_evidence:0.8,decay_q:0.05,0,1000,0.0,0.0,0.003826898586390522
144,discounted_evidence:0.8,decay_q:0.1,0,1000,0.0,0.0,0.003826898586390522
144,discounted_evidence:0.8,decay_q:0.2,0,1000,0.0,0.0,0.003826898586390522
144,discounted_evidence:0.8,discounted_evidence:0.8,948,1000,0.948,0.9324439406590116,0.9601271582075824
144,discounted_evidence:0.8,discounted_evidence:0.9,49,1000,0.049,0.03726084730617148,0.06419101521875278
144,discounted_evidence:0.8,discounted_evidence:0.95,0,1000,0.0,0.0,0.003826898586390522
144,discounted_evidence:0.8,recent_window:5,2,1000,0.002,0.000548632102457155,0.007262958889587807
144,discounted_evidence:0.8,recent_window:8,1,1000,0.001,0.0001765418290572713,0.0056427029601604705
144,discounted_evidence:0.8,unresolved_tie,0,1000,0.0,0.0,0.003826898586390522
144,discounted_evidence:0.9,uniform,0,1000,0.0,0.0,0.003826898586390522
144,discounted_evidence:0.9,expertise,0,1000,0.0,0.0,0.003826898586390522
144,discounted_evidence:0.9,repeat_last,0,1000,0.0,0.0,0.003826898586390522
144,discounted_evidence:0.9,win_stay_expertise,0,1000,0.0,0.0,0.003826898586390522
144,discounted_evidence:0.9,history_frequency,0,1000,0.0,0.0,0.003826898586390522
144,discounted_evidence:0.9,reward_learning,0,1000,0.0,0.0,0.003826898586390522
144,discounted_evidence:0.9,belief_static,0,1000,0.0,0.0,0.003826898586390522
144,discounted_evidence:0.9,belief_dynamic,72,1000,0.072,0.05756368435169555,0.08971214083825475
144,discounted_evidence:0.9,decay_q:0.02,0,1000,0.0,0.0,0.003826898586390522
144,discounted_evidence:0.9,decay_q:0.05,0,1000,0.0,0.0,0.003826898586390522
144,discounted_evidence:0.9,decay_q:0.1,10,1000,0.01,0.005440695309270557,0.01830966530539216
144,discounted_evidence:0.9,decay_q:0.2,7,1000,0.007,0.0033948250792319975,0.01437849692694906
144,discounted_evidence:0.9,discounted_evidence:0.8,51,1000,0.051,0.03900075064262791,0.06643580428795079
144,discounted_evidence:0.9,discounted_evidence:0.9,825,1000,0.825,0.8002178770109885,0.8472946389078577
144,discounted_evidence:0.9,discounted_evidence:0.95,35,1000,0.035,0.025272112485012703,0.0482869032003305
144,discounted_evidence:0.9,recent_window:5,0,1000,0.0,0.0,0.003826898586390522
144,discounted_evidence:0.9,recent_window:8,0,1000,0.0,0.0,0.003826898586390522
144,discounted_evidence:0.9,unresolved_tie,0,1000,0.0,0.0,0.003826898586390522
144,discounted_evidence:0.95,uniform,0,1000,0.0,0.0,0.003826898586390522
144,discounted_evidence:0.95,expertise,0,1000,0.0,0.0,0.003826898586390522
144,discounted_evidence:0.95,repeat_last,0,1000,0.0,0.0,0.003826898586390522
144,discounted_evidence:0.95,win_stay_expertise,0,1000,0.0,0.0,0.003826898586390522
144,discounted_evidence:0.95,history_frequency,0,1000,0.0,0.0,0.003826898586390522
144,discounted_evidence:0.95,reward_learning,29,1000,0.029,0.02026631563648779,0.04133862283189209
144,discounted_evidence:0.95,belief_static,0,1000,0.0,0.0,0.003826898586390522
144,discounted_evidence:0.95,belief_dynamic,215,1000,0.215,0.19065300972996616,0.2415283224642765
144,discounted_evidence:0.95,decay_q:0.02,74,1000,0.074,0.05935475135620055,0.09190576623940419
144,discounted_evidence:0.95,decay_q:0.05,80,1000,0.08,0.06474778552394919,0.09846680928861887
144,discounted_evidence:0.95,decay_q:0.1,77,1000,0.077,0.06204766009579463,0.09518989610829176
144,discounted_evidence:0.95,decay_q:0.2,89,1000,0.089,0.0728879752136599,0.10825773542435312
144,discounted_evidence:0.95,discounted_evidence:0.8,0,1000,0.0,0.0,0.003826898586390522
144,discounted_evidence:0.95,discounted_evidence:0.9,53,1000,0.053,0.040746308422339304,0.06867493891389383
144,discounted_evidence:0.95,discounted_evidence:0.95,374,1000,0.374,0.34454556765087635,0.40441881079289416
144,discounted_evidence:0.95,recent_window:5,0,1000,0.0,0.0,0.003826898586390522
144,discounted_evidence:0.95,recent_window:8,0,1000,0.0,0.0,0.003826898586390522
144,discounted_evidence:0.95,unresolved_tie,9,1000,0.009,0.004742006589011481,0.017016007822824013
144,recent_window:5,uniform,0,1000,0.0,0.0,0.003826898586390522
144,recent_window:5,expertise,0,1000,0.0,0.0,0.003826898586390522
144,recent_window:5,repeat_last,0,1000,0.0,0.0,0.003826898586390522
144,recent_window:5,win_stay_expertise,0,1000,0.0,0.0,0.003826898586390522
144,recent_window:5,history_frequency,0,1000,0.0,0.0,0.003826898586390522
144,recent_window:5,reward_learning,0,1000,0.0,0.0,0.003826898586390522
144,recent_window:5,belief_static,0,1000,0.0,0.0,0.003826898586390522
144,recent_window:5,belief_dynamic,0,1000,0.0,0.0,0.003826898586390522
144,recent_window:5,decay_q:0.02,0,1000,0.0,0.0,0.003826898586390522
144,recent_window:5,decay_q:0.05,0,1000,0.0,0.0,0.003826898586390522
144,recent_window:5,decay_q:0.1,0,1000,0.0,0.0,0.003826898586390522
144,recent_window:5,decay_q:0.2,0,1000,0.0,0.0,0.003826898586390522
144,recent_window:5,discounted_evidence:0.8,1,1000,0.001,0.0001765418290572713,0.0056427029601604705
144,recent_window:5,discounted_evidence:0.9,0,1000,0.0,0.0,0.003826898586390522
144,recent_window:5,discounted_evidence:0.95,0,1000,0.0,0.0,0.003826898586390522
144,recent_window:5,recent_window:5,999,1000,0.999,0.9943572970398398,0.9998234581709429
144,recent_window:5,recent_window:8,0,1000,0.0,0.0,0.003826898586390522
144,recent_window:5,unresolved_tie,0,1000,0.0,0.0,0.003826898586390522
144,recent_window:8,uniform,0,1000,0.0,0.0,0.003826898586390522
144,recent_window:8,expertise,0,1000,0.0,0.0,0.003826898586390522
144,recent_window:8,repeat_last,0,1000,0.0,0.0,0.003826898586390522
144,recent_window:8,win_stay_expertise,0,1000,0.0,0.0,0.003826898586390522
144,recent_window:8,history_frequency,0,1000,0.0,0.0,0.003826898586390522
144,recent_window:8,reward_learning,0,1000,0.0,0.0,0.003826898586390522
144,recent_window:8,belief_static,0,1000,0.0,0.0,0.003826898586390522
144,recent_window:8,belief_dynamic,0,1000,0.0,0.0,0.003826898586390522
144,recent_window:8,decay_q:0.02,0,1000,0.0,0.0,0.003826898586390522
144,recent_window:8,decay_q:0.05,0,1000,0.0,0.0,0.003826898586390522
144,recent_window:8,decay_q:0.1,0,1000,0.0,0.0,0.003826898586390522
144,recent_window:8,decay_q:0.2,0,1000,0.0,0.0,0.003826898586390522
144,recent_window:8,discounted_evidence:0.8,0,1000,0.0,0.0,0.003826898586390522
144,recent_window:8,discounted_evidence:0.9,0,1000,0.0,0.0,0.003826898586390522
144,recent_window:8,discounted_evidence:0.95,0,1000,0.0,0.0,0.003826898586390522
144,recent_window:8,recent_window:5,0,1000,0.0,0.0,0.003826898586390522
144,recent_window:8,recent_window:8,1000,1000,1.0,0.9961731014136095,1.0
144,recent_window:8,unresolved_tie,0,1000,0.0,0.0,0.003826898586390522
288,uniform,uniform,1000,1000,1.0,0.9961731014136095,1.0
288,uniform,expertise,0,1000,0.0,0.0,0.003826898586390522
288,uniform,repeat_last,0,1000,0.0,0.0,0.003826898586390522
288,uniform,win_stay_expertise,0,1000,0.0,0.0,0.003826898586390522
288,uniform,history_frequency,0,1000,0.0,0.0,0.003826898586390522
288,uniform,reward_learning,0,1000,0.0,0.0,0.003826898586390522
288,uniform,belief_static,0,1000,0.0,0.0,0.003826898586390522
288,uniform,belief_dynamic,0,1000,0.0,0.0,0.003826898586390522
288,uniform,decay_q:0.02,0,1000,0.0,0.0,0.003826898586390522
288,uniform,decay_q:0.05,0,1000,0.0,0.0,0.003826898586390522
288,uniform,decay_q:0.1,0,1000,0.0,0.0,0.003826898586390522
288,uniform,decay_q:0.2,0,1000,0.0,0.0,0.003826898586390522
288,uniform,discounted_evidence:0.8,0,1000,0.0,0.0,0.003826898586390522
288,uniform,discounted_evidence:0.9,0,1000,0.0,0.0,0.003826898586390522
288,uniform,discounted_evidence:0.95,0,1000,0.0,0.0,0.003826898586390522
288,uniform,recent_window:5,0,1000,0.0,0.0,0.003826898586390522
288,uniform,recent_window:8,0,1000,0.0,0.0,0.003826898586390522
288,uniform,unresolved_tie,0,1000,0.0,0.0,0.003826898586390522
288,expertise,uniform,0,1000,0.0,0.0,0.003826898586390522
288,expertise,expertise,1000,1000,1.0,0.9961731014136095,1.0
288,expertise,repeat_last,0,1000,0.0,0.0,0.003826898586390522
288,expertise,win_stay_expertise,0,1000,0.0,0.0,0.003826898586390522
288,expertise,history_frequency,0,1000,0.0,0.0,0.003826898586390522
288,expertise,reward_learning,0,1000,0.0,0.0,0.003826898586390522
288,expertise,belief_static,0,1000,0.0,0.0,0.003826898586390522
288,expertise,belief_dynamic,0,1000,0.0,0.0,0.003826898586390522
288,expertise,decay_q:0.02,0,1000,0.0,0.0,0.003826898586390522
288,expertise,decay_q:0.05,0,1000,0.0,0.0,0.003826898586390522
288,expertise,decay_q:0.1,0,1000,0.0,0.0,0.003826898586390522
288,expertise,decay_q:0.2,0,1000,0.0,0.0,0.003826898586390522
288,expertise,discounted_evidence:0.8,0,1000,0.0,0.0,0.003826898586390522
288,expertise,discounted_evidence:0.9,0,1000,0.0,0.0,0.003826898586390522
288,expertise,discounted_evidence:0.95,0,1000,0.0,0.0,0.003826898586390522
288,expertise,recent_window:5,0,1000,0.0,0.0,0.003826898586390522
288,expertise,recent_window:8,0,1000,0.0,0.0,0.003826898586390522
288,expertise,unresolved_tie,0,1000,0.0,0.0,0.003826898586390522
288,repeat_last,uniform,0,1000,0.0,0.0,0.003826898586390522
288,repeat_last,expertise,0,1000,0.0,0.0,0.003826898586390522
288,repeat_last,repeat_last,1000,1000,1.0,0.9961731014136095,1.0
288,repeat_last,win_stay_expertise,0,1000,0.0,0.0,0.003826898586390522
288,repeat_last,history_frequency,0,1000,0.0,0.0,0.003826898586390522
288,repeat_last,reward_learning,0,1000,0.0,0.0,0.003826898586390522
288,repeat_last,belief_static,0,1000,0.0,0.0,0.003826898586390522
288,repeat_last,belief_dynamic,0,1000,0.0,0.0,0.003826898586390522
288,repeat_last,decay_q:0.02,0,1000,0.0,0.0,0.003826898586390522
288,repeat_last,decay_q:0.05,0,1000,0.0,0.0,0.003826898586390522
288,repeat_last,decay_q:0.1,0,1000,0.0,0.0,0.003826898586390522
288,repeat_last,decay_q:0.2,0,1000,0.0,0.0,0.003826898586390522
288,repeat_last,discounted_evidence:0.8,0,1000,0.0,0.0,0.003826898586390522
288,repeat_last,discounted_evidence:0.9,0,1000,0.0,0.0,0.003826898586390522
288,repeat_last,discounted_evidence:0.95,0,1000,0.0,0.0,0.003826898586390522
288,repeat_last,recent_window:5,0,1000,0.0,0.0,0.003826898586390522
288,repeat_last,recent_window:8,0,1000,0.0,0.0,0.003826898586390522
288,repeat_last,unresolved_tie,0,1000,0.0,0.0,0.003826898586390522
288,win_stay_expertise,uniform,0,1000,0.0,0.0,0.003826898586390522
288,win_stay_expertise,expertise,0,1000,0.0,0.0,0.003826898586390522
288,win_stay_expertise,repeat_last,0,1000,0.0,0.0,0.003826898586390522
288,win_stay_expertise,win_stay_expertise,1000,1000,1.0,0.9961731014136095,1.0
288,win_stay_expertise,history_frequency,0,1000,0.0,0.0,0.003826898586390522
288,win_stay_expertise,reward_learning,0,1000,0.0,0.0,0.003826898586390522
288,win_stay_expertise,belief_static,0,1000,0.0,0.0,0.003826898586390522
288,win_stay_expertise,belief_dynamic,0,1000,0.0,0.0,0.003826898586390522
288,win_stay_expertise,decay_q:0.02,0,1000,0.0,0.0,0.003826898586390522
288,win_stay_expertise,decay_q:0.05,0,1000,0.0,0.0,0.003826898586390522
288,win_stay_expertise,decay_q:0.1,0,1000,0.0,0.0,0.003826898586390522
288,win_stay_expertise,decay_q:0.2,0,1000,0.0,0.0,0.003826898586390522
288,win_stay_expertise,discounted_evidence:0.8,0,1000,0.0,0.0,0.003826898586390522
288,win_stay_expertise,discounted_evidence:0.9,0,1000,0.0,0.0,0.003826898586390522
288,win_stay_expertise,discounted_evidence:0.95,0,1000,0.0,0.0,0.003826898586390522
288,win_stay_expertise,recent_window:5,0,1000,0.0,0.0,0.003826898586390522
288,win_stay_expertise,recent_window:8,0,1000,0.0,0.0,0.003826898586390522
288,win_stay_expertise,unresolved_tie,0,1000,0.0,0.0,0.003826898586390522
288,history_frequency,uniform,0,1000,0.0,0.0,0.003826898586390522
288,history_frequency,expertise,0,1000,0.0,0.0,0.003826898586390522
288,history_frequency,repeat_last,0,1000,0.0,0.0,0.003826898586390522
288,history_frequency,win_stay_expertise,0,1000,0.0,0.0,0.003826898586390522
288,history_frequency,history_frequency,0,1000,0.0,0.0,0.003826898586390522
288,history_frequency,reward_learning,109,1000,0.109,0.09115973208991156,0.12983290260464586
288,history_frequency,belief_static,0,1000,0.0,0.0,0.003826898586390522
288,history_frequency,belief_dynamic,0,1000,0.0,0.0,0.003826898586390522
288,history_frequency,decay_q:0.02,6,1000,0.006,0.0027526315709082315,0.013028344232445605
288,history_frequency,decay_q:0.05,0,1000,0.0,0.0,0.003826898586390522
288,history_frequency,decay_q:0.1,0,1000,0.0,0.0,0.003826898586390522
288,history_frequency,decay_q:0.2,6,1000,0.006,0.0027526315709082315,0.013028344232445605
288,history_frequency,discounted_evidence:0.8,0,1000,0.0,0.0,0.003826898586390522
288,history_frequency,discounted_evidence:0.9,0,1000,0.0,0.0,0.003826898586390522
288,history_frequency,discounted_evidence:0.95,0,1000,0.0,0.0,0.003826898586390522
288,history_frequency,recent_window:5,0,1000,0.0,0.0,0.003826898586390522
288,history_frequency,recent_window:8,0,1000,0.0,0.0,0.003826898586390522
288,history_frequency,unresolved_tie,879,1000,0.879,0.8573226741029558,0.8977765367685602
288,reward_learning,uniform,0,1000,0.0,0.0,0.003826898586390522
288,reward_learning,expertise,0,1000,0.0,0.0,0.003826898586390522
288,reward_learning,repeat_last,0,1000,0.0,0.0,0.003826898586390522
288,reward_learning,win_stay_expertise,0,1000,0.0,0.0,0.003826898586390522
288,reward_learning,history_frequency,0,1000,0.0,0.0,0.003826898586390522
288,reward_learning,reward_learning,563,1000,0.563,0.5320735047444565,0.5934443060336583
288,reward_learning,belief_static,0,1000,0.0,0.0,0.003826898586390522
288,reward_learning,belief_dynamic,4,1000,0.004,0.0015565629678934295,0.010239720429805971
288,reward_learning,decay_q:0.02,174,1000,0.174,0.1517619648232723,0.19873317305505434
288,reward_learning,decay_q:0.05,55,1000,0.055,0.04249722594783333,0.07090871379405425
288,reward_learning,decay_q:0.1,10,1000,0.01,0.005440695309270557,0.01830966530539216
288,reward_learning,decay_q:0.2,63,1000,0.063,0.049549444227037005,0.07979526513746835
288,reward_learning,discounted_evidence:0.8,0,1000,0.0,0.0,0.003826898586390522
288,reward_learning,discounted_evidence:0.9,0,1000,0.0,0.0,0.003826898586390522
288,reward_learning,discounted_evidence:0.95,12,1000,0.012,0.006877579092159561,0.020857473928157594
288,reward_learning,recent_window:5,0,1000,0.0,0.0,0.003826898586390522
288,reward_learning,recent_window:8,0,1000,0.0,0.0,0.003826898586390522
288,reward_learning,unresolved_tie,119,1000,0.119,0.10037486818688018,0.14054122853594941
288,belief_static,uniform,0,1000,0.0,0.0,0.003826898586390522
288,belief_static,expertise,0,1000,0.0,0.0,0.003826898586390522
288,belief_static,repeat_last,0,1000,0.0,0.0,0.003826898586390522
288,belief_static,win_stay_expertise,0,1000,0.0,0.0,0.003826898586390522
288,belief_static,history_frequency,0,1000,0.0,0.0,0.003826898586390522
288,belief_static,reward_learning,127,1000,0.127,0.10777968175436589,0.14907518459108146
288,belief_static,belief_static,0,1000,0.0,0.0,0.003826898586390522
288,belief_static,belief_dynamic,0,1000,0.0,0.0,0.003826898586390522
288,belief_static,decay_q:0.02,10,1000,0.01,0.005440695309270557,0.01830966530539216
288,belief_static,decay_q:0.05,1,1000,0.001,0.0001765418290572713,0.0056427029601604705
288,belief_static,decay_q:0.1,0,1000,0.0,0.0,0.003826898586390522
288,belief_static,decay_q:0.2,9,1000,0.009,0.004742006589011481,0.017016007822824013
288,belief_static,discounted_evidence:0.8,0,1000,0.0,0.0,0.003826898586390522
288,belief_static,discounted_evidence:0.9,0,1000,0.0,0.0,0.003826898586390522
288,belief_static,discounted_evidence:0.95,0,1000,0.0,0.0,0.003826898586390522
288,belief_static,recent_window:5,0,1000,0.0,0.0,0.003826898586390522
288,belief_static,recent_window:8,0,1000,0.0,0.0,0.003826898586390522
288,belief_static,unresolved_tie,853,1000,0.853,0.8297018143400393,0.873596395257969
288,belief_dynamic,uniform,0,1000,0.0,0.0,0.003826898586390522
288,belief_dynamic,expertise,0,1000,0.0,0.0,0.003826898586390522
288,belief_dynamic,repeat_last,0,1000,0.0,0.0,0.003826898586390522
288,belief_dynamic,win_stay_expertise,0,1000,0.0,0.0,0.003826898586390522
288,belief_dynamic,history_frequency,0,1000,0.0,0.0,0.003826898586390522
288,belief_dynamic,reward_learning,0,1000,0.0,0.0,0.003826898586390522
288,belief_dynamic,belief_static,0,1000,0.0,0.0,0.003826898586390522
288,belief_dynamic,belief_dynamic,725,1000,0.725,0.696503294821948,0.7517746008141762
288,belief_dynamic,decay_q:0.02,6,1000,0.006,0.0027526315709082315,0.013028344232445605
288,belief_dynamic,decay_q:0.05,16,1000,0.016,0.009872155867426248,0.02583228196419978
288,belief_dynamic,decay_q:0.1,33,1000,0.033,0.023592783250793958,0.045981540028894805
288,belief_dynamic,decay_q:0.2,21,1000,0.021,0.013775634089646441,0.03189053475611568
288,belief_dynamic,discounted_evidence:0.8,0,1000,0.0,0.0,0.003826898586390522
288,belief_dynamic,discounted_evidence:0.9,41,1000,0.041,0.03036480400090244,0.055148288901404066
288,belief_dynamic,discounted_evidence:0.95,158,1000,0.158,0.1367072897211659,0.18191030891192525
288,belief_dynamic,recent_window:5,0,1000,0.0,0.0,0.003826898586390522
288,belief_dynamic,recent_window:8,0,1000,0.0,0.0,0.003826898586390522
288,belief_dynamic,unresolved_tie,0,1000,0.0,0.0,0.003826898586390522
288,decay_q:0.02,uniform,0,1000,0.0,0.0,0.003826898586390522
288,decay_q:0.02,expertise,0,1000,0.0,0.0,0.003826898586390522
288,decay_q:0.02,repeat_last,0,1000,0.0,0.0,0.003826898586390522
288,decay_q:0.02,win_stay_expertise,0,1000,0.0,0.0,0.003826898586390522
288,decay_q:0.02,history_frequency,0,1000,0.0,0.0,0.003826898586390522
288,decay_q:0.02,reward_learning,291,1000,0.291,0.2636892970075237,0.3199103466015876
288,decay_q:0.02,belief_static,0,1000,0.0,0.0,0.003826898586390522
288,decay_q:0.02,belief_dynamic,14,1000,0.014,0.008357497449441328,0.023362247976530262
288,decay_q:0.02,decay_q:0.02,299,1000,0.299,0.27143714358426096,0.3281012696474681
288,decay_q:0.02,decay_q:0.05,150,1000,0.15,0.1292097149821607,0.1734691140283127
288,decay_q:0.02,decay_q:0.1,49,1000,0.049,0.03726084730617148,0.06419101521875278
288,decay_q:0.02,decay_q:0.2,121,1000,0.121,0.1022234632314399,0.14267732589704413
288,decay_q:0.02,discounted_evidence:0.8,0,1000,0.0,0.0,0.003826898586390522
288,decay_q:0.02,discounted_evidence:0.9,0,1000,0.0,0.0,0.003826898586390522
288,decay_q:0.02,discounted_evidence:0.95,45,1000,0.045,0.033799334842846314,0.05968314287076907
288,decay_q:0.02,recent_window:5,0,1000,0.0,0.0,0.003826898586390522
288,decay_q:0.02,recent_window:8,0,1000,0.0,0.0,0.003826898586390522
288,decay_q:0.02,unresolved_tie,31,1000,0.031,0.02192386473850233,0.04366576613553198
288,decay_q:0.05,uniform,0,1000,0.0,0.0,0.003826898586390522
288,decay_q:0.05,expertise,0,1000,0.0,0.0,0.003826898586390522
288,decay_q:0.05,repeat_last,0,1000,0.0,0.0,0.003826898586390522
288,decay_q:0.05,win_stay_expertise,0,1000,0.0,0.0,0.003826898586390522
288,decay_q:0.05,history_frequency,0,1000,0.0,0.0,0.003826898586390522
288,decay_q:0.05,reward_learning,103,1000,0.103,0.08565451806760464,0.12338403940998945
288,decay_q:0.05,belief_static,0,1000,0.0,0.0,0.003826898586390522
288,decay_q:0.05,belief_dynamic,42,1000,0.042,0.031220715828023885,0.05628472327710986
288,decay_q:0.05,decay_q:0.02,186,1000,0.186,0.16310078087999175,0.21130251143226153
288,decay_q:0.05,decay_q:0.05,225,1000,0.225,0.20019851963259613,0.25190627458991877
288,decay_q:0.05,decay_q:0.1,139,1000,0.139,0.11893604544071834,0.1618269753386557
288,decay_q:0.05,decay_q:0.2,161,1000,0.161,0.13952416184016234,0.1850704754014105
288,decay_q:0.05,discounted_evidence:0.8,0,1000,0.0,0.0,0.003826898586390522
288,decay_q:0.05,discounted_evidence:0.9,1,1000,0.001,0.0001765418290572713,0.0056427029601604705
288,decay_q:0.05,discounted_evidence:0.95,138,1000,0.138,0.11800423096411534,0.16076644361243145
288,decay_q:0.05,recent_window:5,0,1000,0.0,0.0,0.003826898586390522
288,decay_q:0.05,recent_window:8,0,1000,0.0,0.0,0.003826898586390522
288,decay_q:0.05,unresolved_tie,5,1000,0.005,0.0021375039957652504,0.011651125604761368
288,decay_q:0.1,uniform,0,1000,0.0,0.0,0.003826898586390522
288,decay_q:0.1,expertise,0,1000,0.0,0.0,0.003826898586390522
288,decay_q:0.1,repeat_last,0,1000,0.0,0.0,0.003826898586390522
288,decay_q:0.1,win_stay_expertise,0,1000,0.0,0.0,0.003826898586390522
288,decay_q:0.1,history_frequency,0,1000,0.0,0.0,0.003826898586390522
288,decay_q:0.1,reward_learning,36,1000,0.036,0.026115418024352906,0.0494359438638175
288,decay_q:0.1,belief_static,0,1000,0.0,0.0,0.003826898586390522
288,decay_q:0.1,belief_dynamic,75,1000,0.075,0.0602515618187045,0.09300130197972745
288,decay_q:0.1,decay_q:0.02,89,1000,0.089,0.0728879752136599,0.10825773542435312
288,decay_q:0.1,decay_q:0.05,146,1000,0.146,0.1254689208733851,0.1692405233257794
288,decay_q:0.1,decay_q:0.1,203,1000,0.203,0.17922776346679883,0.22904541429351719
288,decay_q:0.1,decay_q:0.2,279,1000,0.279,0.2520873156578569,0.30760417351732783
288,decay_q:0.1,discounted_evidence:0.8,0,1000,0.0,0.0,0.003826898586390522
288,decay_q:0.1,discounted_evidence:0.9,1,1000,0.001,0.0001765418290572713,0.0056427029601604705
288,decay_q:0.1,discounted_evidence:0.95,169,1000,0.169,0.14704924560056298,0.1934841612636276
288,decay_q:0.1,recent_window:5,0,1000,0.0,0.0,0.003826898586390522
288,decay_q:0.1,recent_window:8,0,1000,0.0,0.0,0.003826898586390522
288,decay_q:0.1,unresolved_tie,2,1000,0.002,0.000548632102457155,0.007262958889587807
288,decay_q:0.2,uniform,0,1000,0.0,0.0,0.003826898586390522
288,decay_q:0.2,expertise,0,1000,0.0,0.0,0.003826898586390522
288,decay_q:0.2,repeat_last,0,1000,0.0,0.0,0.003826898586390522
288,decay_q:0.2,win_stay_expertise,0,1000,0.0,0.0,0.003826898586390522
288,decay_q:0.2,history_frequency,0,1000,0.0,0.0,0.003826898586390522
288,decay_q:0.2,reward_learning,39,1000,0.039,0.028658799196088068,0.052869601300564
288,decay_q:0.2,belief_static,0,1000,0.0,0.0,0.003826898586390522
288,decay_q:0.2,belief_dynamic,20,1000,0.02,0.012983581129037627,0.03069024151389728
288,decay_q:0.2,decay_q:0.02,80,1000,0.08,0.06474778552394919,0.09846680928861887
288,decay_q:0.2,decay_q:0.05,78,1000,0.078,0.0629469187422331,0.09628298366468052
288,decay_q:0.2,decay_q:0.1,148,1000,0.148,0.12733863362020514,0.17135550298461383
288,decay_q:0.2,decay_q:0.2,565,1000,0.565,0.5340817573697643,0.5954207458140048
288,decay_q:0.2,discounted_evidence:0.8,0,1000,0.0,0.0,0.003826898586390522
288,decay_q:0.2,discounted_evidence:0.9,0,1000,0.0,0.0,0.003826898586390522
288,decay_q:0.2,discounted_evidence:0.95,60,1000,0.06,0.046896260125365796,0.07647141063065788
288,decay_q:0.2,recent_window:5,0,1000,0.0,0.0,0.003826898586390522
288,decay_q:0.2,recent_window:8,0,1000,0.0,0.0,0.003826898586390522
288,decay_q:0.2,unresolved_tie,10,1000,0.01,0.005440695309270557,0.01830966530539216
288,discounted_evidence:0.8,uniform,0,1000,0.0,0.0,0.003826898586390522
288,discounted_evidence:0.8,expertise,0,1000,0.0,0.0,0.003826898586390522
288,discounted_evidence:0.8,repeat_last,0,1000,0.0,0.0,0.003826898586390522
288,discounted_evidence:0.8,win_stay_expertise,0,1000,0.0,0.0,0.003826898586390522
288,discounted_evidence:0.8,history_frequency,0,1000,0.0,0.0,0.003826898586390522
288,discounted_evidence:0.8,reward_learning,0,1000,0.0,0.0,0.003826898586390522
288,discounted_evidence:0.8,belief_static,0,1000,0.0,0.0,0.003826898586390522
288,discounted_evidence:0.8,belief_dynamic,0,1000,0.0,0.0,0.003826898586390522
288,discounted_evidence:0.8,decay_q:0.02,0,1000,0.0,0.0,0.003826898586390522
288,discounted_evidence:0.8,decay_q:0.05,0,1000,0.0,0.0,0.003826898586390522
288,discounted_evidence:0.8,decay_q:0.1,0,1000,0.0,0.0,0.003826898586390522
288,discounted_evidence:0.8,decay_q:0.2,0,1000,0.0,0.0,0.003826898586390522
288,discounted_evidence:0.8,discounted_evidence:0.8,988,1000,0.988,0.9791425260718425,0.9931224209078404
288,discounted_evidence:0.8,discounted_evidence:0.9,12,1000,0.012,0.006877579092159561,0.020857473928157594
288,discounted_evidence:0.8,discounted_evidence:0.95,0,1000,0.0,0.0,0.003826898586390522
288,discounted_evidence:0.8,recent_window:5,0,1000,0.0,0.0,0.003826898586390522
288,discounted_evidence:0.8,recent_window:8,0,1000,0.0,0.0,0.003826898586390522
288,discounted_evidence:0.8,unresolved_tie,0,1000,0.0,0.0,0.003826898586390522
288,discounted_evidence:0.9,uniform,0,1000,0.0,0.0,0.003826898586390522
288,discounted_evidence:0.9,expertise,0,1000,0.0,0.0,0.003826898586390522
288,discounted_evidence:0.9,repeat_last,0,1000,0.0,0.0,0.003826898586390522
288,discounted_evidence:0.9,win_stay_expertise,0,1000,0.0,0.0,0.003826898586390522
288,discounted_evidence:0.9,history_frequency,0,1000,0.0,0.0,0.003826898586390522
288,discounted_evidence:0.9,reward_learning,0,1000,0.0,0.0,0.003826898586390522
288,discounted_evidence:0.9,belief_static,0,1000,0.0,0.0,0.003826898586390522
288,discounted_evidence:0.9,belief_dynamic,26,1000,0.026,0.01780381535792082,0.0378240845019774
288,discounted_evidence:0.9,decay_q:0.02,0,1000,0.0,0.0,0.003826898586390522
288,discounted_evidence:0.9,decay_q:0.05,0,1000,0.0,0.0,0.003826898586390522
288,discounted_evidence:0.9,decay_q:0.1,0,1000,0.0,0.0,0.003826898586390522
288,discounted_evidence:0.9,decay_q:0.2,0,1000,0.0,0.0,0.003826898586390522
288,discounted_evidence:0.9,discounted_evidence:0.8,11,1000,0.011,0.006153110089114165,0.01958959672837577
288,discounted_evidence:0.9,discounted_evidence:0.9,948,1000,0.948,0.9324439406590116,0.9601271582075824
288,discounted_evidence:0.9,discounted_evidence:0.95,15,1000,0.015,0.00911089683719635,0.02460119479160246
288,discounted_evidence:0.9,recent_window:5,0,1000,0.0,0.0,0.003826898586390522
288,discounted_evidence:0.9,recent_window:8,0,1000,0.0,0.0,0.003826898586390522
288,discounted_evidence:0.9,unresolved_tie,0,1000,0.0,0.0,0.003826898586390522
288,discounted_evidence:0.95,uniform,0,1000,0.0,0.0,0.003826898586390522
288,discounted_evidence:0.95,expertise,0,1000,0.0,0.0,0.003826898586390522
288,discounted_evidence:0.95,repeat_last,0,1000,0.0,0.0,0.003826898586390522
288,discounted_evidence:0.95,win_stay_expertise,0,1000,0.0,0.0,0.003826898586390522
288,discounted_evidence:0.95,history_frequency,0,1000,0.0,0.0,0.003826898586390522
288,discounted_evidence:0.95,reward_learning,2,1000,0.002,0.000548632102457155,0.007262958889587807
288,discounted_evidence:0.95,belief_static,0,1000,0.0,0.0,0.003826898586390522
288,discounted_evidence:0.95,belief_dynamic,198,1000,0.198,0.17447715201169275,0.2238342947344872
288,discounted_evidence:0.95,decay_q:0.02,40,1000,0.04,0.02951080927390945,0.05400993742556984
288,discounted_evidence:0.95,decay_q:0.05,81,1000,0.081,0.06564936712410993,0.09955757389128536
288,discounted_evidence:0.95,decay_q:0.1,109,1000,0.109,0.09115973208991156,0.12983290260464586
288,discounted_evidence:0.95,decay_q:0.2,50,1000,0.05,0.03813007264328189,0.0653141360844696
288,discounted_evidence:0.95,discounted_evidence:0.8,0,1000,0.0,0.0,0.003826898586390522
288,discounted_evidence:0.95,discounted_evidence:0.9,12,1000,0.012,0.006877579092159561,0.020857473928157594
288,discounted_evidence:0.95,discounted_evidence:0.95,508,1000,0.508,0.4770423632544587,0.5388964063681592
288,discounted_evidence:0.95,recent_window:5,0,1000,0.0,0.0,0.003826898586390522
288,discounted_evidence:0.95,recent_window:8,0,1000,0.0,0.0,0.003826898586390522
288,discounted_evidence:0.95,unresolved_tie,0,1000,0.0,0.0,0.003826898586390522
288,recent_window:5,uniform,0,1000,0.0,0.0,0.003826898586390522
288,recent_window:5,expertise,0,1000,0.0,0.0,0.003826898586390522
288,recent_window:5,repeat_last,0,1000,0.0,0.0,0.003826898586390522
288,recent_window:5,win_stay_expertise,0,1000,0.0,0.0,0.003826898586390522
288,recent_window:5,history_frequency,0,1000,0.0,0.0,0.003826898586390522
288,recent_window:5,reward_learning,0,1000,0.0,0.0,0.003826898586390522
288,recent_window:5,belief_static,0,1000,0.0,0.0,0.003826898586390522
288,recent_window:5,belief_dynamic,0,1000,0.0,0.0,0.003826898586390522
288,recent_window:5,decay_q:0.02,0,1000,0.0,0.0,0.003826898586390522
288,recent_window:5,decay_q:0.05,0,1000,0.0,0.0,0.003826898586390522
288,recent_window:5,decay_q:0.1,0,1000,0.0,0.0,0.003826898586390522
288,recent_window:5,decay_q:0.2,0,1000,0.0,0.0,0.003826898586390522
288,recent_window:5,discounted_evidence:0.8,0,1000,0.0,0.0,0.003826898586390522
288,recent_window:5,discounted_evidence:0.9,0,1000,0.0,0.0,0.003826898586390522
288,recent_window:5,discounted_evidence:0.95,0,1000,0.0,0.0,0.003826898586390522
288,recent_window:5,recent_window:5,1000,1000,1.0,0.9961731014136095,1.0
288,recent_window:5,recent_window:8,0,1000,0.0,0.0,0.003826898586390522
288,recent_window:5,unresolved_tie,0,1000,0.0,0.0,0.003826898586390522
288,recent_window:8,uniform,0,1000,0.0,0.0,0.003826898586390522
288,recent_window:8,expertise,0,1000,0.0,0.0,0.003826898586390522
288,recent_window:8,repeat_last,0,1000,0.0,0.0,0.003826898586390522
288,recent_window:8,win_stay_expertise,0,1000,0.0,0.0,0.003826898586390522
288,recent_window:8,history_frequency,0,1000,0.0,0.0,0.003826898586390522
288,recent_window:8,reward_learning,0,1000,0.0,0.0,0.003826898586390522
288,recent_window:8,belief_static,0,1000,0.0,0.0,0.003826898586390522
288,recent_window:8,belief_dynamic,0,1000,0.0,0.0,0.003826898586390522
288,recent_window:8,decay_q:0.02,0,1000,0.0,0.0,0.003826898586390522
288,recent_window:8,decay_q:0.05,0,1000,0.0,0.0,0.003826898586390522
288,recent_window:8,decay_q:0.1,0,1000,0.0,0.0,0.003826898586390522
288,recent_window:8,decay_q:0.2,0,1000,0.0,0.0,0.003826898586390522
288,recent_window:8,discounted_evidence:0.8,0,1000,0.0,0.0,0.003826898586390522
288,recent_window:8,discounted_evidence:0.9,0,1000,0.0,0.0,0.003826898586390522
288,recent_window:8,discounted_evidence:0.95,0,1000,0.0,0.0,0.003826898586390522
288,recent_window:8,recent_window:5,0,1000,0.0,0.0,0.003826898586390522
288,recent_window:8,recent_window:8,1000,1000,1.0,0.9961731014136095,1.0
288,recent_window:8,unresolved_tie,0,1000,0.0,0.0,0.003826898586390522
576,uniform,uniform,1000,1000,1.0,0.9961731014136095,1.0
576,uniform,expertise,0,1000,0.0,0.0,0.003826898586390522
576,uniform,repeat_last,0,1000,0.0,0.0,0.003826898586390522
576,uniform,win_stay_expertise,0,1000,0.0,0.0,0.003826898586390522
576,uniform,history_frequency,0,1000,0.0,0.0,0.003826898586390522
576,uniform,reward_learning,0,1000,0.0,0.0,0.003826898586390522
576,uniform,belief_static,0,1000,0.0,0.0,0.003826898586390522
576,uniform,belief_dynamic,0,1000,0.0,0.0,0.003826898586390522
576,uniform,decay_q:0.02,0,1000,0.0,0.0,0.003826898586390522
576,uniform,decay_q:0.05,0,1000,0.0,0.0,0.003826898586390522
576,uniform,decay_q:0.1,0,1000,0.0,0.0,0.003826898586390522
576,uniform,decay_q:0.2,0,1000,0.0,0.0,0.003826898586390522
576,uniform,discounted_evidence:0.8,0,1000,0.0,0.0,0.003826898586390522
576,uniform,discounted_evidence:0.9,0,1000,0.0,0.0,0.003826898586390522
576,uniform,discounted_evidence:0.95,0,1000,0.0,0.0,0.003826898586390522
576,uniform,recent_window:5,0,1000,0.0,0.0,0.003826898586390522
576,uniform,recent_window:8,0,1000,0.0,0.0,0.003826898586390522
576,uniform,unresolved_tie,0,1000,0.0,0.0,0.003826898586390522
576,expertise,uniform,0,1000,0.0,0.0,0.003826898586390522
576,expertise,expertise,1000,1000,1.0,0.9961731014136095,1.0
576,expertise,repeat_last,0,1000,0.0,0.0,0.003826898586390522
576,expertise,win_stay_expertise,0,1000,0.0,0.0,0.003826898586390522
576,expertise,history_frequency,0,1000,0.0,0.0,0.003826898586390522
576,expertise,reward_learning,0,1000,0.0,0.0,0.003826898586390522
576,expertise,belief_static,0,1000,0.0,0.0,0.003826898586390522
576,expertise,belief_dynamic,0,1000,0.0,0.0,0.003826898586390522
576,expertise,decay_q:0.02,0,1000,0.0,0.0,0.003826898586390522
576,expertise,decay_q:0.05,0,1000,0.0,0.0,0.003826898586390522
576,expertise,decay_q:0.1,0,1000,0.0,0.0,0.003826898586390522
576,expertise,decay_q:0.2,0,1000,0.0,0.0,0.003826898586390522
576,expertise,discounted_evidence:0.8,0,1000,0.0,0.0,0.003826898586390522
576,expertise,discounted_evidence:0.9,0,1000,0.0,0.0,0.003826898586390522
576,expertise,discounted_evidence:0.95,0,1000,0.0,0.0,0.003826898586390522
576,expertise,recent_window:5,0,1000,0.0,0.0,0.003826898586390522
576,expertise,recent_window:8,0,1000,0.0,0.0,0.003826898586390522
576,expertise,unresolved_tie,0,1000,0.0,0.0,0.003826898586390522
576,repeat_last,uniform,0,1000,0.0,0.0,0.003826898586390522
576,repeat_last,expertise,0,1000,0.0,0.0,0.003826898586390522
576,repeat_last,repeat_last,1000,1000,1.0,0.9961731014136095,1.0
576,repeat_last,win_stay_expertise,0,1000,0.0,0.0,0.003826898586390522
576,repeat_last,history_frequency,0,1000,0.0,0.0,0.003826898586390522
576,repeat_last,reward_learning,0,1000,0.0,0.0,0.003826898586390522
576,repeat_last,belief_static,0,1000,0.0,0.0,0.003826898586390522
576,repeat_last,belief_dynamic,0,1000,0.0,0.0,0.003826898586390522
576,repeat_last,decay_q:0.02,0,1000,0.0,0.0,0.003826898586390522
576,repeat_last,decay_q:0.05,0,1000,0.0,0.0,0.003826898586390522
576,repeat_last,decay_q:0.1,0,1000,0.0,0.0,0.003826898586390522
576,repeat_last,decay_q:0.2,0,1000,0.0,0.0,0.003826898586390522
576,repeat_last,discounted_evidence:0.8,0,1000,0.0,0.0,0.003826898586390522
576,repeat_last,discounted_evidence:0.9,0,1000,0.0,0.0,0.003826898586390522
576,repeat_last,discounted_evidence:0.95,0,1000,0.0,0.0,0.003826898586390522
576,repeat_last,recent_window:5,0,1000,0.0,0.0,0.003826898586390522
576,repeat_last,recent_window:8,0,1000,0.0,0.0,0.003826898586390522
576,repeat_last,unresolved_tie,0,1000,0.0,0.0,0.003826898586390522
576,win_stay_expertise,uniform,0,1000,0.0,0.0,0.003826898586390522
576,win_stay_expertise,expertise,0,1000,0.0,0.0,0.003826898586390522
576,win_stay_expertise,repeat_last,0,1000,0.0,0.0,0.003826898586390522
576,win_stay_expertise,win_stay_expertise,1000,1000,1.0,0.9961731014136095,1.0
576,win_stay_expertise,history_frequency,0,1000,0.0,0.0,0.003826898586390522
576,win_stay_expertise,reward_learning,0,1000,0.0,0.0,0.003826898586390522
576,win_stay_expertise,belief_static,0,1000,0.0,0.0,0.003826898586390522
576,win_stay_expertise,belief_dynamic,0,1000,0.0,0.0,0.003826898586390522
576,win_stay_expertise,decay_q:0.02,0,1000,0.0,0.0,0.003826898586390522
576,win_stay_expertise,decay_q:0.05,0,1000,0.0,0.0,0.003826898586390522
576,win_stay_expertise,decay_q:0.1,0,1000,0.0,0.0,0.003826898586390522
576,win_stay_expertise,decay_q:0.2,0,1000,0.0,0.0,0.003826898586390522
576,win_stay_expertise,discounted_evidence:0.8,0,1000,0.0,0.0,0.003826898586390522
576,win_stay_expertise,discounted_evidence:0.9,0,1000,0.0,0.0,0.003826898586390522
576,win_stay_expertise,discounted_evidence:0.95,0,1000,0.0,0.0,0.003826898586390522
576,win_stay_expertise,recent_window:5,0,1000,0.0,0.0,0.003826898586390522
576,win_stay_expertise,recent_window:8,0,1000,0.0,0.0,0.003826898586390522
576,win_stay_expertise,unresolved_tie,0,1000,0.0,0.0,0.003826898586390522
576,history_frequency,uniform,0,1000,0.0,0.0,0.003826898586390522
576,history_frequency,expertise,0,1000,0.0,0.0,0.003826898586390522
576,history_frequency,repeat_last,0,1000,0.0,0.0,0.003826898586390522
576,history_frequency,win_stay_expertise,0,1000,0.0,0.0,0.003826898586390522
576,history_frequency,history_frequency,0,1000,0.0,0.0,0.003826898586390522
576,history_frequency,reward_learning,56,1000,0.056,0.04337460969160231,0.07202367625311248
576,history_frequency,belief_static,0,1000,0.0,0.0,0.003826898586390522
576,history_frequency,belief_dynamic,0,1000,0.0,0.0,0.003826898586390522
576,history_frequency,decay_q:0.02,0,1000,0.0,0.0,0.003826898586390522
576,history_frequency,decay_q:0.05,0,1000,0.0,0.0,0.003826898586390522
576,history_frequency,decay_q:0.1,0,1000,0.0,0.0,0.003826898586390522
576,history_frequency,decay_q:0.2,2,1000,0.002,0.000548632102457155,0.007262958889587807
576,history_frequency,discounted_evidence:0.8,0,1000,0.0,0.0,0.003826898586390522
576,history_frequency,discounted_evidence:0.9,0,1000,0.0,0.0,0.003826898586390522
576,history_frequency,discounted_evidence:0.95,0,1000,0.0,0.0,0.003826898586390522
576,history_frequency,recent_window:5,0,1000,0.0,0.0,0.003826898586390522
576,history_frequency,recent_window:8,0,1000,0.0,0.0,0.003826898586390522
576,history_frequency,unresolved_tie,942,1000,0.942,0.9257500917212245,0.9548669299284063
576,reward_learning,uniform,0,1000,0.0,0.0,0.003826898586390522
576,reward_learning,expertise,0,1000,0.0,0.0,0.003826898586390522
576,reward_learning,repeat_last,0,1000,0.0,0.0,0.003826898586390522
576,reward_learning,win_stay_expertise,0,1000,0.0,0.0,0.003826898586390522
576,reward_learning,history_frequency,0,1000,0.0,0.0,0.003826898586390522
576,reward_learning,reward_learning,689,1000,0.689,0.6596315221253087,0.7169219102090355
576,reward_learning,belief_static,0,1000,0.0,0.0,0.003826898586390522
576,reward_learning,belief_dynamic,0,1000,0.0,0.0,0.003826898586390522
576,reward_learning,decay_q:0.02,206,1000,0.206,0.18208097296652836,0.2321692434022693
576,reward_learning,decay_q:0.05,15,1000,0.015,0.00911089683719635,0.02460119479160246
576,reward_learning,decay_q:0.1,2,1000,0.002,0.000548632102457155,0.007262958889587807
576,reward_learning,decay_q:0.2,28,1000,0.028,0.019442147463132154,0.040170444802420505
576,reward_learning,discounted_evidence:0.8,0,1000,0.0,0.0,0.003826898586390522
576,reward_learning,discounted_evidence:0.9,0,1000,0.0,0.0,0.003826898586390522
576,reward_learning,discounted_evidence:0.95,2,1000,0.002,0.000548632102457155,0.007262958889587807
576,reward_learning,recent_window:5,0,1000,0.0,0.0,0.003826898586390522
576,reward_learning,recent_window:8,0,1000,0.0,0.0,0.003826898586390522
576,reward_learning,unresolved_tie,58,1000,0.058,0.045133070071593756,0.07424990827877548
576,belief_static,uniform,0,1000,0.0,0.0,0.003826898586390522
576,belief_static,expertise,0,1000,0.0,0.0,0.003826898586390522
576,belief_static,repeat_last,0,1000,0.0,0.0,0.003826898586390522
576,belief_static,win_stay_expertise,0,1000,0.0,0.0,0.003826898586390522
576,belief_static,history_frequency,0,1000,0.0,0.0,0.003826898586390522
576,belief_static,reward_learning,55,1000,0.055,0.04249722594783333,0.07090871379405425
576,belief_static,belief_static,0,1000,0.0,0.0,0.003826898586390522
576,belief_static,belief_dynamic,0,1000,0.0,0.0,0.003826898586390522
576,belief_static,decay_q:0.02,1,1000,0.001,0.0001765418290572713,0.0056427029601604705
576,belief_static,decay_q:0.05,0,1000,0.0,0.0,0.003826898586390522
576,belief_static,decay_q:0.1,0,1000,0.0,0.0,0.003826898586390522
576,belief_static,decay_q:0.2,0,1000,0.0,0.0,0.003826898586390522
576,belief_static,discounted_evidence:0.8,0,1000,0.0,0.0,0.003826898586390522
576,belief_static,discounted_evidence:0.9,0,1000,0.0,0.0,0.003826898586390522
576,belief_static,discounted_evidence:0.95,0,1000,0.0,0.0,0.003826898586390522
576,belief_static,recent_window:5,0,1000,0.0,0.0,0.003826898586390522
576,belief_static,recent_window:8,0,1000,0.0,0.0,0.003826898586390522
576,belief_static,unresolved_tie,944,1000,0.944,0.9279763237468875,0.9566253903083978
576,belief_dynamic,uniform,0,1000,0.0,0.0,0.003826898586390522
576,belief_dynamic,expertise,0,1000,0.0,0.0,0.003826898586390522
576,belief_dynamic,repeat_last,0,1000,0.0,0.0,0.003826898586390522
576,belief_dynamic,win_stay_expertise,0,1000,0.0,0.0,0.003826898586390522
576,belief_dynamic,history_frequency,0,1000,0.0,0.0,0.003826898586390522
576,belief_dynamic,reward_learning,0,1000,0.0,0.0,0.003826898586390522
576,belief_dynamic,belief_static,0,1000,0.0,0.0,0.003826898586390522
576,belief_dynamic,belief_dynamic,825,1000,0.825,0.8002178770109885,0.8472946389078577
576,belief_dynamic,decay_q:0.02,0,1000,0.0,0.0,0.003826898586390522
576,belief_dynamic,decay_q:0.05,9,1000,0.009,0.004742006589011481,0.017016007822824013
576,belief_dynamic,decay_q:0.1,21,1000,0.021,0.013775634089646441,0.03189053475611568
576,belief_dynamic,decay_q:0.2,4,1000,0.004,0.0015565629678934295,0.010239720429805971
576,belief_dynamic,discounted_evidence:0.8,0,1000,0.0,0.0,0.003826898586390522
576,belief_dynamic,discounted_evidence:0.9,16,1000,0.016,0.009872155867426248,0.02583228196419978
576,belief_dynamic,discounted_evidence:0.95,125,1000,0.125,0.10592590591609449,0.14694426802369845
576,belief_dynamic,recent_window:5,0,1000,0.0,0.0,0.003826898586390522
576,belief_dynamic,recent_window:8,0,1000,0.0,0.0,0.003826898586390522
576,belief_dynamic,unresolved_tie,0,1000,0.0,0.0,0.003826898586390522
576,decay_q:0.02,uniform,0,1000,0.0,0.0,0.003826898586390522
576,decay_q:0.02,expertise,0,1000,0.0,0.0,0.003826898586390522
576,decay_q:0.02,repeat_last,0,1000,0.0,0.0,0.003826898586390522
576,decay_q:0.02,win_stay_expertise,0,1000,0.0,0.0,0.003826898586390522
576,decay_q:0.02,history_frequency,0,1000,0.0,0.0,0.003826898586390522
576,decay_q:0.02,reward_learning,274,1000,0.274,0.24726035064363416,0.30246940751741447
576,decay_q:0.02,belief_static,0,1000,0.0,0.0,0.003826898586390522
576,decay_q:0.02,belief_dynamic,1,1000,0.001,0.0001765418290572713,0.0056427029601604705
576,decay_q:0.02,decay_q:0.02,405,1000,0.405,0.3749938490885732,0.43573326164284115
576,decay_q:0.02,decay_q:0.05,204,1000,0.204,0.18017859900704303,0.23008692495610017
576,decay_q:0.02,decay_q:0.1,33,1000,0.033,0.023592783250793958,0.045981540028894805
576,decay_q:0.02,decay_q:0.2,65,1000,0.065,0.05132354738787931,0.08200585438228047
576,decay_q:0.02,discounted_evidence:0.8,0,1000,0.0,0.0,0.003826898586390522
576,decay_q:0.02,discounted_evidence:0.9,0,1000,0.0,0.0,0.003826898586390522
576,decay_q:0.02,discounted_evidence:0.95,17,1000,0.017,0.010640599663218203,0.027056184371235047
576,decay_q:0.02,recent_window:5,0,1000,0.0,0.0,0.003826898586390522
576,decay_q:0.02,recent_window:8,0,1000,0.0,0.0,0.003826898586390522
576,decay_q:0.02,unresolved_tie,1,1000,0.001,0.0001765418290572713,0.0056427029601604705
576,decay_q:0.05,uniform,0,1000,0.0,0.0,0.003826898586390522
576,decay_q:0.05,expertise,0,1000,0.0,0.0,0.003826898586390522
576,decay_q:0.05,repeat_last,0,1000,0.0,0.0,0.003826898586390522
576,decay_q:0.05,win_stay_expertise,0,1000,0.0,0.0,0.003826898586390522
576,decay_q:0.05,history_frequency,0,1000,0.0,0.0,0.003826898586390522
576,decay_q:0.05,reward_learning,39,1000,0.039,0.028658799196088068,0.052869601300564
576,decay_q:0.05,belief_static,0,1000,0.0,0.0,0.003826898586390522
576,decay_q:0.05,belief_dynamic,8,1000,0.008,0.004059147003819634,0.01570652120518864
576,decay_q:0.05,decay_q:0.02,253,1000,0.253,0.22703534099919023,0.28085514690248675
576,decay_q:0.05,decay_q:0.05,301,1000,0.301,0.2733757183519434,0.33014738728544
576,decay_q:0.05,decay_q:0.1,162,1000,0.162,0.14046373996425415,0.18612324348014586
576,decay_q:0.05,decay_q:0.2,132,1000,0.132,0.11242130181016353,0.15439529554941994
576,decay_q:0.05,discounted_evidence:0.8,0,1000,0.0,0.0,0.003826898586390522
576,decay_q:0.05,discounted_evidence:0.9,0,1000,0.0,0.0,0.003826898586390522
576,decay_q:0.05,discounted_evidence:0.95,105,1000,0.105,0.08748748752043772,0.1255357623628108
576,decay_q:0.05,recent_window:5,0,1000,0.0,0.0,0.003826898586390522
576,decay_q:0.05,recent_window:8,0,1000,0.0,0.0,0.003826898586390522
576,decay_q:0.05,unresolved_tie,0,1000,0.0,0.0,0.003826898586390522
576,decay_q:0.1,uniform,0,1000,0.0,0.0,0.003826898586390522
576,decay_q:0.1,expertise,0,1000,0.0,0.0,0.003826898586390522
576,decay_q:0.1,repeat_last,0,1000,0.0,0.0,0.003826898586390522
576,decay_q:0.1,win_stay_expertise,0,1000,0.0,0.0,0.003826898586390522
576,decay_q:0.1,history_frequency,0,1000,0.0,0.0,0.003826898586390522
576,decay_q:0.1,reward_learning,8,1000,0.008,0.004059147003819634,0.01570652120518864
576,decay_q:0.1,belief_static,0,1000,0.0,0.0,0.003826898586390522
576,decay_q:0.1,belief_dynamic,13,1000,0.013,0.0076127471221297755,0.022114652101014598
576,decay_q:0.1,decay_q:0.02,73,1000,0.073,0.058458786926264744,0.09080938446651277
576,decay_q:0.1,decay_q:0.05,197,1000,0.197,0.173527752304166,0.22279134823918673
576,decay_q:0.1,decay_q:0.1,337,1000,0.337,0.3083759318113042,0.3668716371278592
576,decay_q:0.1,decay_q:0.2,244,1000,0.244,0.21839238069189443,0.27156699138433754
576,decay_q:0.1,discounted_evidence:0.8,0,1000,0.0,0.0,0.003826898586390522
576,decay_q:0.1,discounted_evidence:0.9,0,1000,0.0,0.0,0.003826898586390522
576,decay_q:0.1,discounted_evidence:0.95,128,1000,0.128,0.10870719327761863,0.15014001927065596
576,decay_q:0.1,recent_window:5,0,1000,0.0,0.0,0.003826898586390522
576,decay_q:0.1,recent_window:8,0,1000,0.0,0.0,0.003826898586390522
576,decay_q:0.1,unresolved_tie,0,1000,0.0,0.0,0.003826898586390522
576,decay_q:0.2,uniform,0,1000,0.0,0.0,0.003826898586390522
576,decay_q:0.2,expertise,0,1000,0.0,0.0,0.003826898586390522
576,decay_q:0.2,repeat_last,0,1000,0.0,0.0,0.003826898586390522
576,decay_q:0.2,win_stay_expertise,0,1000,0.0,0.0,0.003826898586390522
576,decay_q:0.2,history_frequency,0,1000,0.0,0.0,0.003826898586390522
576,decay_q:0.2,reward_learning,23,1000,0.023,0.015374164302931469,0.0342766969484851
576,decay_q:0.2,belief_static,0,1000,0.0,0.0,0.003826898586390522
576,decay_q:0.2,belief_dynamic,7,1000,0.007,0.0033948250792319975,0.01437849692694906
576,decay_q:0.2,decay_q:0.02,56,1000,0.056,0.04337460969160231,0.07202367625311248
576,decay_q:0.2,decay_q:0.05,63,1000,0.063,0.049549444227037005,0.07979526513746835
576,decay_q:0.2,decay_q:0.1,163,1000,0.163,0.14140362461572464,0.1871757050315026
576,decay_q:0.2,decay_q:0.2,669,1000,0.669,0.6392355125320964,0.6974709957457036
576,decay_q:0.2,discounted_evidence:0.8,0,1000,0.0,0.0,0.003826898586390522
576,decay_q:0.2,discounted_evidence:0.9,0,1000,0.0,0.0,0.003826898586390522
576,decay_q:0.2,discounted_evidence:0.95,18,1000,0.018,0.011415645858738454,0.02827348437854201
576,decay_q:0.2,recent_window:5,0,1000,0.0,0.0,0.003826898586390522
576,decay_q:0.2,recent_window:8,0,1000,0.0,0.0,0.003826898586390522
576,decay_q:0.2,unresolved_tie,1,1000,0.001,0.0001765418290572713,0.0056427029601604705
576,discounted_evidence:0.8,uniform,0,1000,0.0,0.0,0.003826898586390522
576,discounted_evidence:0.8,expertise,0,1000,0.0,0.0,0.003826898586390522
576,discounted_evidence:0.8,repeat_last,0,1000,0.0,0.0,0.003826898586390522
576,discounted_evidence:0.8,win_stay_expertise,0,1000,0.0,0.0,0.003826898586390522
576,discounted_evidence:0.8,history_frequency,0,1000,0.0,0.0,0.003826898586390522
576,discounted_evidence:0.8,reward_learning,0,1000,0.0,0.0,0.003826898586390522
576,discounted_evidence:0.8,belief_static,0,1000,0.0,0.0,0.003826898586390522
576,discounted_evidence:0.8,belief_dynamic,0,1000,0.0,0.0,0.003826898586390522
576,discounted_evidence:0.8,decay_q:0.02,0,1000,0.0,0.0,0.003826898586390522
576,discounted_evidence:0.8,decay_q:0.05,0,1000,0.0,0.0,0.003826898586390522
576,discounted_evidence:0.8,decay_q:0.1,0,1000,0.0,0.0,0.003826898586390522
576,discounted_evidence:0.8,decay_q:0.2,0,1000,0.0,0.0,0.003826898586390522
576,discounted_evidence:0.8,discounted_evidence:0.8,1000,1000,1.0,0.9961731014136095,1.0
576,discounted_evidence:0.8,discounted_evidence:0.9,0,1000,0.0,0.0,0.003826898586390522
576,discounted_evidence:0.8,discounted_evidence:0.95,0,1000,0.0,0.0,0.003826898586390522
576,discounted_evidence:0.8,recent_window:5,0,1000,0.0,0.0,0.003826898586390522
576,discounted_evidence:0.8,recent_window:8,0,1000,0.0,0.0,0.003826898586390522
576,discounted_evidence:0.8,unresolved_tie,0,1000,0.0,0.0,0.003826898586390522
576,discounted_evidence:0.9,uniform,0,1000,0.0,0.0,0.003826898586390522
576,discounted_evidence:0.9,expertise,0,1000,0.0,0.0,0.003826898586390522
576,discounted_evidence:0.9,repeat_last,0,1000,0.0,0.0,0.003826898586390522
576,discounted_evidence:0.9,win_stay_expertise,0,1000,0.0,0.0,0.003826898586390522
576,discounted_evidence:0.9,history_frequency,0,1000,0.0,0.0,0.003826898586390522
576,discounted_evidence:0.9,reward_learning,0,1000,0.0,0.0,0.003826898586390522
576,discounted_evidence:0.9,belief_static,0,1000,0.0,0.0,0.003826898586390522
576,discounted_evidence:0.9,belief_dynamic,6,1000,0.006,0.0027526315709082315,0.013028344232445605
576,discounted_evidence:0.9,decay_q:0.02,0,1000,0.0,0.0,0.003826898586390522
576,discounted_evidence:0.9,decay_q:0.05,0,1000,0.0,0.0,0.003826898586390522
576,discounted_evidence:0.9,decay_q:0.1,0,1000,0.0,0.0,0.003826898586390522
576,discounted_evidence:0.9,decay_q:0.2,0,1000,0.0,0.0,0.003826898586390522
576,discounted_evidence:0.9,discounted_evidence:0.8,1,1000,0.001,0.0001765418290572713,0.0056427029601604705
576,discounted_evidence:0.9,discounted_evidence:0.9,992,1000,0.992,0.9842934787948114,0.9959408529961804
576,discounted_evidence:0.9,discounted_evidence:0.95,1,1000,0.001,0.0001765418290572713,0.0056427029601604705
576,discounted_evidence:0.9,recent_window:5,0,1000,0.0,0.0,0.003826898586390522
576,discounted_evidence:0.9,recent_window:8,0,1000,0.0,0.0,0.003826898586390522
576,discounted_evidence:0.9,unresolved_tie,0,1000,0.0,0.0,0.003826898586390522
576,discounted_evidence:0.95,uniform,0,1000,0.0,0.0,0.003826898586390522
576,discounted_evidence:0.95,expertise,0,1000,0.0,0.0,0.003826898586390522
576,discounted_evidence:0.95,repeat_last,0,1000,0.0,0.0,0.003826898586390522
576,discounted_evidence:0.95,win_stay_expertise,0,1000,0.0,0.0,0.003826898586390522
576,discounted_evidence:0.95,history_frequency,0,1000,0.0,0.0,0.003826898586390522
576,discounted_evidence:0.95,reward_learning,0,1000,0.0,0.0,0.003826898586390522
576,discounted_evidence:0.95,belief_static,0,1000,0.0,0.0,0.003826898586390522
576,discounted_evidence:0.95,belief_dynamic,149,1000,0.149,0.1282740046402946,0.17241247816735156
576,discounted_evidence:0.95,decay_q:0.02,6,1000,0.006,0.0027526315709082315,0.013028344232445605
576,discounted_evidence:0.95,decay_q:0.05,86,1000,0.086,0.07016826133956046,0.10500041068997089
576,discounted_evidence:0.95,decay_q:0.1,100,1000,0.1,0.08290915646323203,0.12015236240588041
576,discounted_evidence:0.95,decay_q:0.2,21,1000,0.021,0.013775634089646441,0.03189053475611568
576,discounted_evidence:0.95,discounted_evidence:0.8,0,1000,0.0,0.0,0.003826898586390522
576,discounted_evidence:0.95,discounted_evidence:0.9,2,1000,0.002,0.000548632102457155,0.007262958889587807
576,discounted_evidence:0.95,discounted_evidence:0.95,636,1000,0.636,0.6057102084592761,0.6652488751252258
576,discounted_evidence:0.95,recent_window:5,0,1000,0.0,0.0,0.003826898586390522
576,discounted_evidence:0.95,recent_window:8,0,1000,0.0,0.0,0.003826898586390522
576,discounted_evidence:0.95,unresolved_tie,0,1000,0.0,0.0,0.003826898586390522
576,recent_window:5,uniform,0,1000,0.0,0.0,0.003826898586390522
576,recent_window:5,expertise,0,1000,0.0,0.0,0.003826898586390522
576,recent_window:5,repeat_last,0,1000,0.0,0.0,0.003826898586390522
576,recent_window:5,win_stay_expertise,0,1000,0.0,0.0,0.003826898586390522
576,recent_window:5,history_frequency,0,1000,0.0,0.0,0.003826898586390522
576,recent_window:5,reward_learning,0,1000,0.0,0.0,0.003826898586390522
576,recent_window:5,belief_static,0,1000,0.0,0.0,0.003826898586390522
576,recent_window:5,belief_dynamic,0,1000,0.0,0.0,0.003826898586390522
576,recent_window:5,decay_q:0.02,0,1000,0.0,0.0,0.003826898586390522
576,recent_window:5,decay_q:0.05,0,1000,0.0,0.0,0.003826898586390522
576,recent_window:5,decay_q:0.1,0,1000,0.0,0.0,0.003826898586390522
576,recent_window:5,decay_q:0.2,0,1000,0.0,0.0,0.003826898586390522
576,recent_window:5,discounted_evidence:0.8,0,1000,0.0,0.0,0.003826898586390522
576,recent_window:5,discounted_evidence:0.9,0,1000,0.0,0.0,0.003826898586390522
576,recent_window:5,discounted_evidence:0.95,0,1000,0.0,0.0,0.003826898586390522
576,recent_window:5,recent_window:5,1000,1000,1.0,0.9961731014136095,1.0
576,recent_window:5,recent_window:8,0,1000,0.0,0.0,0.003826898586390522
576,recent_window:5,unresolved_tie,0,1000,0.0,0.0,0.003826898586390522
576,recent_window:8,uniform,0,1000,0.0,0.0,0.003826898586390522
576,recent_window:8,expertise,0,1000,0.0,0.0,0.003826898586390522
576,recent_window:8,repeat_last,0,1000,0.0,0.0,0.003826898586390522
576,recent_window:8,win_stay_expertise,0,1000,0.0,0.0,0.003826898586390522
576,recent_window:8,history_frequency,0,1000,0.0,0.0,0.003826898586390522
576,recent_window:8,reward_learning,0,1000,0.0,0.0,0.003826898586390522
576,recent_window:8,belief_static,0,1000,0.0,0.0,0.003826898586390522
576,recent_window:8,belief_dynamic,0,1000,0.0,0.0,0.003826898586390522
576,recent_window:8,decay_q:0.02,0,1000,0.0,0.0,0.003826898586390522
576,recent_window:8,decay_q:0.05,0,1000,0.0,0.0,0.003826898586390522
576,recent_window:8,decay_q:0.1,0,1000,0.0,0.0,0.003826898586390522
576,recent_window:8,decay_q:0.2,0,1000,0.0,0.0,0.003826898586390522
576,recent_window:8,discounted_evidence:0.8,0,1000,0.0,0.0,0.003826898586390522
576,recent_window:8,discounted_evidence:0.9,0,1000,0.0,0.0,0.003826898586390522
576,recent_window:8,discounted_evidence:0.95,0,1000,0.0,0.0,0.003826898586390522
576,recent_window:8,recent_window:5,0,1000,0.0,0.0,0.003826898586390522
576,recent_window:8,recent_window:8,1000,1000,1.0,0.9961731014136095,1.0
576,recent_window:8,unresolved_tie,0,1000,0.0,0.0,0.003826898586390522
